# OBJ generated by ONSHAPE BY PTC INC, 1.214 Units = meters
mtllib base_plate_upper.mtl
g base_plate_upper
usemtl 0.627451_0.627451_0.627451_0.000000_0.000000
o mesh0
v -0.096831 0.0309445 -0.007 
v -0.0974775 0.0311639 -0.007 
v -0.0974775 0.0311639 0 
v -0.0961496 0.0309891 -0.007 
v -0.0965513 0.0309628 -0.007 
v -0.0965513 0.0309628 0 
v -0.096831 0.0309445 0 
v -0.0955372 0.0312911 -0.007 
v -0.0961496 0.0309891 0 
v -0.095087 0.0318045 -0.007 
v -0.0955372 0.0312911 0 
v -0.0948675 0.0324511 -0.007 
v -0.095087 0.0318045 0 
v -0.0949122 0.0331324 -0.007 
v -0.0948675 0.0324511 0 
v -0.0952142 0.0337448 -0.007 
v -0.0949122 0.0331324 0 
v -0.0957275 0.034195 -0.007 
v -0.0952142 0.0337448 0 
v -0.0963741 0.0344145 -0.007 
v -0.0957275 0.034195 0 
v -0.0970555 0.0343699 -0.007 
v -0.0965513 0.0344029 -0.007 
v -0.0965513 0.0344029 0 
v -0.0963741 0.0344145 0 
v -0.0976679 0.0340679 -0.007 
v -0.0970555 0.0343699 0 
v -0.0981181 0.0335545 -0.007 
v -0.0976679 0.0340679 0 
v -0.0983376 0.0329079 -0.007 
v -0.0981181 0.0335545 0 
v -0.0982929 0.0322266 -0.007 
v -0.0983376 0.0329079 0 
v -0.0979909 0.0316142 -0.007 
v -0.0982929 0.0322266 0 
v -0.0979909 0.0316142 0 
vn 0.130526 0.991445 0 
vn 0.5 0.866025 0 
vn 0.5 0.866025 0 
vn -0.258819 0.965926 0 
vn -0.0298523 0.999554 0 
vn -0.0298523 0.999554 0 
vn 0.130526 0.991445 0 
vn -0.608761 0.793353 0 
vn -0.258819 0.965926 0 
vn -0.866025 0.5 0 
vn -0.608761 0.793353 0 
vn -0.991445 0.130526 0 
vn -0.866025 0.5 0 
vn -0.965926 -0.258819 0 
vn -0.991445 0.130526 0 
vn -0.793353 -0.608761 0 
vn -0.965926 -0.258819 0 
vn -0.5 -0.866025 0 
vn -0.793353 -0.608761 0 
vn -0.130526 -0.991445 0 
vn -0.5 -0.866025 0 
vn 0.258819 -0.965926 0 
vn -0.029736 -0.999558 0 
vn -0.029736 -0.999558 0 
vn -0.130526 -0.991445 0 
vn 0.608761 -0.793353 0 
vn 0.258819 -0.965926 0 
vn 0.866025 -0.5 0 
vn 0.608761 -0.793353 0 
vn 0.991445 -0.130526 0 
vn 0.866025 -0.5 0 
vn 0.965926 0.258819 0 
vn 0.991445 -0.130526 0 
vn 0.793353 0.608761 0 
vn 0.965926 0.258819 0 
vn 0.793353 0.608761 0 
f 1//1 2//2 3//3 
f 4//4 5//5 6//6 
f 7//7 6//6 5//5 
f 5//5 1//1 7//7 
f 8//8 4//4 9//9 
f 10//10 8//8 11//11 
f 12//12 10//10 13//13 
f 14//14 12//12 15//15 
f 16//16 14//14 17//17 
f 18//18 16//16 19//19 
f 20//20 18//18 21//21 
f 22//22 23//23 24//24 
f 25//25 24//24 23//23 
f 23//23 20//20 25//25 
f 26//26 22//22 27//27 
f 28//28 26//26 29//29 
f 30//30 28//28 31//31 
f 32//32 30//30 33//33 
f 34//34 32//32 35//35 
f 2//2 34//34 36//36 
f 36//36 3//3 2//2 
f 35//35 36//36 34//34 
f 33//33 35//35 32//32 
f 31//31 33//33 30//30 
f 29//29 31//31 28//28 
f 27//27 29//29 26//26 
f 24//24 27//27 22//22 
f 21//21 25//25 20//20 
f 19//19 21//21 18//18 
f 17//17 19//19 16//16 
f 15//15 17//17 14//14 
f 13//13 15//15 12//12 
f 11//11 13//13 10//10 
f 9//9 11//11 8//8 
f 6//6 9//9 4//4 
f 3//3 7//7 1//1 
o mesh1
v -0.0833013 0.0636603 -0.007 
v -0.0761923 0.0636603 -0.007 
v -0.0761923 0.0569103 -0.007 
v -0.0729423 0.0636603 -0.007 
v -0.0729423 0.0569103 -0.007 
v -0.064641 0.0636603 -0.007 
v -0.064641 0.0569103 -0.007 
v -0.01 0.0636603 -0.007 
v -0.0193303 0.0616168 -0.007 
v -0.02 0.06175 -0.007 
v -0.0187626 0.0612374 -0.007 
v -0.01 0.0569103 -0.007 
v -0.01825 0.06 -0.007 
v -0.0183832 0.0606697 -0.007 
v -0.0183832 0.0593303 -0.007 
v -0.024625 0.0636603 -0.007 
v -0.0216168 0.0606697 -0.007 
v -0.02175 0.06 -0.007 
v -0.024625 0.0569103 -0.007 
v -0.02 0.05825 -0.007 
v -0.0212374 0.0612374 -0.007 
v -0.0206697 0.0616168 -0.007 
v -0.0187626 0.0587626 -0.007 
v -0.0193303 0.0583832 -0.007 
v -0.0212374 0.0587626 -0.007 
v -0.0206697 0.0583832 -0.007 
v -0.0216168 0.0593303 -0.007 
v 0.01 0.0636603 -0.007 
v 0.000669696 0.0616168 -0.007 
v -3.2147e-19 0.06175 -0.007 
v 0.00123744 0.0612374 -0.007 
v 0.00161679 0.0606697 -0.007 
v 0.01 0.0569103 -0.007 
v 0.00175 0.06 -0.007 
v 0.00123744 0.0587626 -0.007 
v 0.00161679 0.0593303 -0.007 
v -0.000669696 0.0583832 -0.007 
v 1.07157e-19 0.05825 -0.007 
v -0.00161679 0.0606697 -0.007 
v -0.00175 0.06 -0.007 
v 0.000669696 0.0583832 -0.007 
v -0.00123744 0.0587626 -0.007 
v -0.00161679 0.0593303 -0.007 
v -0.00123744 0.0612374 -0.007 
v -0.000669696 0.0616168 -0.007 
v 0.024625 0.0636603 -0.007 
v 0.0212374 0.0612374 -0.007 
v 0.0206697 0.0616168 -0.007 
v 0.024625 0.0569103 -0.007 
v 0.02175 0.06 -0.007 
v 0.0216168 0.0606697 -0.007 
v 0.0216168 0.0593303 -0.007 
v 0.0183832 0.0606697 -0.007 
v 0.01825 0.06 -0.007 
v 0.02 0.06175 -0.007 
v 0.0187626 0.0612374 -0.007 
v 0.0193303 0.0616168 -0.007 
v 0.0212374 0.0587626 -0.007 
v 0.02 0.05825 -0.007 
v 0.0206697 0.0583832 -0.007 
v 0.0193303 0.0583832 -0.007 
v 0.0187626 0.0587626 -0.007 
v 0.0183832 0.0593303 -0.007 
v 0.042625 0.0636603 -0.007 
v 0.052141 0.0636603 -0.007 
v 0.052141 0.0569103 -0.007 
v -0.0833013 0.0569103 -0.007 
v -0.0761923 0.0536603 -0.007 
v -0.0729423 0.0536603 -0.007 
v -0.064641 0.0536603 -0.007 
v -0.01 0.0536603 -0.007 
v 0.01 0.0536603 -0.007 
v 0.024625 0.0536603 -0.007 
v 0.039375 0.0569103 -0.007 
v 0.039375 0.0536603 -0.007 
v 0.042625 0.0569103 -0.007 
v 0.042625 0.0536603 -0.007 
v 0.052141 0.0536603 -0.007 
v -0.0833013 0.0536603 -0.007 
v -0.0761923 0.040875 -0.007 
v -0.0729423 0.040875 -0.007 
v -0.057891 0.0536603 -0.007 
v -0.057891 0.040875 -0.007 
v -0.024625 0.0536603 -0.007 
v -0.024625 0.040875 -0.007 
v -0.01 0.040875 -0.007 
v 0.01 0.040875 -0.007 
v 0.024625 0.040875 -0.007 
v 0.039375 0.040875 -0.007 
v 0.042625 0.040875 -0.007 
v 0.052141 0.040875 -0.007 
v 0.061391 0.0536603 -0.007 
v 0.061391 0.040875 -0.007 
v -0.0965513 0.040875 -0.007 
v -0.0833013 0.040875 -0.007 
v -0.0833013 0.0357147 -0.007 
v -0.0761923 0.0357147 -0.007 
v -0.0729423 0.0357147 -0.007 
v -0.064641 0.040875 -0.007 
v -0.057891 0.0357147 -0.007 
v -0.024625 0.0357147 -0.007 
v -0.0276142 0.037926 -0.007 
v -0.0275 0.0385 -0.007 
v -0.028426 0.0371142 -0.007 
v -0.0279393 0.0374393 -0.007 
v -0.029574 0.0371142 -0.007 
v -0.029 0.037 -0.007 
v -0.029574 0.0398858 -0.007 
v -0.0300607 0.0395607 -0.007 
v -0.029 0.04 -0.007 
v -0.0300607 0.0374393 -0.007 
v -0.0279393 0.0395607 -0.007 
v -0.028426 0.0398858 -0.007 
v -0.0276142 0.039074 -0.007 
v -0.0305 0.0385 -0.007 
v -0.0303858 0.037926 -0.007 
v -0.0303858 0.039074 -0.007 
v -0.01 0.0357147 -0.007 
v 0.01 0.0357147 -0.007 
v 0.024625 0.0357147 -0.007 
v 0.039375 0.0357147 -0.007 
v 0.0303858 0.037926 -0.007 
v 0.0305 0.0385 -0.007 
v 0.029574 0.0371142 -0.007 
v 0.0300607 0.0374393 -0.007 
v 0.029 0.037 -0.007 
v 0.028426 0.0398858 -0.007 
v 0.0279393 0.0395607 -0.007 
v 0.029574 0.0398858 -0.007 
v 0.029 0.04 -0.007 
v 0.0279393 0.0374393 -0.007 
v 0.028426 0.0371142 -0.007 
v 0.0300607 0.0395607 -0.007 
v 0.0303858 0.039074 -0.007 
v 0.0275 0.0385 -0.007 
v 0.0276142 0.037926 -0.007 
v 0.0276142 0.039074 -0.007 
v 0.042625 0.0357147 -0.007 
v 0.052141 0.0357147 -0.007 
v 0.061391 0.0357147 -0.007 
v -0.0729423 0.0230897 -0.007 
v -0.064641 0.0357147 -0.007 
v -0.064641 0.0230897 -0.007 
v -0.057891 0.0230897 -0.007 
v -0.024625 0.0230897 -0.007 
v -0.01 0.0230897 -0.007 
v 0.01 0.0230897 -0.007 
v 0.024625 0.0230897 -0.007 
v 0.039375 0.0230897 -0.007 
v 0.042625 0.0230897 -0.007 
v 0.052141 0.0230897 -0.007 
v 0.061391 0.0230897 -0.007 
v -0.0965513 0.0230897 -0.007 
v -0.0833013 0.0230897 -0.007 
v -0.0833013 0.0195897 -0.007 
v -0.0761923 0.0230897 -0.007 
v -0.0729423 0.0195897 -0.007 
v -0.064641 0.0195897 -0.007 
v 0.052141 0.0195897 -0.007 
v -0.0965513 0.0195897 -0.007 
v -0.0833013 0.00425 -0.007 
v -0.0761923 0.0195897 -0.007 
v -0.0761923 0.00425 -0.007 
v -0.0729423 0.00425 -0.007 
v -0.064641 0.00425 -0.007 
v -0.0965513 0.00425 -0.007 
v -0.0833013 -0.01 -0.007 
v -0.0761923 -0.01 -0.007 
v -0.0793303 -0.00161679 -0.007 
v -0.0787626 -0.00123744 -0.007 
v -0.08 -0.00175 -0.007 
v -0.0783832 -0.000669696 -0.007 
v -0.07825 4.28626e-19 -0.007 
v -0.0806697 -0.00161679 -0.007 
v -0.0816168 -0.000669696 -0.007 
v -0.0812374 -0.00123744 -0.007 
v -0.0806697 0.00161679 -0.007 
v -0.0812374 0.00123744 -0.007 
v -0.0793303 0.00161679 -0.007 
v -0.08 0.00175 -0.007 
v -0.0783832 0.000669696 -0.007 
v -0.0787626 0.00123744 -0.007 
v -0.08175 -2.14313e-19 -0.007 
v -0.0816168 0.000669696 -0.007 
v -0.0729423 -0.01 -0.007 
v -0.064641 -0.01 -0.007 
v -0.057891 0.00425 -0.007 
v -0.06 0.00175 -0.007 
v -0.057891 -0.01 -0.007 
v -0.06 -0.00175 -0.007 
v -0.0593303 -0.00161679 -0.007 
v -0.0606697 -0.00161679 -0.007 
v -0.0606697 0.00161679 -0.007 
v -0.0587626 0.00123744 -0.007 
v -0.0593303 0.00161679 -0.007 
v -0.06175 -2.14313e-19 -0.007 
v -0.05825 4.28626e-19 -0.007 
v -0.0583832 0.000669696 -0.007 
v -0.0583832 -0.000669696 -0.007 
v -0.0612374 -0.00123744 -0.007 
v -0.0616168 -0.000669696 -0.007 
v -0.0612374 0.00123744 -0.007 
v -0.0616168 0.000669696 -0.007 
v -0.0587626 -0.00123744 -0.007 
v -0.024625 0.00425 -0.007 
v -0.0206697 0.00161679 -0.007 
v -0.0212374 0.00123744 -0.007 
v -0.01 0.00425 -0.007 
v -0.0193303 0.00161679 -0.007 
v -0.02 0.00175 -0.007 
v -0.0183832 0.000669696 -0.007 
v -0.0187626 0.00123744 -0.007 
v -0.01 -0.01 -0.007 
v -0.024625 -0.01 -0.007 
v -0.02 -0.00175 -0.007 
v -0.0183832 -0.000669696 -0.007 
v -0.01825 4.28626e-19 -0.007 
v -0.0193303 -0.00161679 -0.007 
v -0.0187626 -0.00123744 -0.007 
v -0.0206697 -0.00161679 -0.007 
v -0.0216168 -0.000669696 -0.007 
v -0.0212374 -0.00123744 -0.007 
v -0.02175 -2.14313e-19 -0.007 
v -0.0216168 0.000669696 -0.007 
v 0.01 0.00425 -0.007 
v 0.00161679 0.000669696 -0.007 
v 0.00123744 0.00123744 -0.007 
v 0.00175 4.28626e-19 -0.007 
v 0.01 -0.01 -0.007 
v 0.00161679 -0.000669696 -0.007 
v -3.2147e-19 0.00175 -0.007 
v -0.000669696 0.00161679 -0.007 
v 0.00123744 -0.00123744 -0.007 
v 1.07157e-19 -0.00175 -0.007 
v -0.00175 -2.14313e-19 -0.007 
v -0.00123744 0.00123744 -0.007 
v 0.000669696 -0.00161679 -0.007 
v -0.000669696 -0.00161679 -0.007 
v -0.00161679 -0.000669696 -0.007 
v 0.000669696 0.00161679 -0.007 
v -0.00123744 -0.00123744 -0.007 
v -0.00161679 0.000669696 -0.007 
v 0.0193303 0.00161679 -0.007 
v 0.0187626 0.00123744 -0.007 
v 0.024625 0.00425 -0.007 
v 0.02 0.00175 -0.007 
v 0.0216168 0.000669696 -0.007 
v 0.0212374 0.00123744 -0.007 
v 0.0193303 -0.00161679 -0.007 
v 0.02 -0.00175 -0.007 
v 0.0206697 0.00161679 -0.007 
v 0.024625 -0.01 -0.007 
v 0.0216168 -0.000669696 -0.007 
v 0.02175 4.28626e-19 -0.007 
v 0.0206697 -0.00161679 -0.007 
v 0.0212374 -0.00123744 -0.007 
v 0.0183832 -0.000669696 -0.007 
v 0.0187626 -0.00123744 -0.007 
v 0.01825 -2.14313e-19 -0.007 
v 0.0183832 0.000669696 -0.007 
v -0.0965513 -0.01 -0.007 
v -0.0833013 -0.0325 -0.007 
v -0.0793303 -0.0183832 -0.007 
v -0.08 -0.01825 -0.007 
v -0.0761923 -0.0325 -0.007 
v -0.0793303 -0.0216168 -0.007 
v -0.0787626 -0.0212374 -0.007 
v -0.08 -0.02175 -0.007 
v -0.0812374 -0.0212374 -0.007 
v -0.0806697 -0.0216168 -0.007 
v -0.0806697 -0.0183832 -0.007 
v -0.0812374 -0.0187626 -0.007 
v -0.0787626 -0.0187626 -0.007 
v -0.0783832 -0.0206697 -0.007 
v -0.07825 -0.02 -0.007 
v -0.0816168 -0.0206697 -0.007 
v -0.0783832 -0.0193303 -0.007 
v -0.08175 -0.02 -0.007 
v -0.0816168 -0.0193303 -0.007 
v -0.0729423 -0.0325 -0.007 
v -0.064641 -0.0325 -0.007 
v -0.06 -0.01825 -0.007 
v -0.057891 -0.0325 -0.007 
v -0.0583832 -0.0206697 -0.007 
v -0.05825 -0.02 -0.007 
v -0.0612374 -0.0187626 -0.007 
v -0.0616168 -0.0193303 -0.007 
v -0.0606697 -0.0183832 -0.007 
v -0.0587626 -0.0212374 -0.007 
v -0.06 -0.02175 -0.007 
v -0.0593303 -0.0216168 -0.007 
v -0.0606697 -0.0216168 -0.007 
v -0.0587626 -0.0187626 -0.007 
v -0.0593303 -0.0183832 -0.007 
v -0.0612374 -0.0212374 -0.007 
v -0.06175 -0.02 -0.007 
v -0.0583832 -0.0193303 -0.007 
v -0.0616168 -0.0206697 -0.007 
v -0.0193303 -0.0183832 -0.007 
v -0.02 -0.01825 -0.007 
v -0.0187626 -0.0187626 -0.007 
v -0.0183832 -0.0193303 -0.007 
v -0.01825 -0.02 -0.007 
v -0.01 -0.0325 -0.007 
v -0.0183832 -0.0206697 -0.007 
v -0.0193303 -0.0216168 -0.007 
v -0.0187626 -0.0212374 -0.007 
v -0.024625 -0.0325 -0.007 
v -0.02 -0.02175 -0.007 
v -0.0206697 -0.0183832 -0.007 
v -0.0212374 -0.0187626 -0.007 
v -0.0206697 -0.0216168 -0.007 
v -0.0216168 -0.0206697 -0.007 
v -0.0212374 -0.0212374 -0.007 
v -0.0216168 -0.0193303 -0.007 
v -0.02175 -0.02 -0.007 
v 0.01 -0.0325 -0.007 
v 0.00161679 -0.0206697 -0.007 
v 0.00175 -0.02 -0.007 
v 0.00161679 -0.0193303 -0.007 
v 0.00123744 -0.0187626 -0.007 
v 0.000669696 -0.0216168 -0.007 
v 0.00123744 -0.0212374 -0.007 
v 1.07157e-19 -0.02175 -0.007 
v -0.000669696 -0.0183832 -0.007 
v -0.00123744 -0.0187626 -0.007 
v 0.000669696 -0.0183832 -0.007 
v -3.2147e-19 -0.01825 -0.007 
v -0.000669696 -0.0216168 -0.007 
v -0.00161679 -0.0206697 -0.007 
v -0.00123744 -0.0212374 -0.007 
v -0.00175 -0.02 -0.007 
v -0.00161679 -0.0193303 -0.007 
v 0.0212374 -0.0187626 -0.007 
v 0.0206697 -0.0183832 -0.007 
v 0.0216168 -0.0193303 -0.007 
v 0.02175 -0.02 -0.007 
v 0.024625 -0.0325 -0.007 
v 0.0216168 -0.0206697 -0.007 
v 0.0206697 -0.0216168 -0.007 
v 0.0212374 -0.0212374 -0.007 
v 0.02 -0.02175 -0.007 
v 0.0193303 -0.0216168 -0.007 
v 0.0193303 -0.0183832 -0.007 
v 0.0187626 -0.0187626 -0.007 
v 0.0183832 -0.0206697 -0.007 
v 0.0187626 -0.0212374 -0.007 
v 0.0183832 -0.0193303 -0.007 
v 0.02 -0.01825 -0.007 
v 0.01825 -0.02 -0.007 
v -0.0761923 -0.05 -0.007 
v -0.0833013 -0.05 -0.007 
v -0.08 -0.04175 -0.007 
v -0.08 -0.03825 -0.007 
v -0.0806697 -0.0383832 -0.007 
v -0.0783832 -0.0406697 -0.007 
v -0.07825 -0.04 -0.007 
v -0.0793303 -0.0416168 -0.007 
v -0.0812374 -0.0412374 -0.007 
v -0.0806697 -0.0416168 -0.007 
v -0.0812374 -0.0387626 -0.007 
v -0.0793303 -0.0383832 -0.007 
v -0.0783832 -0.0393303 -0.007 
v -0.0787626 -0.0387626 -0.007 
v -0.0787626 -0.0412374 -0.007 
v -0.0816168 -0.0406697 -0.007 
v -0.08175 -0.04 -0.007 
v -0.0816168 -0.0393303 -0.007 
v -0.0729423 -0.05 -0.007 
v -0.064641 -0.05 -0.007 
v -0.06 -0.03825 -0.007 
v -0.0587626 -0.0387626 -0.007 
v -0.0593303 -0.0383832 -0.007 
v -0.05825 -0.04 -0.007 
v -0.0583832 -0.0393303 -0.007 
v -0.0606697 -0.0383832 -0.007 
v -0.057891 -0.05 -0.007 
v -0.0583832 -0.0406697 -0.007 
v -0.0606697 -0.0416168 -0.007 
v -0.06 -0.04175 -0.007 
v -0.0587626 -0.0412374 -0.007 
v -0.0593303 -0.0416168 -0.007 
v -0.0612374 -0.0412374 -0.007 
v -0.06175 -0.04 -0.007 
v -0.0616168 -0.0406697 -0.007 
v -0.0612374 -0.0387626 -0.007 
v -0.0616168 -0.0393303 -0.007 
v -0.04 -0.03825 -0.007 
v -0.0412374 -0.0387626 -0.007 
v -0.0416168 -0.0393303 -0.007 
v -0.0406697 -0.0383832 -0.007 
v -0.0387626 -0.0387626 -0.007 
v -0.0393303 -0.0383832 -0.007 
v -0.03825 -0.04 -0.007 
v -0.0383832 -0.0393303 -0.007 
v -0.024625 -0.05 -0.007 
v -0.0383832 -0.0406697 -0.007 
v -0.0406697 -0.0416168 -0.007 
v -0.04 -0.04175 -0.007 
v -0.0387626 -0.0412374 -0.007 
v -0.0393303 -0.0416168 -0.007 
v -0.0412374 -0.0412374 -0.007 
v -0.04175 -0.04 -0.007 
v -0.0416168 -0.0406697 -0.007 
v -0.01 -0.05 -0.007 
v -0.0183832 -0.0406697 -0.007 
v -0.01825 -0.04 -0.007 
v -0.02 -0.04175 -0.007 
v -0.0193303 -0.0383832 -0.007 
v -0.02 -0.03825 -0.007 
v -0.0183832 -0.0393303 -0.007 
v -0.0187626 -0.0387626 -0.007 
v -0.0187626 -0.0412374 -0.007 
v -0.0193303 -0.0416168 -0.007 
v -0.0212374 -0.0387626 -0.007 
v -0.0216168 -0.0393303 -0.007 
v -0.0206697 -0.0383832 -0.007 
v -0.02175 -0.04 -0.007 
v -0.0212374 -0.0412374 -0.007 
v -0.0206697 -0.0416168 -0.007 
v -0.0216168 -0.0406697 -0.007 
v 0.000669696 -0.0383832 -0.007 
v -3.2147e-19 -0.03825 -0.007 
v 0.00123744 -0.0387626 -0.007 
v 0.00161679 -0.0393303 -0.007 
v 0.01 -0.05 -0.007 
v 0.00161679 -0.0406697 -0.007 
v 0.00175 -0.04 -0.007 
v 0.00123744 -0.0412374 -0.007 
v 1.07157e-19 -0.04175 -0.007 
v -0.00175 -0.04 -0.007 
v 0.000669696 -0.0416168 -0.007 
v -0.00123744 -0.0412374 -0.007 
v -0.000669696 -0.0416168 -0.007 
v -0.00161679 -0.0406697 -0.007 
v -0.00123744 -0.0387626 -0.007 
v -0.00161679 -0.0393303 -0.007 
v -0.000669696 -0.0383832 -0.007 
v 0.024625 -0.05 -0.007 
v 0.0216168 -0.0406697 -0.007 
v 0.02175 -0.04 -0.007 
v 0.02 -0.03825 -0.007 
v 0.0216168 -0.0393303 -0.007 
v 0.0212374 -0.0387626 -0.007 
v 0.0212374 -0.0412374 -0.007 
v 0.02 -0.04175 -0.007 
v 0.0206697 -0.0416168 -0.007 
v 0.0187626 -0.0387626 -0.007 
v 0.0183832 -0.0393303 -0.007 
v 0.0193303 -0.0383832 -0.007 
v 0.0206697 -0.0383832 -0.007 
v 0.0193303 -0.0416168 -0.007 
v 0.01825 -0.04 -0.007 
v 0.0187626 -0.0412374 -0.007 
v 0.0183832 -0.0406697 -0.007 
v 0.042625 -0.0325 -0.007 
v 0.052141 -0.0325 -0.007 
v 0.052141 -0.05 -0.007 
v -0.0729423 -0.07 -0.007 
v -0.064641 -0.07 -0.007 
v -0.057891 -0.07 -0.007 
v -0.05825 -0.06 -0.007 
v -0.0587626 -0.0612374 -0.007 
v -0.0583832 -0.0606697 -0.007 
v -0.0606697 -0.0616168 -0.007 
v -0.06 -0.06175 -0.007 
v -0.06175 -0.06 -0.007 
v -0.06 -0.05825 -0.007 
v -0.0587626 -0.0587626 -0.007 
v -0.0593303 -0.0583832 -0.007 
v -0.0583832 -0.0593303 -0.007 
v -0.0593303 -0.0616168 -0.007 
v -0.0616168 -0.0606697 -0.007 
v -0.0606697 -0.0583832 -0.007 
v -0.0612374 -0.0612374 -0.007 
v -0.0612374 -0.0587626 -0.007 
v -0.0616168 -0.0593303 -0.007 
v -0.024625 -0.07 -0.007 
v -0.0383832 -0.0606697 -0.007 
v -0.03825 -0.06 -0.007 
v -0.04 -0.05825 -0.007 
v -0.0387626 -0.0612374 -0.007 
v -0.0406697 -0.0616168 -0.007 
v -0.04 -0.06175 -0.007 
v -0.04175 -0.06 -0.007 
v -0.0412374 -0.0587626 -0.007 
v -0.0416168 -0.0593303 -0.007 
v -0.0406697 -0.0583832 -0.007 
v -0.0387626 -0.0587626 -0.007 
v -0.0393303 -0.0583832 -0.007 
v -0.0383832 -0.0593303 -0.007 
v -0.0393303 -0.0616168 -0.007 
v -0.0416168 -0.0606697 -0.007 
v -0.0412374 -0.0612374 -0.007 
v -0.0193303 -0.0583832 -0.007 
v -0.02 -0.05825 -0.007 
v -0.01 -0.07 -0.007 
v -0.02 -0.06175 -0.007 
v -0.0187626 -0.0587626 -0.007 
v -0.0183832 -0.0606697 -0.007 
v -0.01825 -0.06 -0.007 
v -0.0193303 -0.0616168 -0.007 
v -0.0187626 -0.0612374 -0.007 
v -0.0206697 -0.0616168 -0.007 
v -0.0183832 -0.0593303 -0.007 
v -0.0216168 -0.0606697 -0.007 
v -0.0212374 -0.0612374 -0.007 
v -0.0212374 -0.0587626 -0.007 
v -0.0216168 -0.0593303 -0.007 
v -0.0206697 -0.0583832 -0.007 
v -0.02175 -0.06 -0.007 
v 0.00123744 -0.0587626 -0.007 
v 0.000669696 -0.0583832 -0.007 
v 0.00161679 -0.0593303 -0.007 
v 0.00175 -0.06 -0.007 
v 0.01 -0.07 -0.007 
v 0.00161679 -0.0606697 -0.007 
v 0.000669696 -0.0616168 -0.007 
v 0.00123744 -0.0612374 -0.007 
v 1.07157e-19 -0.06175 -0.007 
v -3.2147e-19 -0.05825 -0.007 
v -0.000669696 -0.0616168 -0.007 
v -0.00161679 -0.0606697 -0.007 
v -0.00123744 -0.0612374 -0.007 
v -0.00175 -0.06 -0.007 
v -0.00123744 -0.0587626 -0.007 
v -0.00161679 -0.0593303 -0.007 
v -0.000669696 -0.0583832 -0.007 
v 0.0193303 -0.0616168 -0.007 
v 0.02 -0.06175 -0.007 
v 0.0212374 -0.0587626 -0.007 
v 0.0206697 -0.0583832 -0.007 
v 0.024625 -0.07 -0.007 
v 0.0216168 -0.0606697 -0.007 
v 0.02175 -0.06 -0.007 
v 0.0206697 -0.0616168 -0.007 
v 0.0212374 -0.0612374 -0.007 
v 0.0216168 -0.0593303 -0.007 
v 0.0183832 -0.0606697 -0.007 
v 0.0187626 -0.0612374 -0.007 
v 0.02 -0.05825 -0.007 
v 0.0187626 -0.0587626 -0.007 
v 0.0183832 -0.0593303 -0.007 
v 0.0193303 -0.0583832 -0.007 
v 0.01825 -0.06 -0.007 
v 0.042625 -0.05 -0.007 
v 0.052141 -0.07 -0.007 
v -0.024625 -0.09 -0.007 
v -0.0383832 -0.0806697 -0.007 
v -0.03825 -0.08 -0.007 
v -0.0387626 -0.0812374 -0.007 
v -0.057891 -0.09 -0.007 
v -0.0406697 -0.0816168 -0.007 
v -0.04 -0.08175 -0.007 
v -0.04175 -0.08 -0.007 
v -0.04 -0.07825 -0.007 
v -0.0383832 -0.0793303 -0.007 
v -0.0393303 -0.0816168 -0.007 
v -0.0416168 -0.0806697 -0.007 
v -0.0393303 -0.0783832 -0.007 
v -0.0387626 -0.0787626 -0.007 
v -0.0412374 -0.0812374 -0.007 
v -0.0406697 -0.0783832 -0.007 
v -0.0412374 -0.0787626 -0.007 
v -0.0416168 -0.0793303 -0.007 
v -0.01 -0.09 -0.007 
v -0.0183832 -0.0806697 -0.007 
v -0.01825 -0.08 -0.007 
v -0.0183832 -0.0793303 -0.007 
v -0.0187626 -0.0787626 -0.007 
v -0.0193303 -0.0816168 -0.007 
v -0.0187626 -0.0812374 -0.007 
v -0.02 -0.08175 -0.007 
v -0.0212374 -0.0787626 -0.007 
v -0.0216168 -0.0793303 -0.007 
v -0.0193303 -0.0783832 -0.007 
v -0.02 -0.07825 -0.007 
v -0.0206697 -0.0816168 -0.007 
v -0.0216168 -0.0806697 -0.007 
v -0.0212374 -0.0812374 -0.007 
v -0.02175 -0.08 -0.007 
v -0.0206697 -0.0783832 -0.007 
v 0.00161679 -0.0793303 -0.007 
v 0.00123744 -0.0787626 -0.007 
v 0.01 -0.09 -0.007 
v 0.00161679 -0.0806697 -0.007 
v 0.00175 -0.08 -0.007 
v 0.000669696 -0.0816168 -0.007 
v 0.00123744 -0.0812374 -0.007 
v 0.000669696 -0.0783832 -0.007 
v -3.2147e-19 -0.07825 -0.007 
v 1.07157e-19 -0.08175 -0.007 
v -0.000669696 -0.0816168 -0.007 
v -0.00161679 -0.0806697 -0.007 
v -0.00123744 -0.0812374 -0.007 
v -0.00161679 -0.0793303 -0.007 
v -0.00175 -0.08 -0.007 
v -0.000669696 -0.0783832 -0.007 
v -0.00123744 -0.0787626 -0.007 
v 0.024625 -0.09 -0.007 
v 0.0216168 -0.0806697 -0.007 
v 0.02175 -0.08 -0.007 
v 0.0216168 -0.0793303 -0.007 
v 0.0212374 -0.0787626 -0.007 
v 0.0206697 -0.0816168 -0.007 
v 0.0212374 -0.0812374 -0.007 
v 0.0193303 -0.0816168 -0.007 
v 0.02 -0.08175 -0.007 
v 0.0187626 -0.0787626 -0.007 
v 0.0183832 -0.0793303 -0.007 
v 0.02 -0.07825 -0.007 
v 0.0183832 -0.0806697 -0.007 
v 0.0187626 -0.0812374 -0.007 
v 0.01825 -0.08 -0.007 
v 0.0193303 -0.0783832 -0.007 
v 0.0206697 -0.0783832 -0.007 
v 0.042625 -0.07 -0.007 
v 0.052141 -0.09 -0.007 
v -0.01 -0.103375 -0.007 
v -0.01825 -0.1 -0.007 
v -0.0183832 -0.0993303 -0.007 
v -0.0187626 -0.0987626 -0.007 
v -0.0183832 -0.10067 -0.007 
v -0.024625 -0.103375 -0.007 
v -0.0216168 -0.0993303 -0.007 
v -0.0193303 -0.101617 -0.007 
v -0.0187626 -0.101237 -0.007 
v -0.02 -0.10175 -0.007 
v -0.0212374 -0.0987626 -0.007 
v -0.0193303 -0.0983832 -0.007 
v -0.02 -0.09825 -0.007 
v -0.0206697 -0.101617 -0.007 
v -0.0216168 -0.10067 -0.007 
v -0.0212374 -0.101237 -0.007 
v -0.0206697 -0.0983832 -0.007 
v -0.02175 -0.1 -0.007 
v 0.00161679 -0.0993303 -0.007 
v 0.00123744 -0.0987626 -0.007 
v 0.01 -0.103375 -0.007 
v 0.00175 -0.1 -0.007 
v 0.000669696 -0.101617 -0.007 
v 0.00123744 -0.101237 -0.007 
v 0.000669696 -0.0983832 -0.007 
v -3.2147e-19 -0.09825 -0.007 
v 0.00161679 -0.10067 -0.007 
v -0.000669696 -0.101617 -0.007 
v 1.07157e-19 -0.10175 -0.007 
v -0.00161679 -0.10067 -0.007 
v -0.00123744 -0.101237 -0.007 
v -0.00161679 -0.0993303 -0.007 
v -0.000669696 -0.0983832 -0.007 
v -0.00123744 -0.0987626 -0.007 
v -0.00175 -0.1 -0.007 
v 0.024625 -0.103375 -0.007 
v 0.02175 -0.1 -0.007 
v 0.0216168 -0.0993303 -0.007 
v 0.0212374 -0.0987626 -0.007 
v 0.0216168 -0.10067 -0.007 
v 0.0183832 -0.0993303 -0.007 
v 0.0206697 -0.101617 -0.007 
v 0.0212374 -0.101237 -0.007 
v 0.0193303 -0.101617 -0.007 
v 0.02 -0.10175 -0.007 
v 0.0187626 -0.0987626 -0.007 
v 0.02 -0.09825 -0.007 
v 0.0183832 -0.10067 -0.007 
v 0.0187626 -0.101237 -0.007 
v 0.0193303 -0.0983832 -0.007 
v 0.0206697 -0.0983832 -0.007 
v 0.01825 -0.1 -0.007 
v -0.01 -0.105 -0.007 
v 0.01 -0.105 -0.007 
v 0.024625 -0.105 -0.007 
v -0.03325 -0.01 -0.007 
v -0.03325 0.00275 -0.007 
v -0.04675 0.00275 -0.007 
v -0.0464516 0.00425 -0.007 
v -0.04275 -0.02675 -0.007 
v -0.03725 -0.02675 -0.007 
v -0.0357193 -0.0264455 -0.007 
v -0.0344216 -0.0255784 -0.007 
v -0.0442807 -0.0264455 -0.007 
v -0.0464455 -0.0242807 -0.007 
v -0.0455784 -0.0255784 -0.007 
v -0.04675 -0.01 -0.007 
v -0.04675 -0.02275 -0.007 
v -0.03325 -0.02275 -0.007 
v -0.0335545 -0.0242807 -0.007 
v 0.052141 -0.01 -0.007 
v 0.04675 -0.01 -0.007 
v 0.04675 0.00275 -0.007 
v 0.052141 0.00425 -0.007 
v 0.042625 0.0195897 -0.007 
v 0.0442807 0.00644552 -0.007 
v 0.0464455 0.00428073 -0.007 
v 0.04275 0.00675 -0.007 
v 0.0455784 0.00557843 -0.007 
v 0.0464516 0.00425 -0.007 
v 0.03325 0.00275 -0.007 
v 0.0335484 0.00425 -0.007 
v 0.039375 -0.0325 -0.007 
v 0.0357193 -0.0264455 -0.007 
v 0.03725 -0.02675 -0.007 
v 0.0344216 -0.0255784 -0.007 
v 0.03325 -0.01 -0.007 
v 0.03325 -0.02275 -0.007 
v 0.0335545 -0.0242807 -0.007 
v 0.039375 -0.02675 -0.007 
v 0.042625 -0.02675 -0.007 
v 0.04275 -0.02675 -0.007 
v 0.0442807 -0.0264455 -0.007 
v 0.04675 -0.02275 -0.007 
v 0.0455784 -0.0255784 -0.007 
v 0.0464455 -0.0242807 -0.007 
v -0.0965513 0.0357147 -0.007 
v -0.0957275 0.034195 -0.007 
v -0.095087 0.0318045 -0.007 
v -0.0948675 0.0324511 -0.007 
v -0.0963741 0.0344145 -0.007 
v -0.0949122 0.0331324 -0.007 
v -0.0952142 0.0337448 -0.007 
v -0.0955372 0.0312911 -0.007 
v -0.0961496 0.0309891 -0.007 
v -0.0965513 0.0309628 -0.007 
v 0.061391 0.0569103 -0.007 
v 0.0606704 0.0562552 -0.007 
v 0.0588291 0.0556301 -0.007 
v 0.0609724 0.0568676 -0.007 
v 0.0595105 0.0555855 -0.007 
v 0.0577665 0.0564455 -0.007 
v 0.0582167 0.0559321 -0.007 
v 0.060157 0.055805 -0.007 
v 0.0576087 0.0569103 -0.007 
v 0.0578937 0.0583858 -0.007 
v 0.0575917 0.0577734 -0.007 
v 0.061391 0.0636603 -0.007 
v 0.0590536 0.0590555 -0.007 
v 0.058407 0.0588361 -0.007 
v 0.059735 0.0590109 -0.007 
v 0.0607976 0.0581955 -0.007 
v 0.0603474 0.0587089 -0.007 
v 0.0610171 0.0575489 -0.007 
v 0.0609752 0.0569103 -0.007 
v 0.057547 0.0570921 -0.007 
v -0.0703474 0.0413884 -0.007 
v -0.0707976 0.040875 -0.007 
v -0.0690536 0.041735 -0.007 
v -0.069735 0.0416904 -0.007 
v -0.068407 0.0415155 -0.007 
v -0.0677998 0.040875 -0.007 
v -0.0678937 0.0410653 -0.007 
v -0.0677665 0.039125 -0.007 
v -0.067547 0.0397716 -0.007 
v -0.0682167 0.0386116 -0.007 
v -0.0695105 0.038265 -0.007 
v -0.0688291 0.0383096 -0.007 
v -0.070157 0.0384845 -0.007 
v -0.0709724 0.0395471 -0.007 
v -0.0706704 0.0389347 -0.007 
v -0.0710171 0.0402284 -0.007 
v -0.0675917 0.0404529 -0.007 
v -0.0790536 0.0244145 -0.007 
v -0.0775917 0.0231324 -0.007 
v -0.0778937 0.0237448 -0.007 
v -0.078407 0.024195 -0.007 
v -0.0775889 0.0230897 -0.007 
v -0.0803474 0.0240679 -0.007 
v -0.0807976 0.0235545 -0.007 
v -0.079735 0.0243699 -0.007 
v -0.0795105 0.0209445 -0.007 
v -0.0777665 0.0218045 -0.007 
v -0.077547 0.0224511 -0.007 
v -0.080157 0.0211639 -0.007 
v -0.0809724 0.0222266 -0.007 
v -0.0806704 0.0216142 -0.007 
v -0.0782167 0.0212911 -0.007 
v -0.0810171 0.0229079 -0.007 
v -0.0788291 0.0209891 -0.007 
v -0.0809553 0.0230897 -0.007 
v -0.0577665 0.0564455 -0.007 
v -0.0576087 0.0569103 -0.007 
v -0.057891 0.0563035 -0.007 
v -0.057891 0.0636603 -0.007 
v -0.0416168 0.0606697 -0.007 
v -0.04175 0.06 -0.007 
v -0.04 0.06175 -0.007 
v -0.03825 0.06 -0.007 
v -0.0412374 0.0612374 -0.007 
v -0.0406697 0.0616168 -0.007 
v -0.0387626 0.0612374 -0.007 
v -0.0393303 0.0616168 -0.007 
v -0.0383832 0.0606697 -0.007 
v -0.0406697 0.0583832 -0.007 
v -0.04 0.05825 -0.007 
v -0.0416168 0.0593303 -0.007 
v -0.057547 0.0570921 -0.007 
v -0.0575917 0.0577734 -0.007 
v -0.0387626 0.0587626 -0.007 
v -0.0383832 0.0593303 -0.007 
v -0.0393303 0.0583832 -0.007 
v -0.0412374 0.0587626 -0.007 
v -0.057891 0.0583805 -0.007 
v -0.0590536 0.0590555 -0.007 
v -0.059735 0.0590109 -0.007 
v -0.0607976 0.0581955 -0.007 
v -0.0603474 0.0587089 -0.007 
v -0.058407 0.0588361 -0.007 
v -0.0610171 0.0575489 -0.007 
v -0.0578937 0.0583858 -0.007 
v -0.0595105 0.0555855 -0.007 
v -0.0588291 0.0556301 -0.007 
v -0.0609724 0.0568676 -0.007 
v -0.0582167 0.0559321 -0.007 
v -0.060157 0.055805 -0.007 
v -0.0609752 0.0569103 -0.007 
v -0.0606704 0.0562552 -0.007 
v 0.00123744 0.0187626 -0.007 
v 0.00161679 0.0193303 -0.007 
v 0.000669696 0.0183832 -0.007 
v 1.07157e-19 0.01825 -0.007 
v -0.01 0.0195897 -0.007 
v -0.00161679 0.0193303 -0.007 
v 0.01 0.0195897 -0.007 
v -0.000669696 0.0183832 -0.007 
v -0.00123744 0.0187626 -0.007 
v -0.0016684 0.0195897 -0.007 
v -0.00161679 0.0206697 -0.007 
v -0.00175 0.02 -0.007 
v -0.000669696 0.0216168 -0.007 
v -0.00123744 0.0212374 -0.007 
v 0.000669696 0.0216168 -0.007 
v -3.2147e-19 0.02175 -0.007 
v 0.00175 0.02 -0.007 
v 0.00161679 0.0206697 -0.007 
v 0.00123744 0.0212374 -0.007 
v 0.0016684 0.0195897 -0.007 
v 0.03825 -0.08 -0.007 
v 0.039375 -0.07 -0.007 
v 0.0393303 -0.0783832 -0.007 
v 0.0387626 -0.0812374 -0.007 
v 0.0393303 -0.0816168 -0.007 
v 0.0383832 -0.0806697 -0.007 
v 0.0387626 -0.0787626 -0.007 
v 0.0383832 -0.0793303 -0.007 
v 0.039375 -0.09 -0.007 
v 0.039375 -0.0783743 -0.007 
v 0.042625 -0.09 -0.007 
v 0.0416168 -0.0806697 -0.007 
v 0.04175 -0.08 -0.007 
v 0.0406697 -0.0783832 -0.007 
v 0.04 -0.07825 -0.007 
v 0.0416168 -0.0793303 -0.007 
v 0.0412374 -0.0812374 -0.007 
v 0.04 -0.08175 -0.007 
v 0.0412374 -0.0787626 -0.007 
v 0.0406697 -0.0816168 -0.007 
v 0.039375 -0.0816257 -0.007 
v 0.061391 -0.0325 -0.007 
v 0.0593303 -0.0216168 -0.007 
v 0.061391 -0.01 -0.007 
v 0.06 -0.01825 -0.007 
v 0.0593303 -0.0183832 -0.007 
v 0.06 -0.02175 -0.007 
v 0.0606697 -0.0216168 -0.007 
v 0.0587626 -0.0212374 -0.007 
v 0.0587626 -0.0187626 -0.007 
v 0.0583832 -0.0193303 -0.007 
v 0.05825 -0.02 -0.007 
v 0.0612374 -0.0187626 -0.007 
v 0.0606697 -0.0183832 -0.007 
v 0.0612374 -0.0212374 -0.007 
v 0.0583832 -0.0206697 -0.007 
v 0.061391 -0.0189924 -0.007 
v 0.061391 -0.07 -0.007 
v 0.0593303 -0.0616168 -0.007 
v 0.05825 -0.06 -0.007 
v 0.0606697 -0.0616168 -0.007 
v 0.0612374 -0.0612374 -0.007 
v 0.06 -0.06175 -0.007 
v 0.0583832 -0.0606697 -0.007 
v 0.0587626 -0.0612374 -0.007 
v 0.061391 -0.05 -0.007 
v 0.06 -0.05825 -0.007 
v 0.0593303 -0.0583832 -0.007 
v 0.0612374 -0.0587626 -0.007 
v 0.0606697 -0.0583832 -0.007 
v 0.0587626 -0.0587626 -0.007 
v 0.0583832 -0.0593303 -0.007 
v 0.061391 -0.0589924 -0.007 
v 0.0393303 -0.0383832 -0.007 
v 0.03825 -0.04 -0.007 
v 0.0387626 -0.0387626 -0.007 
v 0.0383832 -0.0393303 -0.007 
v 0.039375 -0.0383743 -0.007 
v 0.0387626 -0.0412374 -0.007 
v 0.0393303 -0.0416168 -0.007 
v 0.0383832 -0.0406697 -0.007 
v 0.039375 -0.05 -0.007 
v 0.0406697 -0.0383832 -0.007 
v 0.04 -0.03825 -0.007 
v 0.0412374 -0.0387626 -0.007 
v 0.04175 -0.04 -0.007 
v 0.0416168 -0.0393303 -0.007 
v 0.0416168 -0.0406697 -0.007 
v 0.04 -0.04175 -0.007 
v 0.0412374 -0.0412374 -0.007 
v 0.0406697 -0.0416168 -0.007 
v 0.039375 -0.0416257 -0.007 
v 0.024625 0.0195897 -0.007 
v 0.0212374 0.0187626 -0.007 
v 0.0216168 0.0193303 -0.007 
v 0.0206697 0.0183832 -0.007 
v 0.0183832 0.0193303 -0.007 
v 0.02 0.01825 -0.007 
v 0.0193303 0.0183832 -0.007 
v 0.0183316 0.0195897 -0.007 
v 0.0187626 0.0187626 -0.007 
v 0.0183832 0.0206697 -0.007 
v 0.01825 0.02 -0.007 
v 0.0193303 0.0216168 -0.007 
v 0.0187626 0.0212374 -0.007 
v 0.0212374 0.0212374 -0.007 
v 0.0206697 0.0216168 -0.007 
v 0.02175 0.02 -0.007 
v 0.0216168 0.0206697 -0.007 
v 0.02 0.02175 -0.007 
v 0.0216684 0.0195897 -0.007 
v -0.0587626 0.0187626 -0.007 
v -0.0583832 0.0193303 -0.007 
v -0.057891 0.0195897 -0.007 
v -0.06 0.01825 -0.007 
v -0.0593303 0.0183832 -0.007 
v -0.0606697 0.0183832 -0.007 
v -0.0612374 0.0187626 -0.007 
v -0.0616168 0.0193303 -0.007 
v -0.0616684 0.0195897 -0.007 
v -0.0616168 0.0206697 -0.007 
v -0.06 0.02175 -0.007 
v -0.0612374 0.0212374 -0.007 
v -0.0606697 0.0216168 -0.007 
v -0.0587626 0.0212374 -0.007 
v -0.0593303 0.0216168 -0.007 
v -0.05825 0.02 -0.007 
v -0.0583832 0.0206697 -0.007 
v -0.06175 0.02 -0.007 
v -0.0583316 0.0195897 -0.007 
v -0.0187626 0.0187626 -0.007 
v -0.0183832 0.0193303 -0.007 
v -0.0193303 0.0183832 -0.007 
v -0.02 0.01825 -0.007 
v -0.024625 0.0195897 -0.007 
v -0.0216168 0.0193303 -0.007 
v -0.0212374 0.0187626 -0.007 
v -0.0216684 0.0195897 -0.007 
v -0.0206697 0.0183832 -0.007 
v -0.0216168 0.0206697 -0.007 
v -0.0193303 0.0216168 -0.007 
v -0.02 0.02175 -0.007 
v -0.02175 0.02 -0.007 
v -0.0206697 0.0216168 -0.007 
v -0.0212374 0.0212374 -0.007 
v -0.0187626 0.0212374 -0.007 
v -0.01825 0.02 -0.007 
v -0.0183832 0.0206697 -0.007 
v -0.0183316 0.0195897 -0.007 
v 0.0583832 0.0206697 -0.007 
v 0.05825 0.02 -0.007 
v 0.06 0.02175 -0.007 
v 0.0593303 0.0216168 -0.007 
v 0.0587626 0.0212374 -0.007 
v 0.0612374 0.0212374 -0.007 
v 0.0606697 0.0216168 -0.007 
v 0.061391 0.0210076 -0.007 
v 0.0593303 0.0183832 -0.007 
v 0.06 0.01825 -0.007 
v 0.061391 0.00425 -0.007 
v 0.0606697 0.0183832 -0.007 
v 0.0587626 0.0187626 -0.007 
v 0.0583832 0.0193303 -0.007 
v 0.0612374 0.0187626 -0.007 
v 0.0583316 0.0195897 -0.007 
v 0.06 -0.00175 -0.007 
v 0.0606697 -0.00161679 -0.007 
v 0.0593303 -0.00161679 -0.007 
v 0.06 0.00175 -0.007 
v 0.0593303 0.00161679 -0.007 
v 0.05825 -2.14313e-19 -0.007 
v 0.0612374 0.00123744 -0.007 
v 0.0606697 0.00161679 -0.007 
v 0.0587626 -0.00123744 -0.007 
v 0.0583832 -0.000669696 -0.007 
v 0.0587626 0.00123744 -0.007 
v 0.0583832 0.000669696 -0.007 
v 0.061391 0.00100759 -0.007 
v 0.0612374 -0.00123744 -0.007 
v 0.03825 -0.06 -0.007 
v 0.0393303 -0.0583832 -0.007 
v 0.0387626 -0.0612374 -0.007 
v 0.0393303 -0.0616168 -0.007 
v 0.0383832 -0.0606697 -0.007 
v 0.0387626 -0.0587626 -0.007 
v 0.0383832 -0.0593303 -0.007 
v 0.039375 -0.0583743 -0.007 
v 0.0406697 -0.0583832 -0.007 
v 0.04 -0.05825 -0.007 
v 0.04175 -0.06 -0.007 
v 0.0412374 -0.0587626 -0.007 
v 0.0416168 -0.0593303 -0.007 
v 0.0412374 -0.0612374 -0.007 
v 0.0416168 -0.0606697 -0.007 
v 0.04 -0.06175 -0.007 
v 0.0406697 -0.0616168 -0.007 
v 0.039375 -0.0616257 -0.007 
v 0.06 -0.04175 -0.007 
v 0.0606697 -0.0416168 -0.007 
v 0.0593303 -0.0416168 -0.007 
v 0.05825 -0.04 -0.007 
v 0.0612374 -0.0412374 -0.007 
v 0.0587626 -0.0412374 -0.007 
v 0.0583832 -0.0406697 -0.007 
v 0.0587626 -0.0387626 -0.007 
v 0.0583832 -0.0393303 -0.007 
v 0.06 -0.03825 -0.007 
v 0.0593303 -0.0383832 -0.007 
v 0.0612374 -0.0387626 -0.007 
v 0.0606697 -0.0383832 -0.007 
v 0.061391 -0.0389924 -0.007 
v 0.0383832 0.0206697 -0.007 
v 0.03825 0.02 -0.007 
v 0.0387626 0.0212374 -0.007 
v 0.0393303 0.0216168 -0.007 
v 0.039375 0.0216257 -0.007 
v 0.03725 0.00675 -0.007 
v 0.0393303 0.0183832 -0.007 
v 0.039375 0.0183743 -0.007 
v 0.0387626 0.0187626 -0.007 
v 0.0357193 0.00644552 -0.007 
v 0.0344216 0.00557843 -0.007 
v 0.039375 0.00675 -0.007 
v 0.0383832 0.0193303 -0.007 
v 0.0383316 0.0195897 -0.007 
v 0.0335545 0.00428073 -0.007 
v 0.042625 0.00675 -0.007 
v 0.0412374 0.0187626 -0.007 
v 0.04 0.01825 -0.007 
v 0.0416168 0.0193303 -0.007 
v 0.0406697 0.0183832 -0.007 
v 0.0406697 0.0216168 -0.007 
v 0.0412374 0.0212374 -0.007 
v 0.04175 0.02 -0.007 
v 0.0416168 0.0206697 -0.007 
v 0.04 0.02175 -0.007 
v 0.0416684 0.0195897 -0.007 
v -0.0416168 0.0193303 -0.007 
v -0.04275 0.00675 -0.007 
v -0.0442807 0.00644552 -0.007 
v -0.03725 0.00675 -0.007 
v -0.0387626 0.0187626 -0.007 
v -0.0383832 0.0193303 -0.007 
v -0.0455784 0.00557843 -0.007 
v -0.0464455 0.00428073 -0.007 
v -0.0357193 0.00644552 -0.007 
v -0.04 0.01825 -0.007 
v -0.0393303 0.0183832 -0.007 
v -0.0416684 0.0195897 -0.007 
v -0.0412374 0.0187626 -0.007 
v -0.0406697 0.0183832 -0.007 
v -0.0335545 0.00428073 -0.007 
v -0.0344216 0.00557843 -0.007 
v -0.0335484 0.00425 -0.007 
v -0.0383316 0.0195897 -0.007 
v -0.0416168 0.0206697 -0.007 
v -0.04175 0.02 -0.007 
v -0.0412374 0.0212374 -0.007 
v -0.0406697 0.0216168 -0.007 
v -0.04 0.02175 -0.007 
v -0.0387626 0.0212374 -0.007 
v -0.0393303 0.0216168 -0.007 
v -0.03825 0.02 -0.007 
v -0.0383832 0.0206697 -0.007 
v 0.0383832 0.0606697 -0.007 
v 0.03825 0.06 -0.007 
v 0.039375 0.0636603 -0.007 
v 0.0393303 0.0616168 -0.007 
v 0.0387626 0.0612374 -0.007 
v 0.039375 0.0616257 -0.007 
v 0.0387626 0.0587626 -0.007 
v 0.0383832 0.0593303 -0.007 
v 0.0393303 0.0583832 -0.007 
v 0.0406697 0.0616168 -0.007 
v 0.04175 0.06 -0.007 
v 0.0412374 0.0612374 -0.007 
v 0.0416168 0.0606697 -0.007 
v 0.04 0.05825 -0.007 
v 0.0406697 0.0583832 -0.007 
v 0.04 0.06175 -0.007 
v 0.0412374 0.0587626 -0.007 
v 0.0416168 0.0593303 -0.007 
v 0.039375 0.0583743 -0.007 
v 0.0810171 0.0229079 -0.007 
v 0.104425 0.0230897 -0.007 
v 0.1 0.02175 -0.007 
v 0.10067 0.0216168 -0.007 
v 0.0809724 0.0222266 -0.007 
v 0.101237 0.0212374 -0.007 
v 0.06175 0.02 -0.007 
v 0.0788291 0.0209891 -0.007 
v 0.0795105 0.0209445 -0.007 
v 0.101617 0.0206697 -0.007 
v 0.080157 0.0211639 -0.007 
v 0.0806704 0.0216142 -0.007 
v 0.0782167 0.0212911 -0.007 
v 0.104872 0.0195897 -0.007 
v 0.10175 0.02 -0.007 
v 0.101668 0.0195897 -0.007 
v 0.0616168 0.0206697 -0.007 
v 0.077547 0.0224511 -0.007 
v 0.0616684 0.0195897 -0.007 
v 0.09825 0.02 -0.007 
v 0.0993303 0.0216168 -0.007 
v 0.0777665 0.0218045 -0.007 
v 0.0983832 0.0206697 -0.007 
v 0.0987626 0.0212374 -0.007 
v 0.0775889 0.0230897 -0.007 
v 0.0983316 0.0195897 -0.007 
v 0.106834 0.00425 -0.007 
v 0.101237 0.0187626 -0.007 
v 0.101617 0.0193303 -0.007 
v 0.0993303 0.0183832 -0.007 
v 0.10067 0.0183832 -0.007 
v 0.0987626 0.0187626 -0.007 
v 0.1 0.01825 -0.007 
v 0.0983832 0.0193303 -0.007 
v 0.0616168 0.0193303 -0.007 
v 0.061391 0.0189924 -0.007 
v 0.107867 -0.00383371 -0.007 
v 0.106629 -0.01 -0.007 
v 0.101237 -0.00123744 -0.007 
v 0.10067 -0.00161679 -0.007 
v 0.1 -0.00175 -0.007 
v 0.0993303 -0.00161679 -0.007 
v 0.10175 4.28626e-19 -0.007 
v 0.0983832 -0.000669696 -0.007 
v 0.0987626 -0.00123744 -0.007 
v 0.08 -0.00175 -0.007 
v 0.101617 -0.000669696 -0.007 
v 0.0793303 -0.00161679 -0.007 
v 0.0783832 -0.000669696 -0.007 
v 0.0787626 -0.00123744 -0.007 
v 0.0793303 0.00161679 -0.007 
v 0.0787626 0.00123744 -0.007 
v 0.0983832 0.000669696 -0.007 
v 0.0806697 0.00161679 -0.007 
v 0.08 0.00175 -0.007 
v 0.0816168 0.000669696 -0.007 
v 0.0812374 0.00123744 -0.007 
v 0.09825 -2.14313e-19 -0.007 
v 0.08175 4.28626e-19 -0.007 
v 0.0806697 -0.00161679 -0.007 
v 0.0993303 0.00161679 -0.007 
v 0.0987626 0.00123744 -0.007 
v 0.1 0.00175 -0.007 
v 0.101617 0.000669696 -0.007 
v 0.101237 0.00123744 -0.007 
v 0.0616168 -0.000669696 -0.007 
v 0.06175 4.28626e-19 -0.007 
v 0.061391 -0.00100759 -0.007 
v 0.0816168 -0.000669696 -0.007 
v 0.0812374 -0.00123744 -0.007 
v 0.10067 0.00161679 -0.007 
v 0.07825 -2.14313e-19 -0.007 
v 0.0783832 0.000669696 -0.007 
v 0.0616168 0.000669696 -0.007 
v 0.0983832 -0.0193303 -0.007 
v 0.0806697 -0.0183832 -0.007 
v 0.0793303 -0.0183832 -0.007 
v 0.0787626 -0.0187626 -0.007 
v 0.0812374 -0.0187626 -0.007 
v 0.0783832 -0.0193303 -0.007 
v 0.0616168 -0.0193303 -0.007 
v 0.07825 -0.02 -0.007 
v 0.06175 -0.02 -0.007 
v 0.08 -0.01825 -0.007 
v 0.0816168 -0.0193303 -0.007 
v 0.09825 -0.02 -0.007 
v 0.08175 -0.02 -0.007 
v 0.0816168 -0.0206697 -0.007 
v 0.08 -0.02175 -0.007 
v 0.0806697 -0.0216168 -0.007 
v 0.0993303 -0.0183832 -0.007 
v 0.0987626 -0.0187626 -0.007 
v 0.1 -0.01825 -0.007 
v 0.101237 -0.0187626 -0.007 
v 0.10067 -0.0183832 -0.007 
v 0.0812374 -0.0212374 -0.007 
v 0.101617 -0.0193303 -0.007 
v 0.0987626 -0.0212374 -0.007 
v 0.0993303 -0.0216168 -0.007 
v 0.102109 -0.0325 -0.007 
v 0.101617 -0.0206697 -0.007 
v 0.10067 -0.0216168 -0.007 
v 0.101237 -0.0212374 -0.007 
v 0.0983832 -0.0206697 -0.007 
v 0.10175 -0.02 -0.007 
v 0.1 -0.02175 -0.007 
v 0.0793303 -0.0216168 -0.007 
v 0.0787626 -0.0212374 -0.007 
v 0.0783832 -0.0206697 -0.007 
v 0.0616168 -0.0206697 -0.007 
v 0.061391 -0.0210076 -0.007 
v 0.0793303 -0.0416168 -0.007 
v 0.08 -0.04175 -0.007 
v 0.0783832 -0.0393303 -0.007 
v 0.0616168 -0.0393303 -0.007 
v 0.07825 -0.04 -0.007 
v 0.06175 -0.04 -0.007 
v 0.08 -0.03825 -0.007 
v 0.0793303 -0.0383832 -0.007 
v 0.0816168 -0.0393303 -0.007 
v 0.100982 -0.0381145 -0.007 
v 0.0941195 -0.05 -0.007 
v 0.0816168 -0.0406697 -0.007 
v 0.0806697 -0.0416168 -0.007 
v 0.0787626 -0.0412374 -0.007 
v 0.0783832 -0.0406697 -0.007 
v 0.0616168 -0.0406697 -0.007 
v 0.061391 -0.0410076 -0.007 
v 0.0787626 -0.0387626 -0.007 
v 0.0806697 -0.0383832 -0.007 
v 0.0812374 -0.0387626 -0.007 
v 0.08175 -0.04 -0.007 
v 0.0812374 -0.0412374 -0.007 
v 0.08 -0.06175 -0.007 
v 0.0806697 -0.0616168 -0.007 
v 0.0834989 -0.0683954 -0.007 
v 0.08 -0.05825 -0.007 
v 0.0812374 -0.0612374 -0.007 
v 0.0816761 -0.07 -0.007 
v 0.0793303 -0.0616168 -0.007 
v 0.0787626 -0.0612374 -0.007 
v 0.0783832 -0.0593303 -0.007 
v 0.0616168 -0.0593303 -0.007 
v 0.07825 -0.06 -0.007 
v 0.06175 -0.06 -0.007 
v 0.0793303 -0.0583832 -0.007 
v 0.0816168 -0.0606697 -0.007 
v 0.0783832 -0.0606697 -0.007 
v 0.0787626 -0.0587626 -0.007 
v 0.0816168 -0.0593303 -0.007 
v 0.0812374 -0.0587626 -0.007 
v 0.08175 -0.06 -0.007 
v 0.0616168 -0.0606697 -0.007 
v 0.061391 -0.0610076 -0.007 
v 0.0806697 -0.0583832 -0.007 
v 0.0616168 -0.0793303 -0.007 
v 0.061391 -0.0789924 -0.007 
v 0.061391 -0.0878567 -0.007 
v 0.061391 -0.0810076 -0.007 
v 0.0616168 -0.0806697 -0.007 
v 0.06175 -0.08 -0.007 
v 0.06 -0.08175 -0.007 
v 0.0606697 -0.0816168 -0.007 
v 0.0589562 -0.09 -0.007 
v 0.0593303 -0.0816168 -0.007 
v 0.05825 -0.08 -0.007 
v 0.0587626 -0.0787626 -0.007 
v 0.0583832 -0.0793303 -0.007 
v 0.06 -0.07825 -0.007 
v 0.0593303 -0.0783832 -0.007 
v 0.0583832 -0.0806697 -0.007 
v 0.0606697 -0.0783832 -0.007 
v 0.0587626 -0.0812374 -0.007 
v 0.0612374 -0.0787626 -0.007 
v 0.0612374 -0.0812374 -0.007 
v 0.0572536 -0.0914988 -0.007 
v 0.052141 -0.0936389 -0.007 
v 0.042625 -0.0976222 -0.007 
v 0.039375 -0.0989827 -0.007 
v 0.028882 -0.103375 -0.007 
v 0.025 -0.105 -0.007 
v -0.024625 -0.105 -0.007 
v -0.025 -0.105 -0.007 
v -0.028882 -0.103375 -0.007 
v -0.0572536 -0.0914988 -0.007 
v -0.0616168 -0.0793303 -0.007 
v -0.06175 -0.08 -0.007 
v -0.0612374 -0.0787626 -0.007 
v -0.06 -0.07825 -0.007 
v -0.05825 -0.08 -0.007 
v -0.0587626 -0.0812374 -0.007 
v -0.0583832 -0.0806697 -0.007 
v -0.0593303 -0.0816168 -0.007 
v -0.0589562 -0.09 -0.007 
v -0.064641 -0.0849957 -0.007 
v -0.0606697 -0.0816168 -0.007 
v -0.0606697 -0.0783832 -0.007 
v -0.0593303 -0.0783832 -0.007 
v -0.0583832 -0.0793303 -0.007 
v -0.06 -0.08175 -0.007 
v -0.0616168 -0.0806697 -0.007 
v -0.0587626 -0.0787626 -0.007 
v -0.0612374 -0.0812374 -0.007 
v -0.0729423 -0.0776883 -0.007 
v -0.0761923 -0.0748273 -0.007 
v -0.0761923 -0.07 -0.007 
v -0.0816761 -0.07 -0.007 
v -0.08 -0.06175 -0.007 
v -0.0833013 -0.0685694 -0.007 
v -0.0793303 -0.0616168 -0.007 
v -0.0787626 -0.0612374 -0.007 
v -0.0806697 -0.0616168 -0.007 
v -0.08 -0.05825 -0.007 
v -0.0806697 -0.0583832 -0.007 
v -0.0783832 -0.0606697 -0.007 
v -0.07825 -0.06 -0.007 
v -0.0816168 -0.0606697 -0.007 
v -0.0812374 -0.0612374 -0.007 
v -0.0816168 -0.0593303 -0.007 
v -0.08175 -0.06 -0.007 
v -0.0812374 -0.0587626 -0.007 
v -0.0793303 -0.0583832 -0.007 
v -0.0783832 -0.0593303 -0.007 
v -0.0787626 -0.0587626 -0.007 
v -0.0834989 -0.0683954 -0.007 
v -0.0941195 -0.05 -0.007 
v -0.0965513 -0.0457881 -0.007 
v -0.0965513 -0.0325 -0.007 
v -0.100982 -0.0381145 -0.007 
v -0.0993303 -0.0216168 -0.007 
v -0.0987626 -0.0212374 -0.007 
v -0.102109 -0.0325 -0.007 
v -0.1 -0.02175 -0.007 
v -0.101237 -0.0212374 -0.007 
v -0.10067 -0.0216168 -0.007 
v -0.106629 -0.01 -0.007 
v -0.10067 -0.0183832 -0.007 
v -0.101237 -0.0187626 -0.007 
v -0.1 -0.01825 -0.007 
v -0.0987626 -0.0187626 -0.007 
v -0.0993303 -0.0183832 -0.007 
v -0.0983832 -0.0206697 -0.007 
v -0.09825 -0.02 -0.007 
v -0.101617 -0.0206697 -0.007 
v -0.0983832 -0.0193303 -0.007 
v -0.10175 -0.02 -0.007 
v -0.101617 -0.0193303 -0.007 
v -0.0993303 -0.00161679 -0.007 
v -0.0987626 -0.00123744 -0.007 
v -0.1 -0.00175 -0.007 
v -0.10067 -0.00161679 -0.007 
v -0.107867 -0.00383371 -0.007 
v -0.101617 -0.000669696 -0.007 
v -0.101237 -0.00123744 -0.007 
v -0.0983832 -0.000669696 -0.007 
v -0.09825 4.28626e-19 -0.007 
v -0.106834 0.00425 -0.007 
v -0.10067 0.00161679 -0.007 
v -0.101237 0.00123744 -0.007 
v -0.1 0.00175 -0.007 
v -0.0983832 0.000669696 -0.007 
v -0.0987626 0.00123744 -0.007 
v -0.0993303 0.00161679 -0.007 
v -0.10175 -2.14313e-19 -0.007 
v -0.101617 0.000669696 -0.007 
v -0.0987626 0.0187626 -0.007 
v -0.10067 0.0183832 -0.007 
v -0.1 0.01825 -0.007 
v -0.0993303 0.0183832 -0.007 
v -0.101237 0.0187626 -0.007 
v -0.104872 0.0195897 -0.007 
v -0.101617 0.0193303 -0.007 
v -0.0983832 0.0193303 -0.007 
v -0.101668 0.0195897 -0.007 
v -0.104425 0.0230897 -0.007 
v -0.10067 0.0216168 -0.007 
v -0.101237 0.0212374 -0.007 
v -0.1 0.02175 -0.007 
v -0.0987626 0.0212374 -0.007 
v -0.0993303 0.0216168 -0.007 
v -0.101617 0.0206697 -0.007 
v -0.0983832 0.0206697 -0.007 
v -0.10175 0.02 -0.007 
v -0.09825 0.02 -0.007 
v -0.0983316 0.0195897 -0.007 
v -0.0974775 0.0311639 -0.007 
v -0.103433 0.0308494 -0.007 
v -0.0982929 0.0322266 -0.007 
v -0.0979909 0.0316142 -0.007 
v -0.100624 0.0357147 -0.007 
v -0.0981181 0.0335545 -0.007 
v -0.0983376 0.0329079 -0.007 
v -0.096831 0.0309445 -0.007 
v -0.0976679 0.0340679 -0.007 
v -0.0970555 0.0343699 -0.007 
v -0.0965513 0.0344029 -0.007 
v -0.0976444 0.040875 -0.007 
v -0.0902628 0.0536603 -0.007 
v -0.0866025 0.05175 -0.007 
v -0.0872722 0.0483832 -0.007 
v -0.0872722 0.0516168 -0.007 
v -0.0849858 0.0493303 -0.007 
v -0.0848525 0.05 -0.007 
v -0.0866025 0.04825 -0.007 
v -0.0859328 0.0483832 -0.007 
v -0.08784 0.0487626 -0.007 
v -0.0965513 0.0427683 -0.007 
v -0.0882193 0.0506697 -0.007 
v -0.0883525 0.05 -0.007 
v -0.08784 0.0512374 -0.007 
v -0.0849858 0.0506697 -0.007 
v -0.0853651 0.0512374 -0.007 
v -0.0853651 0.0487626 -0.007 
v -0.0882193 0.0493303 -0.007 
v -0.0859328 0.0516168 -0.007 
v -0.0883864 0.0569103 -0.007 
v -0.0844893 0.0636603 -0.007 
v -0.0774775 0.065805 -0.007 
v -0.0779909 0.0662552 -0.007 
v -0.0833013 0.065718 -0.007 
v -0.0782929 0.0668676 -0.007 
v -0.0781181 0.0681955 -0.007 
v -0.0783376 0.0675489 -0.007 
v -0.0784327 0.0741506 -0.007 
v -0.0776679 0.0687089 -0.007 
v -0.076831 0.0655855 -0.007 
v -0.0770555 0.0690109 -0.007 
v -0.0763741 0.0690555 -0.007 
v -0.0761923 0.0758565 -0.007 
v -0.0761923 0.0689938 -0.007 
v -0.0748675 0.0670921 -0.007 
v -0.0749122 0.0677734 -0.007 
v -0.0757275 0.0688361 -0.007 
v -0.075087 0.0664455 -0.007 
v -0.0761496 0.0656301 -0.007 
v -0.0729423 0.0783311 -0.007 
v -0.0752142 0.0683858 -0.007 
v -0.0755372 0.0659321 -0.007 
v -0.0761923 0.0656273 -0.007 
v -0.0583832 0.0793303 -0.007 
v -0.05825 0.08 -0.007 
v -0.064641 0.0846517 -0.007 
v -0.0612374 0.0812374 -0.007 
v -0.0616168 0.0806697 -0.007 
v -0.057891 0.0897913 -0.007 
v -0.06 0.08175 -0.007 
v -0.0606697 0.0816168 -0.007 
v -0.0587626 0.0787626 -0.007 
v -0.0606697 0.0783832 -0.007 
v -0.06 0.07825 -0.007 
v -0.06175 0.08 -0.007 
v -0.0593303 0.0816168 -0.007 
v -0.0583832 0.0806697 -0.007 
v -0.0593303 0.0783832 -0.007 
v -0.0616168 0.0793303 -0.007 
v -0.0587626 0.0812374 -0.007 
v -0.0612374 0.0787626 -0.007 
v -0.042 0.0816914 -0.007 
v -0.024625 0.1041 -0.007 
v -0.041426 0.0845773 -0.007 
v -0.042 0.0846914 -0.007 
v -0.0405 0.0831914 -0.007 
v -0.042574 0.0818056 -0.007 
v -0.0506134 0.0953325 -0.007 
v -0.0406142 0.0837655 -0.007 
v -0.0409393 0.0821308 -0.007 
v -0.0406142 0.0826174 -0.007 
v -0.041426 0.0818056 -0.007 
v -0.0430607 0.0842521 -0.007 
v -0.042574 0.0845773 -0.007 
v -0.0430607 0.0821308 -0.007 
v -0.0435 0.0831914 -0.007 
v -0.0433858 0.0826174 -0.007 
v -0.0433858 0.0837655 -0.007 
v -0.0409393 0.0842521 -0.007 
v -0.0174827 0.10651 -0.007 
v -0.01 0.10651 -0.007 
v -0.0187626 0.101237 -0.007 
v -0.0183832 0.10067 -0.007 
v -0.0183832 0.0993303 -0.007 
v -0.01825 0.1 -0.007 
v -0.0193303 0.0816168 -0.007 
v -0.0187626 0.0987626 -0.007 
v -0.01825 0.08 -0.007 
v -0.0193303 0.0983832 -0.007 
v -0.02 0.08175 -0.007 
v -0.02 0.09825 -0.007 
v -0.0206697 0.0983832 -0.007 
v -0.0183832 0.0806697 -0.007 
v -0.0187626 0.0812374 -0.007 
v -0.0183832 0.0793303 -0.007 
v -0.0216168 0.0806697 -0.007 
v -0.02175 0.08 -0.007 
v -0.0206697 0.0816168 -0.007 
v -0.0216168 0.0993303 -0.007 
v -0.0212374 0.0987626 -0.007 
v -0.02175 0.1 -0.007 
v -0.0193303 0.0783832 -0.007 
v -0.0187626 0.0787626 -0.007 
v -0.02 0.07825 -0.007 
v -0.0212374 0.0812374 -0.007 
v -0.0206697 0.0783832 -0.007 
v -0.0216168 0.0793303 -0.007 
v -0.0212374 0.0787626 -0.007 
v -0.0212374 0.101237 -0.007 
v -0.0216168 0.10067 -0.007 
v -0.02 0.10175 -0.007 
v -0.0206697 0.101617 -0.007 
v -0.0193303 0.101617 -0.007 
v 0.01 0.10651 -0.007 
v 0.00161679 0.10067 -0.007 
v 0.00123744 0.101237 -0.007 
v 0.00161679 0.0993303 -0.007 
v 0.000669696 0.0983832 -0.007 
v 0.00123744 0.0987626 -0.007 
v 0.00161679 0.0806697 -0.007 
v 0.00123744 0.0812374 -0.007 
v 0.00175 0.08 -0.007 
v 0.000669696 0.0783832 -0.007 
v 0.00123744 0.0787626 -0.007 
v 0.000669696 0.101617 -0.007 
v -3.2147e-19 0.10175 -0.007 
v 0.00175 0.1 -0.007 
v -0.000669696 0.0983832 -0.007 
v 1.07157e-19 0.09825 -0.007 
v -3.2147e-19 0.08175 -0.007 
v 0.000669696 0.0816168 -0.007 
v 0.00161679 0.0793303 -0.007 
v -0.000669696 0.0816168 -0.007 
v -0.00161679 0.0993303 -0.007 
v -0.00123744 0.0987626 -0.007 
v -0.00161679 0.0806697 -0.007 
v -0.00175 0.08 -0.007 
v -0.00123744 0.0812374 -0.007 
v -0.00175 0.1 -0.007 
v 1.07157e-19 0.07825 -0.007 
v -0.000669696 0.101617 -0.007 
v -0.000669696 0.0783832 -0.007 
v -0.00161679 0.0793303 -0.007 
v -0.00123744 0.0787626 -0.007 
v -0.00123744 0.101237 -0.007 
v -0.00161679 0.10067 -0.007 
v 0.024625 0.1041 -0.007 
v 0.0206697 0.0816168 -0.007 
v 0.0216168 0.0993303 -0.007 
v 0.0216168 0.10067 -0.007 
v 0.0212374 0.101237 -0.007 
v 0.02175 0.1 -0.007 
v 0.0206697 0.0983832 -0.007 
v 0.0212374 0.0987626 -0.007 
v 0.02 0.08175 -0.007 
v 0.02 0.09825 -0.007 
v 0.0193303 0.0983832 -0.007 
v 0.0193303 0.0816168 -0.007 
v 0.0183832 0.0993303 -0.007 
v 0.02175 0.08 -0.007 
v 0.0183832 0.0806697 -0.007 
v 0.01825 0.08 -0.007 
v 0.0187626 0.0987626 -0.007 
v 0.0216168 0.0806697 -0.007 
v 0.0212374 0.0812374 -0.007 
v 0.0216168 0.0793303 -0.007 
v 0.0187626 0.101237 -0.007 
v 0.0183832 0.10067 -0.007 
v 0.0174827 0.10651 -0.007 
v 0.0193303 0.101617 -0.007 
v 0.0206697 0.101617 -0.007 
v 0.0187626 0.0812374 -0.007 
v 0.01825 0.1 -0.007 
v 0.0206697 0.0783832 -0.007 
v 0.0212374 0.0787626 -0.007 
v 0.0193303 0.0783832 -0.007 
v 0.02 0.07825 -0.007 
v 0.02 0.10175 -0.007 
v 0.0183832 0.0793303 -0.007 
v 0.0187626 0.0787626 -0.007 
v 0.039375 0.099124 -0.007 
v 0.042 0.0816914 -0.007 
v 0.042574 0.0818056 -0.007 
v 0.041426 0.0818056 -0.007 
v 0.0405 0.0831914 -0.007 
v 0.0406142 0.0826174 -0.007 
v 0.0409393 0.0842521 -0.007 
v 0.0406142 0.0837655 -0.007 
v 0.041426 0.0845773 -0.007 
v 0.042625 0.0980276 -0.007 
v 0.042625 0.0845432 -0.007 
v 0.042574 0.0845773 -0.007 
v 0.0409393 0.0821308 -0.007 
v 0.042 0.0846914 -0.007 
v 0.0506134 0.0953325 -0.007 
v 0.0430607 0.0842521 -0.007 
v 0.0433858 0.0826174 -0.007 
v 0.0435 0.0831914 -0.007 
v 0.052141 0.0941694 -0.007 
v 0.0433858 0.0837655 -0.007 
v 0.0430607 0.0821308 -0.007 
v 0.042625 0.0818397 -0.007 
v 0.0593303 0.0783832 -0.007 
v 0.06 0.07825 -0.007 
v 0.05825 0.08 -0.007 
v 0.0587626 0.0812374 -0.007 
v 0.0583832 0.0806697 -0.007 
v 0.061391 0.0871263 -0.007 
v 0.06 0.08175 -0.007 
v 0.0583832 0.0793303 -0.007 
v 0.0593303 0.0816168 -0.007 
v 0.0606697 0.0816168 -0.007 
v 0.0606697 0.0783832 -0.007 
v 0.0587626 0.0787626 -0.007 
v 0.0612374 0.0812374 -0.007 
v 0.0612374 0.0787626 -0.007 
v 0.061391 0.0810076 -0.007 
v 0.0616168 0.0793303 -0.007 
v 0.0784327 0.0741506 -0.007 
v 0.0763741 0.0690555 -0.007 
v 0.0757275 0.0688361 -0.007 
v 0.0752142 0.0683858 -0.007 
v 0.0770555 0.0690109 -0.007 
v 0.0844893 0.0636603 -0.007 
v 0.0783376 0.0675489 -0.007 
v 0.0781181 0.0681955 -0.007 
v 0.0616168 0.0806697 -0.007 
v 0.061391 0.0789924 -0.007 
v 0.0782929 0.0668676 -0.007 
v 0.0761496 0.0656301 -0.007 
v 0.076831 0.0655855 -0.007 
v 0.06175 0.08 -0.007 
v 0.0749122 0.0677734 -0.007 
v 0.0776679 0.0687089 -0.007 
v 0.0774775 0.065805 -0.007 
v 0.0779909 0.0662552 -0.007 
v 0.0748675 0.0670921 -0.007 
v 0.075087 0.0664455 -0.007 
v 0.0755372 0.0659321 -0.007 
v 0.0883864 0.0569103 -0.007 
v 0.0849858 0.0493303 -0.007 
v 0.0853651 0.0487626 -0.007 
v 0.0707976 0.040875 -0.007 
v 0.0902628 0.0536603 -0.007 
v 0.0866025 0.05175 -0.007 
v 0.0859328 0.0516168 -0.007 
v 0.0859328 0.0483832 -0.007 
v 0.0866025 0.04825 -0.007 
v 0.069735 0.0416904 -0.007 
v 0.0690536 0.041735 -0.007 
v 0.0703474 0.0413884 -0.007 
v 0.068407 0.0415155 -0.007 
v 0.0848525 0.05 -0.007 
v 0.0976444 0.040875 -0.007 
v 0.0883525 0.05 -0.007 
v 0.0872722 0.0483832 -0.007 
v 0.0678937 0.0410653 -0.007 
v 0.0853651 0.0512374 -0.007 
v 0.0882193 0.0506697 -0.007 
v 0.08784 0.0512374 -0.007 
v 0.0882193 0.0493303 -0.007 
v 0.08784 0.0487626 -0.007 
v 0.0849858 0.0506697 -0.007 
v 0.0872722 0.0516168 -0.007 
v 0.0677998 0.040875 -0.007 
v 0.067547 0.0397716 -0.007 
v 0.0688291 0.0383096 -0.007 
v 0.0695105 0.038265 -0.007 
v 0.0675917 0.0404529 -0.007 
v 0.100624 0.0357147 -0.007 
v 0.070157 0.0384845 -0.007 
v 0.0706704 0.0389347 -0.007 
v 0.0677665 0.039125 -0.007 
v 0.0682167 0.0386116 -0.007 
v 0.0709724 0.0395471 -0.007 
v 0.0710171 0.0402284 -0.007 
v 0.0948675 0.0324511 -0.007 
v 0.0790536 0.0244145 -0.007 
v 0.103433 0.0308494 -0.007 
v 0.0979909 0.0316142 -0.007 
v 0.0809553 0.0230897 -0.007 
v 0.0961496 0.0309891 -0.007 
v 0.0807976 0.0235545 -0.007 
v 0.095087 0.0318045 -0.007 
v 0.0803474 0.0240679 -0.007 
v 0.079735 0.0243699 -0.007 
v 0.0974775 0.0311639 -0.007 
v 0.096831 0.0309445 -0.007 
v 0.0970555 0.0343699 -0.007 
v 0.0963741 0.0344145 -0.007 
v 0.0983376 0.0329079 -0.007 
v 0.078407 0.024195 -0.007 
v 0.0778937 0.0237448 -0.007 
v 0.0955372 0.0312911 -0.007 
v 0.0957275 0.034195 -0.007 
v 0.0952142 0.0337448 -0.007 
v 0.0981181 0.0335545 -0.007 
v 0.0976679 0.0340679 -0.007 
v 0.0982929 0.0322266 -0.007 
v 0.0775917 0.0231324 -0.007 
v 0.0949122 0.0331324 -0.007 
v -0.057891 -0.0909377 -0.007 
vn 0 0 -1 
vn 0 0 -1 
vn 0 0 -1 
vn 0 0 -1 
vn 0 0 -1 
vn 0 0 -1 
vn 0 0 -1 
vn 0 0 -1 
vn 0 0 -1 
vn 0 0 -1 
vn 0 0 -1 
vn 0 0 -1 
vn 0 0 -1 
vn 0 0 -1 
vn 0 0 -1 
vn 0 0 -1 
vn 0 0 -1 
vn 0 0 -1 
vn 0 0 -1 
vn 0 0 -1 
vn 0 0 -1 
vn 0 0 -1 
vn 0 0 -1 
vn 0 0 -1 
vn 0 0 -1 
vn 0 0 -1 
vn 0 0 -1 
vn 0 0 -1 
vn 0 0 -1 
vn 0 0 -1 
vn 0 0 -1 
vn 0 0 -1 
vn 0 0 -1 
vn 0 0 -1 
vn 0 0 -1 
vn 0 0 -1 
vn 0 0 -1 
vn 0 0 -1 
vn 0 0 -1 
vn 0 0 -1 
vn 0 0 -1 
vn 0 0 -1 
vn 0 0 -1 
vn 0 0 -1 
vn 0 0 -1 
vn 0 0 -1 
vn 0 0 -1 
vn 0 0 -1 
vn 0 0 -1 
vn 0 0 -1 
vn 0 0 -1 
vn 0 0 -1 
vn 0 0 -1 
vn 0 0 -1 
vn 0 0 -1 
vn 0 0 -1 
vn 0 0 -1 
vn 0 0 -1 
vn 0 0 -1 
vn 0 0 -1 
vn 0 0 -1 
vn 0 0 -1 
vn 0 0 -1 
vn 0 0 -1 
vn 0 0 -1 
vn 0 0 -1 
vn 0 0 -1 
vn 0 0 -1 
vn 0 0 -1 
vn 0 0 -1 
vn 0 0 -1 
vn 0 0 -1 
vn 0 0 -1 
vn 0 0 -1 
vn 0 0 -1 
vn 0 0 -1 
vn 0 0 -1 
vn 0 0 -1 
vn 0 0 -1 
vn 0 0 -1 
vn 0 0 -1 
vn 0 0 -1 
vn 0 0 -1 
vn 0 0 -1 
vn 0 0 -1 
vn 0 0 -1 
vn 0 0 -1 
vn 0 0 -1 
vn 0 0 -1 
vn 0 0 -1 
vn 0 0 -1 
vn 0 0 -1 
vn 0 0 -1 
vn 0 0 -1 
vn 0 0 -1 
vn 0 0 -1 
vn 0 0 -1 
vn 0 0 -1 
vn 0 0 -1 
vn 0 0 -1 
vn 0 0 -1 
vn 0 0 -1 
vn 0 0 -1 
vn 0 0 -1 
vn 0 0 -1 
vn 0 0 -1 
vn 0 0 -1 
vn 0 0 -1 
vn 0 0 -1 
vn 0 0 -1 
vn 0 0 -1 
vn 0 0 -1 
vn 0 0 -1 
vn 0 0 -1 
vn 0 0 -1 
vn 0 0 -1 
vn 0 0 -1 
vn 0 0 -1 
vn 0 0 -1 
vn 0 0 -1 
vn 0 0 -1 
vn 0 0 -1 
vn 0 0 -1 
vn 0 0 -1 
vn 0 0 -1 
vn 0 0 -1 
vn 0 0 -1 
vn 0 0 -1 
vn 0 0 -1 
vn 0 0 -1 
vn 0 0 -1 
vn 0 0 -1 
vn 0 0 -1 
vn 0 0 -1 
vn 0 0 -1 
vn 0 0 -1 
vn 0 0 -1 
vn 0 0 -1 
vn 0 0 -1 
vn 0 0 -1 
vn 0 0 -1 
vn 0 0 -1 
vn 0 0 -1 
vn 0 0 -1 
vn 0 0 -1 
vn 0 0 -1 
vn 0 0 -1 
vn 0 0 -1 
vn 0 0 -1 
vn 0 0 -1 
vn 0 0 -1 
vn 0 0 -1 
vn 0 0 -1 
vn 0 0 -1 
vn 0 0 -1 
vn 0 0 -1 
vn 0 0 -1 
vn 0 0 -1 
vn 0 0 -1 
vn 0 0 -1 
vn 0 0 -1 
vn 0 0 -1 
vn 0 0 -1 
vn 0 0 -1 
vn 0 0 -1 
vn 0 0 -1 
vn 0 0 -1 
vn 0 0 -1 
vn 0 0 -1 
vn 0 0 -1 
vn 0 0 -1 
vn 0 0 -1 
vn 0 0 -1 
vn 0 0 -1 
vn 0 0 -1 
vn 0 0 -1 
vn 0 0 -1 
vn 0 0 -1 
vn 0 0 -1 
vn 0 0 -1 
vn 0 0 -1 
vn 0 0 -1 
vn 0 0 -1 
vn 0 0 -1 
vn 0 0 -1 
vn 0 0 -1 
vn 0 0 -1 
vn 0 0 -1 
vn 0 0 -1 
vn 0 0 -1 
vn 0 0 -1 
vn 0 0 -1 
vn 0 0 -1 
vn 0 0 -1 
vn 0 0 -1 
vn 0 0 -1 
vn 0 0 -1 
vn 0 0 -1 
vn 0 0 -1 
vn 0 0 -1 
vn 0 0 -1 
vn 0 0 -1 
vn 0 0 -1 
vn 0 0 -1 
vn 0 0 -1 
vn 0 0 -1 
vn 0 0 -1 
vn 0 0 -1 
vn 0 0 -1 
vn 0 0 -1 
vn 0 0 -1 
vn 0 0 -1 
vn 0 0 -1 
vn 0 0 -1 
vn 0 0 -1 
vn 0 0 -1 
vn 0 0 -1 
vn 0 0 -1 
vn 0 0 -1 
vn 0 0 -1 
vn 0 0 -1 
vn 0 0 -1 
vn 0 0 -1 
vn 0 0 -1 
vn 0 0 -1 
vn 0 0 -1 
vn 0 0 -1 
vn 0 0 -1 
vn 0 0 -1 
vn 0 0 -1 
vn 0 0 -1 
vn 0 0 -1 
vn 0 0 -1 
vn 0 0 -1 
vn 0 0 -1 
vn 0 0 -1 
vn 0 0 -1 
vn 0 0 -1 
vn 0 0 -1 
vn 0 0 -1 
vn 0 0 -1 
vn 0 0 -1 
vn 0 0 -1 
vn 0 0 -1 
vn 0 0 -1 
vn 0 0 -1 
vn 0 0 -1 
vn 0 0 -1 
vn 0 0 -1 
vn 0 0 -1 
vn 0 0 -1 
vn 0 0 -1 
vn 0 0 -1 
vn 0 0 -1 
vn 0 0 -1 
vn 0 0 -1 
vn 0 0 -1 
vn 0 0 -1 
vn 0 0 -1 
vn 0 0 -1 
vn 0 0 -1 
vn 0 0 -1 
vn 0 0 -1 
vn 0 0 -1 
vn 0 0 -1 
vn 0 0 -1 
vn 0 0 -1 
vn 0 0 -1 
vn 0 0 -1 
vn 0 0 -1 
vn 0 0 -1 
vn 0 0 -1 
vn 0 0 -1 
vn 0 0 -1 
vn 0 0 -1 
vn 0 0 -1 
vn 0 0 -1 
vn 0 0 -1 
vn 0 0 -1 
vn 0 0 -1 
vn 0 0 -1 
vn 0 0 -1 
vn 0 0 -1 
vn 0 0 -1 
vn 0 0 -1 
vn 0 0 -1 
vn 0 0 -1 
vn 0 0 -1 
vn 0 0 -1 
vn 0 0 -1 
vn 0 0 -1 
vn 0 0 -1 
vn 0 0 -1 
vn 0 0 -1 
vn 0 0 -1 
vn 0 0 -1 
vn 0 0 -1 
vn 0 0 -1 
vn 0 0 -1 
vn 0 0 -1 
vn 0 0 -1 
vn 0 0 -1 
vn 0 0 -1 
vn 0 0 -1 
vn 0 0 -1 
vn 0 0 -1 
vn 0 0 -1 
vn 0 0 -1 
vn 0 0 -1 
vn 0 0 -1 
vn 0 0 -1 
vn 0 0 -1 
vn 0 0 -1 
vn 0 0 -1 
vn 0 0 -1 
vn 0 0 -1 
vn 0 0 -1 
vn 0 0 -1 
vn 0 0 -1 
vn 0 0 -1 
vn 0 0 -1 
vn 0 0 -1 
vn 0 0 -1 
vn 0 0 -1 
vn 0 0 -1 
vn 0 0 -1 
vn 0 0 -1 
vn 0 0 -1 
vn 0 0 -1 
vn 0 0 -1 
vn 0 0 -1 
vn 0 0 -1 
vn 0 0 -1 
vn 0 0 -1 
vn 0 0 -1 
vn 0 0 -1 
vn 0 0 -1 
vn 0 0 -1 
vn 0 0 -1 
vn 0 0 -1 
vn 0 0 -1 
vn 0 0 -1 
vn 0 0 -1 
vn 0 0 -1 
vn 0 0 -1 
vn 0 0 -1 
vn 0 0 -1 
vn 0 0 -1 
vn 0 0 -1 
vn 0 0 -1 
vn 0 0 -1 
vn 0 0 -1 
vn 0 0 -1 
vn 0 0 -1 
vn 0 0 -1 
vn 0 0 -1 
vn 0 0 -1 
vn 0 0 -1 
vn 0 0 -1 
vn 0 0 -1 
vn 0 0 -1 
vn 0 0 -1 
vn 0 0 -1 
vn 0 0 -1 
vn 0 0 -1 
vn 0 0 -1 
vn 0 0 -1 
vn 0 0 -1 
vn 0 0 -1 
vn 0 0 -1 
vn 0 0 -1 
vn 0 0 -1 
vn 0 0 -1 
vn 0 0 -1 
vn 0 0 -1 
vn 0 0 -1 
vn 0 0 -1 
vn 0 0 -1 
vn 0 0 -1 
vn 0 0 -1 
vn 0 0 -1 
vn 0 0 -1 
vn 0 0 -1 
vn 0 0 -1 
vn 0 0 -1 
vn 0 0 -1 
vn 0 0 -1 
vn 0 0 -1 
vn 0 0 -1 
vn 0 0 -1 
vn 0 0 -1 
vn 0 0 -1 
vn 0 0 -1 
vn 0 0 -1 
vn 0 0 -1 
vn 0 0 -1 
vn 0 0 -1 
vn 0 0 -1 
vn 0 0 -1 
vn 0 0 -1 
vn 0 0 -1 
vn 0 0 -1 
vn 0 0 -1 
vn 0 0 -1 
vn 0 0 -1 
vn 0 0 -1 
vn 0 0 -1 
vn 0 0 -1 
vn 0 0 -1 
vn 0 0 -1 
vn 0 0 -1 
vn 0 0 -1 
vn 0 0 -1 
vn 0 0 -1 
vn 0 0 -1 
vn 0 0 -1 
vn 0 0 -1 
vn 0 0 -1 
vn 0 0 -1 
vn 0 0 -1 
vn 0 0 -1 
vn 0 0 -1 
vn 0 0 -1 
vn 0 0 -1 
vn 0 0 -1 
vn 0 0 -1 
vn 0 0 -1 
vn 0 0 -1 
vn 0 0 -1 
vn 0 0 -1 
vn 0 0 -1 
vn 0 0 -1 
vn 0 0 -1 
vn 0 0 -1 
vn 0 0 -1 
vn 0 0 -1 
vn 0 0 -1 
vn 0 0 -1 
vn 0 0 -1 
vn 0 0 -1 
vn 0 0 -1 
vn 0 0 -1 
vn 0 0 -1 
vn 0 0 -1 
vn 0 0 -1 
vn 0 0 -1 
vn 0 0 -1 
vn 0 0 -1 
vn 0 0 -1 
vn 0 0 -1 
vn 0 0 -1 
vn 0 0 -1 
vn 0 0 -1 
vn 0 0 -1 
vn 0 0 -1 
vn 0 0 -1 
vn 0 0 -1 
vn 0 0 -1 
vn 0 0 -1 
vn 0 0 -1 
vn 0 0 -1 
vn 0 0 -1 
vn 0 0 -1 
vn 0 0 -1 
vn 0 0 -1 
vn 0 0 -1 
vn 0 0 -1 
vn 0 0 -1 
vn 0 0 -1 
vn 0 0 -1 
vn 0 0 -1 
vn 0 0 -1 
vn 0 0 -1 
vn 0 0 -1 
vn 0 0 -1 
vn 0 0 -1 
vn 0 0 -1 
vn 0 0 -1 
vn 0 0 -1 
vn 0 0 -1 
vn 0 0 -1 
vn 0 0 -1 
vn 0 0 -1 
vn 0 0 -1 
vn 0 0 -1 
vn 0 0 -1 
vn 0 0 -1 
vn 0 0 -1 
vn 0 0 -1 
vn 0 0 -1 
vn 0 0 -1 
vn 0 0 -1 
vn 0 0 -1 
vn 0 0 -1 
vn 0 0 -1 
vn 0 0 -1 
vn 0 0 -1 
vn 0 0 -1 
vn 0 0 -1 
vn 0 0 -1 
vn 0 0 -1 
vn 0 0 -1 
vn 0 0 -1 
vn 0 0 -1 
vn 0 0 -1 
vn 0 0 -1 
vn 0 0 -1 
vn 0 0 -1 
vn 0 0 -1 
vn 0 0 -1 
vn 0 0 -1 
vn 0 0 -1 
vn 0 0 -1 
vn 0 0 -1 
vn 0 0 -1 
vn 0 0 -1 
vn 0 0 -1 
vn 0 0 -1 
vn 0 0 -1 
vn 0 0 -1 
vn 0 0 -1 
vn 0 0 -1 
vn 0 0 -1 
vn 0 0 -1 
vn 0 0 -1 
vn 0 0 -1 
vn 0 0 -1 
vn 0 0 -1 
vn 0 0 -1 
vn 0 0 -1 
vn 0 0 -1 
vn 0 0 -1 
vn 0 0 -1 
vn 0 0 -1 
vn 0 0 -1 
vn 0 0 -1 
vn 0 0 -1 
vn 0 0 -1 
vn 0 0 -1 
vn 0 0 -1 
vn 0 0 -1 
vn 0 0 -1 
vn 0 0 -1 
vn 0 0 -1 
vn 0 0 -1 
vn 0 0 -1 
vn 0 0 -1 
vn 0 0 -1 
vn 0 0 -1 
vn 0 0 -1 
vn 0 0 -1 
vn 0 0 -1 
vn 0 0 -1 
vn 0 0 -1 
vn 0 0 -1 
vn 0 0 -1 
vn 0 0 -1 
vn 0 0 -1 
vn 0 0 -1 
vn 0 0 -1 
vn 0 0 -1 
vn 0 0 -1 
vn 0 0 -1 
vn 0 0 -1 
vn 0 0 -1 
vn 0 0 -1 
vn 0 0 -1 
vn 0 0 -1 
vn 0 0 -1 
vn 0 0 -1 
vn 0 0 -1 
vn 0 0 -1 
vn 0 0 -1 
vn 0 0 -1 
vn 0 0 -1 
vn 0 0 -1 
vn 0 0 -1 
vn 0 0 -1 
vn 0 0 -1 
vn 0 0 -1 
vn 0 0 -1 
vn 0 0 -1 
vn 0 0 -1 
vn 0 0 -1 
vn 0 0 -1 
vn 0 0 -1 
vn 0 0 -1 
vn 0 0 -1 
vn 0 0 -1 
vn 0 0 -1 
vn 0 0 -1 
vn 0 0 -1 
vn 0 0 -1 
vn 0 0 -1 
vn 0 0 -1 
vn 0 0 -1 
vn 0 0 -1 
vn 0 0 -1 
vn 0 0 -1 
vn 0 0 -1 
vn 0 0 -1 
vn 0 0 -1 
vn 0 0 -1 
vn 0 0 -1 
vn 0 0 -1 
vn 0 0 -1 
vn 0 0 -1 
vn 0 0 -1 
vn 0 0 -1 
vn 0 0 -1 
vn 0 0 -1 
vn 0 0 -1 
vn 0 0 -1 
vn 0 0 -1 
vn 0 0 -1 
vn 0 0 -1 
vn 0 0 -1 
vn 0 0 -1 
vn 0 0 -1 
vn 0 0 -1 
vn 0 0 -1 
vn 0 0 -1 
vn 0 0 -1 
vn 0 0 -1 
vn 0 0 -1 
vn 0 0 -1 
vn 0 0 -1 
vn 0 0 -1 
vn 0 0 -1 
vn 0 0 -1 
vn 0 0 -1 
vn 0 0 -1 
vn 0 0 -1 
vn 0 0 -1 
vn 0 0 -1 
vn 0 0 -1 
vn 0 0 -1 
vn 0 0 -1 
vn 0 0 -1 
vn 0 0 -1 
vn 0 0 -1 
vn 0 0 -1 
vn 0 0 -1 
vn 0 0 -1 
vn 0 0 -1 
vn 0 0 -1 
vn 0 0 -1 
vn 0 0 -1 
vn 0 0 -1 
vn 0 0 -1 
vn 0 0 -1 
vn 0 0 -1 
vn 0 0 -1 
vn 0 0 -1 
vn 0 0 -1 
vn 0 0 -1 
vn 0 0 -1 
vn 0 0 -1 
vn 0 0 -1 
vn 0 0 -1 
vn 0 0 -1 
vn 0 0 -1 
vn 0 0 -1 
vn 0 0 -1 
vn 0 0 -1 
vn 0 0 -1 
vn 0 0 -1 
vn 0 0 -1 
vn 0 0 -1 
vn 0 0 -1 
vn 0 0 -1 
vn 0 0 -1 
vn 0 0 -1 
vn 0 0 -1 
vn 0 0 -1 
vn 0 0 -1 
vn 0 0 -1 
vn 0 0 -1 
vn 0 0 -1 
vn 0 0 -1 
vn 0 0 -1 
vn 0 0 -1 
vn 0 0 -1 
vn 0 0 -1 
vn 0 0 -1 
vn 0 0 -1 
vn 0 0 -1 
vn 0 0 -1 
vn 0 0 -1 
vn 0 0 -1 
vn 0 0 -1 
vn 0 0 -1 
vn 0 0 -1 
vn 0 0 -1 
vn 0 0 -1 
vn 0 0 -1 
vn 0 0 -1 
vn 0 0 -1 
vn 0 0 -1 
vn 0 0 -1 
vn 0 0 -1 
vn 0 0 -1 
vn 0 0 -1 
vn 0 0 -1 
vn 0 0 -1 
vn 0 0 -1 
vn 0 0 -1 
vn 0 0 -1 
vn 0 0 -1 
vn 0 0 -1 
vn 0 0 -1 
vn 0 0 -1 
vn 0 0 -1 
vn 0 0 -1 
vn 0 0 -1 
vn 0 0 -1 
vn 0 0 -1 
vn 0 0 -1 
vn 0 0 -1 
vn 0 0 -1 
vn 0 0 -1 
vn 0 0 -1 
vn 0 0 -1 
vn 0 0 -1 
vn 0 0 -1 
vn 0 0 -1 
vn 0 0 -1 
vn 0 0 -1 
vn 0 0 -1 
vn 0 0 -1 
vn 0 0 -1 
vn 0 0 -1 
vn 0 0 -1 
vn 0 0 -1 
vn 0 0 -1 
vn 0 0 -1 
vn 0 0 -1 
vn 0 0 -1 
vn 0 0 -1 
vn 0 0 -1 
vn 0 0 -1 
vn 0 0 -1 
vn 0 0 -1 
vn 0 0 -1 
vn 0 0 -1 
vn 0 0 -1 
vn 0 0 -1 
vn 0 0 -1 
vn 0 0 -1 
vn 0 0 -1 
vn 0 0 -1 
vn 0 0 -1 
vn 0 0 -1 
vn 0 0 -1 
vn 0 0 -1 
vn 0 0 -1 
vn 0 0 -1 
vn 0 0 -1 
vn 0 0 -1 
vn 0 0 -1 
vn 0 0 -1 
vn 0 0 -1 
vn 0 0 -1 
vn 0 0 -1 
vn 0 0 -1 
vn 0 0 -1 
vn 0 0 -1 
vn 0 0 -1 
vn 0 0 -1 
vn 0 0 -1 
vn 0 0 -1 
vn 0 0 -1 
vn 0 0 -1 
vn 0 0 -1 
vn 0 0 -1 
vn 0 0 -1 
vn 0 0 -1 
vn 0 0 -1 
vn 0 0 -1 
vn 0 0 -1 
vn 0 0 -1 
vn 0 0 -1 
vn 0 0 -1 
vn 0 0 -1 
vn 0 0 -1 
vn 0 0 -1 
vn 0 0 -1 
vn 0 0 -1 
vn 0 0 -1 
vn 0 0 -1 
vn 0 0 -1 
vn 0 0 -1 
vn 0 0 -1 
vn 0 0 -1 
vn 0 0 -1 
vn 0 0 -1 
vn 0 0 -1 
vn 0 0 -1 
vn 0 0 -1 
vn 0 0 -1 
vn 0 0 -1 
vn 0 0 -1 
vn 0 0 -1 
vn 0 0 -1 
vn 0 0 -1 
vn 0 0 -1 
vn 0 0 -1 
vn 0 0 -1 
vn 0 0 -1 
vn 0 0 -1 
vn 0 0 -1 
vn 0 0 -1 
vn 0 0 -1 
vn 0 0 -1 
vn 0 0 -1 
vn 0 0 -1 
vn 0 0 -1 
vn 0 0 -1 
vn 0 0 -1 
vn 0 0 -1 
vn 0 0 -1 
vn 0 0 -1 
vn 0 0 -1 
vn 0 0 -1 
vn 0 0 -1 
vn 0 0 -1 
vn 0 0 -1 
vn 0 0 -1 
vn 0 0 -1 
vn 0 0 -1 
vn 0 0 -1 
vn 0 0 -1 
vn 0 0 -1 
vn 0 0 -1 
vn 0 0 -1 
vn 0 0 -1 
vn 0 0 -1 
vn 0 0 -1 
vn 0 0 -1 
vn 0 0 -1 
vn 0 0 -1 
vn 0 0 -1 
vn 0 0 -1 
vn 0 0 -1 
vn 0 0 -1 
vn 0 0 -1 
vn 0 0 -1 
vn 0 0 -1 
vn 0 0 -1 
vn 0 0 -1 
vn 0 0 -1 
vn 0 0 -1 
vn 0 0 -1 
vn 0 0 -1 
vn 0 0 -1 
vn 0 0 -1 
vn 0 0 -1 
vn 0 0 -1 
vn 0 0 -1 
vn 0 0 -1 
vn 0 0 -1 
vn 0 0 -1 
vn 0 0 -1 
vn 0 0 -1 
vn 0 0 -1 
vn 0 0 -1 
vn 0 0 -1 
vn 0 0 -1 
vn 0 0 -1 
vn 0 0 -1 
vn 0 0 -1 
vn 0 0 -1 
vn 0 0 -1 
vn 0 0 -1 
vn 0 0 -1 
vn 0 0 -1 
vn 0 0 -1 
vn 0 0 -1 
vn 0 0 -1 
vn 0 0 -1 
vn 0 0 -1 
vn 0 0 -1 
vn 0 0 -1 
vn 0 0 -1 
vn 0 0 -1 
vn 0 0 -1 
vn 0 0 -1 
vn 0 0 -1 
vn 0 0 -1 
vn 0 0 -1 
vn 0 0 -1 
vn 0 0 -1 
vn 0 0 -1 
vn 0 0 -1 
vn 0 0 -1 
vn 0 0 -1 
vn 0 0 -1 
vn 0 0 -1 
vn 0 0 -1 
vn 0 0 -1 
vn 0 0 -1 
vn 0 0 -1 
vn 0 0 -1 
vn 0 0 -1 
vn 0 0 -1 
vn 0 0 -1 
vn 0 0 -1 
vn 0 0 -1 
vn 0 0 -1 
vn 0 0 -1 
vn 0 0 -1 
vn 0 0 -1 
vn 0 0 -1 
vn 0 0 -1 
vn 0 0 -1 
vn 0 0 -1 
vn 0 0 -1 
vn 0 0 -1 
vn 0 0 -1 
vn 0 0 -1 
vn 0 0 -1 
vn 0 0 -1 
vn 0 0 -1 
vn 0 0 -1 
vn 0 0 -1 
vn 0 0 -1 
vn 0 0 -1 
vn 0 0 -1 
vn 0 0 -1 
vn 0 0 -1 
vn 0 0 -1 
vn 0 0 -1 
vn 0 0 -1 
vn 0 0 -1 
vn 0 0 -1 
vn 0 0 -1 
vn 0 0 -1 
vn 0 0 -1 
vn 0 0 -1 
vn 0 0 -1 
vn 0 0 -1 
vn 0 0 -1 
vn 0 0 -1 
vn 0 0 -1 
vn 0 0 -1 
vn 0 0 -1 
vn 0 0 -1 
vn 0 0 -1 
vn 0 0 -1 
vn 0 0 -1 
vn 0 0 -1 
vn 0 0 -1 
vn 0 0 -1 
vn 0 0 -1 
vn 0 0 -1 
vn 0 0 -1 
vn 0 0 -1 
vn 0 0 -1 
vn 0 0 -1 
vn 0 0 -1 
vn 0 0 -1 
vn 0 0 -1 
vn 0 0 -1 
vn 0 0 -1 
vn 0 0 -1 
vn 0 0 -1 
vn 0 0 -1 
vn 0 0 -1 
vn 0 0 -1 
vn 0 0 -1 
vn 0 0 -1 
vn 0 0 -1 
vn 0 0 -1 
vn 0 0 -1 
vn 0 0 -1 
vn 0 0 -1 
vn 0 0 -1 
vn 0 0 -1 
vn 0 0 -1 
vn 0 0 -1 
vn 0 0 -1 
vn 0 0 -1 
vn 0 0 -1 
vn 0 0 -1 
vn 0 0 -1 
vn 0 0 -1 
vn 0 0 -1 
vn 0 0 -1 
vn 0 0 -1 
vn 0 0 -1 
vn 0 0 -1 
vn 0 0 -1 
vn 0 0 -1 
vn 0 0 -1 
vn 0 0 -1 
vn 0 0 -1 
vn 0 0 -1 
vn 0 0 -1 
vn 0 0 -1 
vn 0 0 -1 
vn 0 0 -1 
vn 0 0 -1 
vn 0 0 -1 
vn 0 0 -1 
vn 0 0 -1 
vn 0 0 -1 
vn 0 0 -1 
vn 0 0 -1 
vn 0 0 -1 
vn 0 0 -1 
vn 0 0 -1 
vn 0 0 -1 
vn 0 0 -1 
vn 0 0 -1 
vn 0 0 -1 
vn 0 0 -1 
vn 0 0 -1 
vn 0 0 -1 
vn 0 0 -1 
vn 0 0 -1 
vn 0 0 -1 
vn 0 0 -1 
vn 0 0 -1 
vn 0 0 -1 
vn 0 0 -1 
vn 0 0 -1 
vn 0 0 -1 
vn 0 0 -1 
vn 0 0 -1 
vn 0 0 -1 
vn 0 0 -1 
vn 0 0 -1 
vn 0 0 -1 
vn 0 0 -1 
vn 0 0 -1 
vn 0 0 -1 
vn 0 0 -1 
vn 0 0 -1 
vn 0 0 -1 
vn 0 0 -1 
vn 0 0 -1 
vn 0 0 -1 
vn 0 0 -1 
vn 0 0 -1 
vn 0 0 -1 
vn 0 0 -1 
vn 0 0 -1 
vn 0 0 -1 
vn 0 0 -1 
vn 0 0 -1 
vn 0 0 -1 
vn 0 0 -1 
vn 0 0 -1 
vn 0 0 -1 
vn 0 0 -1 
vn 0 0 -1 
vn 0 0 -1 
vn 0 0 -1 
vn 0 0 -1 
vn 0 0 -1 
vn 0 0 -1 
vn 0 0 -1 
vn 0 0 -1 
vn 0 0 -1 
vn 0 0 -1 
vn 0 0 -1 
vn 0 0 -1 
vn 0 0 -1 
vn 0 0 -1 
vn 0 0 -1 
vn 0 0 -1 
vn 0 0 -1 
vn 0 0 -1 
vn 0 0 -1 
vn 0 0 -1 
vn 0 0 -1 
vn 0 0 -1 
vn 0 0 -1 
vn 0 0 -1 
vn 0 0 -1 
vn 0 0 -1 
vn 0 0 -1 
vn 0 0 -1 
vn 0 0 -1 
vn 0 0 -1 
vn 0 0 -1 
vn 0 0 -1 
vn 0 0 -1 
vn 0 0 -1 
vn 0 0 -1 
vn 0 0 -1 
vn 0 0 -1 
vn 0 0 -1 
vn 0 0 -1 
vn 0 0 -1 
vn 0 0 -1 
vn 0 0 -1 
vn 0 0 -1 
vn 0 0 -1 
vn 0 0 -1 
vn 0 0 -1 
vn 0 0 -1 
vn 0 0 -1 
vn 0 0 -1 
vn 0 0 -1 
vn 0 0 -1 
vn 0 0 -1 
vn 0 0 -1 
vn 0 0 -1 
vn 0 0 -1 
vn 0 0 -1 
vn 0 0 -1 
vn 0 0 -1 
vn 0 0 -1 
vn 0 0 -1 
vn 0 0 -1 
vn 0 0 -1 
vn 0 0 -1 
vn 0 0 -1 
vn 0 0 -1 
vn 0 0 -1 
vn 0 0 -1 
vn 0 0 -1 
vn 0 0 -1 
vn 0 0 -1 
vn 0 0 -1 
vn 0 0 -1 
vn 0 0 -1 
vn 0 0 -1 
vn 0 0 -1 
vn 0 0 -1 
vn 0 0 -1 
vn 0 0 -1 
vn 0 0 -1 
vn 0 0 -1 
vn 0 0 -1 
vn 0 0 -1 
vn 0 0 -1 
vn 0 0 -1 
vn 0 0 -1 
vn 0 0 -1 
vn 0 0 -1 
vn 0 0 -1 
vn 0 0 -1 
vn 0 0 -1 
vn 0 0 -1 
vn 0 0 -1 
vn 0 0 -1 
vn 0 0 -1 
vn 0 0 -1 
vn 0 0 -1 
vn 0 0 -1 
vn 0 0 -1 
vn 0 0 -1 
vn 0 0 -1 
vn 0 0 -1 
vn 0 0 -1 
vn 0 0 -1 
vn 0 0 -1 
vn 0 0 -1 
vn 0 0 -1 
vn 0 0 -1 
vn 0 0 -1 
vn 0 0 -1 
vn 0 0 -1 
vn 0 0 -1 
vn 0 0 -1 
vn 0 0 -1 
vn 0 0 -1 
vn 0 0 -1 
vn 0 0 -1 
vn 0 0 -1 
vn 0 0 -1 
vn 0 0 -1 
vn 0 0 -1 
vn 0 0 -1 
vn 0 0 -1 
vn 0 0 -1 
vn 0 0 -1 
vn 0 0 -1 
vn 0 0 -1 
vn 0 0 -1 
vn 0 0 -1 
vn 0 0 -1 
vn 0 0 -1 
vn 0 0 -1 
vn 0 0 -1 
vn 0 0 -1 
vn 0 0 -1 
vn 0 0 -1 
vn 0 0 -1 
vn 0 0 -1 
vn 0 0 -1 
vn 0 0 -1 
vn 0 0 -1 
vn 0 0 -1 
vn 0 0 -1 
vn 0 0 -1 
vn 0 0 -1 
vn 0 0 -1 
vn 0 0 -1 
vn 0 0 -1 
vn 0 0 -1 
vn 0 0 -1 
vn 0 0 -1 
vn 0 0 -1 
vn 0 0 -1 
vn 0 0 -1 
vn 0 0 -1 
vn 0 0 -1 
vn 0 0 -1 
vn 0 0 -1 
vn 0 0 -1 
vn 0 0 -1 
vn 0 0 -1 
vn 0 0 -1 
vn 0 0 -1 
vn 0 0 -1 
vn 0 0 -1 
vn 0 0 -1 
vn 0 0 -1 
vn 0 0 -1 
vn 0 0 -1 
vn 0 0 -1 
vn 0 0 -1 
vn 0 0 -1 
vn 0 0 -1 
vn 0 0 -1 
vn 0 0 -1 
vn 0 0 -1 
vn 0 0 -1 
vn 0 0 -1 
vn 0 0 -1 
vn 0 0 -1 
vn 0 0 -1 
vn 0 0 -1 
vn 0 0 -1 
vn 0 0 -1 
vn 0 0 -1 
vn 0 0 -1 
vn 0 0 -1 
vn 0 0 -1 
vn 0 0 -1 
vn 0 0 -1 
vn 0 0 -1 
vn 0 0 -1 
vn 0 0 -1 
vn 0 0 -1 
vn 0 0 -1 
vn 0 0 -1 
vn 0 0 -1 
vn 0 0 -1 
vn 0 0 -1 
vn 0 0 -1 
vn 0 0 -1 
vn 0 0 -1 
vn 0 0 -1 
vn 0 0 -1 
vn 0 0 -1 
vn 0 0 -1 
vn 0 0 -1 
vn 0 0 -1 
vn 0 0 -1 
vn 0 0 -1 
vn 0 0 -1 
vn 0 0 -1 
vn 0 0 -1 
vn 0 0 -1 
vn 0 0 -1 
vn 0 0 -1 
vn 0 0 -1 
vn 0 0 -1 
vn 0 0 -1 
vn 0 0 -1 
vn 0 0 -1 
vn 0 0 -1 
vn 0 0 -1 
vn 0 0 -1 
vn 0 0 -1 
vn 0 0 -1 
vn 0 0 -1 
vn 0 0 -1 
vn 0 0 -1 
vn 0 0 -1 
vn 0 0 -1 
vn 0 0 -1 
vn 0 0 -1 
vn 0 0 -1 
vn 0 0 -1 
vn 0 0 -1 
vn 0 0 -1 
vn 0 0 -1 
vn 0 0 -1 
vn 0 0 -1 
vn 0 0 -1 
vn 0 0 -1 
vn 0 0 -1 
vn 0 0 -1 
vn 0 0 -1 
vn 0 0 -1 
vn 0 0 -1 
vn 0 0 -1 
vn 0 0 -1 
vn 0 0 -1 
vn 0 0 -1 
vn 0 0 -1 
vn 0 0 -1 
vn 0 0 -1 
vn 0 0 -1 
vn 0 0 -1 
vn 0 0 -1 
vn 0 0 -1 
vn 0 0 -1 
vn 0 0 -1 
vn 0 0 -1 
vn 0 0 -1 
vn 0 0 -1 
vn 0 0 -1 
vn 0 0 -1 
vn 0 0 -1 
vn 0 0 -1 
vn 0 0 -1 
vn 0 0 -1 
vn 0 0 -1 
vn 0 0 -1 
vn 0 0 -1 
vn 0 0 -1 
vn 0 0 -1 
vn 0 0 -1 
vn 0 0 -1 
vn 0 0 -1 
vn 0 0 -1 
vn 0 0 -1 
vn 0 0 -1 
vn 0 0 -1 
vn 0 0 -1 
vn 0 0 -1 
vn 0 0 -1 
vn 0 0 -1 
vn 0 0 -1 
vn 0 0 -1 
vn 0 0 -1 
vn 0 0 -1 
vn 0 0 -1 
vn 0 0 -1 
vn 0 0 -1 
vn 0 0 -1 
vn 0 0 -1 
vn 0 0 -1 
vn 0 0 -1 
vn 0 0 -1 
vn 0 0 -1 
vn 0 0 -1 
vn 0 0 -1 
vn 0 0 -1 
vn 0 0 -1 
vn 0 0 -1 
vn 0 0 -1 
vn 0 0 -1 
vn 0 0 -1 
vn 0 0 -1 
vn 0 0 -1 
vn 0 0 -1 
vn 0 0 -1 
vn 0 0 -1 
vn 0 0 -1 
vn 0 0 -1 
vn 0 0 -1 
vn 0 0 -1 
vn 0 0 -1 
vn 0 0 -1 
vn 0 0 -1 
vn 0 0 -1 
vn 0 0 -1 
vn 0 0 -1 
vn 0 0 -1 
vn 0 0 -1 
vn 0 0 -1 
vn 0 0 -1 
vn 0 0 -1 
vn 0 0 -1 
vn 0 0 -1 
vn 0 0 -1 
vn 0 0 -1 
vn 0 0 -1 
vn 0 0 -1 
vn 0 0 -1 
vn 0 0 -1 
vn 0 0 -1 
vn 0 0 -1 
vn 0 0 -1 
vn 0 0 -1 
vn 0 0 -1 
vn 0 0 -1 
vn 0 0 -1 
vn 0 0 -1 
vn 0 0 -1 
vn 0 0 -1 
vn 0 0 -1 
vn 0 0 -1 
vn 0 0 -1 
vn 0 0 -1 
vn 0 0 -1 
vn 0 0 -1 
vn 0 0 -1 
vn 0 0 -1 
vn 0 0 -1 
vn 0 0 -1 
vn 0 0 -1 
vn 0 0 -1 
vn 0 0 -1 
vn 0 0 -1 
vn 0 0 -1 
vn 0 0 -1 
vn 0 0 -1 
vn 0 0 -1 
vn 0 0 -1 
vn 0 0 -1 
vn 0 0 -1 
vn 0 0 -1 
vn 0 0 -1 
vn 0 0 -1 
vn 0 0 -1 
vn 0 0 -1 
vn 0 0 -1 
vn 0 0 -1 
vn 0 0 -1 
vn 0 0 -1 
vn 0 0 -1 
vn 0 0 -1 
vn 0 0 -1 
vn 0 0 -1 
vn 0 0 -1 
vn 0 0 -1 
vn 0 0 -1 
vn 0 0 -1 
vn 0 0 -1 
vn 0 0 -1 
vn 0 0 -1 
vn 0 0 -1 
vn 0 0 -1 
vn 0 0 -1 
vn 0 0 -1 
vn 0 0 -1 
vn 0 0 -1 
vn 0 0 -1 
vn 0 0 -1 
vn 0 0 -1 
vn 0 0 -1 
vn 0 0 -1 
vn 0 0 -1 
vn 0 0 -1 
vn 0 0 -1 
vn 0 0 -1 
vn 0 0 -1 
vn 0 0 -1 
vn 0 0 -1 
vn 0 0 -1 
vn 0 0 -1 
vn 0 0 -1 
vn 0 0 -1 
vn 0 0 -1 
vn 0 0 -1 
vn 0 0 -1 
vn 0 0 -1 
vn 0 0 -1 
vn 0 0 -1 
vn 0 0 -1 
vn 0 0 -1 
vn 0 0 -1 
vn 0 0 -1 
vn 0 0 -1 
vn 0 0 -1 
vn 0 0 -1 
vn 0 0 -1 
vn 0 0 -1 
vn 0 0 -1 
vn 0 0 -1 
vn 0 0 -1 
vn 0 0 -1 
vn 0 0 -1 
vn 0 0 -1 
vn 0 0 -1 
vn 0 0 -1 
vn 0 0 -1 
vn 0 0 -1 
vn 0 0 -1 
vn 0 0 -1 
vn 0 0 -1 
vn 0 0 -1 
vn 0 0 -1 
vn 0 0 -1 
vn 0 0 -1 
vn 0 0 -1 
vn 0 0 -1 
vn 0 0 -1 
vn 0 0 -1 
vn 0 0 -1 
vn 0 0 -1 
vn 0 0 -1 
vn 0 0 -1 
vn 0 0 -1 
vn 0 0 -1 
vn 0 0 -1 
vn 0 0 -1 
vn 0 0 -1 
vn 0 0 -1 
vn 0 0 -1 
vn 0 0 -1 
vn 0 0 -1 
vn 0 0 -1 
vn 0 0 -1 
vn 0 0 -1 
vn 0 0 -1 
vn 0 0 -1 
vn 0 0 -1 
vn 0 0 -1 
vn 0 0 -1 
vn 0 0 -1 
vn 0 0 -1 
vn 0 0 -1 
vn 0 0 -1 
vn 0 0 -1 
vn 0 0 -1 
vn 0 0 -1 
vn 0 0 -1 
vn 0 0 -1 
vn 0 0 -1 
vn 0 0 -1 
vn 0 0 -1 
vn 0 0 -1 
vn 0 0 -1 
vn 0 0 -1 
vn 0 0 -1 
vn 0 0 -1 
vn 0 0 -1 
vn 0 0 -1 
vn 0 0 -1 
vn 0 0 -1 
vn 0 0 -1 
vn 0 0 -1 
vn 0 0 -1 
vn 0 0 -1 
vn 0 0 -1 
vn 0 0 -1 
vn 0 0 -1 
vn 0 0 -1 
vn 0 0 -1 
vn 0 0 -1 
vn 0 0 -1 
vn 0 0 -1 
vn 0 0 -1 
vn 0 0 -1 
vn 0 0 -1 
vn 0 0 -1 
vn 0 0 -1 
vn 0 0 -1 
vn 0 0 -1 
vn 0 0 -1 
vn 0 0 -1 
vn 0 0 -1 
vn 0 0 -1 
vn 0 0 -1 
vn 0 0 -1 
vn 0 0 -1 
vn 0 0 -1 
vn 0 0 -1 
vn 0 0 -1 
vn 0 0 -1 
vn 0 0 -1 
vn 0 0 -1 
vn 0 0 -1 
vn 0 0 -1 
vn 0 0 -1 
vn 0 0 -1 
vn 0 0 -1 
vn 0 0 -1 
vn 0 0 -1 
vn 0 0 -1 
vn 0 0 -1 
vn 0 0 -1 
vn 0 0 -1 
vn 0 0 -1 
vn 0 0 -1 
vn 0 0 -1 
vn 0 0 -1 
vn 0 0 -1 
vn 0 0 -1 
vn 0 0 -1 
vn 0 0 -1 
vn 0 0 -1 
vn 0 0 -1 
vn 0 0 -1 
vn 0 0 -1 
vn 0 0 -1 
vn 0 0 -1 
vn 0 0 -1 
vn 0 0 -1 
vn 0 0 -1 
vn 0 0 -1 
vn 0 0 -1 
vn 0 0 -1 
vn 0 0 -1 
vn 0 0 -1 
vn 0 0 -1 
vn 0 0 -1 
vn 0 0 -1 
vn 0 0 -1 
vn 0 0 -1 
vn 0 0 -1 
vn 0 0 -1 
vn 0 0 -1 
vn 0 0 -1 
vn 0 0 -1 
vn 0 0 -1 
vn 0 0 -1 
vn 0 0 -1 
vn 0 0 -1 
vn 0 0 -1 
vn 0 0 -1 
vn 0 0 -1 
vn 0 0 -1 
vn 0 0 -1 
vn 0 0 -1 
vn 0 0 -1 
vn 0 0 -1 
vn 0 0 -1 
vn 0 0 -1 
vn 0 0 -1 
vn 0 0 -1 
vn 0 0 -1 
vn 0 0 -1 
vn 0 0 -1 
vn 0 0 -1 
vn 0 0 -1 
vn 0 0 -1 
vn 0 0 -1 
vn 0 0 -1 
vn 0 0 -1 
vn 0 0 -1 
vn 0 0 -1 
vn 0 0 -1 
vn 0 0 -1 
vn 0 0 -1 
vn 0 0 -1 
vn 0 0 -1 
vn 0 0 -1 
vn 0 0 -1 
vn 0 0 -1 
vn 0 0 -1 
vn 0 0 -1 
vn 0 0 -1 
vn 0 0 -1 
vn 0 0 -1 
vn 0 0 -1 
vn 0 0 -1 
vn 0 0 -1 
vn 0 0 -1 
vn 0 0 -1 
vn 0 0 -1 
vn 0 0 -1 
vn 0 0 -1 
vn 0 0 -1 
vn 0 0 -1 
vn 0 0 -1 
vn 0 0 -1 
vn 0 0 -1 
vn 0 0 -1 
vn 0 0 -1 
vn 0 0 -1 
vn 0 0 -1 
vn 0 0 -1 
vn 0 0 -1 
vn 0 0 -1 
vn 0 0 -1 
vn 0 0 -1 
vn 0 0 -1 
vn 0 0 -1 
vn 0 0 -1 
vn 0 0 -1 
vn 0 0 -1 
vn 0 0 -1 
vn 0 0 -1 
vn 0 0 -1 
vn 0 0 -1 
vn 0 0 -1 
vn 0 0 -1 
vn 0 0 -1 
vn 0 0 -1 
vn 0 0 -1 
vn 0 0 -1 
vn 0 0 -1 
vn 0 0 -1 
vn 0 0 -1 
vn 0 0 -1 
vn 0 0 -1 
vn 0 0 -1 
f 37//37 38//38 39//39 
f 38//38 40//40 41//41 
f 40//40 42//42 43//43 
f 44//44 45//45 46//46 
f 44//44 47//47 45//45 
f 44//44 48//48 49//49 
f 44//44 50//50 47//47 
f 48//48 51//51 49//49 
f 52//52 53//53 54//54 
f 49//49 50//50 44//44 
f 48//48 55//55 56//56 
f 52//52 57//57 53//53 
f 52//52 46//46 58//58 
f 48//48 59//59 51//51 
f 56//56 60//60 48//48 
f 58//58 57//57 52//52 
f 60//60 59//59 48//48 
f 55//55 61//61 62//62 
f 55//55 54//54 63//63 
f 46//46 52//52 44//44 
f 63//63 61//61 55//55 
f 62//62 56//56 55//55 
f 64//64 65//65 66//66 
f 64//64 67//67 65//65 
f 64//64 68//68 67//67 
f 64//64 69//69 70//70 
f 70//70 68//68 64//64 
f 69//69 71//71 72//72 
f 48//48 73//73 74//74 
f 44//44 75//75 76//76 
f 72//72 70//70 69//69 
f 69//69 74//74 77//77 
f 48//48 78//78 73//73 
f 48//48 76//76 79//79 
f 44//44 80//80 75//75 
f 44//44 66//66 81//81 
f 77//77 71//71 69//69 
f 79//79 78//78 48//48 
f 81//81 80//80 44//44 
f 74//74 69//69 48//48 
f 66//66 44//44 64//64 
f 82//82 83//83 84//84 
f 82//82 85//85 86//86 
f 82//82 87//87 83//83 
f 85//85 88//88 86//86 
f 64//64 89//89 90//90 
f 64//64 82//82 91//91 
f 86//86 87//87 82//82 
f 64//64 92//92 89//89 
f 91//91 93//93 64//64 
f 85//85 94//94 88//88 
f 85//85 95//95 96//96 
f 69//69 97//97 95//95 
f 93//93 92//92 64//64 
f 96//96 94//94 85//85 
f 69//69 98//98 97//97 
f 69//69 90//90 99//99 
f 84//84 91//91 82//82 
f 99//99 98//98 69//69 
f 95//95 85//85 69//69 
f 100//100 101//101 102//102 
f 103//103 39//39 104//104 
f 39//39 41//41 105//105 
f 41//41 43//43 106//106 
f 55//55 48//48 107//107 
f 48//48 69//69 108//108 
f 69//69 85//85 109//109 
f 85//85 110//110 111//111 
f 110//110 112//112 113//113 
f 112//112 102//102 114//114 
f 115//115 104//104 116//116 
f 104//104 105//105 117//117 
f 106//106 118//118 119//119 
f 118//118 120//120 121//121 
f 120//120 107//107 122//122 
f 107//107 108//108 123//123 
f 108//108 109//109 124//124 
f 109//109 111//111 125//125 
f 111//111 113//113 126//126 
f 113//113 114//114 127//127 
f 114//114 128//128 129//129 
f 130//130 131//131 132//132 
f 131//131 116//116 133//133 
f 116//116 117//117 134//134 
f 135//135 119//119 136//136 
f 137//137 138//138 139//139 
f 137//137 140//140 141//141 
f 136//136 142//142 143//143 
f 119//119 144//144 145//145 
f 119//119 121//121 146//146 
f 139//139 121//121 137//137 
f 137//137 143//143 140//140 
f 136//136 147//147 142//142 
f 146//146 144//144 119//119 
f 121//121 148//148 149//149 
f 139//139 150//150 121//121 
f 143//143 137//137 136//136 
f 136//136 119//119 151//151 
f 149//149 146//146 121//121 
f 141//141 138//138 137//137 
f 151//151 152//152 136//136 
f 145//145 153//153 119//119 
f 152//152 147//147 136//136 
f 150//150 148//148 121//121 
f 121//121 122//122 154//154 
f 122//122 123//123 155//155 
f 123//123 124//124 156//156 
f 157//157 158//158 159//159 
f 157//157 160//160 161//161 
f 157//157 156//156 162//162 
f 124//124 163//163 164//164 
f 125//125 165//165 166//166 
f 159//159 125//125 157//157 
f 162//162 160//160 157//157 
f 156//156 167//167 168//168 
f 124//124 166//166 163//163 
f 125//125 169//169 165//165 
f 159//159 170//170 125//125 
f 168//168 162//162 156//156 
f 156//156 124//124 171//171 
f 166//166 124//124 125//125 
f 161//161 158//158 157//157 
f 171//171 172//172 156//156 
f 164//164 173//173 124//124 
f 172//172 167//167 156//156 
f 170//170 169//169 125//125 
f 125//125 126//126 174//174 
f 126//126 127//127 175//175 
f 127//127 129//129 176//176 
f 133//133 134//134 177//177 
f 134//134 178//178 179//179 
f 178//178 136//136 180//180 
f 136//136 137//137 181//181 
f 137//137 154//154 182//182 
f 154//154 155//155 183//183 
f 155//155 156//156 184//184 
f 156//156 157//157 185//185 
f 157//157 174//174 186//186 
f 174//174 175//175 187//187 
f 175//175 176//176 188//188 
f 189//189 190//190 191//191 
f 192//192 177//177 193//193 
f 177//177 179//179 194//194 
f 186//186 187//187 195//195 
f 196//196 191//191 197//197 
f 191//191 198//198 199//199 
f 198//198 193//193 200//200 
f 193//193 194//194 201//201 
f 202//202 197//197 203//203 
f 204//204 205//205 206//206 
f 204//204 203//203 207//207 
f 207//207 205//205 204//204 
f 204//204 208//208 209//209 
f 203//203 210//210 207//207 
f 203//203 211//211 212//212 
f 197//197 213//213 214//214 
f 199//199 215//215 216//216 
f 199//199 217//217 218//218 
f 209//209 199//199 204//204 
f 212//212 210//210 203//203 
f 197//197 216//216 213//213 
f 218//218 215//215 199//199 
f 206//206 208//208 204//204 
f 203//203 197//197 219//219 
f 216//216 197//197 199//199 
f 219//219 211//211 203//203 
f 209//209 217//217 199//199 
f 214//214 220//220 197//197 
f 199//199 200//200 221//221 
f 200//200 201//201 222//222 
f 201//201 223//223 224//224 
f 225//225 226//226 227//227 
f 222//222 228//228 226//226 
f 224//224 229//229 201//201 
f 223//223 230//230 231//231 
f 226//226 225//225 222//222 
f 222//222 201//201 232//232 
f 231//231 224//224 223//223 
f 223//223 233//233 234//234 
f 225//225 235//235 233//233 
f 222//222 236//236 228//228 
f 232//232 237//237 222//222 
f 201//201 238//238 239//239 
f 234//234 230//230 223//223 
f 225//225 240//240 235//235 
f 237//237 236//236 222//222 
f 229//229 238//238 201//201 
f 227//227 240//240 225//225 
f 233//233 223//223 225//225 
f 241//241 242//242 243//243 
f 244//244 245//245 246//246 
f 244//244 247//247 248//248 
f 249//249 250//250 251//251 
f 241//241 246//246 242//242 
f 248//248 245//245 244//244 
f 249//249 252//252 253//253 
f 249//249 254//254 255//255 
f 250//250 256//256 251//251 
f 246//246 241//241 244//244 
f 253//253 244//244 249//249 
f 251//251 254//254 249//249 
f 250//250 257//257 258//258 
f 253//253 247//247 244//244 
f 258//258 256//256 250//250 
f 255//255 252//252 249//249 
f 250//250 241//241 259//259 
f 259//259 257//257 250//250 
f 243//243 260//260 241//241 
f 261//261 262//262 263//263 
f 261//261 264//264 262//262 
f 265//265 266//266 264//264 
f 244//244 261//261 267//267 
f 264//264 261//261 265//265 
f 267//267 268//268 244//244 
f 265//265 269//269 266//266 
f 265//265 249//249 270//270 
f 249//249 244//244 271//271 
f 268//268 272//272 244//244 
f 265//265 273//273 269//269 
f 249//249 274//274 270//270 
f 271//271 275//275 249//249 
f 261//261 276//276 267//267 
f 270//270 273//273 265//265 
f 275//275 277//277 249//249 
f 272//272 278//278 244//244 
f 277//277 274//274 249//249 
f 263//263 276//276 261//261 
f 261//261 279//279 280//280 
f 261//261 281//281 282//282 
f 281//281 283//283 284//284 
f 265//265 285//285 286//286 
f 282//282 279//279 261//261 
f 284//284 287//287 281//281 
f 288//288 289//289 290//290 
f 288//288 291//291 292//292 
f 286//286 288//288 265//265 
f 287//287 282//282 281//281 
f 290//290 281//281 288//288 
f 286//286 291//291 288//288 
f 265//265 293//293 294//294 
f 290//290 283//283 281//281 
f 294//294 285//285 265//265 
f 292//292 289//289 288//288 
f 265//265 261//261 295//295 
f 295//295 293//293 265//265 
f 280//280 296//296 261//261 
f 297//297 203//203 298//298 
f 204//204 299//299 300//300 
f 301//301 302//302 303//303 
f 301//301 298//298 304//304 
f 298//298 305//305 306//306 
f 203//203 307//307 308//308 
f 204//204 309//309 299//299 
f 301//301 310//310 311//311 
f 304//304 302//302 301//301 
f 298//298 312//312 305//305 
f 203//203 300//300 307//307 
f 204//204 313//313 309//309 
f 311//311 204//204 301//301 
f 306//306 304//304 298//298 
f 300//300 203//203 204//204 
f 303//303 310//310 301//301 
f 298//298 203//203 314//314 
f 308//308 315//315 203//203 
f 314//314 312//312 298//298 
f 311//311 313//313 204//204 
f 204//204 221//221 316//316 
f 221//221 222//222 317//317 
f 222//222 225//225 318//318 
f 319//319 320//320 321//321 
f 222//222 322//322 323//323 
f 318//318 324//324 222//222 
f 319//319 325//325 320//320 
f 319//319 326//326 327//327 
f 317//317 328//328 326//326 
f 324//324 322//322 222//222 
f 225//225 329//329 330//330 
f 327//327 325//325 319//319 
f 317//317 331//331 328//328 
f 317//317 222//222 332//332 
f 330//330 318//318 225//225 
f 225//225 321//321 333//333 
f 326//326 319//319 317//317 
f 332//332 334//334 317//317 
f 333//333 329//329 225//225 
f 334//334 331//331 317//317 
f 321//321 225//225 319//319 
f 249//249 335//335 336//336 
f 249//249 337//337 335//335 
f 249//249 338//338 337//337 
f 249//249 339//339 338//338 
f 340//340 341//341 339//339 
f 339//339 249//249 340//340 
f 340//340 342//342 343//343 
f 343//343 341//341 340//340 
f 340//340 344//344 345//345 
f 345//345 342//342 340//340 
f 250//250 346//346 347//347 
f 344//344 348//348 345//345 
f 344//344 349//349 350//350 
f 347//347 351//351 250//250 
f 350//350 348//348 344//344 
f 344//344 250//250 352//352 
f 250//250 336//336 346//346 
f 352//352 349//349 344//344 
f 336//336 250//250 249//249 
f 353//353 354//354 355//355 
f 265//265 356//356 357//357 
f 355//355 265//265 353//353 
f 355//355 356//356 265//265 
f 353//353 358//358 359//359 
f 353//353 340//340 360//360 
f 249//249 361//361 362//362 
f 265//265 363//363 364//364 
f 359//359 354//354 353//353 
f 340//340 365//365 360//360 
f 340//340 366//366 367//367 
f 340//340 249//249 368//368 
f 362//362 369//369 249//249 
f 364//364 249//249 265//265 
f 360//360 358//358 353//353 
f 368//368 366//366 340//340 
f 364//364 361//361 249//249 
f 367//367 365//365 340//340 
f 357//357 363//363 265//265 
f 288//288 370//370 371//371 
f 288//288 372//372 370//370 
f 288//288 373//373 372//372 
f 374//374 375//375 373//373 
f 373//373 288//288 374//374 
f 374//374 376//376 377//377 
f 377//377 375//375 374//374 
f 374//374 378//378 376//376 
f 353//353 379//379 378//378 
f 265//265 380//380 381//381 
f 378//378 374//374 353//353 
f 353//353 382//382 383//383 
f 381//381 384//384 265//265 
f 265//265 288//288 385//385 
f 383//383 379//379 353//353 
f 353//353 265//265 386//386 
f 385//385 380//380 265//265 
f 386//386 382//382 353//353 
f 371//371 385//385 288//288 
f 387//387 388//388 389//389 
f 298//298 390//390 391//391 
f 387//387 392//392 393//393 
f 389//389 394//394 387//387 
f 388//388 395//395 396//396 
f 391//391 397//397 298//298 
f 301//301 398//398 390//390 
f 301//301 399//399 400//400 
f 393//393 301//301 387//387 
f 394//394 401//401 387//387 
f 388//388 402//402 395//395 
f 388//388 298//298 403//403 
f 397//397 404//404 298//298 
f 400//400 398//398 301//301 
f 401//401 392//392 387//387 
f 403//403 402//402 388//388 
f 390//390 298//298 301//301 
f 396//396 389//389 388//388 
f 393//393 399//399 301//301 
f 301//301 316//316 405//405 
f 316//316 317//317 406//406 
f 317//317 319//319 407//407 
f 319//319 408//408 409//409 
f 319//319 410//410 411//411 
f 407//407 412//412 317//317 
f 411//411 408//408 319//319 
f 413//413 414//414 410//410 
f 406//406 415//415 416//416 
f 409//409 407//407 319//319 
f 413//413 417//417 414//414 
f 413//413 416//416 418//418 
f 406//406 419//419 415//415 
f 410//410 319//319 413//413 
f 416//416 413//413 406//406 
f 406//406 317//317 420//420 
f 418//418 417//417 413//413 
f 420//420 421//421 406//406 
f 317//317 422//422 423//423 
f 421//421 419//419 406//406 
f 412//412 422//422 317//317 
f 319//319 344//344 424//424 
f 319//319 425//425 426//426 
f 424//424 427//427 319//319 
f 344//344 428//428 429//429 
f 344//344 430//430 431//431 
f 427//427 425//425 319//319 
f 431//431 428//428 344//344 
f 432//432 433//433 430//430 
f 413//413 434//434 435//435 
f 429//429 424//424 344//344 
f 432//432 436//436 433//433 
f 432//432 435//435 437//437 
f 413//413 438//438 434//434 
f 430//430 344//344 432//432 
f 435//435 432//432 413//413 
f 413//413 319//319 439//439 
f 437//437 436//436 432//432 
f 439//439 440//440 413//413 
f 440//440 438//438 413//413 
f 441//441 442//442 443//443 
f 443//443 340//340 441//441 
f 441//441 432//432 444//444 
f 340//340 445//445 446//446 
f 340//340 447//447 448//448 
f 441//441 449//449 442//442 
f 444//444 450//450 441//441 
f 344//344 451//451 452//452 
f 344//344 446//446 453//453 
f 448//448 445//445 340//340 
f 450//450 449//449 441//441 
f 432//432 344//344 454//454 
f 453//453 451//451 344//344 
f 443//443 447//447 340//340 
f 432//432 455//455 456//456 
f 454//454 457//457 432//432 
f 446//446 344//344 340//340 
f 457//457 455//455 432//432 
f 456//456 444//444 432//432 
f 353//353 458//458 459//459 
f 353//353 460//460 458//458 
f 353//353 461//461 460//460 
f 462//462 463//463 464//464 
f 353//353 464//464 461//461 
f 462//462 465//465 463//463 
f 462//462 441//441 466//466 
f 441//441 340//340 467//467 
f 464//464 353//353 462//462 
f 466//466 468//468 462//462 
f 441//441 469//469 470//470 
f 467//467 471//471 441//441 
f 340//340 472//472 473//473 
f 340//340 459//459 474//474 
f 468//468 465//465 462//462 
f 471//471 469//469 441//441 
f 474//474 472//472 340//340 
f 470//470 466//466 441//441 
f 459//459 340//340 353//353 
f 475//475 476//476 477//477 
f 477//477 374//374 475//475 
f 353//353 374//374 478//478 
f 374//374 479//479 480//480 
f 475//475 481//481 476//476 
f 475//475 482//482 483//483 
f 353//353 484//484 485//485 
f 478//478 486//486 353//353 
f 480//480 487//487 374//374 
f 483//483 481//481 475//475 
f 462//462 488//488 482//482 
f 462//462 353//353 489//489 
f 486//486 484//484 353//353 
f 477//477 479//479 374//374 
f 462//462 490//490 488//488 
f 489//489 491//491 462//462 
f 487//487 478//478 374//374 
f 491//491 490//490 462//462 
f 482//482 475//475 462//462 
f 492//492 493//493 494//494 
f 387//387 405//405 495//495 
f 405//405 406//406 496//496 
f 413//413 497//497 498//498 
f 497//497 499//499 500//500 
f 496//496 501//501 502//502 
f 496//496 406//406 503//503 
f 406//406 413//413 504//504 
f 413//413 505//505 506//506 
f 498//498 507//507 413//413 
f 497//497 508//508 499//499 
f 502//502 497//497 496//496 
f 503//503 509//509 496//496 
f 504//504 510//510 406//406 
f 507//507 505//505 413//413 
f 502//502 508//508 497//497 
f 509//509 511//511 496//496 
f 506//506 504//504 413//413 
f 511//511 501//501 496//496 
f 406//406 512//512 513//513 
f 500//500 498//498 497//497 
f 510//510 512//512 406//406 
f 514//514 515//515 516//516 
f 413//413 432//432 517//517 
f 514//514 518//518 515//515 
f 497//497 519//519 520//520 
f 497//497 413//413 521//521 
f 413//413 522//522 523//523 
f 517//517 524//524 413//413 
f 432//432 525//525 526//526 
f 432//432 516//516 527//527 
f 514//514 528//528 518//518 
f 520//520 514//514 497//497 
f 521//521 529//529 497//497 
f 524//524 522//522 413//413 
f 527//527 525//525 432//432 
f 520//520 528//528 514//514 
f 529//529 530//530 497//497 
f 526//526 517//517 432//432 
f 530//530 519//519 497//497 
f 516//516 432//432 514//514 
f 441//441 531//531 532//532 
f 533//533 514//514 534//534 
f 441//441 535//535 531//531 
f 533//533 536//536 537//537 
f 533//533 538//538 539//539 
f 514//514 540//540 534//534 
f 441//441 541//541 535//535 
f 537//537 441//441 533//533 
f 534//534 538//538 533//533 
f 514//514 542//542 543//543 
f 537//537 541//541 441//441 
f 543//543 540//540 514//514 
f 432//432 544//544 545//545 
f 432//432 532//532 546//546 
f 539//539 536//536 533//533 
f 514//514 432//432 547//547 
f 546//546 544//544 432//432 
f 547//547 542//542 514//514 
f 532//532 432//432 441//441 
f 462//462 548//548 549//549 
f 462//462 550//550 548//548 
f 462//462 551//551 550//550 
f 552//552 553//553 551//551 
f 551//551 462//462 552//552 
f 552//552 554//554 555//555 
f 552//552 533//533 556//556 
f 441//441 462//462 557//557 
f 555//555 553//553 552//552 
f 533//533 558//558 556//556 
f 533//533 559//559 560//560 
f 533//533 441//441 561//561 
f 441//441 562//562 563//563 
f 557//557 564//564 441//441 
f 556//556 554//554 552//552 
f 561//561 559//559 533//533 
f 564//564 562//562 441//441 
f 560//560 558//558 533//533 
f 549//549 557//557 462//462 
f 552//552 565//565 566//566 
f 475//475 567//567 568//568 
f 569//569 570//570 571//571 
f 569//569 572//572 573//573 
f 566//566 569//569 552//552 
f 475//475 574//574 567//567 
f 571//571 475//475 569//569 
f 566//566 572//572 569//569 
f 552//552 575//575 576//576 
f 462//462 475//475 577//577 
f 571//571 574//574 475//475 
f 576//576 565//565 552//552 
f 462//462 578//578 579//579 
f 577//577 580//580 462//462 
f 573//573 570//570 569//569 
f 552//552 462//462 581//581 
f 580//580 578//578 462//462 
f 581//581 575//575 552//552 
f 568//568 577//577 475//475 
f 582//582 494//494 583//583 
f 584//584 585//585 586//586 
f 584//584 587//587 585//585 
f 588//588 589//589 590//590 
f 588//588 497//497 591//591 
f 497//497 514//514 592//592 
f 514//514 586//586 593//593 
f 584//584 594//594 587//587 
f 590//590 584//584 588//588 
f 591//591 595//595 588//588 
f 514//514 596//596 592//592 
f 593//593 597//597 514//514 
f 590//590 594//594 584//584 
f 595//595 598//598 588//588 
f 497//497 599//599 600//600 
f 597//597 596//596 514//514 
f 598//598 589//589 588//588 
f 600//600 601//601 497//497 
f 586//586 514//514 584//584 
f 592//592 599//599 497//497 
f 602//602 603//603 604//604 
f 533//533 605//605 606//606 
f 604//604 533//533 602//602 
f 604//604 605//605 533//533 
f 602//602 607//607 608//608 
f 602//602 584//584 609//609 
f 514//514 610//610 611//611 
f 533//533 612//612 613//613 
f 608//608 603//603 602//602 
f 584//584 614//614 609//609 
f 584//584 615//615 616//616 
f 584//584 514//514 617//617 
f 514//514 618//618 610//610 
f 613//613 514//514 533//533 
f 609//609 607//607 602//602 
f 617//617 615//615 584//584 
f 613//613 618//618 514//514 
f 616//616 614//614 584//584 
f 606//606 612//612 533//533 
f 552//552 619//619 620//620 
f 621//621 622//622 623//623 
f 621//621 624//624 625//625 
f 552//552 626//626 627//627 
f 552//552 623//623 619//619 
f 625//625 622//622 621//621 
f 627//627 533//533 552//552 
f 623//623 552//552 621//621 
f 621//621 602//602 628//628 
f 620//620 626//626 552//552 
f 602//602 629//629 628//628 
f 602//602 630//630 631//631 
f 533//533 632//632 633//633 
f 533//533 634//634 635//635 
f 628//628 624//624 621//621 
f 602//602 633//633 630//630 
f 635//635 632//632 533//533 
f 631//631 629//629 602//602 
f 627//627 634//634 533//533 
f 636//636 637//637 638//638 
f 569//569 639//639 640//640 
f 638//638 569//569 636//636 
f 638//638 639//639 569//569 
f 636//636 641//641 642//642 
f 621//621 643//643 644//644 
f 552//552 645//645 646//646 
f 552//552 569//569 647//647 
f 642//642 637//637 636//636 
f 644//644 636//636 621//621 
f 621//621 648//648 649//649 
f 621//621 552//552 650//650 
f 552//552 651//651 645//645 
f 569//569 652//652 647//647 
f 644//644 641//641 636//636 
f 650//650 648//648 621//621 
f 647//647 651//651 552//552 
f 649//649 643//643 621//621 
f 640//640 652//652 569//569 
f 653//653 583//583 654//654 
f 655//655 656//656 657//657 
f 602//602 657//657 658//658 
f 655//655 659//659 656//656 
f 660//660 584//584 661//661 
f 657//657 602//602 655//655 
f 655//655 662//662 663//663 
f 655//655 660//660 664//664 
f 584//584 665//665 661//661 
f 602//602 666//666 667//667 
f 663//663 659//659 655//655 
f 660//660 668//668 664//664 
f 660//660 669//669 670//670 
f 584//584 671//671 665//665 
f 667//667 584//584 602//602 
f 664//664 662//662 655//655 
f 660//660 672//672 669//669 
f 667//667 671//671 584//584 
f 670//670 668//668 660//660 
f 658//658 666//666 602//602 
f 621//621 673//673 674//674 
f 675//675 676//676 673//673 
f 675//675 677//677 678//678 
f 621//621 679//679 680//680 
f 673//673 621//621 675//675 
f 678//678 681//681 675//675 
f 680//680 602//602 621//621 
f 681//681 676//676 675//675 
f 655//655 682//682 683//683 
f 674//674 679//679 621//621 
f 683//683 675//675 655//655 
f 655//655 684//684 685//685 
f 655//655 602//602 686//686 
f 602//602 687//687 688//688 
f 683//683 677//677 675//675 
f 655//655 689//689 684//684 
f 688//688 686//686 602//602 
f 685//685 682//682 655//655 
f 680//680 687//687 602//602 
f 690//690 691//691 692//692 
f 636//636 692//692 693//693 
f 690//690 694//694 691//691 
f 675//675 621//621 695//695 
f 692//692 636//636 690//690 
f 690//690 696//696 697//697 
f 675//675 698//698 699//699 
f 621//621 700//700 695//695 
f 621//621 636//636 701//701 
f 697//697 694//694 690//690 
f 699//699 690//690 675//675 
f 675//675 702//702 703//703 
f 621//621 704//704 700//700 
f 636//636 705//705 701//701 
f 699//699 696//696 690//690 
f 675//675 706//706 702//702 
f 701//701 704//704 621//621 
f 703//703 698//698 675//675 
f 693//693 705//705 636//636 
f 660//660 655//655 707//707 
f 655//655 675//675 708//708 
f 675//675 690//690 709//709 
f 250//250 710//710 711//711 
f 711//711 241//241 250//250 
f 225//225 223//223 712//712 
f 223//223 713//713 712//712 
f 344//344 319//319 714//714 
f 714//714 715//715 344//344 
f 344//344 716//716 717//717 
f 319//319 718//718 714//714 
f 715//715 716//716 344//344 
f 319//319 719//719 720//720 
f 225//225 721//721 722//722 
f 250//250 344//344 723//723 
f 720//720 718//718 319//319 
f 722//722 319//319 225//225 
f 344//344 724//724 723//723 
f 722//722 719//719 319//319 
f 717//717 724//724 344//344 
f 725//725 726//726 727//727 
f 727//727 728//728 725//725 
f 729//729 195//195 730//730 
f 195//195 728//728 731//731 
f 730//730 732//732 729//729 
f 731//731 733//733 195//195 
f 733//733 730//730 195//195 
f 728//728 734//734 731//731 
f 288//288 281//281 735//735 
f 281//281 736//736 735//735 
f 737//737 374//374 738//738 
f 738//738 739//739 737//737 
f 374//374 740//740 738//738 
f 288//288 741//741 742//742 
f 374//374 743//743 740//740 
f 742//742 374//374 288//288 
f 742//742 743//743 374//374 
f 744//744 745//745 492//492 
f 492//492 746//746 747//747 
f 725//725 493//493 748//748 
f 493//493 747//747 749//749 
f 492//492 745//745 746//746 
f 493//493 750//750 748//748 
f 747//747 493//493 492//492 
f 749//749 750//750 493//493 
f 751//751 132//132 752//752 
f 190//190 753//753 754//754 
f 752//752 755//755 751//751 
f 132//132 756//756 757//757 
f 190//190 758//758 753//753 
f 189//189 759//759 758//758 
f 757//757 752//752 132//132 
f 758//758 190//190 189//189 
f 132//132 754//754 756//756 
f 189//189 760//760 759//759 
f 754//754 132//132 190//190 
f 761//761 128//128 762//762 
f 128//128 114//114 763//763 
f 762//762 764//764 761//761 
f 763//763 765//765 128//128 
f 114//114 766//766 767//767 
f 128//128 768//768 762//762 
f 767//767 763//763 114//114 
f 765//765 768//768 128//128 
f 114//114 102//102 769//769 
f 769//769 766//766 114//114 
f 101//101 770//770 771//771 
f 101//101 772//772 773//773 
f 101//101 774//774 770//770 
f 772//772 775//775 773//773 
f 772//772 776//776 777//777 
f 772//772 761//761 778//778 
f 771//771 102//102 101//101 
f 777//777 775//775 772//772 
f 761//761 779//779 778//778 
f 771//771 780//780 102//102 
f 778//778 776//776 772//772 
f 773//773 774//774 101//101 
f 105//105 781//781 782//782 
f 105//105 106//106 783//783 
f 105//105 784//784 781//781 
f 106//106 785//785 783//783 
f 135//135 786//786 787//787 
f 783//783 784//784 105//105 
f 787//787 106//106 135//135 
f 787//787 785//785 106//106 
f 178//178 788//788 789//789 
f 789//789 135//135 178//178 
f 178//178 790//790 788//788 
f 178//178 134//134 791//791 
f 178//178 792//792 790//790 
f 134//134 793//793 791//791 
f 791//791 792//792 178//178 
f 134//134 794//794 795//795 
f 795//795 793//793 134//134 
f 117//117 796//796 794//794 
f 789//789 797//797 135//135 
f 117//117 782//782 796//796 
f 794//794 134//134 117//117 
f 132//132 133//133 798//798 
f 192//192 799//799 800//800 
f 133//133 801//801 798//798 
f 192//192 802//802 799//799 
f 132//132 803//803 804//804 
f 798//798 805//805 132//132 
f 800//800 133//133 192//192 
f 804//804 190//190 132//132 
f 800//800 801//801 133//133 
f 805//805 803//803 132//132 
f 198//198 191//191 806//806 
f 198//198 807//807 808//808 
f 191//191 809//809 806//806 
f 191//191 810//810 811//811 
f 198//198 812//812 807//807 
f 811//811 809//809 191//191 
f 190//190 813//813 810//810 
f 198//198 814//814 812//812 
f 810//810 191//191 190//190 
f 806//806 814//814 198//198 
f 808//808 192//192 198//198 
f 190//190 815//815 813//813 
f 120//120 816//816 817//817 
f 120//120 118//118 818//818 
f 818//818 816//816 120//120 
f 819//819 820//820 821//821 
f 819//819 52//52 822//822 
f 52//52 55//55 823//823 
f 819//819 824//824 820//820 
f 822//822 825//825 819//819 
f 52//52 826//826 827//827 
f 823//823 828//828 52//52 
f 825//825 824//824 819//819 
f 828//828 826//826 52//52 
f 817//817 829//829 830//830 
f 831//831 832//832 833//833 
f 827//827 822//822 52//52 
f 55//55 834//834 835//835 
f 55//55 830//830 836//836 
f 817//817 837//837 829//829 
f 833//833 821//821 831//831 
f 835//835 823//823 55//55 
f 830//830 55//55 817//817 
f 831//831 837//837 832//832 
f 836//836 834//834 55//55 
f 837//837 817//817 832//832 
f 833//833 838//838 821//821 
f 819//819 839//839 840//840 
f 43//43 42//42 841//841 
f 42//42 840//840 842//842 
f 819//819 843//843 839//839 
f 841//841 844//844 43//43 
f 840//840 42//42 819//819 
f 842//842 841//841 42//42 
f 819//819 838//838 845//845 
f 845//845 843//843 819//819 
f 118//118 846//846 847//847 
f 106//106 43//43 848//848 
f 847//847 849//849 118//118 
f 106//106 850//850 846//846 
f 43//43 851//851 848//848 
f 846//846 118//118 106//106 
f 848//848 852//852 106//106 
f 852//852 850//850 106//106 
f 261//261 853//853 854//854 
f 261//261 855//855 853//853 
f 261//261 244//244 856//856 
f 244//244 857//857 858//858 
f 854//854 859//859 261//261 
f 244//244 860//860 856//856 
f 858//858 861//861 244//244 
f 856//856 855//855 261//261 
f 857//857 862//862 858//858 
f 861//861 860//860 244//244 
f 182//182 863//863 864//864 
f 864//864 857//857 182//182 
f 182//182 865//865 866//866 
f 183//183 867//867 868//868 
f 183//183 859//859 869//869 
f 866//866 863//863 182//182 
f 868//868 182//182 183//183 
f 183//183 870//870 871//871 
f 859//859 872//872 869//869 
f 868//868 865//865 182//182 
f 869//869 870//870 183//183 
f 871//871 867//867 183//183 
f 636//636 569//569 873//873 
f 569//569 874//874 875//875 
f 636//636 876//876 877//877 
f 873//873 878//878 636//636 
f 875//875 879//879 569//569 
f 878//878 876//876 636//636 
f 879//879 880//880 569//569 
f 880//880 873//873 569//569 
f 877//877 881//881 636//636 
f 874//874 882//882 875//875 
f 883//883 884//884 885//885 
f 653//653 886//886 887//887 
f 653//653 885//885 888//888 
f 883//883 889//889 884//884 
f 883//883 881//881 890//890 
f 887//887 874//874 653//653 
f 888//888 891//891 653//653 
f 883//883 892//892 889//889 
f 881//881 893//893 890//890 
f 891//891 886//886 653//653 
f 890//890 892//892 883//883 
f 885//885 653//653 883//883 
f 894//894 493//493 895//895 
f 896//896 897//897 898//898 
f 894//894 899//899 900//900 
f 493//493 901//901 895//895 
f 725//725 902//902 903//903 
f 898//898 725//725 896//896 
f 895//895 899//899 894//894 
f 493//493 725//725 904//904 
f 898//898 902//902 725//725 
f 896//896 905//905 906//906 
f 900//900 907//907 894//894 
f 904//904 908//908 493//493 
f 906//906 897//897 896//896 
f 908//908 901//901 493//493 
f 896//896 909//909 905//905 
f 903//903 904//904 725//725 
f 910//910 583//583 911//911 
f 583//583 494//494 912//912 
f 910//910 913//913 914//914 
f 911//911 915//915 910//910 
f 912//912 916//916 583//583 
f 915//915 913//913 910//910 
f 916//916 917//917 583//583 
f 918//918 919//919 920//920 
f 918//918 921//921 922//922 
f 917//917 911//911 583//583 
f 494//494 923//923 924//924 
f 920//920 494//494 918//918 
f 918//918 925//925 921//921 
f 924//924 912//912 494//494 
f 922//922 919//919 918//918 
f 920//920 923//923 494//494 
f 374//374 737//737 926//926 
f 475//475 374//374 927//927 
f 374//374 928//928 929//929 
f 737//737 930//930 926//926 
f 475//475 931//931 932//932 
f 927//927 933//933 475//475 
f 926//926 928//928 374//374 
f 932//932 934//934 475//475 
f 929//929 927//927 374//374 
f 933//933 931//931 475//475 
f 492//492 935//935 936//936 
f 492//492 937//937 935//935 
f 492//492 938//938 939//939 
f 939//939 937//937 492//492 
f 582//582 940//940 938//938 
f 582//582 934//934 941//941 
f 936//936 737//737 492//492 
f 582//582 942//942 940//940 
f 941//941 943//943 582//582 
f 938//938 492//492 582//582 
f 934//934 944//944 941//941 
f 943//943 942//942 582//582 
f 945//945 281//281 946//946 
f 946//946 947//947 945//945 
f 281//281 948//948 946//946 
f 261//261 859//859 949//949 
f 281//281 950//950 948//948 
f 261//261 951//951 950//950 
f 859//859 952//952 949//949 
f 950//950 281//281 261//261 
f 949//949 953//953 261//261 
f 953//953 951//951 261//261 
f 183//183 954//954 955//955 
f 955//955 859//859 183//183 
f 183//183 956//956 957//957 
f 184//184 958//958 959//959 
f 945//945 960//960 961//961 
f 957//957 954//954 183//183 
f 183//183 184//184 962//962 
f 184//184 961//961 958//958 
f 945//945 963//963 960//960 
f 962//962 956//956 183//183 
f 961//961 184//184 945//945 
f 959//959 962//962 184//184 
f 223//223 964//964 965//965 
f 965//965 966//966 223//223 
f 223//223 967//967 968//968 
f 201//201 969//969 967//967 
f 968//968 964//964 223//223 
f 201//201 970//970 969//969 
f 194//194 971//971 970//970 
f 967//967 223//223 201//201 
f 194//194 972//972 971//971 
f 970//970 201//201 194//194 
f 194//194 179//179 973//973 
f 179//179 180//180 974//974 
f 179//179 975//975 973//973 
f 974//974 976//976 179//179 
f 976//976 975//975 179//179 
f 180//180 977//977 978//978 
f 966//966 979//979 980//980 
f 978//978 974//974 180//180 
f 980//980 180//180 966//966 
f 980//980 977//977 180//180 
f 973//973 981//981 194//194 
f 966//966 982//982 979//979 
f 244//244 983//983 984//984 
f 984//984 857//857 244//244 
f 244//244 985//985 983//983 
f 244//244 241//241 986//986 
f 987//987 988//988 989//989 
f 986//986 985//985 244//244 
f 987//987 990//990 988//988 
f 241//241 991//991 986//986 
f 989//989 241//241 987//987 
f 989//989 991//991 241//241 
f 987//987 181//181 992//992 
f 182//182 993//993 994//994 
f 992//992 995//995 987//987 
f 181//181 996//996 997//997 
f 182//182 998//998 993//993 
f 182//182 857//857 999//999 
f 997//997 992//992 181//181 
f 182//182 1000//1000 998//998 
f 857//857 1001//1001 999//999 
f 181//181 994//994 996//996 
f 999//999 1000//1000 182//182 
f 994//994 181//181 182//182 
f 187//187 1002//1002 1003//1003 
f 188//188 1004//1004 1005//1005 
f 187//187 1006//1006 1002//1002 
f 1005//1005 187//187 188//188 
f 1005//1005 1006//1006 187//187 
f 188//188 1007//1007 1008//1008 
f 1008//1008 1004//1004 188//188 
f 188//188 1009//1009 1007//1007 
f 1003//1003 195//195 187//187 
f 728//728 1010//1010 1011//1011 
f 1012//1012 1011//1011 1013//1013 
f 728//728 1014//1014 1010//1010 
f 1011//1011 1012//1012 728//728 
f 728//728 195//195 1015//1015 
f 1013//1013 1016//1016 1012//1012 
f 195//195 1017//1017 1015//1015 
f 1015//1015 1014//1014 728//728 
f 896//896 1018//1018 1019//1019 
f 896//896 725//725 1020//1020 
f 1012//1012 1021//1021 1022//1022 
f 1020//1020 1018//1018 896//896 
f 725//725 728//728 1023//1023 
f 1022//1022 728//728 1012//1012 
f 1012//1012 1024//1024 1025//1025 
f 725//725 1026//1026 1020//1020 
f 1023//1023 1027//1027 725//725 
f 1025//1025 1021//1021 1012//1012 
f 1027//1027 1026//1026 725//725 
f 728//728 1028//1028 1029//1029 
f 1012//1012 1030//1030 1024//1024 
f 1019//1019 1031//1031 896//896 
f 1022//1022 1028//1028 728//728 
f 1029//1029 1023//1023 728//728 
f 569//569 475//475 1032//1032 
f 475//475 934//934 1033//1033 
f 569//569 1034//1034 1035//1035 
f 1032//1032 1036//1036 569//569 
f 475//475 1037//1037 1038//1038 
f 934//934 1039//1039 1033//1033 
f 1036//1036 1034//1034 569//569 
f 1033//1033 1037//1037 475//475 
f 1038//1038 1032//1032 475//475 
f 1035//1035 874//874 569//569 
f 582//582 1040//1040 1041//1041 
f 582//582 653//653 1042//1042 
f 582//582 1043//1043 1040//1040 
f 1042//1042 1044//1044 582//582 
f 653//653 1045//1045 1046//1046 
f 653//653 874//874 1047//1047 
f 1044//1044 1043//1043 582//582 
f 653//653 1048//1048 1045//1045 
f 874//874 1049//1049 1047//1047 
f 1041//1041 934//934 582//582 
f 1047//1047 1048//1048 653//653 
f 1046//1046 1042//1042 653//653 
f 918//918 1050//1050 1051//1051 
f 918//918 494//494 1052//1052 
f 494//494 493//493 1053//1053 
f 1051//1051 1054//1054 918//918 
f 494//494 1055//1055 1052//1052 
f 1053//1053 1056//1056 494//494 
f 493//493 1057//1057 1058//1058 
f 894//894 1059//1059 1060//1060 
f 894//894 1061//1061 1062//1062 
f 1052//1052 1050//1050 918//918 
f 1058//1058 1053//1053 493//493 
f 1060//1060 493//493 894//894 
f 894//894 1063//1063 1061//1061 
f 1056//1056 1055//1055 494//494 
f 1062//1062 1059//1059 894//894 
f 1060//1060 1057//1057 493//493 
f 184//184 1064//1064 1065//1065 
f 184//184 1066//1066 1064//1064 
f 185//185 1067//1067 1066//1066 
f 1066//1066 184//184 185//185 
f 185//185 1068//1068 1067//1067 
f 1065//1065 945//945 184//184 
f 1069//1069 1070//1070 1071//1071 
f 1072//1072 1073//1073 1074//1074 
f 1071//1071 1075//1075 1069//1069 
f 1074//1074 281//281 1072//1072 
f 1073//1073 1072//1072 1070//1070 
f 281//281 945//945 1076//1076 
f 1069//1069 1073//1073 1070//1070 
f 945//945 1077//1077 1076//1076 
f 1076//1076 1072//1072 281//281 
f 1074//1074 1078//1078 281//281 
f 729//729 1079//1079 1080//1080 
f 1079//1079 1075//1075 1081//1081 
f 1080//1080 1082//1082 729//729 
f 1081//1081 1083//1083 1079//1079 
f 1083//1083 1080//1080 1079//1079 
f 1075//1075 1071//1071 1081//1081 
f 185//185 186//186 1084//1084 
f 186//186 1085//1085 1084//1084 
f 729//729 1086//1086 1087//1087 
f 1084//1084 1088//1088 185//185 
f 1087//1087 186//186 729//729 
f 1087//1087 1085//1085 186//186 
f 729//729 1089//1089 1086//1086 
f 1090//1090 1091//1091 1092//1092 
f 1090//1090 1093//1093 1091//1091 
f 241//241 1094//1094 1095//1095 
f 966//966 1096//1096 1097//1097 
f 1090//1090 1098//1098 1093//1093 
f 1095//1095 987//987 241//241 
f 241//241 1099//1099 1100//1100 
f 966//966 1092//1092 1096//1096 
f 966//966 1101//1101 1090//1090 
f 1100//1100 1094//1094 241//241 
f 241//241 1102//1102 1103//1103 
f 1104//1104 1090//1090 1102//1102 
f 1092//1092 966//966 1090//1090 
f 1090//1090 1104//1104 1105//1105 
f 1103//1103 1099//1099 241//241 
f 241//241 1106//1106 1104//1104 
f 1105//1105 1098//1098 1090//1090 
f 1102//1102 241//241 1104//1104 
f 1095//1095 1107//1107 987//987 
f 1097//1097 223//223 966//966 
f 180//180 1108//1108 1109//1109 
f 180//180 1110//1110 1108//1108 
f 180//180 1111//1111 1110//1110 
f 180//180 181//181 1112//1112 
f 1112//1112 1111//1111 180//180 
f 181//181 1113//1113 1114//1114 
f 181//181 987//987 1115//1115 
f 1114//1114 1112//1112 181//181 
f 1115//1115 1116//1116 181//181 
f 1116//1116 1113//1113 181//181 
f 1109//1109 966//966 180//180 
f 987//987 1107//1107 1115//1115 
f 82//82 1117//1117 1118//1118 
f 1119//1119 1120//1120 1121//1121 
f 82//82 1121//1121 1117//1117 
f 1119//1119 1122//1122 1120//1120 
f 110//110 85//85 1123//1123 
f 85//85 1118//1118 1124//1124 
f 1121//1121 82//82 1119//1119 
f 1123//1123 1125//1125 110//110 
f 1118//1118 85//85 82//82 
f 1124//1124 1123//1123 85//85 
f 1119//1119 100//100 1126//1126 
f 100//100 112//112 1127//1127 
f 100//100 1128//1128 1126//1126 
f 1127//1127 1129//1129 100//100 
f 1129//1129 1128//1128 100//100 
f 110//110 1130//1130 1131//1131 
f 1126//1126 1132//1132 1119//1119 
f 112//112 1133//1133 1134//1134 
f 1131//1131 112//112 110//110 
f 1134//1134 1127//1127 112//112 
f 110//110 1135//1135 1130//1130 
f 1131//1131 1133//1133 112//112 
f 1136//1136 1137//1137 1138//1138 
f 1137//1137 1139//1139 1138//1138 
f 1138//1138 1140//1140 1136//1136 
f 1137//1137 1141//1141 1139//1139 
f 1142//1142 1143//1143 1144//1144 
f 1137//1137 1145//1145 1141//1141 
f 1138//1138 1146//1146 1147//1147 
f 1144//1144 1138//1138 1142//1142 
f 1147//1147 1140//1140 1138//1138 
f 1142//1142 1148//1148 1143//1143 
f 1149//1149 1150//1150 1145//1145 
f 1144//1144 1146//1146 1138//1138 
f 1149//1149 1151//1151 1150//1150 
f 1142//1142 1152//1152 1153//1153 
f 1154//1154 1142//1142 1155//1155 
f 1142//1142 1138//1138 1156//1156 
f 1145//1145 1137//1137 1149//1149 
f 1153//1153 1157//1157 1142//1142 
f 1142//1142 1158//1158 1155//1155 
f 1156//1156 1159//1159 1142//1142 
f 1157//1157 1148//1148 1142//1142 
f 1159//1159 1158//1158 1142//1142 
f 1160//1160 1153//1153 1152//1152 
f 1155//1155 1161//1161 1154//1154 
f 1152//1152 1009//1009 1160//1160 
f 1009//1009 188//188 1160//1160 
f 1162//1162 1163//1163 1164//1164 
f 1162//1162 1012//1012 1165//1165 
f 1162//1162 1166//1166 1163//1163 
f 1012//1012 1167//1167 1165//1165 
f 1162//1162 1168//1168 1166//1166 
f 1012//1012 1169//1169 1167//1167 
f 1165//1165 1168//1168 1162//1162 
f 1169//1169 1170//1170 1154//1154 
f 1169//1169 1012//1012 1171//1171 
f 1164//1164 1149//1149 1162//1162 
f 1171//1171 1170//1170 1169//1169 
f 1154//1154 1161//1161 1169//1169 
f 1172//1172 1173//1173 1174//1174 
f 1173//1173 1175//1175 1174//1174 
f 1173//1173 1176//1176 1175//1175 
f 1173//1173 896//896 1177//1177 
f 1162//1162 1172//1172 1178//1178 
f 1177//1177 1176//1176 1173//1173 
f 896//896 1179//1179 1180//1180 
f 1179//1179 896//896 1181//1181 
f 1172//1172 1182//1182 1178//1178 
f 1180//1180 1177//1177 896//896 
f 896//896 1183//1183 1181//1181 
f 896//896 1184//1184 1185//1185 
f 1012//1012 1186//1186 1187//1187 
f 1188//1188 1189//1189 1190//1190 
f 1188//1188 1191//1191 1192//1192 
f 1188//1188 1193//1193 1194//1194 
f 1193//1193 1181//1181 1195//1195 
f 1012//1012 1196//1196 1197//1197 
f 1012//1012 1162//1162 1198//1198 
f 1162//1162 1199//1199 1200//1200 
f 1174//1174 1182//1182 1172//1172 
f 1185//1185 1183//1183 896//896 
f 1184//1184 1201//1201 1202//1202 
f 1184//1184 896//896 1203//1203 
f 1012//1012 1190//1190 1186//1186 
f 1192//1192 1189//1189 1188//1188 
f 1193//1193 1204//1204 1194//1194 
f 1195//1195 1205//1205 1193//1193 
f 1198//1198 1196//1196 1012//1012 
f 1200//1200 1206//1206 1162//1162 
f 1181//1181 1193//1193 1179//1179 
f 1203//1203 1201//1201 1184//1184 
f 1190//1190 1012//1012 1188//1188 
f 1205//1205 1204//1204 1193//1193 
f 1206//1206 1198//1198 1162//1162 
f 1202//1202 1207//1207 1184//1184 
f 1208//1208 1209//1209 1030//1030 
f 1208//1208 1207//1207 1202//1202 
f 1194//1194 1191//1191 1188//1188 
f 1178//1178 1199//1199 1162//1162 
f 1202//1202 1209//1209 1208//1208 
f 1197//1197 1188//1188 1012//1012 
f 1187//1187 1208//1208 1012//1012 
f 896//896 1210//1210 1211//1211 
f 896//896 1212//1212 1213//1213 
f 1210//1210 1214//1214 1211//1211 
f 1215//1215 1216//1216 909//909 
f 1215//1215 1217//1217 1218//1218 
f 896//896 1219//1219 1212//1212 
f 1210//1210 1220//1220 1214//1214 
f 1218//1218 1216//1216 1215//1215 
f 1211//1211 1219//1219 896//896 
f 1210//1210 1221//1221 1222//1222 
f 1213//1213 1215//1215 896//896 
f 1221//1221 1223//1223 1222//1222 
f 1221//1221 1224//1224 1225//1225 
f 896//896 1226//1226 1227//1227 
f 1173//1173 1228//1228 1226//1226 
f 1173//1173 1229//1229 1230//1230 
f 1222//1222 1220//1220 1210//1210 
f 1225//1225 1231//1231 1221//1221 
f 1226//1226 896//896 1173//1173 
f 1173//1173 1232//1232 1229//1229 
f 894//894 1233//1233 1234//1234 
f 1231//1231 1223//1223 1221//1221 
f 1230//1230 1228//1228 1173//1173 
f 1173//1173 1235//1235 1236//1236 
f 1235//1235 1237//1237 1238//1238 
f 1234//1234 1235//1235 894//894 
f 1239//1239 894//894 1224//1224 
f 1227//1227 1210//1210 896//896 
f 1236//1236 1240//1240 1173//1173 
f 1235//1235 1241//1241 1237//1237 
f 894//894 1239//1239 1233//1233 
f 894//894 1242//1242 1224//1224 
f 1240//1240 1232//1232 1173//1173 
f 1234//1234 1241//1241 1235//1235 
f 894//894 1243//1243 1242//1242 
f 1238//1238 1236//1236 1235//1235 
f 894//894 1244//1244 1243//1243 
f 1244//1244 1245//1245 1218//1218 
f 1244//1244 894//894 1246//1246 
f 1224//1224 1221//1221 1239//1239 
f 1246//1246 1245//1245 1244//1244 
f 1218//1218 1217//1217 1244//1244 
f 918//918 1247//1247 1248//1248 
f 1249//1249 1250//1250 1063//1063 
f 1249//1249 1251//1251 1252//1252 
f 894//894 1253//1253 1254//1254 
f 1255//1255 1235//1235 1256//1256 
f 1256//1256 1257//1257 1258//1258 
f 1257//1257 1248//1248 1259//1259 
f 918//918 1260//1260 1247//1247 
f 1261//1261 1262//1262 1252//1252 
f 1261//1261 918//918 1263//1263 
f 1252//1252 1250//1250 1249//1249 
f 1254//1254 1264//1264 894//894 
f 1235//1235 1265//1265 1253//1253 
f 1235//1235 1255//1255 1266//1266 
f 1258//1258 1267//1267 1256//1256 
f 1259//1259 1268//1268 1257//1257 
f 918//918 1261//1261 1260//1260 
f 1263//1263 1262//1262 1261//1261 
f 1264//1264 1249//1249 894//894 
f 1266//1266 1265//1265 1235//1235 
f 1268//1268 1258//1258 1257//1257 
f 1252//1252 1251//1251 1261//1261 
f 1253//1253 894//894 1235//1235 
f 1248//1248 1257//1257 918//918 
f 1256//1256 1267//1267 1255//1255 
f 1269//1269 1270//1270 1271//1271 
f 918//918 1257//1257 1272//1272 
f 1271//1271 1270//1270 1273//1273 
f 1274//1274 1275//1275 1269//1269 
f 910//910 1276//1276 1275//1275 
f 1277//1277 1278//1278 925//925 
f 1277//1277 1279//1279 1280//1280 
f 1272//1272 1281//1281 918//918 
f 1257//1257 1271//1271 1282//1282 
f 1271//1271 1274//1274 1269//1269 
f 910//910 1283//1283 1276//1276 
f 1280//1280 1278//1278 1277//1277 
f 1281//1281 1284//1284 918//918 
f 1257//1257 1285//1285 1286//1286 
f 1282//1282 1287//1287 1257//1257 
f 1275//1275 1274//1274 910//910 
f 1283//1283 1288//1288 1280//1280 
f 1283//1283 910//910 1289//1289 
f 1284//1284 1277//1277 918//918 
f 1286//1286 1290//1290 1257//1257 
f 1273//1273 1282//1282 1271//1271 
f 1289//1289 1288//1288 1283//1283 
f 1290//1290 1272//1272 1257//1257 
f 1280//1280 1279//1279 1283//1283 
f 1287//1287 1285//1285 1257//1257 
f 1274//1274 1291//1291 1292//1292 
f 1293//1293 1294//1294 1295//1295 
f 1274//1274 1296//1296 1291//1291 
f 1295//1295 1274//1274 1293//1293 
f 1295//1295 1296//1296 1274//1274 
f 1297//1297 1298//1298 1293//1293 
f 1299//1299 654//654 1300//1300 
f 654//654 583//583 1301//1301 
f 583//583 1302//1302 1303//1303 
f 910//910 1304//1304 1305//1305 
f 1300//1300 1297//1297 1299//1299 
f 1301//1301 1306//1306 654//654 
f 583//583 1305//1305 1302//1302 
f 910//910 1307//1307 1304//1304 
f 1293//1293 1299//1299 1297//1297 
f 1306//1306 1308//1308 654//654 
f 1305//1305 583//583 910//910 
f 1308//1308 1300//1300 654//654 
f 910//910 1309//1309 1307//1307 
f 1303//1303 1301//1301 583//583 
f 1298//1298 1310//1310 1293//1293 
f 910//910 1292//1292 1309//1309 
f 654//654 1299//1299 1311//1311 
f 883//883 654//654 1312//1312 
f 881//881 883//883 1313//1313 
f 636//636 881//881 1314//1314 
f 1314//1314 1315//1315 636//636 
f 690//690 1315//1315 1316//1316 
f 660//660 1317//1317 1318//1318 
f 584//584 1319//1319 1320//1320 
f 584//584 660//660 1319//1319 
f 1320//1320 588//588 584//584 
f 496//496 1321//1321 1322//1322 
f 496//496 1323//1323 1321//1321 
f 496//496 497//497 1324//1324 
f 497//497 588//588 1325//1325 
f 588//588 1326//1326 1327//1327 
f 1328//1328 588//588 1329//1329 
f 1329//1329 1330//1330 1331//1331 
f 496//496 1332//1332 1323//1323 
f 497//497 1333//1333 1324//1324 
f 1325//1325 1334//1334 497//497 
f 588//588 1328//1328 1326//1326 
f 1331//1331 1335//1335 1329//1329 
f 1330//1330 1322//1322 1336//1336 
f 1324//1324 1332//1332 496//496 
f 1334//1334 1337//1337 497//497 
f 1329//1329 1335//1335 1328//1328 
f 1336//1336 1338//1338 1330//1330 
f 1337//1337 1333//1333 497//497 
f 1338//1338 1331//1331 1330//1330 
f 1327//1327 1325//1325 588//588 
f 496//496 1330//1330 1339//1339 
f 495//495 1339//1339 1340//1340 
f 1341//1341 1342//1342 1343//1343 
f 1343//1343 1342//1342 1344//1344 
f 1341//1341 1345//1345 1346//1346 
f 1344//1344 1347//1347 1343//1343 
f 388//388 1348//1348 1349//1349 
f 1341//1341 1350//1350 1351//1351 
f 1343//1343 1345//1345 1341//1341 
f 1344//1344 1352//1352 1353//1353 
f 388//388 1354//1354 1355//1355 
f 1349//1349 1356//1356 388//388 
f 387//387 1357//1357 1348//1348 
f 387//387 1358//1358 1359//1359 
f 1351//1351 387//387 1341//1341 
f 1353//1353 1347//1347 1344//1344 
f 1356//1356 1354//1354 388//388 
f 1359//1359 1357//1357 387//387 
f 1346//1346 1350//1350 1341//1341 
f 1348//1348 388//388 387//387 
f 1344//1344 1355//1355 1352//1352 
f 1351//1351 1358//1358 387//387 
f 388//388 1344//1344 1360//1360 
f 298//298 388//388 1361//1361 
f 1361//1361 1362//1362 298//298 
f 1363//1363 1362//1362 1364//1364 
f 1363//1363 1365//1365 1366//1366 
f 1363//1363 1367//1367 1368//1368 
f 1367//1367 1369//1369 1370//1370 
f 1371//1371 1372//1372 1373//1373 
f 1371//1371 297//297 1374//1374 
f 297//297 1375//1375 1376//1376 
f 1363//1363 1377//1377 1378//1378 
f 1368//1368 1365//1365 1363//1363 
f 1367//1367 1379//1379 1369//1369 
f 1374//1374 1372//1372 1371//1371 
f 297//297 1380//1380 1375//1375 
f 1378//1378 297//297 1363//1363 
f 1370//1370 1368//1368 1367//1367 
f 1376//1376 1374//1374 297//297 
f 1366//1366 1377//1377 1363//1363 
f 1371//1371 1381//1381 1379//1379 
f 1373//1373 1382//1382 1371//1371 
f 1379//1379 1367//1367 1371//1371 
f 1378//1378 1380//1380 297//297 
f 297//297 1383//1383 1384//1384 
f 297//297 1385//1385 1383//1383 
f 1371//1371 1386//1386 1385//1385 
f 1387//1387 1388//1388 1389//1389 
f 297//297 1390//1390 1391//1391 
f 1385//1385 297//297 1371//1371 
f 1389//1389 1371//1371 1387//1387 
f 1392//1392 1393//1393 1394//1394 
f 1392//1392 202//202 1395//1395 
f 202//202 1396//1396 1397//1397 
f 1391//1391 202//202 297//297 
f 1389//1389 1386//1386 1371//1371 
f 1395//1395 1393//1393 1392//1392 
f 1397//1397 1398//1398 202//202 
f 1384//1384 1390//1390 297//297 
f 1398//1398 1395//1395 202//202 
f 1387//1387 1399//1399 1388//1388 
f 1392//1392 1400//1400 1399//1399 
f 1391//1391 1396//1396 202//202 
f 1394//1394 1400//1400 1392//1392 
f 196//196 202//202 1401//1401 
f 1392//1392 1402//1402 1403//1403 
f 202//202 1404//1404 1401//1401 
f 1392//1392 1405//1405 1402//1402 
f 1392//1392 1406//1406 1407//1407 
f 202//202 1403//1403 1404//1404 
f 1407//1407 1405//1405 1392//1392 
f 1403//1403 202//202 1392//1392 
f 1401//1401 1408//1408 196//196 
f 1406//1406 1409//1409 1407//1407 
f 1410//1410 1411//1411 1412//1412 
f 1410//1410 189//189 1413//1413 
f 189//189 1414//1414 1415//1415 
f 1406//1406 1410//1410 1416//1416 
f 1413//1413 1411//1411 1410//1410 
f 189//189 1417//1417 1414//1414 
f 1416//1416 1418//1418 1406//1406 
f 1415//1415 1413//1413 189//189 
f 196//196 1419//1419 1417//1417 
f 1412//1412 1416//1416 1410//1410 
f 196//196 1420//1420 1419//1419 
f 1417//1417 189//189 196//196 
f 189//189 1410//1410 1421//1421 
f 1422//1422 1423//1423 1424//1424 
f 1425//1425 1426//1426 1427//1427 
f 1421//1421 1428//1428 189//189 
f 1424//1424 1410//1410 1422//1422 
f 1425//1425 1429//1429 1426//1426 
f 1425//1425 751//751 1430//1430 
f 1424//1424 1421//1421 1410//1410 
f 1430//1430 1429//1429 1425//1425 
f 1422//1422 1427//1427 1423//1423 
f 751//751 1431//1431 1430//1430 
f 1427//1427 1422//1422 1425//1425 
f 751//751 1425//1425 1432//1432 
f 1433//1433 115//115 1434//1434 
f 131//131 130//130 1435//1435 
f 1434//1434 1436//1436 1433//1433 
f 131//131 1437//1437 1438//1438 
f 131//131 1439//1439 1440//1440 
f 130//130 1441//1441 1435//1435 
f 1441//1441 130//130 1442//1442 
f 1433//1433 1443//1443 1444//1444 
f 1436//1436 1445//1445 1433//1433 
f 115//115 1446//1446 1447//1447 
f 1438//1438 115//115 131//131 
f 1440//1440 1448//1448 131//131 
f 1442//1442 1449//1449 1441//1441 
f 1445//1445 1443//1443 1433//1433 
f 1447//1447 1450//1450 115//115 
f 1448//1448 1437//1437 131//131 
f 1442//1442 1444//1444 1449//1449 
f 1450//1450 1434//1434 115//115 
f 1435//1435 1439//1439 131//131 
f 1438//1438 1446//1446 115//115 
f 115//115 1433//1433 1451//1451 
f 103//103 1451//1451 1452//1452 
f 38//38 37//37 1453//1453 
f 37//37 1454//1454 1453//1453 
f 37//37 1455//1455 1456//1456 
f 1455//1455 1457//1457 1458//1458 
f 1459//1459 1460//1460 1457//1457 
f 1456//1456 1454//1454 37//37 
f 1457//1457 1455//1455 1459//1459 
f 1453//1453 1461//1461 38//38 
f 1459//1459 1462//1462 1460//1460 
f 1463//1463 1462//1462 1459//1459 
f 1458//1458 1456//1456 1455//1455 
f 1464//1464 1465//1465 1463//1463 
f 1459//1459 1464//1464 1463//1463 
f 40//40 1466//1466 1467//1467 
f 1468//1468 1465//1465 1464//1464 
f 40//40 1469//1469 1466//1466 
f 40//40 38//38 1470//1470 
f 1471//1471 1472//1472 1468//1468 
f 40//40 1473//1473 1469//1469 
f 38//38 1474//1474 1470//1470 
f 1471//1471 1467//1467 1472//1472 
f 1470//1470 1473//1473 40//40 
f 1467//1467 1471//1471 40//40 
f 42//42 40//40 1471//1471 
f 819//819 1475//1475 1476//1476 
f 1477//1477 1478//1478 1479//1479 
f 1480//1480 1481//1481 1482//1482 
f 819//819 1483//1483 1475//1475 
f 42//42 1484//1484 1485//1485 
f 42//42 1477//1477 1486//1486 
f 1477//1477 1482//1482 1478//1478 
f 1480//1480 1487//1487 1481//1481 
f 1480//1480 1476//1476 1488//1488 
f 819//819 1489//1489 1483//1483 
f 1485//1485 819//819 42//42 
f 1486//1486 1490//1490 42//42 
f 1482//1482 1477//1477 1480//1480 
f 1488//1488 1491//1491 1480//1480 
f 1485//1485 1489//1489 819//819 
f 1490//1490 1492//1492 42//42 
f 1491//1491 1487//1487 1480//1480 
f 1492//1492 1484//1484 42//42 
f 1476//1476 1480//1480 819//819 
f 52//52 819//819 1493//1493 
f 1494//1494 1495//1495 1496//1496 
f 1494//1494 52//52 1497//1497 
f 819//819 1498//1498 1493//1493 
f 1496//1496 1499//1499 1494//1494 
f 1497//1497 1500//1500 1494//1494 
f 52//52 1501//1501 1502//1502 
f 1493//1493 1503//1503 52//52 
f 1480//1480 1499//1499 1504//1504 
f 1496//1496 1505//1505 1499//1499 
f 1502//1502 1497//1497 52//52 
f 819//819 1506//1506 1498//1498 
f 1480//1480 1507//1507 1508//1508 
f 1504//1504 1509//1509 1480//1480 
f 1494//1494 1510//1510 1495//1495 
f 1503//1503 1501//1501 52//52 
f 1508//1508 819//819 1480//1480 
f 1505//1505 1504//1504 1499//1499 
f 1508//1508 1506//1506 819//819 
f 1500//1500 1510//1510 1494//1494 
f 1511//1511 1512//1512 1513//1513 
f 1512//1512 1514//1514 1513//1513 
f 1512//1512 1515//1515 1516//1516 
f 1517//1517 1518//1518 1515//1515 
f 1512//1512 44//44 1519//1519 
f 1516//1516 1514//1514 1512//1512 
f 1517//1517 1520//1520 1518//1518 
f 1517//1517 1521//1521 1522//1522 
f 1523//1523 1522//1522 1521//1521 
f 1512//1512 1524//1524 1525//1525 
f 44//44 1526//1526 1519//1519 
f 1494//1494 1527//1527 1528//1528 
f 1515//1515 1512//1512 1517//1517 
f 1521//1521 1529//1529 1523//1523 
f 1529//1529 1530//1530 1531//1531 
f 1494//1494 1532//1532 1530//1530 
f 1519//1519 1524//1524 1512//1512 
f 44//44 1533//1533 1534//1534 
f 44//44 52//52 1535//1535 
f 1494//1494 1536//1536 1527//1527 
f 1522//1522 1520//1520 1517//1517 
f 1530//1530 1529//1529 1494//1494 
f 1534//1534 1526//1526 44//44 
f 52//52 1537//1537 1535//1535 
f 52//52 1538//1538 1539//1539 
f 1494//1494 1540//1540 1541//1541 
f 1511//1511 1542//1542 1543//1543 
f 1494//1494 1529//1529 1536//1536 
f 1531//1531 1523//1523 1529//1529 
f 1535//1535 1533//1533 44//44 
f 52//52 1528//1528 1538//1538 
f 1494//1494 1543//1543 1540//1540 
f 1511//1511 1544//1544 1542//1542 
f 1513//1513 1544//1544 1511//1511 
f 1539//1539 1537//1537 52//52 
f 1543//1543 1494//1494 1511//1511 
f 1525//1525 1517//1517 1512//1512 
f 1528//1528 52//52 1494//1494 
f 1545//1545 1546//1546 1547//1547 
f 1545//1545 64//64 1548//1548 
f 64//64 1549//1549 1550//1550 
f 1549//1549 1551//1551 1552//1552 
f 64//64 1553//1553 1551//1551 
f 64//64 1554//1554 1555//1555 
f 1545//1545 1556//1556 1557//1557 
f 1545//1545 1558//1558 1546//1546 
f 1550//1550 1548//1548 64//64 
f 1559//1559 1560//1560 1561//1561 
f 1562//1562 1561//1561 1560//1560 
f 1551//1551 1549//1549 64//64 
f 1555//1555 1563//1563 64//64 
f 1557//1557 1512//1512 1545//1545 
f 1548//1548 1558//1558 1545//1545 
f 1560//1560 1549//1549 1562//1562 
f 1563//1563 1553//1553 64//64 
f 1564//1564 1512//1512 1565//1565 
f 1547//1547 1556//1556 1545//1545 
f 1552//1552 1562//1562 1549//1549 
f 1565//1565 1566//1566 1564//1564 
f 1512//1512 1567//1567 1568//1568 
f 1512//1512 1564//1564 1569//1569 
f 1561//1561 1564//1564 1559//1559 
f 1512//1512 1570//1570 1565//1565 
f 1569//1569 1567//1567 1512//1512 
f 1566//1566 1559//1559 1564//1564 
f 64//64 44//44 1571//1571 
f 1557//1557 1572//1572 1512//1512 
f 44//44 1573//1573 1571//1571 
f 44//44 1574//1574 1575//1575 
f 1512//1512 1572//1572 1576//1576 
f 1571//1571 1554//1554 64//64 
f 44//44 1568//1568 1574//1574 
f 1576//1576 1577//1577 1512//1512 
f 1575//1575 1573//1573 44//44 
f 1568//1568 44//44 1512//1512 
f 1578//1578 1579//1579 1580//1580 
f 1578//1578 1581//1581 1582//1582 
f 1580//1580 1583//1583 1578//1578 
f 1583//1583 1581//1581 1578//1578 
f 1579//1579 1584//1584 1585//1585 
f 1579//1579 1586//1586 1587//1587 
f 1588//1588 1587//1587 1586//1586 
f 1589//1589 1545//1545 1590//1590 
f 1578//1578 82//82 1591//1591 
f 1545//1545 1592//1592 1593//1593 
f 1585//1585 1580//1580 1579//1579 
f 1586//1586 1589//1589 1588//1588 
f 1590//1590 1594//1594 1589//1589 
f 1578//1578 1595//1595 1596//1596 
f 82//82 1597//1597 1591//1591 
f 1545//1545 1598//1598 1599//1599 
f 1600//1600 1601//1601 1598//1598 
f 1600//1600 1578//1578 1602//1602 
f 1545//1545 1603//1603 1592//1592 
f 1587//1587 1584//1584 1579//1579 
f 1545//1545 1604//1604 1590//1590 
f 1591//1591 1595//1595 1578//1578 
f 82//82 1605//1605 1606//1606 
f 64//64 1607//1607 1608//1608 
f 1598//1598 1545//1545 1600//1600 
f 1602//1602 1609//1609 1600//1600 
f 1545//1545 1589//1589 1603//1603 
f 1594//1594 1588//1588 1589//1589 
f 1606//1606 1597//1597 82//82 
f 1608//1608 82//82 64//64 
f 64//64 1610//1610 1611//1611 
f 1609//1609 1601//1601 1600//1600 
f 1582//1582 1602//1602 1578//1578 
f 1608//1608 1605//1605 82//82 
f 64//64 1593//1593 1610//1610 
f 1593//1593 64//64 1545//1545 
f 1611//1611 1607//1607 64//64 
f 1596//1596 1579//1579 1578//1578 
f 82//82 1578//1578 1612//1612 
f 100//100 1613//1613 1614//1614 
f 1119//1119 1615//1615 1613//1613 
f 1119//1119 1612//1612 1616//1616 
f 1613//1613 100//100 1119//1119 
f 1616//1616 1617//1617 1119//1119 
f 1612//1612 1618//1618 1619//1619 
f 1620//1620 1612//1612 1621//1621 
f 1621//1621 1622//1622 1623//1623 
f 1119//1119 1624//1624 1615//1615 
f 1619//1619 1616//1616 1612//1612 
f 1623//1623 1625//1625 1621//1621 
f 1617//1617 1624//1624 1119//1119 
f 1621//1621 1625//1625 1620//1620 
f 1620//1620 1618//1618 1612//1612 
f 1626//1626 1627//1627 1622//1622 
f 101//101 1628//1628 1629//1629 
f 1622//1622 1621//1621 1626//1626 
f 1630//1630 1629//1629 1631//1631 
f 101//101 1632//1632 1628//1628 
f 101//101 100//100 1633//1633 
f 1631//1631 1627//1627 1630//1630 
f 1633//1633 1632//1632 101//101 
f 1629//1629 1630//1630 101//101 
f 101//101 1634//1634 1635//1635 
f 101//101 1630//1630 1636//1636 
f 1630//1630 1637//1637 1638//1638 
f 1630//1630 1639//1639 1640//1640 
f 1635//1635 772//772 101//101 
f 1636//1636 1641//1641 101//101 
f 1630//1630 1642//1642 1637//1637 
f 1639//1639 1643//1643 1640//1640 
f 1635//1635 1644//1644 772//772 
f 1641//1641 1645//1645 101//101 
f 1640//1640 1642//1642 1630//1630 
f 1645//1645 1634//1634 101//101 
f 1639//1639 1646//1646 1643//1643 
f 1638//1638 1636//1636 1630//1630 
f 1644//1644 1647//1647 772//772 
f 1639//1639 1648//1648 1646//1646 
f 1649//1649 1650//1650 1651//1651 
f 1649//1649 1652//1652 1653//1653 
f 1650//1650 1654//1654 1651//1651 
f 1651//1651 1652//1652 1649//1649 
f 1655//1655 1656//1656 1657//1657 
f 1650//1650 1658//1658 1648//1648 
f 1653//1653 1659//1659 1649//1649 
f 1655//1655 1660//1660 1656//1656 
f 772//772 1661//1661 1662//1662 
f 1650//1650 1663//1663 1658//1658 
f 1649//1649 1663//1663 1650//1650 
f 1657//1657 1650//1650 1655//1655 
f 1662//1662 1655//1655 772//772 
f 1653//1653 1664//1664 1659//1659 
f 1657//1657 1665//1665 1650//1650 
f 1662//1662 1666//1666 1655//1655 
f 1665//1665 1654//1654 1650//1650 
f 1666//1666 1667//1667 1655//1655 
f 772//772 1668//1668 1669//1669 
f 1667//1667 1660//1660 1655//1655 
f 1669//1669 1670//1670 772//772 
f 772//772 1659//1659 1664//1664 
f 1670//1670 1661//1661 772//772 
f 1648//1648 1639//1639 1650//1650 
f 761//761 772//772 1655//1655 
f 128//128 761//761 1671//1671 
f 1672//1672 1673//1673 1674//1674 
f 1675//1675 1676//1676 1677//1677 
f 1674//1674 1678//1678 1679//1679 
f 1672//1672 1680//1680 1681//1681 
f 1674//1674 1682//1682 1672//1672 
f 1683//1683 128//128 1684//1684 
f 1677//1677 128//128 1675//1675 
f 1675//1675 1685//1685 1686//1686 
f 1685//1685 1679//1679 1687//1687 
f 1674//1674 1673//1673 1678//1678 
f 1682//1682 1680//1680 1672//1672 
f 129//129 128//128 1688//1688 
f 1684//1684 1672//1672 1683//1683 
f 1677//1677 1689//1689 128//128 
f 1675//1675 1690//1690 1691//1691 
f 1685//1685 1692//1692 1686//1686 
f 1687//1687 1693//1693 1685//1685 
f 1681//1681 1683//1683 1672//1672 
f 1683//1683 1688//1688 128//128 
f 1689//1689 1694//1694 128//128 
f 1691//1691 1695//1695 1675//1675 
f 1693//1693 1692//1692 1685//1685 
f 1688//1688 1696//1696 129//129 
f 1695//1695 1676//1676 1675//1675 
f 1679//1679 1685//1685 1674//1674 
f 1686//1686 1690//1690 1675//1675 
f 176//176 129//129 1697//1697 
f 176//176 1698//1698 1699//1699 
f 129//129 1700//1700 1697//1697 
f 1701//1701 1702//1702 1703//1703 
f 1699//1699 1701//1701 176//176 
f 1697//1697 1704//1704 176//176 
f 1699//1699 1702//1702 1701//1701 
f 1704//1704 1705//1705 176//176 
f 1706//1706 1707//1707 1685//1685 
f 1705//1705 1698//1698 176//176 
f 1685//1685 1701//1701 1706//1706 
f 129//129 1696//1696 1700//1700 
f 1703//1703 1706//1706 1701//1701 
f 188//188 1708//1708 1709//1709 
f 1710//1710 1137//1137 1711//1711 
f 1137//1137 1712//1712 1713//1713 
f 1712//1712 1714//1714 1715//1715 
f 1716//1716 1708//1708 1715//1715 
f 1708//1708 1717//1717 1709//1709 
f 1137//1137 1718//1718 1711//1711 
f 1713//1713 1719//1719 1137//1137 
f 1715//1715 1714//1714 1716//1716 
f 1701//1701 1720//1720 1721//1721 
f 1701//1701 1710//1710 1722//1722 
f 188//188 1723//1723 1724//1724 
f 1708//1708 1716//1716 1717//1717 
f 1719//1719 1718//1718 1137//1137 
f 1715//1715 1725//1725 1712//1712 
f 176//176 1726//1726 1727//1727 
f 1721//1721 176//176 1701//1701 
f 1722//1722 1728//1728 1701//1701 
f 1709//1709 1723//1723 188//188 
f 1725//1725 1713//1713 1712//1712 
f 1721//1721 1726//1726 176//176 
f 1728//1728 1729//1729 1701//1701 
f 1711//1711 1730//1730 1710//1710 
f 1729//1729 1720//1720 1701//1701 
f 1724//1724 1731//1731 188//188 
f 176//176 1732//1732 1708//1708 
f 1730//1730 1722//1722 1710//1710 
f 1727//1727 1732//1732 176//176 
f 1708//1708 188//188 176//176 
f 1731//1731 1160//1160 188//188 
f 1707//1707 1674//1674 1685//1685 
f 1694//1694 1684//1684 128//128 
f 1671//1671 1675//1675 128//128 
f 1655//1655 1671//1671 761//761 
f 1664//1664 1668//1668 772//772 
f 1647//1647 1659//1659 772//772 
f 1626//1626 1630//1630 1627//1627 
f 1614//1614 1633//1633 100//100 
f 1612//1612 1119//1119 82//82 
f 1599//1599 1604//1604 1545//1545 
f 1577//1577 1570//1570 1512//1512 
f 1541//1541 1532//1532 1494//1494 
f 1509//1509 1507//1507 1480//1480 
f 1479//1479 1486//1486 1477//1477 
f 1471//1471 1477//1477 42//42 
f 1464//1464 1471//1471 1468//1468 
f 1461//1461 1474//1474 38//38 
f 1455//1455 37//37 1452//1452 
f 1452//1452 37//37 103//103 
f 1451//1451 103//103 115//115 
f 1444//1444 1442//1442 1433//1433 
f 1442//1442 130//130 1432//1432 
f 1432//1432 130//130 751//751 
f 1428//1428 760//760 189//189 
f 1418//1418 1409//1409 1406//1406 
f 1408//1408 1420//1420 196//196 
f 1399//1399 1387//1387 1392//1392 
f 1382//1382 1381//1381 1371//1371 
f 1364//1364 1367//1367 1363//1363 
f 1362//1362 1363//1363 298//298 
f 1360//1360 1361//1361 388//388 
f 1355//1355 1344//1344 388//388 
f 1342//1342 1341//1341 1340//1340 
f 1340//1340 1341//1341 495//495 
f 1339//1339 495//495 496//496 
f 1322//1322 1330//1330 496//496 
f 1329//1329 588//588 1733//1733 
f 1320//1320 1733//1733 588//588 
f 1318//1318 1319//1319 660//660 
f 1316//1316 709//709 690//690 
f 1315//1315 690//690 636//636 
f 1313//1313 1314//1314 881//881 
f 1312//1312 1313//1313 883//883 
f 1311//1311 1312//1312 654//654 
f 1310//1310 1294//1294 1293//1293 
f 1292//1292 910//910 1274//1274 
f 925//925 918//918 1277//1277 
f 1063//1063 894//894 1249//1249 
f 909//909 896//896 1215//1215 
f 1030//1030 1012//1012 1208//1208 
f 1164//1164 1151//1151 1149//1149 
f 1136//1136 1712//1712 1137//1137 
f 1132//1132 1122//1122 1119//1119 
f 1125//1125 1135//1135 110//110 
f 1109//1109 1101//1101 966//966 
f 1097//1097 713//713 223//223 
f 1088//1088 1068//1068 185//185 
f 1082//1082 1089//1089 729//729 
f 1078//1078 736//736 281//281 
f 1065//1065 1077//1077 945//945 
f 1054//1054 1263//1263 918//918 
f 1041//1041 1039//1039 934//934 
f 1035//1035 1049//1049 874//874 
f 1031//1031 1203//1203 896//896 
f 1016//1016 1171//1171 1012//1012 
f 1003//1003 1017//1017 195//195 
f 995//995 990//990 987//987 
f 984//984 1001//1001 857//857 
f 981//981 972//972 194//194 
f 965//965 982//982 966//966 
f 955//955 952//952 859//859 
f 947//947 963//963 945//945 
f 936//936 930//930 737//737 
f 932//932 944//944 934//934 
f 914//914 1289//1289 910//910 
f 907//907 1246//1246 894//894 
f 887//887 882//882 874//874 
f 877//877 893//893 881//881 
f 864//864 862//862 857//857 
f 854//854 872//872 859//859 
f 849//849 818//818 118//118 
f 844//844 851//851 43//43 
f 821//821 838//838 819//819 
f 817//817 55//55 120//120 
f 808//808 802//802 192//192 
f 804//804 815//815 190//190 
f 797//797 786//786 135//135 
f 782//782 117//117 105//105 
f 780//780 769//769 102//102 
f 764//764 779//779 761//761 
f 755//755 1431//1431 751//751 
f 748//748 726//726 725//725 
f 492//492 737//737 744//744 
f 739//739 744//744 737//737 
f 735//735 741//741 288//288 
f 732//732 1079//1079 729//729 
f 727//727 734//734 728//728 
f 723//723 710//710 250//250 
f 712//712 721//721 225//225 
f 711//711 1106//1106 241//241 
f 709//709 708//708 675//675 
f 708//708 707//707 655//655 
f 707//707 1317//1317 660//660 
f 695//695 706//706 675//675 
f 686//686 689//689 655//655 
f 661//661 672//672 660//660 
f 654//654 883//883 653//653 
f 646//646 650//650 552//552 
f 633//633 602//602 533//533 
f 611//611 617//617 514//514 
f 601//601 591//591 497//497 
f 583//583 653//653 582//582 
f 579//579 581//581 462//462 
f 563//563 561//561 441//441 
f 545//545 547//547 432//432 
f 523//523 521//521 413//413 
f 513//513 503//503 406//406 
f 496//496 495//495 405//405 
f 495//495 1341//1341 387//387 
f 494//494 582//582 492//492 
f 485//485 489//489 353//353 
f 473//473 467//467 340//340 
f 452//452 454//454 344//344 
f 426//426 439//439 319//319 
f 423//423 420//420 317//317 
f 406//406 405//405 316//316 
f 405//405 387//387 301//301 
f 404//404 403//403 298//298 
f 384//384 386//386 265//265 
f 369//369 368//368 249//249 
f 351//351 352//352 250//250 
f 323//323 332//332 222//222 
f 317//317 316//316 221//221 
f 316//316 301//301 204//204 
f 315//315 314//314 203//203 
f 298//298 1363//1363 297//297 
f 296//296 295//295 261//261 
f 278//278 271//271 244//244 
f 260//260 259//259 241//241 
f 239//239 232//232 201//201 
f 222//222 221//221 200//200 
f 221//221 204//204 199//199 
f 220//220 219//219 197//197 
f 203//203 297//297 202//202 
f 201//201 200//200 193//193 
f 200//200 199//199 198//198 
f 199//199 197//197 191//191 
f 197//197 202//202 196//196 
f 195//195 729//729 186//186 
f 194//194 193//193 177//177 
f 193//193 198//198 192//192 
f 191//191 196//196 189//189 
f 188//188 187//187 175//175 
f 187//187 186//186 174//174 
f 186//186 185//185 157//157 
f 185//185 184//184 156//156 
f 184//184 183//183 155//155 
f 183//183 182//182 154//154 
f 182//182 181//181 137//137 
f 181//181 180//180 136//136 
f 180//180 179//179 178//178 
f 179//179 177//177 134//134 
f 177//177 192//192 133//133 
f 176//176 175//175 127//127 
f 175//175 174//174 126//126 
f 174//174 157//157 125//125 
f 173//173 171//171 124//124 
f 156//156 155//155 123//123 
f 155//155 154//154 122//122 
f 154//154 137//137 121//121 
f 153//153 151//151 119//119 
f 136//136 178//178 135//135 
f 134//134 133//133 116//116 
f 133//133 132//132 131//131 
f 132//132 751//751 130//130 
f 129//129 127//127 114//114 
f 127//127 126//126 113//113 
f 126//126 125//125 111//111 
f 125//125 124//124 109//109 
f 124//124 123//123 108//108 
f 123//123 122//122 107//107 
f 122//122 121//121 120//120 
f 121//121 119//119 118//118 
f 119//119 135//135 106//106 
f 117//117 116//116 104//104 
f 116//116 131//131 115//115 
f 114//114 113//113 112//112 
f 113//113 111//111 110//110 
f 111//111 109//109 85//85 
f 109//109 108//108 69//69 
f 108//108 107//107 48//48 
f 107//107 120//120 55//55 
f 106//106 105//105 41//41 
f 105//105 104//104 39//39 
f 104//104 115//115 103//103 
f 102//102 112//112 100//100 
f 90//90 69//69 64//64 
f 76//76 48//48 44//44 
f 54//54 55//55 52//52 
f 43//43 41//41 40//40 
f 41//41 39//39 38//38 
f 39//39 103//103 37//37 
o mesh2
v -0.024625 -0.103375 0 
v -0.024625 -0.105 0 
v -0.01 -0.105 0 
v -0.01 -0.103375 0 
v 0.01 -0.105 0 
v 0.01 -0.103375 0 
v 0.024625 -0.105 0 
v -0.02175 -0.1 0 
v -0.0216168 -0.0993303 0 
v -0.024625 -0.09 0 
v -0.0206697 -0.101617 0 
v -0.0212374 -0.101237 0 
v -0.01 -0.09 0 
v -0.02 -0.09825 0 
v -0.0212374 -0.0987626 0 
v -0.0216168 -0.10067 0 
v -0.0206697 -0.0983832 0 
v -0.0193303 -0.101617 0 
v -0.02 -0.10175 0 
v -0.0183832 -0.10067 0 
v -0.0187626 -0.101237 0 
v -0.0183832 -0.0993303 0 
v -0.0193303 -0.0983832 0 
v -0.0187626 -0.0987626 0 
v -0.01825 -0.1 0 
v 0.01 -0.09 0 
v 0.00161679 -0.0993303 0 
v 0.000669696 -0.0983832 0 
v 0.00123744 -0.0987626 0 
v -3.2147e-19 -0.09825 0 
v -0.00161679 -0.0993303 0 
v -0.00123744 -0.0987626 0 
v -0.00175 -0.1 0 
v -0.000669696 -0.101617 0 
v -0.00123744 -0.101237 0 
v -0.000669696 -0.0983832 0 
v -0.00161679 -0.10067 0 
v 0.000669696 -0.101617 0 
v 1.07157e-19 -0.10175 0 
v 0.00161679 -0.10067 0 
v 0.00123744 -0.101237 0 
v 0.00175 -0.1 0 
v 0.01825 -0.1 0 
v 0.0183832 -0.0993303 0 
v 0.0193303 -0.101617 0 
v 0.0187626 -0.101237 0 
v 0.0193303 -0.0983832 0 
v 0.02 -0.09825 0 
v 0.0187626 -0.0987626 0 
v 0.0183832 -0.10067 0 
v 0.024625 -0.09 0 
v 0.024625 -0.103375 0 
v 0.02 -0.10175 0 
v 0.0206697 -0.101617 0 
v 0.0216168 -0.10067 0 
v 0.0212374 -0.101237 0 
v 0.0216168 -0.0993303 0 
v 0.0206697 -0.0983832 0 
v 0.0212374 -0.0987626 0 
v 0.02175 -0.1 0 
v -0.057891 -0.09 0 
v -0.0412374 -0.0812374 0 
v -0.0416168 -0.0806697 0 
v -0.04 -0.08175 0 
v -0.024625 -0.07 0 
v -0.03825 -0.08 0 
v -0.0406697 -0.0816168 0 
v -0.0393303 -0.0816168 0 
v -0.0383832 -0.0806697 0 
v -0.0387626 -0.0787626 0 
v -0.0383832 -0.0793303 0 
v -0.057891 -0.07 0 
v -0.0406697 -0.0783832 0 
v -0.04 -0.07825 0 
v -0.0416168 -0.0793303 0 
v -0.0412374 -0.0787626 0 
v -0.04175 -0.08 0 
v -0.0387626 -0.0812374 0 
v -0.0393303 -0.0783832 0 
v -0.02175 -0.08 0 
v -0.0216168 -0.0793303 0 
v -0.0216168 -0.0806697 0 
v -0.0206697 -0.0816168 0 
v -0.0212374 -0.0812374 0 
v -0.01 -0.07 0 
v -0.02 -0.07825 0 
v -0.0212374 -0.0787626 0 
v -0.0206697 -0.0783832 0 
v -0.0193303 -0.0816168 0 
v -0.02 -0.08175 0 
v -0.0183832 -0.0806697 0 
v -0.0187626 -0.0812374 0 
v -0.01825 -0.08 0 
v -0.0193303 -0.0783832 0 
v -0.0187626 -0.0787626 0 
v -0.0183832 -0.0793303 0 
v 0.01 -0.07 0 
v 0.000669696 -0.0783832 0 
v 0.00123744 -0.0787626 0 
v -3.2147e-19 -0.07825 0 
v -0.00161679 -0.0793303 0 
v -0.00123744 -0.0787626 0 
v -0.00175 -0.08 0 
v -0.000669696 -0.0816168 0 
v -0.00123744 -0.0812374 0 
v 0.00161679 -0.0793303 0 
v -0.000669696 -0.0783832 0 
v -0.00161679 -0.0806697 0 
v 1.07157e-19 -0.08175 0 
v 0.000669696 -0.0816168 0 
v 0.00161679 -0.0806697 0 
v 0.00123744 -0.0812374 0 
v 0.00175 -0.08 0 
v 0.01825 -0.08 0 
v 0.0183832 -0.0793303 0 
v 0.0183832 -0.0806697 0 
v 0.0193303 -0.0816168 0 
v 0.0187626 -0.0812374 0 
v 0.0193303 -0.0783832 0 
v 0.02 -0.07825 0 
v 0.0187626 -0.0787626 0 
v 0.024625 -0.07 0 
v 0.02 -0.08175 0 
v 0.0206697 -0.0816168 0 
v 0.0216168 -0.0806697 0 
v 0.0212374 -0.0812374 0 
v 0.02175 -0.08 0 
v 0.0206697 -0.0783832 0 
v 0.0212374 -0.0787626 0 
v 0.0216168 -0.0793303 0 
v 0.042625 -0.07 0 
v 0.042625 -0.09 0 
v 0.052141 -0.09 0 
v -0.0761923 -0.05 0 
v -0.0761923 -0.07 0 
v -0.0729423 -0.07 0 
v -0.0729423 -0.05 0 
v -0.064641 -0.07 0 
v -0.0612374 -0.0612374 0 
v -0.0616168 -0.0606697 0 
v -0.06 -0.06175 0 
v -0.057891 -0.05 0 
v -0.05825 -0.06 0 
v -0.0606697 -0.0616168 0 
v -0.0593303 -0.0616168 0 
v -0.0583832 -0.0606697 0 
v -0.0587626 -0.0587626 0 
v -0.0583832 -0.0593303 0 
v -0.06 -0.05825 0 
v -0.0593303 -0.0583832 0 
v -0.064641 -0.05 0 
v -0.0606697 -0.0583832 0 
v -0.06175 -0.06 0 
v -0.0587626 -0.0612374 0 
v -0.0612374 -0.0587626 0 
v -0.0616168 -0.0593303 0 
v -0.0416168 -0.0606697 0 
v -0.04175 -0.06 0 
v -0.0406697 -0.0583832 0 
v -0.04 -0.05825 0 
v -0.0412374 -0.0612374 0 
v -0.04 -0.06175 0 
v -0.024625 -0.05 0 
v -0.03825 -0.06 0 
v -0.0387626 -0.0587626 0 
v -0.0383832 -0.0593303 0 
v -0.0393303 -0.0583832 0 
v -0.0412374 -0.0587626 0 
v -0.0416168 -0.0593303 0 
v -0.0406697 -0.0616168 0 
v -0.0393303 -0.0616168 0 
v -0.0383832 -0.0606697 0 
v -0.0387626 -0.0612374 0 
v -0.0193303 -0.0616168 0 
v -0.02 -0.06175 0 
v -0.02175 -0.06 0 
v -0.0216168 -0.0593303 0 
v -0.0216168 -0.0606697 0 
v -0.0206697 -0.0616168 0 
v -0.0212374 -0.0612374 0 
v -0.01 -0.05 0 
v -0.02 -0.05825 0 
v -0.0212374 -0.0587626 0 
v -0.0206697 -0.0583832 0 
v -0.0183832 -0.0606697 0 
v -0.0187626 -0.0612374 0 
v -0.0193303 -0.0583832 0 
v -0.0187626 -0.0587626 0 
v -0.01825 -0.06 0 
v -0.0183832 -0.0593303 0 
v -0.00175 -0.06 0 
v -0.00161679 -0.0593303 0 
v -0.00123744 -0.0587626 0 
v -0.000669696 -0.0583832 0 
v -0.00161679 -0.0606697 0 
v 0.01 -0.05 0 
v -3.2147e-19 -0.05825 0 
v -0.000669696 -0.0616168 0 
v -0.00123744 -0.0612374 0 
v 0.000669696 -0.0616168 0 
v 1.07157e-19 -0.06175 0 
v 0.000669696 -0.0583832 0 
v 0.00161679 -0.0606697 0 
v 0.00123744 -0.0612374 0 
v 0.00175 -0.06 0 
v 0.00123744 -0.0587626 0 
v 0.00161679 -0.0593303 0 
v 0.02 -0.06175 0 
v 0.0193303 -0.0583832 0 
v 0.02 -0.05825 0 
v 0.01825 -0.06 0 
v 0.0183832 -0.0593303 0 
v 0.0183832 -0.0606697 0 
v 0.0193303 -0.0616168 0 
v 0.0187626 -0.0612374 0 
v 0.0206697 -0.0616168 0 
v 0.0187626 -0.0587626 0 
v 0.0216168 -0.0606697 0 
v 0.0212374 -0.0612374 0 
v 0.024625 -0.05 0 
v 0.0206697 -0.0583832 0 
v 0.0212374 -0.0587626 0 
v 0.02175 -0.06 0 
v 0.0216168 -0.0593303 0 
v 0.042625 -0.05 0 
v 0.052141 -0.07 0 
v -0.0833013 -0.0325 0 
v -0.0812374 -0.0387626 0 
v -0.0806697 -0.0383832 0 
v -0.0833013 -0.05 0 
v -0.0816168 -0.0406697 0 
v -0.08175 -0.04 0 
v -0.0816168 -0.0393303 0 
v -0.08 -0.04175 0 
v -0.0806697 -0.0416168 0 
v -0.0793303 -0.0416168 0 
v -0.0761923 -0.0325 0 
v -0.0793303 -0.0383832 0 
v -0.0787626 -0.0387626 0 
v -0.08 -0.03825 0 
v -0.0812374 -0.0412374 0 
v -0.0787626 -0.0412374 0 
v -0.0783832 -0.0406697 0 
v -0.07825 -0.04 0 
v -0.0783832 -0.0393303 0 
v -0.0729423 -0.0325 0 
v -0.057891 -0.0325 0 
v -0.0587626 -0.0387626 0 
v -0.0583832 -0.0393303 0 
v -0.06 -0.03825 0 
v -0.0593303 -0.0383832 0 
v -0.064641 -0.0325 0 
v -0.0606697 -0.0383832 0 
v -0.0616168 -0.0406697 0 
v -0.06175 -0.04 0 
v -0.0612374 -0.0387626 0 
v -0.0616168 -0.0393303 0 
v -0.0612374 -0.0412374 0 
v -0.06 -0.04175 0 
v -0.0606697 -0.0416168 0 
v -0.0587626 -0.0412374 0 
v -0.0593303 -0.0416168 0 
v -0.05825 -0.04 0 
v -0.0583832 -0.0406697 0 
v -0.0406697 -0.0383832 0 
v -0.04 -0.03825 0 
v -0.024625 -0.0325 0 
v -0.0387626 -0.0387626 0 
v -0.0383832 -0.0393303 0 
v -0.0393303 -0.0383832 0 
v -0.0412374 -0.0387626 0 
v -0.04175 -0.04 0 
v -0.0416168 -0.0393303 0 
v -0.0416168 -0.0406697 0 
v -0.04 -0.04175 0 
v -0.0412374 -0.0412374 0 
v -0.0406697 -0.0416168 0 
v -0.0387626 -0.0412374 0 
v -0.0393303 -0.0416168 0 
v -0.03825 -0.04 0 
v -0.0383832 -0.0406697 0 
v -0.0216168 -0.0406697 0 
v -0.02175 -0.04 0 
v -0.0212374 -0.0412374 0 
v -0.02 -0.04175 0 
v -0.0206697 -0.0416168 0 
v -0.01 -0.0325 0 
v -0.0193303 -0.0383832 0 
v -0.0187626 -0.0387626 0 
v -0.02 -0.03825 0 
v -0.0216168 -0.0393303 0 
v -0.0212374 -0.0387626 0 
v -0.0206697 -0.0383832 0 
v -0.0193303 -0.0416168 0 
v -0.01825 -0.04 0 
v -0.0183832 -0.0393303 0 
v -0.0187626 -0.0412374 0 
v -0.0183832 -0.0406697 0 
v -0.00161679 -0.0406697 0 
v -0.00175 -0.04 0 
v 0.01 -0.0325 0 
v -3.2147e-19 -0.03825 0 
v -0.00161679 -0.0393303 0 
v -0.00123744 -0.0412374 0 
v 0.000669696 -0.0383832 0 
v -0.00123744 -0.0387626 0 
v -0.000669696 -0.0383832 0 
v 1.07157e-19 -0.04175 0 
v 0.00123744 -0.0387626 0 
v -0.000669696 -0.0416168 0 
v 0.00175 -0.04 0 
v 0.00161679 -0.0393303 0 
v 0.00123744 -0.0412374 0 
v 0.000669696 -0.0416168 0 
v 0.00161679 -0.0406697 0 
v 0.0183832 -0.0406697 0 
v 0.01825 -0.04 0 
v 0.02 -0.04175 0 
v 0.0187626 -0.0412374 0 
v 0.0193303 -0.0416168 0 
v 0.024625 -0.0325 0 
v 0.0206697 -0.0383832 0 
v 0.0212374 -0.0387626 0 
v 0.0193303 -0.0383832 0 
v 0.02 -0.03825 0 
v 0.0183832 -0.0393303 0 
v 0.0187626 -0.0387626 0 
v 0.02175 -0.04 0 
v 0.0216168 -0.0393303 0 
v 0.0212374 -0.0412374 0 
v 0.0206697 -0.0416168 0 
v 0.0216168 -0.0406697 0 
v 0.042625 -0.0325 0 
v 0.052141 -0.05 0 
v -0.0965513 -0.01 0 
v -0.0965513 -0.0325 0 
v -0.0761923 -0.01 0 
v -0.0833013 -0.01 0 
v -0.08 -0.01825 0 
v -0.0793303 -0.0183832 0 
v -0.0816168 -0.0193303 0 
v -0.0812374 -0.0187626 0 
v -0.0787626 -0.0187626 0 
v -0.0806697 -0.0183832 0 
v -0.0816168 -0.0206697 0 
v -0.08175 -0.02 0 
v -0.08 -0.02175 0 
v -0.0806697 -0.0216168 0 
v -0.0793303 -0.0216168 0 
v -0.0783832 -0.0206697 0 
v -0.0787626 -0.0212374 0 
v -0.0783832 -0.0193303 0 
v -0.0812374 -0.0212374 0 
v -0.07825 -0.02 0 
v -0.0729423 -0.01 0 
v -0.064641 -0.01 0 
v -0.0606697 -0.0183832 0 
v -0.06 -0.01825 0 
v -0.057891 -0.01 0 
v -0.05825 -0.02 0 
v -0.0612374 -0.0187626 0 
v -0.06175 -0.02 0 
v -0.0616168 -0.0193303 0 
v -0.06 -0.02175 0 
v -0.0587626 -0.0212374 0 
v -0.0593303 -0.0216168 0 
v -0.0583832 -0.0206697 0 
v -0.0593303 -0.0183832 0 
v -0.0616168 -0.0206697 0 
v -0.0606697 -0.0216168 0 
v -0.0587626 -0.0187626 0 
v -0.0583832 -0.0193303 0 
v -0.0612374 -0.0212374 0 
v -0.024625 -0.01 0 
v -0.0216168 -0.0193303 0 
v -0.0212374 -0.0187626 0 
v -0.0206697 -0.0183832 0 
v -0.02175 -0.02 0 
v -0.0216168 -0.0206697 0 
v -0.0206697 -0.0216168 0 
v -0.0212374 -0.0212374 0 
v -0.01 -0.01 0 
v -0.02 -0.01825 0 
v -0.02 -0.02175 0 
v -0.0193303 -0.0216168 0 
v -0.0193303 -0.0183832 0 
v -0.0183832 -0.0206697 0 
v -0.0187626 -0.0212374 0 
v -0.0187626 -0.0187626 0 
v -0.01825 -0.02 0 
v -0.0183832 -0.0193303 0 
v -0.00161679 -0.0206697 0 
v -0.00175 -0.02 0 
v -0.000669696 -0.0216168 0 
v -0.00123744 -0.0212374 0 
v 0.01 -0.01 0 
v -3.2147e-19 -0.01825 0 
v -0.00161679 -0.0193303 0 
v -0.00123744 -0.0187626 0 
v -0.000669696 -0.0183832 0 
v 0.000669696 -0.0216168 0 
v 1.07157e-19 -0.02175 0 
v 0.00161679 -0.0206697 0 
v 0.00123744 -0.0212374 0 
v 0.00175 -0.02 0 
v 0.000669696 -0.0183832 0 
v 0.00123744 -0.0187626 0 
v 0.00161679 -0.0193303 0 
v 0.0193303 -0.0183832 0 
v 0.02 -0.01825 0 
v 0.0183832 -0.0193303 0 
v 0.0187626 -0.0187626 0 
v 0.01825 -0.02 0 
v 0.0183832 -0.0206697 0 
v 0.0193303 -0.0216168 0 
v 0.0187626 -0.0212374 0 
v 0.02 -0.02175 0 
v 0.024625 -0.01 0 
v 0.0206697 -0.0183832 0 
v 0.0206697 -0.0216168 0 
v 0.0216168 -0.0206697 0 
v 0.0212374 -0.0212374 0 
v 0.0212374 -0.0187626 0 
v 0.02175 -0.02 0 
v 0.0216168 -0.0193303 0 
v -0.0965513 0.00425 0 
v -0.0793303 -0.00161679 0 
v -0.08 -0.00175 0 
v -0.0783832 -0.000669696 0 
v -0.0787626 -0.00123744 0 
v -0.0761923 0.00425 0 
v -0.0793303 0.00161679 0 
v -0.0787626 0.00123744 0 
v -0.0833013 0.00425 0 
v -0.08 0.00175 0 
v -0.0816168 0.000669696 0 
v -0.0812374 0.00123744 0 
v -0.0816168 -0.000669696 0 
v -0.08175 -2.14313e-19 0 
v -0.0806697 -0.00161679 0 
v -0.0812374 -0.00123744 0 
v -0.0806697 0.00161679 0 
v -0.07825 0 0 
v -0.0783832 0.000669696 0 
v -0.0729423 0.00425 0 
v -0.064641 0.00425 0 
v -0.0606697 0.00161679 0 
v -0.06 0.00175 0 
v -0.06 -0.00175 0 
v -0.0587626 -0.00123744 0 
v -0.0593303 -0.00161679 0 
v -0.057891 0.00425 0 
v -0.0593303 0.00161679 0 
v -0.0612374 0.00123744 0 
v -0.0616168 -0.000669696 0 
v -0.06175 -2.14313e-19 0 
v -0.0587626 0.00123744 0 
v -0.0583832 0.000669696 0 
v -0.0612374 -0.00123744 0 
v -0.0606697 -0.00161679 0 
v -0.05825 0 0 
v -0.0616168 0.000669696 0 
v -0.0583832 -0.000669696 0 
v -0.0193303 -0.00161679 0 
v -0.02 -0.00175 0 
v -0.0183832 -0.000669696 0 
v -0.0187626 -0.00123744 0 
v -0.01 0.00425 0 
v -0.0193303 0.00161679 0 
v -0.0187626 0.00123744 0 
v -0.024625 0.00425 0 
v -0.02 0.00175 0 
v -0.0216168 0.000669696 0 
v -0.0212374 0.00123744 0 
v -0.0206697 -0.00161679 0 
v -0.0212374 -0.00123744 0 
v -0.0206697 0.00161679 0 
v -0.0216168 -0.000669696 0 
v -0.02175 -2.14313e-19 0 
v -0.01825 0 0 
v -0.0183832 0.000669696 0 
v 0.01 0.00425 0 
v -3.2147e-19 0.00175 0 
v -0.00123744 0.00123744 0 
v -0.000669696 0.00161679 0 
v -0.00161679 -0.000669696 0 
v -0.00175 -2.14313e-19 0 
v 0.000669696 0.00161679 0 
v 0.00123744 0.00123744 0 
v 0.00161679 0.000669696 0 
v -0.00161679 0.000669696 0 
v -0.00123744 -0.00123744 0 
v -0.000669696 -0.00161679 0 
v 1.07157e-19 -0.00175 0 
v 0.00175 0 0 
v 0.000669696 -0.00161679 0 
v 0.00161679 -0.000669696 0 
v 0.00123744 -0.00123744 0 
v 0.02 -0.00175 0 
v 0.0206697 -0.00161679 0 
v 0.0216168 -0.000669696 0 
v 0.0212374 -0.00123744 0 
v 0.024625 0.00425 0 
v 0.0206697 0.00161679 0 
v 0.0212374 0.00123744 0 
v 0.0193303 0.00161679 0 
v 0.02 0.00175 0 
v 0.0183832 0.000669696 0 
v 0.0187626 0.00123744 0 
v 0.0193303 -0.00161679 0 
v 0.0187626 -0.00123744 0 
v 0.0183832 -0.000669696 0 
v 0.01825 -2.14313e-19 0 
v 0.02175 0 0 
v 0.0216168 0.000669696 0 
v -0.0965513 0.0195897 0 
v -0.0833013 0.0195897 0 
v -0.0761923 0.0195897 0 
v -0.0729423 0.0195897 0 
v -0.0965513 0.0230897 0 
v -0.0761923 0.0230897 0 
v -0.0729423 0.0230897 0 
v -0.064641 0.0195897 0 
v 0.042625 0.0230897 0 
v 0.042625 0.0195897 0 
v 0.052141 0.0195897 0 
v -0.0761923 0.0357147 0 
v -0.0729423 0.0357147 0 
v -0.064641 0.0230897 0 
v -0.064641 0.0357147 0 
v -0.057891 0.0230897 0 
v -0.057891 0.0357147 0 
v -0.024625 0.0230897 0 
v -0.024625 0.0357147 0 
v -0.01 0.0230897 0 
v -0.01 0.0357147 0 
v 0.01 0.0230897 0 
v 0.01 0.0357147 0 
v 0.024625 0.0230897 0 
v 0.024625 0.0357147 0 
v 0.039375 0.0230897 0 
v 0.039375 0.0357147 0 
v 0.042625 0.0357147 0 
v 0.052141 0.0230897 0 
v 0.052141 0.0357147 0 
v 0.061391 0.0230897 0 
v -0.0965513 0.040875 0 
v -0.0965513 0.0357147 0 
v -0.0833013 0.0357147 0 
v -0.0833013 0.040875 0 
v -0.0761923 0.040875 0 
v -0.064641 0.040875 0 
v -0.057891 0.040875 0 
v -0.029574 0.0398858 0 
v -0.029 0.04 0 
v -0.0303858 0.039074 0 
v -0.0300607 0.0395607 0 
v -0.0303858 0.037926 0 
v -0.0305 0.0385 0 
v -0.024625 0.040875 0 
v -0.028426 0.0398858 0 
v -0.029 0.037 0 
v -0.0276142 0.037926 0 
v -0.0279393 0.0374393 0 
v -0.0300607 0.0374393 0 
v -0.029574 0.0371142 0 
v -0.028426 0.0371142 0 
v -0.0279393 0.0395607 0 
v -0.0276142 0.039074 0 
v -0.0275 0.0385 0 
v -0.01 0.040875 0 
v 0.01 0.040875 0 
v 0.039375 0.040875 0 
v 0.024625 0.040875 0 
v 0.029 0.04 0 
v 0.0276142 0.039074 0 
v 0.0279393 0.0395607 0 
v 0.0276142 0.037926 0 
v 0.0275 0.0385 0 
v 0.029574 0.0398858 0 
v 0.028426 0.0398858 0 
v 0.029574 0.0371142 0 
v 0.029 0.037 0 
v 0.0303858 0.037926 0 
v 0.0300607 0.0374393 0 
v 0.0279393 0.0374393 0 
v 0.028426 0.0371142 0 
v 0.0300607 0.0395607 0 
v 0.0303858 0.039074 0 
v 0.0305 0.0385 0 
v 0.042625 0.040875 0 
v 0.052141 0.040875 0 
v 0.061391 0.0357147 0 
v -0.0833013 0.0536603 0 
v -0.0761923 0.0536603 0 
v -0.0729423 0.040875 0 
v -0.064641 0.0536603 0 
v -0.057891 0.0536603 0 
v -0.024625 0.0536603 0 
v -0.01 0.0536603 0 
v 0.01 0.0536603 0 
v 0.024625 0.0536603 0 
v 0.039375 0.0536603 0 
v 0.042625 0.0536603 0 
v 0.052141 0.0536603 0 
v 0.061391 0.040875 0 
v -0.0833013 0.0569103 0 
v -0.0761923 0.0569103 0 
v -0.0729423 0.0536603 0 
v -0.0729423 0.0569103 0 
v -0.024625 0.0569103 0 
v -0.01 0.0569103 0 
v 0.01 0.0569103 0 
v 0.024625 0.0569103 0 
v 0.039375 0.0569103 0 
v 0.042625 0.0569103 0 
v -0.0833013 0.0636603 0 
v -0.0761923 0.0636603 0 
v -0.0729423 0.0636603 0 
v -0.064641 0.0569103 0 
v -0.01 0.0636603 0 
v -0.024625 0.0636603 0 
v -0.02 0.06175 0 
v -0.02175 0.06 0 
v -0.0212374 0.0587626 0 
v -0.0216168 0.0593303 0 
v -0.02 0.05825 0 
v -0.0206697 0.0583832 0 
v -0.0193303 0.0616168 0 
v -0.0216168 0.0606697 0 
v -0.0183832 0.0606697 0 
v -0.01825 0.06 0 
v -0.0187626 0.0612374 0 
v -0.0212374 0.0612374 0 
v -0.0206697 0.0616168 0 
v -0.0193303 0.0583832 0 
v -0.0187626 0.0587626 0 
v -0.0183832 0.0593303 0 
v -0.00175 0.06 0 
v -0.000669696 0.0616168 0 
v -3.2147e-19 0.06175 0 
v -0.00161679 0.0606697 0 
v -0.00123744 0.0587626 0 
v -0.00161679 0.0593303 0 
v 0.01 0.0636603 0 
v 0.000669696 0.0616168 0 
v -0.00123744 0.0612374 0 
v 0.00161679 0.0606697 0 
v 0.00175 0.06 0 
v 0.00123744 0.0612374 0 
v 1.07157e-19 0.05825 0 
v -0.000669696 0.0583832 0 
v 0.000669696 0.0583832 0 
v 0.00123744 0.0587626 0 
v 0.00161679 0.0593303 0 
v 0.02 0.05825 0 
v 0.01825 0.06 0 
v 0.0187626 0.0587626 0 
v 0.0183832 0.0593303 0 
v 0.0193303 0.0583832 0 
v 0.024625 0.0636603 0 
v 0.02 0.06175 0 
v 0.0206697 0.0616168 0 
v 0.0193303 0.0616168 0 
v 0.0183832 0.0606697 0 
v 0.0216168 0.0606697 0 
v 0.02175 0.06 0 
v 0.0212374 0.0612374 0 
v 0.0187626 0.0612374 0 
v 0.0212374 0.0587626 0 
v 0.0206697 0.0583832 0 
v 0.0216168 0.0593303 0 
v 0.042625 0.0636603 0 
v 0.052141 0.0569103 0 
v -0.03325 0.00275 0 
v -0.0335484 0.00425 0 
v -0.03725 -0.02675 0 
v -0.04275 -0.02675 0 
v -0.0442807 -0.0264455 0 
v -0.0455784 -0.0255784 0 
v -0.0357193 -0.0264455 0 
v -0.04675 -0.02275 0 
v -0.0335545 -0.0242807 0 
v -0.0344216 -0.0255784 0 
v -0.0464455 -0.0242807 0 
v -0.03325 -0.01 0 
v -0.03325 -0.02275 0 
v -0.04675 -0.01 0 
v -0.04675 0.00275 0 
v 0.03325 -0.01 0 
v 0.03325 0.00275 0 
v 0.0455784 0.00557843 0 
v 0.0464455 0.00428073 0 
v 0.04275 0.00675 0 
v 0.0442807 0.00644552 0 
v 0.042625 0.00675 0 
v 0.052141 0.00425 0 
v 0.052141 -0.01 0 
v 0.04675 0.00275 0 
v 0.0464516 0.00425 0 
v 0.052141 -0.0325 0 
v 0.0442807 -0.0264455 0 
v 0.04275 -0.02675 0 
v 0.0455784 -0.0255784 0 
v 0.04675 -0.01 0 
v 0.04675 -0.02275 0 
v 0.0464455 -0.0242807 0 
v 0.039375 -0.02675 0 
v 0.039375 -0.0325 0 
v 0.03725 -0.02675 0 
v 0.0357193 -0.0264455 0 
v 0.03325 -0.02275 0 
v 0.0344216 -0.0255784 0 
v 0.0335545 -0.0242807 0 
v -0.0833013 0.0230897 0 
v -0.0948675 0.0324511 0 
v -0.0963741 0.0344145 0 
v -0.0957275 0.034195 0 
v -0.0955372 0.0312911 0 
v -0.095087 0.0318045 0 
v -0.0952142 0.0337448 0 
v -0.0965513 0.0344029 0 
v -0.0961496 0.0309891 0 
v -0.0949122 0.0331324 0 
v 0.061391 0.0536603 0 
v 0.0595105 0.0555855 0 
v 0.0588291 0.0556301 0 
v 0.061391 0.0569103 0 
v 0.0609724 0.0568676 0 
v 0.0606704 0.0562552 0 
v 0.0582167 0.0559321 0 
v 0.060157 0.055805 0 
v 0.0609752 0.0569103 0 
v 0.0577665 0.0564455 0 
v 0.0576087 0.0569103 0 
v 0.052141 0.0636603 0 
v 0.058407 0.0588361 0 
v 0.0590536 0.0590555 0 
v 0.0575917 0.0577734 0 
v 0.061391 0.0636603 0 
v 0.0607976 0.0581955 0 
v 0.0610171 0.0575489 0 
v 0.059735 0.0590109 0 
v 0.0603474 0.0587089 0 
v 0.0578937 0.0583858 0 
v 0.057547 0.0570921 0 
v -0.0678937 0.0410653 0 
v -0.069735 0.0416904 0 
v -0.0690536 0.041735 0 
v -0.068407 0.0415155 0 
v -0.0707976 0.040875 0 
v -0.0703474 0.0413884 0 
v -0.067547 0.0397716 0 
v -0.0688291 0.0383096 0 
v -0.0695105 0.038265 0 
v -0.0675917 0.0404529 0 
v -0.070157 0.0384845 0 
v -0.0706704 0.0389347 0 
v -0.0677665 0.039125 0 
v -0.0682167 0.0386116 0 
v -0.0709724 0.0395471 0 
v -0.0710171 0.0402284 0 
v -0.0677998 0.040875 0 
v -0.0778937 0.0237448 0 
v -0.079735 0.0243699 0 
v -0.0790536 0.0244145 0 
v -0.0775917 0.0231324 0 
v -0.078407 0.024195 0 
v -0.0803474 0.0240679 0 
v -0.0807976 0.0235545 0 
v -0.0809553 0.0230897 0 
v -0.0788291 0.0209891 0 
v -0.0795105 0.0209445 0 
v -0.080157 0.0211639 0 
v -0.0806704 0.0216142 0 
v -0.077547 0.0224511 0 
v -0.0809724 0.0222266 0 
v -0.0777665 0.0218045 0 
v -0.0782167 0.0212911 0 
v -0.0775889 0.0230897 0 
v -0.0810171 0.0229079 0 
v -0.057891 0.0636603 0 
v -0.064641 0.0636603 0 
v -0.059735 0.0590109 0 
v -0.0590536 0.0590555 0 
v -0.0607976 0.0581955 0 
v -0.0603474 0.0587089 0 
v -0.058407 0.0588361 0 
v -0.0578937 0.0583858 0 
v -0.0610171 0.0575489 0 
v -0.0609752 0.0569103 0 
v -0.0383832 0.0606697 0 
v -0.03825 0.06 0 
v -0.0406697 0.0616168 0 
v -0.04 0.06175 0 
v -0.057891 0.0583805 0 
v -0.04175 0.06 0 
v -0.0416168 0.0593303 0 
v -0.0575917 0.0577734 0 
v -0.0387626 0.0612374 0 
v -0.0393303 0.0616168 0 
v -0.0412374 0.0612374 0 
v -0.0416168 0.0606697 0 
v -0.057547 0.0570921 0 
v -0.0412374 0.0587626 0 
v -0.0576087 0.0569103 0 
v -0.04 0.05825 0 
v -0.0406697 0.0583832 0 
v -0.0387626 0.0587626 0 
v -0.0393303 0.0583832 0 
v -0.0383832 0.0593303 0 
v -0.0577665 0.0564455 0 
v -0.057891 0.0563035 0 
v -0.0606704 0.0562552 0 
v -0.0609724 0.0568676 0 
v -0.0582167 0.0559321 0 
v -0.0588291 0.0556301 0 
v -0.0595105 0.0555855 0 
v -0.060157 0.055805 0 
v -0.00123744 0.0187626 0 
v -0.00161679 0.0193303 0 
v -0.000669696 0.0183832 0 
v 1.07157e-19 0.01825 0 
v 0.01 0.0195897 0 
v 0.00161679 0.0193303 0 
v -0.01 0.0195897 0 
v 0.000669696 0.0183832 0 
v 0.00123744 0.0187626 0 
v 0.0016684 0.0195897 0 
v -0.00175 0.02 0 
v 0.00161679 0.0206697 0 
v 0.00175 0.02 0 
v -3.2147e-19 0.02175 0 
v -0.00161679 0.0206697 0 
v -0.00123744 0.0212374 0 
v -0.0016684 0.0195897 0 
v 0.000669696 0.0216168 0 
v 0.00123744 0.0212374 0 
v -0.000669696 0.0216168 0 
v 0.0387626 -0.0787626 0 
v 0.0393303 -0.0783832 0 
v 0.0383832 -0.0793303 0 
v 0.03825 -0.08 0 
v 0.0387626 -0.0812374 0 
v 0.0383832 -0.0806697 0 
v 0.039375 -0.09 0 
v 0.0393303 -0.0816168 0 
v 0.039375 -0.0816257 0 
v 0.039375 -0.07 0 
v 0.0416168 -0.0793303 0 
v 0.04175 -0.08 0 
v 0.0406697 -0.0816168 0 
v 0.04 -0.08175 0 
v 0.0416168 -0.0806697 0 
v 0.0412374 -0.0787626 0 
v 0.04 -0.07825 0 
v 0.0412374 -0.0812374 0 
v 0.0406697 -0.0783832 0 
v 0.039375 -0.0783743 0 
v 0.061391 -0.01 0 
v 0.0593303 -0.0183832 0 
v 0.061391 -0.0325 0 
v 0.06 -0.02175 0 
v 0.0593303 -0.0216168 0 
v 0.0587626 -0.0187626 0 
v 0.05825 -0.02 0 
v 0.0583832 -0.0193303 0 
v 0.0612374 -0.0212374 0 
v 0.0606697 -0.0216168 0 
v 0.06 -0.01825 0 
v 0.0606697 -0.0183832 0 
v 0.0583832 -0.0206697 0 
v 0.0587626 -0.0212374 0 
v 0.061391 -0.0210076 0 
v 0.0612374 -0.0187626 0 
v 0.0587626 -0.0612374 0 
v 0.0583832 -0.0606697 0 
v 0.061391 -0.07 0 
v 0.06 -0.06175 0 
v 0.0593303 -0.0616168 0 
v 0.0606697 -0.0616168 0 
v 0.061391 -0.05 0 
v 0.06 -0.05825 0 
v 0.0606697 -0.0583832 0 
v 0.0593303 -0.0583832 0 
v 0.05825 -0.06 0 
v 0.061391 -0.0610076 0 
v 0.0612374 -0.0612374 0 
v 0.0612374 -0.0587626 0 
v 0.0587626 -0.0587626 0 
v 0.0583832 -0.0593303 0 
v 0.0387626 -0.0387626 0 
v 0.0393303 -0.0383832 0 
v 0.03825 -0.04 0 
v 0.0383832 -0.0393303 0 
v 0.0383832 -0.0406697 0 
v 0.0387626 -0.0412374 0 
v 0.039375 -0.05 0 
v 0.0393303 -0.0416168 0 
v 0.039375 -0.0416257 0 
v 0.04 -0.03825 0 
v 0.0412374 -0.0387626 0 
v 0.0416168 -0.0393303 0 
v 0.0406697 -0.0383832 0 
v 0.0406697 -0.0416168 0 
v 0.04 -0.04175 0 
v 0.04175 -0.04 0 
v 0.0412374 -0.0412374 0 
v 0.0416168 -0.0406697 0 
v 0.039375 -0.0383743 0 
v 0.0187626 0.0187626 0 
v 0.0183832 0.0193303 0 
v 0.0193303 0.0183832 0 
v 0.02 0.01825 0 
v 0.024625 0.0195897 0 
v 0.0216168 0.0193303 0 
v 0.0212374 0.0187626 0 
v 0.0216684 0.0195897 0 
v 0.0206697 0.0183832 0 
v 0.0216168 0.0206697 0 
v 0.02 0.02175 0 
v 0.0206697 0.0216168 0 
v 0.0193303 0.0216168 0 
v 0.0183832 0.0206697 0 
v 0.0187626 0.0212374 0 
v 0.01825 0.02 0 
v 0.02175 0.02 0 
v 0.0212374 0.0212374 0 
v 0.0183316 0.0195897 0 
v -0.057891 0.0195897 0 
v -0.0583832 0.0193303 0 
v -0.06 0.01825 0 
v -0.0587626 0.0187626 0 
v -0.0593303 0.0183832 0 
v -0.0583316 0.0195897 0 
v -0.0612374 0.0187626 0 
v -0.0606697 0.0183832 0 
v -0.0616168 0.0193303 0 
v -0.0606697 0.0216168 0 
v -0.06 0.02175 0 
v -0.06175 0.02 0 
v -0.0616168 0.0206697 0 
v -0.0612374 0.0212374 0 
v -0.0583832 0.0206697 0 
v -0.0593303 0.0216168 0 
v -0.0587626 0.0212374 0 
v -0.0616684 0.0195897 0 
v -0.05825 0.02 0 
v -0.024625 0.0195897 0 
v -0.0212374 0.0187626 0 
v -0.0216168 0.0193303 0 
v -0.0206697 0.0183832 0 
v -0.0183832 0.0193303 0 
v -0.02 0.01825 0 
v -0.0193303 0.0183832 0 
v -0.0183316 0.0195897 0 
v -0.0187626 0.0187626 0 
v -0.02 0.02175 0 
v -0.0183832 0.0206697 0 
v -0.01825 0.02 0 
v -0.0193303 0.0216168 0 
v -0.0216168 0.0206697 0 
v -0.0212374 0.0212374 0 
v -0.02175 0.02 0 
v -0.0187626 0.0212374 0 
v -0.0206697 0.0216168 0 
v -0.0216684 0.0195897 0 
v 0.061391 0.00425 0 
v 0.06 0.01825 0 
v 0.0593303 0.0183832 0 
v 0.0612374 0.0187626 0 
v 0.0606697 0.0183832 0 
v 0.0587626 0.0187626 0 
v 0.0583832 0.0193303 0 
v 0.061391 0.0189924 0 
v 0.0593303 0.0216168 0 
v 0.05825 0.02 0 
v 0.0587626 0.0212374 0 
v 0.0583832 0.0206697 0 
v 0.06 0.02175 0 
v 0.0606697 0.0216168 0 
v 0.0612374 0.0212374 0 
v 0.0583316 0.0195897 0 
v 0.0593303 0.00161679 0 
v 0.06 -0.00175 0 
v 0.0593303 -0.00161679 0 
v 0.0612374 -0.00123744 0 
v 0.0606697 -0.00161679 0 
v 0.06 0.00175 0 
v 0.0606697 0.00161679 0 
v 0.0587626 0.00123744 0 
v 0.0583832 -0.000669696 0 
v 0.05825 -2.14313e-19 0 
v 0.0587626 -0.00123744 0 
v 0.0612374 0.00123744 0 
v 0.0583832 0.000669696 0 
v 0.061391 -0.00100759 0 
v 0.0387626 -0.0587626 0 
v 0.0393303 -0.0583832 0 
v 0.0383832 -0.0606697 0 
v 0.03825 -0.06 0 
v 0.0383832 -0.0593303 0 
v 0.0387626 -0.0612374 0 
v 0.0393303 -0.0616168 0 
v 0.039375 -0.0616257 0 
v 0.04175 -0.06 0 
v 0.04 -0.05825 0 
v 0.0406697 -0.0616168 0 
v 0.04 -0.06175 0 
v 0.0416168 -0.0606697 0 
v 0.0412374 -0.0587626 0 
v 0.0416168 -0.0593303 0 
v 0.0406697 -0.0583832 0 
v 0.0412374 -0.0612374 0 
v 0.039375 -0.0583743 0 
v 0.06 -0.03825 0 
v 0.0606697 -0.0383832 0 
v 0.0593303 -0.0383832 0 
v 0.0583832 -0.0406697 0 
v 0.05825 -0.04 0 
v 0.0612374 -0.0387626 0 
v 0.0587626 -0.0387626 0 
v 0.0583832 -0.0393303 0 
v 0.0587626 -0.0412374 0 
v 0.06 -0.04175 0 
v 0.0593303 -0.0416168 0 
v 0.0612374 -0.0412374 0 
v 0.0606697 -0.0416168 0 
v 0.061391 -0.0410076 0 
v 0.0406697 0.0183832 0 
v 0.04 0.01825 0 
v 0.0416168 0.0193303 0 
v 0.0412374 0.0187626 0 
v 0.0416684 0.0195897 0 
v 0.039375 0.00675 0 
v 0.0335484 0.00425 0 
v 0.0335545 0.00428073 0 
v 0.0387626 0.0187626 0 
v 0.0383832 0.0193303 0 
v 0.039375 0.0183743 0 
v 0.0357193 0.00644552 0 
v 0.03725 0.00675 0 
v 0.0344216 0.00557843 0 
v 0.0393303 0.0183832 0 
v 0.0383316 0.0195897 0 
v 0.03825 0.02 0 
v 0.0387626 0.0212374 0 
v 0.0383832 0.0206697 0 
v 0.0393303 0.0216168 0 
v 0.04 0.02175 0 
v 0.0406697 0.0216168 0 
v 0.0416168 0.0206697 0 
v 0.0412374 0.0212374 0 
v 0.039375 0.0216257 0 
v 0.04175 0.02 0 
v -0.0383832 0.0193303 0 
v -0.03725 0.00675 0 
v -0.0357193 0.00644552 0 
v -0.04275 0.00675 0 
v -0.0464516 0.00425 0 
v -0.0464455 0.00428073 0 
v -0.0344216 0.00557843 0 
v -0.0335545 0.00428073 0 
v -0.0442807 0.00644552 0 
v -0.0412374 0.0187626 0 
v -0.0387626 0.0187626 0 
v -0.0383316 0.0195897 0 
v -0.0416168 0.0193303 0 
v -0.04 0.01825 0 
v -0.0406697 0.0183832 0 
v -0.0393303 0.0183832 0 
v -0.0455784 0.00557843 0 
v -0.0416684 0.0195897 0 
v -0.04175 0.02 0 
v -0.0416168 0.0206697 0 
v -0.0406697 0.0216168 0 
v -0.04 0.02175 0 
v -0.0412374 0.0212374 0 
v -0.0383832 0.0206697 0 
v -0.03825 0.02 0 
v -0.0393303 0.0216168 0 
v -0.0387626 0.0212374 0 
v 0.039375 0.0636603 0 
v 0.0387626 0.0612374 0 
v 0.03825 0.06 0 
v 0.0393303 0.0616168 0 
v 0.0383832 0.0606697 0 
v 0.0387626 0.0587626 0 
v 0.0383832 0.0593303 0 
v 0.0393303 0.0583832 0 
v 0.039375 0.0583743 0 
v 0.0416168 0.0606697 0 
v 0.04175 0.06 0 
v 0.04 0.06175 0 
v 0.0406697 0.0616168 0 
v 0.0412374 0.0612374 0 
v 0.0406697 0.0583832 0 
v 0.0412374 0.0587626 0 
v 0.0416168 0.0593303 0 
v 0.039375 0.0616257 0 
v 0.04 0.05825 0 
v 0.025 -0.105 0 
v 0.028882 -0.103375 0 
v 0.039375 -0.0989827 0 
v 0.042625 -0.0976222 0 
v 0.052141 -0.0936389 0 
v 0.0572536 -0.0914988 0 
v 0.0593303 -0.0783832 0 
v 0.05825 -0.08 0 
v 0.0587626 -0.0812374 0 
v 0.0583832 -0.0806697 0 
v 0.0589562 -0.09 0 
v 0.06 -0.08175 0 
v 0.0593303 -0.0816168 0 
v 0.061391 -0.0878567 0 
v 0.06 -0.07825 0 
v 0.0583832 -0.0793303 0 
v 0.0606697 -0.0816168 0 
v 0.0606697 -0.0783832 0 
v 0.0587626 -0.0787626 0 
v 0.0612374 -0.0812374 0 
v 0.0612374 -0.0787626 0 
v 0.061391 -0.0810076 0 
v 0.0816761 -0.07 0 
v 0.0616168 -0.0806697 0 
v 0.061391 -0.0789924 0 
v 0.06175 -0.08 0 
v 0.0616168 -0.0793303 0 
v 0.0793303 -0.0583832 0 
v 0.08 -0.05825 0 
v 0.0787626 -0.0587626 0 
v 0.0783832 -0.0593303 0 
v 0.0616168 -0.0593303 0 
v 0.06175 -0.06 0 
v 0.061391 -0.0589924 0 
v 0.0941195 -0.05 0 
v 0.0806697 -0.0583832 0 
v 0.0812374 -0.0587626 0 
v 0.0783832 -0.0606697 0 
v 0.0616168 -0.0606697 0 
v 0.07825 -0.06 0 
v 0.0793303 -0.0616168 0 
v 0.08 -0.06175 0 
v 0.0834989 -0.0683954 0 
v 0.0787626 -0.0612374 0 
v 0.0806697 -0.0616168 0 
v 0.0816168 -0.0593303 0 
v 0.0816168 -0.0606697 0 
v 0.0812374 -0.0612374 0 
v 0.08175 -0.06 0 
v 0.0616168 -0.0406697 0 
v 0.08 -0.04175 0 
v 0.0783832 -0.0393303 0 
v 0.0616168 -0.0393303 0 
v 0.06175 -0.04 0 
v 0.0806697 -0.0416168 0 
v 0.0787626 -0.0387626 0 
v 0.0793303 -0.0383832 0 
v 0.0783832 -0.0406697 0 
v 0.07825 -0.04 0 
v 0.061391 -0.0389924 0 
v 0.0793303 -0.0416168 0 
v 0.0812374 -0.0412374 0 
v 0.102109 -0.0325 0 
v 0.0806697 -0.0383832 0 
v 0.0812374 -0.0387626 0 
v 0.08 -0.03825 0 
v 0.0787626 -0.0412374 0 
v 0.0816168 -0.0406697 0 
v 0.100982 -0.0381145 0 
v 0.08175 -0.04 0 
v 0.0816168 -0.0393303 0 
v 0.0816168 -0.0193303 0 
v 0.0987626 -0.0187626 0 
v 0.0993303 -0.0183832 0 
v 0.106629 -0.01 0 
v 0.1 -0.01825 0 
v 0.10067 -0.0183832 0 
v 0.0983832 -0.0193303 0 
v 0.101237 -0.0187626 0 
v 0.08175 -0.02 0 
v 0.09825 -0.02 0 
v 0.08 -0.01825 0 
v 0.0616168 -0.0206697 0 
v 0.08 -0.02175 0 
v 0.101617 -0.0193303 0 
v 0.0983832 -0.0206697 0 
v 0.1 -0.02175 0 
v 0.0993303 -0.0216168 0 
v 0.0806697 -0.0183832 0 
v 0.0783832 -0.0193303 0 
v 0.0787626 -0.0187626 0 
v 0.0806697 -0.0216168 0 
v 0.0816168 -0.0206697 0 
v 0.0987626 -0.0212374 0 
v 0.0812374 -0.0187626 0 
v 0.0793303 -0.0183832 0 
v 0.0616168 -0.0193303 0 
v 0.06175 -0.02 0 
v 0.061391 -0.0189924 0 
v 0.0812374 -0.0212374 0 
v 0.10067 -0.0216168 0 
v 0.101617 -0.0206697 0 
v 0.101237 -0.0212374 0 
v 0.0783832 -0.0206697 0 
v 0.07825 -0.02 0 
v 0.0793303 -0.0216168 0 
v 0.10175 -0.02 0 
v 0.0787626 -0.0212374 0 
v 0.0616168 -0.000669696 0 
v 0.08 -0.00175 0 
v 0.106834 0.00425 0 
v 0.10067 0.00161679 0 
v 0.101237 0.00123744 0 
v 0.0993303 0.00161679 0 
v 0.1 0.00175 0 
v 0.0983832 0.000669696 0 
v 0.0987626 0.00123744 0 
v 0.0816168 0.000669696 0 
v 0.08175 0 0 
v 0.1 -0.00175 0 
v 0.0993303 -0.00161679 0 
v 0.0806697 0.00161679 0 
v 0.0812374 0.00123744 0 
v 0.08 0.00175 0 
v 0.0783832 0.000669696 0 
v 0.0787626 0.00123744 0 
v 0.0806697 -0.00161679 0 
v 0.0816168 -0.000669696 0 
v 0.107867 -0.00383371 0 
v 0.101617 -0.000669696 0 
v 0.101237 -0.00123744 0 
v 0.0983832 -0.000669696 0 
v 0.09825 -2.14313e-19 0 
v 0.0987626 -0.00123744 0 
v 0.0793303 0.00161679 0 
v 0.0616168 0.000669696 0 
v 0.06175 0 0 
v 0.061391 0.00100759 0 
v 0.0812374 -0.00123744 0 
v 0.10067 -0.00161679 0 
v 0.101617 0.000669696 0 
v 0.10175 0 0 
v 0.0793303 -0.00161679 0 
v 0.0783832 -0.000669696 0 
v 0.07825 -2.14313e-19 0 
v 0.0787626 -0.00123744 0 
v 0.1 0.01825 0 
v 0.0993303 0.0183832 0 
v 0.104872 0.0195897 0 
v 0.101617 0.0193303 0 
v 0.101237 0.0187626 0 
v 0.0983832 0.0193303 0 
v 0.0616168 0.0193303 0 
v 0.0983316 0.0195897 0 
v 0.0616684 0.0195897 0 
v 0.0987626 0.0187626 0 
v 0.10067 0.0183832 0 
v 0.101668 0.0195897 0 
v 0.06175 0.02 0 
v 0.09825 0.02 0 
v 0.0795105 0.0209445 0 
v 0.080157 0.0211639 0 
v 0.104425 0.0230897 0 
v 0.1 0.02175 0 
v 0.10067 0.0216168 0 
v 0.0809553 0.0230897 0 
v 0.0993303 0.0216168 0 
v 0.0983832 0.0206697 0 
v 0.0987626 0.0212374 0 
v 0.0788291 0.0209891 0 
v 0.0809724 0.0222266 0 
v 0.0806704 0.0216142 0 
v 0.0810171 0.0229079 0 
v 0.101617 0.0206697 0 
v 0.101237 0.0212374 0 
v 0.0777665 0.0218045 0 
v 0.077547 0.0224511 0 
v 0.10175 0.02 0 
v 0.0782167 0.0212911 0 
v 0.0775889 0.0230897 0 
v 0.061391 0.0210076 0 
v 0.0616168 0.0206697 0 
v 0.0803474 0.0240679 0 
v 0.0807976 0.0235545 0 
v 0.095087 0.0318045 0 
v 0.0948675 0.0324511 0 
v 0.0955372 0.0312911 0 
v 0.096831 0.0309445 0 
v 0.0961496 0.0309891 0 
v 0.0949122 0.0331324 0 
v 0.0790536 0.0244145 0 
v 0.100624 0.0357147 0 
v 0.0981181 0.0335545 0 
v 0.0983376 0.0329079 0 
v 0.0974775 0.0311639 0 
v 0.103433 0.0308494 0 
v 0.0982929 0.0322266 0 
v 0.0979909 0.0316142 0 
v 0.078407 0.024195 0 
v 0.0976679 0.0340679 0 
v 0.0963741 0.0344145 0 
v 0.079735 0.0243699 0 
v 0.0775917 0.0231324 0 
v 0.0778937 0.0237448 0 
v 0.0970555 0.0343699 0 
v 0.0957275 0.034195 0 
v 0.0952142 0.0337448 0 
v 0.0677665 0.039125 0 
v 0.067547 0.0397716 0 
v 0.0682167 0.0386116 0 
v 0.0695105 0.038265 0 
v 0.0688291 0.0383096 0 
v 0.070157 0.0384845 0 
v 0.0709724 0.0395471 0 
v 0.0706704 0.0389347 0 
v 0.0976444 0.040875 0 
v 0.0675917 0.0404529 0 
v 0.0707976 0.040875 0 
v 0.0710171 0.0402284 0 
v 0.068407 0.0415155 0 
v 0.0849858 0.0493303 0 
v 0.0848525 0.05 0 
v 0.0902628 0.0536603 0 
v 0.0859328 0.0516168 0 
v 0.0678937 0.0410653 0 
v 0.0677998 0.040875 0 
v 0.0703474 0.0413884 0 
v 0.0866025 0.04825 0 
v 0.0853651 0.0512374 0 
v 0.069735 0.0416904 0 
v 0.0859328 0.0483832 0 
v 0.0849858 0.0506697 0 
v 0.0853651 0.0487626 0 
v 0.0690536 0.041735 0 
v 0.0872722 0.0516168 0 
v 0.08784 0.0512374 0 
v 0.08784 0.0487626 0 
v 0.0872722 0.0483832 0 
v 0.0866025 0.05175 0 
v 0.0882193 0.0493303 0 
v 0.0883525 0.05 0 
v 0.0882193 0.0506697 0 
v 0.0883864 0.0569103 0 
v 0.0844893 0.0636603 0 
v 0.0616168 0.0793303 0 
v 0.0757275 0.0688361 0 
v 0.0763741 0.0690555 0 
v 0.0784327 0.0741506 0 
v 0.061391 0.0789924 0 
v 0.0752142 0.0683858 0 
v 0.0748675 0.0670921 0 
v 0.0749122 0.0677734 0 
v 0.06175 0.08 0 
v 0.061391 0.0871263 0 
v 0.061391 0.0810076 0 
v 0.075087 0.0664455 0 
v 0.076831 0.0655855 0 
v 0.0616168 0.0806697 0 
v 0.0755372 0.0659321 0 
v 0.0774775 0.065805 0 
v 0.0761496 0.0656301 0 
v 0.0779909 0.0662552 0 
v 0.0781181 0.0681955 0 
v 0.0782929 0.0668676 0 
v 0.0776679 0.0687089 0 
v 0.0770555 0.0690109 0 
v 0.0783376 0.0675489 0 
v 0.0583832 0.0793303 0 
v 0.05825 0.08 0 
v 0.052141 0.0941694 0 
v 0.0593303 0.0816168 0 
v 0.06 0.08175 0 
v 0.0587626 0.0787626 0 
v 0.06 0.07825 0 
v 0.0583832 0.0806697 0 
v 0.0593303 0.0783832 0 
v 0.0606697 0.0783832 0 
v 0.0606697 0.0816168 0 
v 0.0587626 0.0812374 0 
v 0.0612374 0.0787626 0 
v 0.0612374 0.0812374 0 
v 0.0435 0.0831914 0 
v 0.0506134 0.0953325 0 
v 0.042625 0.0980276 0 
v 0.042625 0.0845432 0 
v 0.0430607 0.0821308 0 
v 0.042625 0.0818397 0 
v 0.0433858 0.0826174 0 
v 0.0430607 0.0842521 0 
v 0.0433858 0.0837655 0 
v 0.042 0.0846914 0 
v 0.042574 0.0845773 0 
v 0.041426 0.0845773 0 
v 0.0406142 0.0826174 0 
v 0.0405 0.0831914 0 
v 0.039375 0.099124 0 
v 0.0406142 0.0837655 0 
v 0.0409393 0.0821308 0 
v 0.042 0.0816914 0 
v 0.042574 0.0818056 0 
v 0.0409393 0.0842521 0 
v 0.041426 0.0818056 0 
v 0.0193303 0.0816168 0 
v 0.0187626 0.0987626 0 
v 0.0183832 0.0993303 0 
v 0.0174827 0.10651 0 
v 0.01 0.10651 0 
v 0.0187626 0.101237 0 
v 0.01825 0.1 0 
v 0.0183832 0.10067 0 
v 0.0193303 0.0983832 0 
v 0.02 0.10175 0 
v 0.0206697 0.101617 0 
v 0.0193303 0.101617 0 
v 0.02 0.08175 0 
v 0.02 0.09825 0 
v 0.0206697 0.0816168 0 
v 0.0206697 0.0983832 0 
v 0.01825 0.08 0 
v 0.0216168 0.0993303 0 
v 0.0212374 0.0987626 0 
v 0.024625 0.1041 0 
v 0.02175 0.1 0 
v 0.0183832 0.0806697 0 
v 0.0193303 0.0783832 0 
v 0.0187626 0.0787626 0 
v 0.0187626 0.0812374 0 
v 0.0183832 0.0793303 0 
v 0.02 0.07825 0 
v 0.0206697 0.0783832 0 
v 0.0216168 0.0793303 0 
v 0.0212374 0.0787626 0 
v 0.0212374 0.101237 0 
v 0.02175 0.08 0 
v 0.0216168 0.0806697 0 
v 0.0212374 0.0812374 0 
v 0.0216168 0.10067 0 
v -0.000669696 0.0983832 0 
v -0.00175 0.08 0 
v -0.00161679 0.0793303 0 
v 0.000669696 0.0816168 0 
v 0.00123744 0.0987626 0 
v 0.000669696 0.0983832 0 
v 0.000669696 0.101617 0 
v 0.00123744 0.101237 0 
v -0.01 0.10651 0 
v -3.2147e-19 0.10175 0 
v -0.00161679 0.10067 0 
v -0.00123744 0.101237 0 
v -0.00161679 0.0993303 0 
v -0.00123744 0.0987626 0 
v 1.07157e-19 0.09825 0 
v -0.000669696 0.0783832 0 
v -0.00123744 0.0787626 0 
v 1.07157e-19 0.07825 0 
v -0.000669696 0.0816168 0 
v -3.2147e-19 0.08175 0 
v 0.00161679 0.0993303 0 
v 0.00161679 0.10067 0 
v -0.000669696 0.101617 0 
v -0.00175 0.1 0 
v 0.000669696 0.0783832 0 
v 0.00161679 0.0793303 0 
v 0.00123744 0.0787626 0 
v 0.00161679 0.0806697 0 
v 0.00175 0.08 0 
v 0.00123744 0.0812374 0 
v 0.00175 0.1 0 
v -0.00161679 0.0806697 0 
v -0.00123744 0.0812374 0 
v -0.0206697 0.0983832 0 
v -0.02175 0.08 0 
v -0.0216168 0.0793303 0 
v -0.024625 0.1041 0 
v -0.02175 0.1 0 
v -0.0216168 0.10067 0 
v -0.0216168 0.0993303 0 
v -0.0212374 0.0987626 0 
v -0.0193303 0.0983832 0 
v -0.02 0.09825 0 
v -0.0206697 0.0783832 0 
v -0.0212374 0.0787626 0 
v -0.0193303 0.0783832 0 
v -0.02 0.07825 0 
v -0.0193303 0.0816168 0 
v -0.0187626 0.0987626 0 
v -0.0174827 0.10651 0 
v -0.0206697 0.101617 0 
v -0.0212374 0.101237 0 
v -0.0183832 0.0793303 0 
v -0.0187626 0.0787626 0 
v -0.0206697 0.0816168 0 
v -0.02 0.08175 0 
v -0.0183832 0.0993303 0 
v -0.02 0.10175 0 
v -0.01825 0.08 0 
v -0.0216168 0.0806697 0 
v -0.01825 0.1 0 
v -0.0212374 0.0812374 0 
v -0.0193303 0.101617 0 
v -0.0187626 0.101237 0 
v -0.0183832 0.0806697 0 
v -0.0187626 0.0812374 0 
v -0.0183832 0.10067 0 
v -0.0506134 0.0953325 0 
v -0.042 0.0846914 0 
v -0.042574 0.0845773 0 
v -0.0406142 0.0837655 0 
v -0.0405 0.0831914 0 
v -0.041426 0.0845773 0 
v -0.057891 0.0897913 0 
v -0.0433858 0.0837655 0 
v -0.0430607 0.0842521 0 
v -0.0433858 0.0826174 0 
v -0.041426 0.0818056 0 
v -0.042 0.0816914 0 
v -0.0409393 0.0842521 0 
v -0.0435 0.0831914 0 
v -0.0430607 0.0821308 0 
v -0.042574 0.0818056 0 
v -0.0409393 0.0821308 0 
v -0.0406142 0.0826174 0 
v -0.0616168 0.0793303 0 
v -0.06175 0.08 0 
v -0.0587626 0.0812374 0 
v -0.0583832 0.0806697 0 
v -0.064641 0.0846517 0 
v -0.0606697 0.0816168 0 
v -0.0612374 0.0787626 0 
v -0.06 0.07825 0 
v -0.05825 0.08 0 
v -0.0593303 0.0816168 0 
v -0.06 0.08175 0 
v -0.0616168 0.0806697 0 
v -0.0606697 0.0783832 0 
v -0.0593303 0.0783832 0 
v -0.0583832 0.0793303 0 
v -0.0612374 0.0812374 0 
v -0.0587626 0.0787626 0 
v -0.0729423 0.0783311 0 
v -0.0749122 0.0677734 0 
v -0.0755372 0.0659321 0 
v -0.0761496 0.0656301 0 
v -0.0748675 0.0670921 0 
v -0.0757275 0.0688361 0 
v -0.0761923 0.0758565 0 
v -0.075087 0.0664455 0 
v -0.0761923 0.0689938 0 
v -0.0752142 0.0683858 0 
v -0.0784327 0.0741506 0 
v -0.0833013 0.065718 0 
v -0.0781181 0.0681955 0 
v -0.0782929 0.0668676 0 
v -0.0783376 0.0675489 0 
v -0.076831 0.0655855 0 
v -0.0774775 0.065805 0 
v -0.0763741 0.0690555 0 
v -0.0779909 0.0662552 0 
v -0.0770555 0.0690109 0 
v -0.0776679 0.0687089 0 
v -0.0761923 0.0656273 0 
v -0.0844893 0.0636603 0 
v -0.0883864 0.0569103 0 
v -0.0902628 0.0536603 0 
v -0.0872722 0.0516168 0 
v -0.0866025 0.05175 0 
v -0.08784 0.0512374 0 
v -0.0965513 0.0427683 0 
v -0.0883525 0.05 0 
v -0.0866025 0.04825 0 
v -0.0872722 0.0483832 0 
v -0.0882193 0.0506697 0 
v -0.0882193 0.0493303 0 
v -0.08784 0.0487626 0 
v -0.0859328 0.0516168 0 
v -0.0853651 0.0512374 0 
v -0.0853651 0.0487626 0 
v -0.0859328 0.0483832 0 
v -0.0849858 0.0493303 0 
v -0.0848525 0.05 0 
v -0.0849858 0.0506697 0 
v -0.0976444 0.040875 0 
v -0.100624 0.0357147 0 
v -0.103433 0.0308494 0 
v -0.0983376 0.0329079 0 
v -0.104425 0.0230897 0 
v -0.0979909 0.0316142 0 
v -0.096831 0.0309445 0 
v -0.0974775 0.0311639 0 
v -0.0976679 0.0340679 0 
v -0.0970555 0.0343699 0 
v -0.0981181 0.0335545 0 
v -0.0965513 0.0309628 0 
v -0.0982929 0.0322266 0 
v -0.1 0.02175 0 
v -0.0993303 0.0216168 0 
v -0.10067 0.0216168 0 
v -0.101617 0.0206697 0 
v -0.101237 0.0212374 0 
v -0.0983832 0.0206697 0 
v -0.0987626 0.0212374 0 
v -0.09825 0.02 0 
v -0.104872 0.0195897 0 
v -0.10175 0.02 0 
v -0.101668 0.0195897 0 
v -0.106834 0.00425 0 
v -0.1 0.01825 0 
v -0.0983832 0.0193303 0 
v -0.0987626 0.0187626 0 
v -0.101237 0.0187626 0 
v -0.101617 0.0193303 0 
v -0.10067 0.0183832 0 
v -0.0993303 0.0183832 0 
v -0.0983316 0.0195897 0 
v -0.0983832 -0.000669696 0 
v -0.0987626 -0.00123744 0 
v -0.107867 -0.00383371 0 
v -0.106629 -0.01 0 
v -0.101237 -0.00123744 0 
v -0.1 -0.00175 0 
v -0.0993303 -0.00161679 0 
v -0.0993303 0.00161679 0 
v -0.0987626 0.00123744 0 
v -0.10067 0.00161679 0 
v -0.1 0.00175 0 
v -0.101617 0.000669696 0 
v -0.101237 0.00123744 0 
v -0.10175 -2.14313e-19 0 
v -0.10067 -0.00161679 0 
v -0.101617 -0.000669696 0 
v -0.09825 0 0 
v -0.0983832 0.000669696 0 
v -0.1 -0.01825 0 
v -0.0993303 -0.0183832 0 
v -0.10067 -0.0183832 0 
v -0.101617 -0.0193303 0 
v -0.101237 -0.0187626 0 
v -0.0987626 -0.0187626 0 
v -0.102109 -0.0325 0 
v -0.101617 -0.0206697 0 
v -0.1 -0.02175 0 
v -0.10067 -0.0216168 0 
v -0.0993303 -0.0216168 0 
v -0.0983832 -0.0206697 0 
v -0.0987626 -0.0212374 0 
v -0.0983832 -0.0193303 0 
v -0.10175 -0.02 0 
v -0.101237 -0.0212374 0 
v -0.09825 -0.02 0 
v -0.100982 -0.0381145 0 
v -0.0965513 -0.0457881 0 
v -0.0941195 -0.05 0 
v -0.0834989 -0.0683954 0 
v -0.0812374 -0.0587626 0 
v -0.0806697 -0.0583832 0 
v -0.0833013 -0.0685694 0 
v -0.08175 -0.06 0 
v -0.0793303 -0.0583832 0 
v -0.0787626 -0.0587626 0 
v -0.08 -0.05825 0 
v -0.0816168 -0.0593303 0 
v -0.0816168 -0.0606697 0 
v -0.08 -0.06175 0 
v -0.0806697 -0.0616168 0 
v -0.0793303 -0.0616168 0 
v -0.0812374 -0.0612374 0 
v -0.0816761 -0.07 0 
v -0.0783832 -0.0606697 0 
v -0.0787626 -0.0612374 0 
v -0.0783832 -0.0593303 0 
v -0.07825 -0.06 0 
v -0.0761923 -0.0748273 0 
v -0.0729423 -0.0776883 0 
v -0.0587626 -0.0787626 0 
v -0.0583832 -0.0793303 0 
v -0.0606697 -0.0783832 0 
v -0.06 -0.07825 0 
v -0.064641 -0.0849957 0 
v -0.06175 -0.08 0 
v -0.0612374 -0.0812374 0 
v -0.0616168 -0.0806697 0 
v -0.0589562 -0.09 0 
v -0.06 -0.08175 0 
v -0.0606697 -0.0816168 0 
v -0.0593303 -0.0816168 0 
v -0.05825 -0.08 0 
v -0.0593303 -0.0783832 0 
v -0.0616168 -0.0793303 0 
v -0.0583832 -0.0806697 0 
v -0.0612374 -0.0787626 0 
v -0.0587626 -0.0812374 0 
v -0.0572536 -0.0914988 0 
v -0.028882 -0.103375 0 
v -0.057891 -0.0909377 0 
v -0.025 -0.105 0 
v 0.042625 -0.02675 0 
vn 0 0 1 
vn 0 0 1 
vn 0 0 1 
vn 0 0 1 
vn 0 0 1 
vn 0 0 1 
vn 0 0 1 
vn 0 0 1 
vn 0 0 1 
vn 0 0 1 
vn 0 0 1 
vn 0 0 1 
vn 0 0 1 
vn 0 0 1 
vn 0 0 1 
vn 0 0 1 
vn 0 0 1 
vn 0 0 1 
vn 0 0 1 
vn 0 0 1 
vn 0 0 1 
vn 0 0 1 
vn 0 0 1 
vn 0 0 1 
vn 0 0 1 
vn 0 0 1 
vn 0 0 1 
vn 0 0 1 
vn 0 0 1 
vn 0 0 1 
vn 0 0 1 
vn 0 0 1 
vn 0 0 1 
vn 0 0 1 
vn 0 0 1 
vn 0 0 1 
vn 0 0 1 
vn 0 0 1 
vn 0 0 1 
vn 0 0 1 
vn 0 0 1 
vn 0 0 1 
vn 0 0 1 
vn 0 0 1 
vn 0 0 1 
vn 0 0 1 
vn 0 0 1 
vn 0 0 1 
vn 0 0 1 
vn 0 0 1 
vn 0 0 1 
vn 0 0 1 
vn 0 0 1 
vn 0 0 1 
vn 0 0 1 
vn 0 0 1 
vn 0 0 1 
vn 0 0 1 
vn 0 0 1 
vn 0 0 1 
vn 0 0 1 
vn 0 0 1 
vn 0 0 1 
vn 0 0 1 
vn 0 0 1 
vn 0 0 1 
vn 0 0 1 
vn 0 0 1 
vn 0 0 1 
vn 0 0 1 
vn 0 0 1 
vn 0 0 1 
vn 0 0 1 
vn 0 0 1 
vn 0 0 1 
vn 0 0 1 
vn 0 0 1 
vn 0 0 1 
vn 0 0 1 
vn 0 0 1 
vn 0 0 1 
vn 0 0 1 
vn 0 0 1 
vn 0 0 1 
vn 0 0 1 
vn 0 0 1 
vn 0 0 1 
vn 0 0 1 
vn 0 0 1 
vn 0 0 1 
vn 0 0 1 
vn 0 0 1 
vn 0 0 1 
vn 0 0 1 
vn 0 0 1 
vn 0 0 1 
vn 0 0 1 
vn 0 0 1 
vn 0 0 1 
vn 0 0 1 
vn 0 0 1 
vn 0 0 1 
vn 0 0 1 
vn 0 0 1 
vn 0 0 1 
vn 0 0 1 
vn 0 0 1 
vn 0 0 1 
vn 0 0 1 
vn 0 0 1 
vn 0 0 1 
vn 0 0 1 
vn 0 0 1 
vn 0 0 1 
vn 0 0 1 
vn 0 0 1 
vn 0 0 1 
vn 0 0 1 
vn 0 0 1 
vn 0 0 1 
vn 0 0 1 
vn 0 0 1 
vn 0 0 1 
vn 0 0 1 
vn 0 0 1 
vn 0 0 1 
vn 0 0 1 
vn 0 0 1 
vn 0 0 1 
vn 0 0 1 
vn 0 0 1 
vn 0 0 1 
vn 0 0 1 
vn 0 0 1 
vn 0 0 1 
vn 0 0 1 
vn 0 0 1 
vn 0 0 1 
vn 0 0 1 
vn 0 0 1 
vn 0 0 1 
vn 0 0 1 
vn 0 0 1 
vn 0 0 1 
vn 0 0 1 
vn 0 0 1 
vn 0 0 1 
vn 0 0 1 
vn 0 0 1 
vn 0 0 1 
vn 0 0 1 
vn 0 0 1 
vn 0 0 1 
vn 0 0 1 
vn 0 0 1 
vn 0 0 1 
vn 0 0 1 
vn 0 0 1 
vn 0 0 1 
vn 0 0 1 
vn 0 0 1 
vn 0 0 1 
vn 0 0 1 
vn 0 0 1 
vn 0 0 1 
vn 0 0 1 
vn 0 0 1 
vn 0 0 1 
vn 0 0 1 
vn 0 0 1 
vn 0 0 1 
vn 0 0 1 
vn 0 0 1 
vn 0 0 1 
vn 0 0 1 
vn 0 0 1 
vn 0 0 1 
vn 0 0 1 
vn 0 0 1 
vn 0 0 1 
vn 0 0 1 
vn 0 0 1 
vn 0 0 1 
vn 0 0 1 
vn 0 0 1 
vn 0 0 1 
vn 0 0 1 
vn 0 0 1 
vn 0 0 1 
vn 0 0 1 
vn 0 0 1 
vn 0 0 1 
vn 0 0 1 
vn 0 0 1 
vn 0 0 1 
vn 0 0 1 
vn 0 0 1 
vn 0 0 1 
vn 0 0 1 
vn 0 0 1 
vn 0 0 1 
vn 0 0 1 
vn 0 0 1 
vn 0 0 1 
vn 0 0 1 
vn 0 0 1 
vn 0 0 1 
vn 0 0 1 
vn 0 0 1 
vn 0 0 1 
vn 0 0 1 
vn 0 0 1 
vn 0 0 1 
vn 0 0 1 
vn 0 0 1 
vn 0 0 1 
vn 0 0 1 
vn 0 0 1 
vn 0 0 1 
vn 0 0 1 
vn 0 0 1 
vn 0 0 1 
vn 0 0 1 
vn 0 0 1 
vn 0 0 1 
vn 0 0 1 
vn 0 0 1 
vn 0 0 1 
vn 0 0 1 
vn 0 0 1 
vn 0 0 1 
vn 0 0 1 
vn 0 0 1 
vn 0 0 1 
vn 0 0 1 
vn 0 0 1 
vn 0 0 1 
vn 0 0 1 
vn 0 0 1 
vn 0 0 1 
vn 0 0 1 
vn 0 0 1 
vn 0 0 1 
vn 0 0 1 
vn 0 0 1 
vn 0 0 1 
vn 0 0 1 
vn 0 0 1 
vn 0 0 1 
vn 0 0 1 
vn 0 0 1 
vn 0 0 1 
vn 0 0 1 
vn 0 0 1 
vn 0 0 1 
vn 0 0 1 
vn 0 0 1 
vn 0 0 1 
vn 0 0 1 
vn 0 0 1 
vn 0 0 1 
vn 0 0 1 
vn 0 0 1 
vn 0 0 1 
vn 0 0 1 
vn 0 0 1 
vn 0 0 1 
vn 0 0 1 
vn 0 0 1 
vn 0 0 1 
vn 0 0 1 
vn 0 0 1 
vn 0 0 1 
vn 0 0 1 
vn 0 0 1 
vn 0 0 1 
vn 0 0 1 
vn 0 0 1 
vn 0 0 1 
vn 0 0 1 
vn 0 0 1 
vn 0 0 1 
vn 0 0 1 
vn 0 0 1 
vn 0 0 1 
vn 0 0 1 
vn 0 0 1 
vn 0 0 1 
vn 0 0 1 
vn 0 0 1 
vn 0 0 1 
vn 0 0 1 
vn 0 0 1 
vn 0 0 1 
vn 0 0 1 
vn 0 0 1 
vn 0 0 1 
vn 0 0 1 
vn 0 0 1 
vn 0 0 1 
vn 0 0 1 
vn 0 0 1 
vn 0 0 1 
vn 0 0 1 
vn 0 0 1 
vn 0 0 1 
vn 0 0 1 
vn 0 0 1 
vn 0 0 1 
vn 0 0 1 
vn 0 0 1 
vn 0 0 1 
vn 0 0 1 
vn 0 0 1 
vn 0 0 1 
vn 0 0 1 
vn 0 0 1 
vn 0 0 1 
vn 0 0 1 
vn 0 0 1 
vn 0 0 1 
vn 0 0 1 
vn 0 0 1 
vn 0 0 1 
vn 0 0 1 
vn 0 0 1 
vn 0 0 1 
vn 0 0 1 
vn 0 0 1 
vn 0 0 1 
vn 0 0 1 
vn 0 0 1 
vn 0 0 1 
vn 0 0 1 
vn 0 0 1 
vn 0 0 1 
vn 0 0 1 
vn 0 0 1 
vn 0 0 1 
vn 0 0 1 
vn 0 0 1 
vn 0 0 1 
vn 0 0 1 
vn 0 0 1 
vn 0 0 1 
vn 0 0 1 
vn 0 0 1 
vn 0 0 1 
vn 0 0 1 
vn 0 0 1 
vn 0 0 1 
vn 0 0 1 
vn 0 0 1 
vn 0 0 1 
vn 0 0 1 
vn 0 0 1 
vn 0 0 1 
vn 0 0 1 
vn 0 0 1 
vn 0 0 1 
vn 0 0 1 
vn 0 0 1 
vn 0 0 1 
vn 0 0 1 
vn 0 0 1 
vn 0 0 1 
vn 0 0 1 
vn 0 0 1 
vn 0 0 1 
vn 0 0 1 
vn 0 0 1 
vn 0 0 1 
vn 0 0 1 
vn 0 0 1 
vn 0 0 1 
vn 0 0 1 
vn 0 0 1 
vn 0 0 1 
vn 0 0 1 
vn 0 0 1 
vn 0 0 1 
vn 0 0 1 
vn 0 0 1 
vn 0 0 1 
vn 0 0 1 
vn 0 0 1 
vn 0 0 1 
vn 0 0 1 
vn 0 0 1 
vn 0 0 1 
vn 0 0 1 
vn 0 0 1 
vn 0 0 1 
vn 0 0 1 
vn 0 0 1 
vn 0 0 1 
vn 0 0 1 
vn 0 0 1 
vn 0 0 1 
vn 0 0 1 
vn 0 0 1 
vn 0 0 1 
vn 0 0 1 
vn 0 0 1 
vn 0 0 1 
vn 0 0 1 
vn 0 0 1 
vn 0 0 1 
vn 0 0 1 
vn 0 0 1 
vn 0 0 1 
vn 0 0 1 
vn 0 0 1 
vn 0 0 1 
vn 0 0 1 
vn 0 0 1 
vn 0 0 1 
vn 0 0 1 
vn 0 0 1 
vn 0 0 1 
vn 0 0 1 
vn 0 0 1 
vn 0 0 1 
vn 0 0 1 
vn 0 0 1 
vn 0 0 1 
vn 0 0 1 
vn 0 0 1 
vn 0 0 1 
vn 0 0 1 
vn 0 0 1 
vn 0 0 1 
vn 0 0 1 
vn 0 0 1 
vn 0 0 1 
vn 0 0 1 
vn 0 0 1 
vn 0 0 1 
vn 0 0 1 
vn 0 0 1 
vn 0 0 1 
vn 0 0 1 
vn 0 0 1 
vn 0 0 1 
vn 0 0 1 
vn 0 0 1 
vn 0 0 1 
vn 0 0 1 
vn 0 0 1 
vn 0 0 1 
vn 0 0 1 
vn 0 0 1 
vn 0 0 1 
vn 0 0 1 
vn 0 0 1 
vn 0 0 1 
vn 0 0 1 
vn 0 0 1 
vn 0 0 1 
vn 0 0 1 
vn 0 0 1 
vn 0 0 1 
vn 0 0 1 
vn 0 0 1 
vn 0 0 1 
vn 0 0 1 
vn 0 0 1 
vn 0 0 1 
vn 0 0 1 
vn 0 0 1 
vn 0 0 1 
vn 0 0 1 
vn 0 0 1 
vn 0 0 1 
vn 0 0 1 
vn 0 0 1 
vn 0 0 1 
vn 0 0 1 
vn 0 0 1 
vn 0 0 1 
vn 0 0 1 
vn 0 0 1 
vn 0 0 1 
vn 0 0 1 
vn 0 0 1 
vn 0 0 1 
vn 0 0 1 
vn 0 0 1 
vn 0 0 1 
vn 0 0 1 
vn 0 0 1 
vn 0 0 1 
vn 0 0 1 
vn 0 0 1 
vn 0 0 1 
vn 0 0 1 
vn 0 0 1 
vn 0 0 1 
vn 0 0 1 
vn 0 0 1 
vn 0 0 1 
vn 0 0 1 
vn 0 0 1 
vn 0 0 1 
vn 0 0 1 
vn 0 0 1 
vn 0 0 1 
vn 0 0 1 
vn 0 0 1 
vn 0 0 1 
vn 0 0 1 
vn 0 0 1 
vn 0 0 1 
vn 0 0 1 
vn 0 0 1 
vn 0 0 1 
vn 0 0 1 
vn 0 0 1 
vn 0 0 1 
vn 0 0 1 
vn 0 0 1 
vn 0 0 1 
vn 0 0 1 
vn 0 0 1 
vn 0 0 1 
vn 0 0 1 
vn 0 0 1 
vn 0 0 1 
vn 0 0 1 
vn 0 0 1 
vn 0 0 1 
vn 0 0 1 
vn 0 0 1 
vn 0 0 1 
vn 0 0 1 
vn 0 0 1 
vn 0 0 1 
vn 0 0 1 
vn 0 0 1 
vn 0 0 1 
vn 0 0 1 
vn 0 0 1 
vn 0 0 1 
vn 0 0 1 
vn 0 0 1 
vn 0 0 1 
vn 0 0 1 
vn 0 0 1 
vn 0 0 1 
vn 0 0 1 
vn 0 0 1 
vn 0 0 1 
vn 0 0 1 
vn 0 0 1 
vn 0 0 1 
vn 0 0 1 
vn 0 0 1 
vn 0 0 1 
vn 0 0 1 
vn 0 0 1 
vn 0 0 1 
vn 0 0 1 
vn 0 0 1 
vn 0 0 1 
vn 0 0 1 
vn 0 0 1 
vn 0 0 1 
vn 0 0 1 
vn 0 0 1 
vn 0 0 1 
vn 0 0 1 
vn 0 0 1 
vn 0 0 1 
vn 0 0 1 
vn 0 0 1 
vn 0 0 1 
vn 0 0 1 
vn 0 0 1 
vn 0 0 1 
vn 0 0 1 
vn 0 0 1 
vn 0 0 1 
vn 0 0 1 
vn 0 0 1 
vn 0 0 1 
vn 0 0 1 
vn 0 0 1 
vn 0 0 1 
vn 0 0 1 
vn 0 0 1 
vn 0 0 1 
vn 0 0 1 
vn 0 0 1 
vn 0 0 1 
vn 0 0 1 
vn 0 0 1 
vn 0 0 1 
vn 0 0 1 
vn 0 0 1 
vn 0 0 1 
vn 0 0 1 
vn 0 0 1 
vn 0 0 1 
vn 0 0 1 
vn 0 0 1 
vn 0 0 1 
vn 0 0 1 
vn 0 0 1 
vn 0 0 1 
vn 0 0 1 
vn 0 0 1 
vn 0 0 1 
vn 0 0 1 
vn 0 0 1 
vn 0 0 1 
vn 0 0 1 
vn 0 0 1 
vn 0 0 1 
vn 0 0 1 
vn 0 0 1 
vn 0 0 1 
vn 0 0 1 
vn 0 0 1 
vn 0 0 1 
vn 0 0 1 
vn 0 0 1 
vn 0 0 1 
vn 0 0 1 
vn 0 0 1 
vn 0 0 1 
vn 0 0 1 
vn 0 0 1 
vn 0 0 1 
vn 0 0 1 
vn 0 0 1 
vn 0 0 1 
vn 0 0 1 
vn 0 0 1 
vn 0 0 1 
vn 0 0 1 
vn 0 0 1 
vn 0 0 1 
vn 0 0 1 
vn 0 0 1 
vn 0 0 1 
vn 0 0 1 
vn 0 0 1 
vn 0 0 1 
vn 0 0 1 
vn 0 0 1 
vn 0 0 1 
vn 0 0 1 
vn 0 0 1 
vn 0 0 1 
vn 0 0 1 
vn 0 0 1 
vn 0 0 1 
vn 0 0 1 
vn 0 0 1 
vn 0 0 1 
vn 0 0 1 
vn 0 0 1 
vn 0 0 1 
vn 0 0 1 
vn 0 0 1 
vn 0 0 1 
vn 0 0 1 
vn 0 0 1 
vn 0 0 1 
vn 0 0 1 
vn 0 0 1 
vn 0 0 1 
vn 0 0 1 
vn 0 0 1 
vn 0 0 1 
vn 0 0 1 
vn 0 0 1 
vn 0 0 1 
vn 0 0 1 
vn 0 0 1 
vn 0 0 1 
vn 0 0 1 
vn 0 0 1 
vn 0 0 1 
vn 0 0 1 
vn 0 0 1 
vn 0 0 1 
vn 0 0 1 
vn 0 0 1 
vn 0 0 1 
vn 0 0 1 
vn 0 0 1 
vn 0 0 1 
vn 0 0 1 
vn 0 0 1 
vn 0 0 1 
vn 0 0 1 
vn 0 0 1 
vn 0 0 1 
vn 0 0 1 
vn 0 0 1 
vn 0 0 1 
vn 0 0 1 
vn 0 0 1 
vn 0 0 1 
vn 0 0 1 
vn 0 0 1 
vn 0 0 1 
vn 0 0 1 
vn 0 0 1 
vn 0 0 1 
vn 0 0 1 
vn 0 0 1 
vn 0 0 1 
vn 0 0 1 
vn 0 0 1 
vn 0 0 1 
vn 0 0 1 
vn 0 0 1 
vn 0 0 1 
vn 0 0 1 
vn 0 0 1 
vn 0 0 1 
vn 0 0 1 
vn 0 0 1 
vn 0 0 1 
vn 0 0 1 
vn 0 0 1 
vn 0 0 1 
vn 0 0 1 
vn 0 0 1 
vn 0 0 1 
vn 0 0 1 
vn 0 0 1 
vn 0 0 1 
vn 0 0 1 
vn 0 0 1 
vn 0 0 1 
vn 0 0 1 
vn 0 0 1 
vn 0 0 1 
vn 0 0 1 
vn 0 0 1 
vn 0 0 1 
vn 0 0 1 
vn 0 0 1 
vn 0 0 1 
vn 0 0 1 
vn 0 0 1 
vn 0 0 1 
vn 0 0 1 
vn 0 0 1 
vn 0 0 1 
vn 0 0 1 
vn 0 0 1 
vn 0 0 1 
vn 0 0 1 
vn 0 0 1 
vn 0 0 1 
vn 0 0 1 
vn 0 0 1 
vn 0 0 1 
vn 0 0 1 
vn 0 0 1 
vn 0 0 1 
vn 0 0 1 
vn 0 0 1 
vn 0 0 1 
vn 0 0 1 
vn 0 0 1 
vn 0 0 1 
vn 0 0 1 
vn 0 0 1 
vn 0 0 1 
vn 0 0 1 
vn 0 0 1 
vn 0 0 1 
vn 0 0 1 
vn 0 0 1 
vn 0 0 1 
vn 0 0 1 
vn 0 0 1 
vn 0 0 1 
vn 0 0 1 
vn 0 0 1 
vn 0 0 1 
vn 0 0 1 
vn 0 0 1 
vn 0 0 1 
vn 0 0 1 
vn 0 0 1 
vn 0 0 1 
vn 0 0 1 
vn 0 0 1 
vn 0 0 1 
vn 0 0 1 
vn 0 0 1 
vn 0 0 1 
vn 0 0 1 
vn 0 0 1 
vn 0 0 1 
vn 0 0 1 
vn 0 0 1 
vn 0 0 1 
vn 0 0 1 
vn 0 0 1 
vn 0 0 1 
vn 0 0 1 
vn 0 0 1 
vn 0 0 1 
vn 0 0 1 
vn 0 0 1 
vn 0 0 1 
vn 0 0 1 
vn 0 0 1 
vn 0 0 1 
vn 0 0 1 
vn 0 0 1 
vn 0 0 1 
vn 0 0 1 
vn 0 0 1 
vn 0 0 1 
vn 0 0 1 
vn 0 0 1 
vn 0 0 1 
vn 0 0 1 
vn 0 0 1 
vn 0 0 1 
vn 0 0 1 
vn 0 0 1 
vn 0 0 1 
vn 0 0 1 
vn 0 0 1 
vn 0 0 1 
vn 0 0 1 
vn 0 0 1 
vn 0 0 1 
vn 0 0 1 
vn 0 0 1 
vn 0 0 1 
vn 0 0 1 
vn 0 0 1 
vn 0 0 1 
vn 0 0 1 
vn 0 0 1 
vn 0 0 1 
vn 0 0 1 
vn 0 0 1 
vn 0 0 1 
vn 0 0 1 
vn 0 0 1 
vn 0 0 1 
vn 0 0 1 
vn 0 0 1 
vn 0 0 1 
vn 0 0 1 
vn 0 0 1 
vn 0 0 1 
vn 0 0 1 
vn 0 0 1 
vn 0 0 1 
vn 0 0 1 
vn 0 0 1 
vn 0 0 1 
vn 0 0 1 
vn 0 0 1 
vn 0 0 1 
vn 0 0 1 
vn 0 0 1 
vn 0 0 1 
vn 0 0 1 
vn 0 0 1 
vn 0 0 1 
vn 0 0 1 
vn 0 0 1 
vn 0 0 1 
vn 0 0 1 
vn 0 0 1 
vn 0 0 1 
vn 0 0 1 
vn 0 0 1 
vn 0 0 1 
vn 0 0 1 
vn 0 0 1 
vn 0 0 1 
vn 0 0 1 
vn 0 0 1 
vn 0 0 1 
vn 0 0 1 
vn 0 0 1 
vn 0 0 1 
vn 0 0 1 
vn 0 0 1 
vn 0 0 1 
vn 0 0 1 
vn 0 0 1 
vn 0 0 1 
vn 0 0 1 
vn 0 0 1 
vn 0 0 1 
vn 0 0 1 
vn 0 0 1 
vn 0 0 1 
vn 0 0 1 
vn 0 0 1 
vn 0 0 1 
vn 0 0 1 
vn 0 0 1 
vn 0 0 1 
vn 0 0 1 
vn 0 0 1 
vn 0 0 1 
vn 0 0 1 
vn 0 0 1 
vn 0 0 1 
vn 0 0 1 
vn 0 0 1 
vn 0 0 1 
vn 0 0 1 
vn 0 0 1 
vn 0 0 1 
vn 0 0 1 
vn 0 0 1 
vn 0 0 1 
vn 0 0 1 
vn 0 0 1 
vn 0 0 1 
vn 0 0 1 
vn 0 0 1 
vn 0 0 1 
vn 0 0 1 
vn 0 0 1 
vn 0 0 1 
vn 0 0 1 
vn 0 0 1 
vn 0 0 1 
vn 0 0 1 
vn 0 0 1 
vn 0 0 1 
vn 0 0 1 
vn 0 0 1 
vn 0 0 1 
vn 0 0 1 
vn 0 0 1 
vn 0 0 1 
vn 0 0 1 
vn 0 0 1 
vn 0 0 1 
vn 0 0 1 
vn 0 0 1 
vn 0 0 1 
vn 0 0 1 
vn 0 0 1 
vn 0 0 1 
vn 0 0 1 
vn 0 0 1 
vn 0 0 1 
vn 0 0 1 
vn 0 0 1 
vn 0 0 1 
vn 0 0 1 
vn 0 0 1 
vn 0 0 1 
vn 0 0 1 
vn 0 0 1 
vn 0 0 1 
vn 0 0 1 
vn 0 0 1 
vn 0 0 1 
vn 0 0 1 
vn 0 0 1 
vn 0 0 1 
vn 0 0 1 
vn 0 0 1 
vn 0 0 1 
vn 0 0 1 
vn 0 0 1 
vn 0 0 1 
vn 0 0 1 
vn 0 0 1 
vn 0 0 1 
vn 0 0 1 
vn 0 0 1 
vn 0 0 1 
vn 0 0 1 
vn 0 0 1 
vn 0 0 1 
vn 0 0 1 
vn 0 0 1 
vn 0 0 1 
vn 0 0 1 
vn 0 0 1 
vn 0 0 1 
vn 0 0 1 
vn 0 0 1 
vn 0 0 1 
vn 0 0 1 
vn 0 0 1 
vn 0 0 1 
vn 0 0 1 
vn 0 0 1 
vn 0 0 1 
vn 0 0 1 
vn 0 0 1 
vn 0 0 1 
vn 0 0 1 
vn 0 0 1 
vn 0 0 1 
vn 0 0 1 
vn 0 0 1 
vn 0 0 1 
vn 0 0 1 
vn 0 0 1 
vn 0 0 1 
vn 0 0 1 
vn 0 0 1 
vn 0 0 1 
vn 0 0 1 
vn 0 0 1 
vn 0 0 1 
vn 0 0 1 
vn 0 0 1 
vn 0 0 1 
vn 0 0 1 
vn 0 0 1 
vn 0 0 1 
vn 0 0 1 
vn 0 0 1 
vn 0 0 1 
vn 0 0 1 
vn 0 0 1 
vn 0 0 1 
vn 0 0 1 
vn 0 0 1 
vn 0 0 1 
vn 0 0 1 
vn 0 0 1 
vn 0 0 1 
vn 0 0 1 
vn 0 0 1 
vn 0 0 1 
vn 0 0 1 
vn 0 0 1 
vn 0 0 1 
vn 0 0 1 
vn 0 0 1 
vn 0 0 1 
vn 0 0 1 
vn 0 0 1 
vn 0 0 1 
vn 0 0 1 
vn 0 0 1 
vn 0 0 1 
vn 0 0 1 
vn 0 0 1 
vn 0 0 1 
vn 0 0 1 
vn 0 0 1 
vn 0 0 1 
vn 0 0 1 
vn 0 0 1 
vn 0 0 1 
vn 0 0 1 
vn 0 0 1 
vn 0 0 1 
vn 0 0 1 
vn 0 0 1 
vn 0 0 1 
vn 0 0 1 
vn 0 0 1 
vn 0 0 1 
vn 0 0 1 
vn 0 0 1 
vn 0 0 1 
vn 0 0 1 
vn 0 0 1 
vn 0 0 1 
vn 0 0 1 
vn 0 0 1 
vn 0 0 1 
vn 0 0 1 
vn 0 0 1 
vn 0 0 1 
vn 0 0 1 
vn 0 0 1 
vn 0 0 1 
vn 0 0 1 
vn 0 0 1 
vn 0 0 1 
vn 0 0 1 
vn 0 0 1 
vn 0 0 1 
vn 0 0 1 
vn 0 0 1 
vn 0 0 1 
vn 0 0 1 
vn 0 0 1 
vn 0 0 1 
vn 0 0 1 
vn 0 0 1 
vn 0 0 1 
vn 0 0 1 
vn 0 0 1 
vn 0 0 1 
vn 0 0 1 
vn 0 0 1 
vn 0 0 1 
vn 0 0 1 
vn 0 0 1 
vn 0 0 1 
vn 0 0 1 
vn 0 0 1 
vn 0 0 1 
vn 0 0 1 
vn 0 0 1 
vn 0 0 1 
vn 0 0 1 
vn 0 0 1 
vn 0 0 1 
vn 0 0 1 
vn 0 0 1 
vn 0 0 1 
vn 0 0 1 
vn 0 0 1 
vn 0 0 1 
vn 0 0 1 
vn 0 0 1 
vn 0 0 1 
vn 0 0 1 
vn 0 0 1 
vn 0 0 1 
vn 0 0 1 
vn 0 0 1 
vn 0 0 1 
vn 0 0 1 
vn 0 0 1 
vn 0 0 1 
vn 0 0 1 
vn 0 0 1 
vn 0 0 1 
vn 0 0 1 
vn 0 0 1 
vn 0 0 1 
vn 0 0 1 
vn 0 0 1 
vn 0 0 1 
vn 0 0 1 
vn 0 0 1 
vn 0 0 1 
vn 0 0 1 
vn 0 0 1 
vn 0 0 1 
vn 0 0 1 
vn 0 0 1 
vn 0 0 1 
vn 0 0 1 
vn 0 0 1 
vn 0 0 1 
vn 0 0 1 
vn 0 0 1 
vn 0 0 1 
vn 0 0 1 
vn 0 0 1 
vn 0 0 1 
vn 0 0 1 
vn 0 0 1 
vn 0 0 1 
vn 0 0 1 
vn 0 0 1 
vn 0 0 1 
vn 0 0 1 
vn 0 0 1 
vn 0 0 1 
vn 0 0 1 
vn 0 0 1 
vn 0 0 1 
vn 0 0 1 
vn 0 0 1 
vn 0 0 1 
vn 0 0 1 
vn 0 0 1 
vn 0 0 1 
vn 0 0 1 
vn 0 0 1 
vn 0 0 1 
vn 0 0 1 
vn 0 0 1 
vn 0 0 1 
vn 0 0 1 
vn 0 0 1 
vn 0 0 1 
vn 0 0 1 
vn 0 0 1 
vn 0 0 1 
vn 0 0 1 
vn 0 0 1 
vn 0 0 1 
vn 0 0 1 
vn 0 0 1 
vn 0 0 1 
vn 0 0 1 
vn 0 0 1 
vn 0 0 1 
vn 0 0 1 
vn 0 0 1 
vn 0 0 1 
vn 0 0 1 
vn 0 0 1 
vn 0 0 1 
vn 0 0 1 
vn 0 0 1 
vn 0 0 1 
vn 0 0 1 
vn 0 0 1 
vn 0 0 1 
vn 0 0 1 
vn 0 0 1 
vn 0 0 1 
vn 0 0 1 
vn 0 0 1 
vn 0 0 1 
vn 0 0 1 
vn 0 0 1 
vn 0 0 1 
vn 0 0 1 
vn 0 0 1 
vn 0 0 1 
vn 0 0 1 
vn 0 0 1 
vn 0 0 1 
vn 0 0 1 
vn 0 0 1 
vn 0 0 1 
vn 0 0 1 
vn 0 0 1 
vn 0 0 1 
vn 0 0 1 
vn 0 0 1 
vn 0 0 1 
vn 0 0 1 
vn 0 0 1 
vn 0 0 1 
vn 0 0 1 
vn 0 0 1 
vn 0 0 1 
vn 0 0 1 
vn 0 0 1 
vn 0 0 1 
vn 0 0 1 
vn 0 0 1 
vn 0 0 1 
vn 0 0 1 
vn 0 0 1 
vn 0 0 1 
vn 0 0 1 
vn 0 0 1 
vn 0 0 1 
vn 0 0 1 
vn 0 0 1 
vn 0 0 1 
vn 0 0 1 
vn 0 0 1 
vn 0 0 1 
vn 0 0 1 
vn 0 0 1 
vn 0 0 1 
vn 0 0 1 
vn 0 0 1 
vn 0 0 1 
vn 0 0 1 
vn 0 0 1 
vn 0 0 1 
vn 0 0 1 
vn 0 0 1 
vn 0 0 1 
vn 0 0 1 
vn 0 0 1 
vn 0 0 1 
vn 0 0 1 
vn 0 0 1 
vn 0 0 1 
vn 0 0 1 
vn 0 0 1 
vn 0 0 1 
vn 0 0 1 
vn 0 0 1 
vn 0 0 1 
vn 0 0 1 
vn 0 0 1 
vn 0 0 1 
vn 0 0 1 
vn 0 0 1 
vn 0 0 1 
vn 0 0 1 
vn 0 0 1 
vn 0 0 1 
vn 0 0 1 
vn 0 0 1 
vn 0 0 1 
vn 0 0 1 
vn 0 0 1 
vn 0 0 1 
vn 0 0 1 
vn 0 0 1 
vn 0 0 1 
vn 0 0 1 
vn 0 0 1 
vn 0 0 1 
vn 0 0 1 
vn 0 0 1 
vn 0 0 1 
vn 0 0 1 
vn 0 0 1 
vn 0 0 1 
vn 0 0 1 
vn 0 0 1 
vn 0 0 1 
vn 0 0 1 
vn 0 0 1 
vn 0 0 1 
vn 0 0 1 
vn 0 0 1 
vn 0 0 1 
vn 0 0 1 
vn 0 0 1 
vn 0 0 1 
vn 0 0 1 
vn 0 0 1 
vn 0 0 1 
vn 0 0 1 
vn 0 0 1 
vn 0 0 1 
vn 0 0 1 
vn 0 0 1 
vn 0 0 1 
vn 0 0 1 
vn 0 0 1 
vn 0 0 1 
vn 0 0 1 
vn 0 0 1 
vn 0 0 1 
vn 0 0 1 
vn 0 0 1 
vn 0 0 1 
vn 0 0 1 
vn 0 0 1 
vn 0 0 1 
vn 0 0 1 
vn 0 0 1 
vn 0 0 1 
vn 0 0 1 
vn 0 0 1 
vn 0 0 1 
vn 0 0 1 
vn 0 0 1 
vn 0 0 1 
vn 0 0 1 
vn 0 0 1 
vn 0 0 1 
vn 0 0 1 
vn 0 0 1 
vn 0 0 1 
vn 0 0 1 
vn 0 0 1 
vn 0 0 1 
vn 0 0 1 
vn 0 0 1 
vn 0 0 1 
vn 0 0 1 
vn 0 0 1 
vn 0 0 1 
vn 0 0 1 
vn 0 0 1 
vn 0 0 1 
vn 0 0 1 
vn 0 0 1 
vn 0 0 1 
vn 0 0 1 
vn 0 0 1 
vn 0 0 1 
vn 0 0 1 
vn 0 0 1 
vn 0 0 1 
vn 0 0 1 
vn 0 0 1 
vn 0 0 1 
vn 0 0 1 
vn 0 0 1 
vn 0 0 1 
vn 0 0 1 
vn 0 0 1 
vn 0 0 1 
vn 0 0 1 
vn 0 0 1 
vn 0 0 1 
vn 0 0 1 
vn 0 0 1 
vn 0 0 1 
vn 0 0 1 
vn 0 0 1 
vn 0 0 1 
vn 0 0 1 
vn 0 0 1 
vn 0 0 1 
vn 0 0 1 
vn 0 0 1 
vn 0 0 1 
vn 0 0 1 
vn 0 0 1 
vn 0 0 1 
vn 0 0 1 
vn 0 0 1 
vn 0 0 1 
vn 0 0 1 
vn 0 0 1 
vn 0 0 1 
vn 0 0 1 
vn 0 0 1 
vn 0 0 1 
vn 0 0 1 
vn 0 0 1 
vn 0 0 1 
vn 0 0 1 
vn 0 0 1 
vn 0 0 1 
vn 0 0 1 
vn 0 0 1 
vn 0 0 1 
vn 0 0 1 
vn 0 0 1 
vn 0 0 1 
vn 0 0 1 
vn 0 0 1 
vn 0 0 1 
vn 0 0 1 
vn 0 0 1 
vn 0 0 1 
vn 0 0 1 
vn 0 0 1 
vn 0 0 1 
vn 0 0 1 
vn 0 0 1 
vn 0 0 1 
vn 0 0 1 
vn 0 0 1 
vn 0 0 1 
vn 0 0 1 
vn 0 0 1 
vn 0 0 1 
vn 0 0 1 
vn 0 0 1 
vn 0 0 1 
vn 0 0 1 
vn 0 0 1 
vn 0 0 1 
vn 0 0 1 
vn 0 0 1 
vn 0 0 1 
vn 0 0 1 
vn 0 0 1 
vn 0 0 1 
vn 0 0 1 
vn 0 0 1 
vn 0 0 1 
vn 0 0 1 
vn 0 0 1 
vn 0 0 1 
vn 0 0 1 
vn 0 0 1 
vn 0 0 1 
vn 0 0 1 
vn 0 0 1 
vn 0 0 1 
vn 0 0 1 
vn 0 0 1 
vn 0 0 1 
vn 0 0 1 
vn 0 0 1 
vn 0 0 1 
vn 0 0 1 
vn 0 0 1 
vn 0 0 1 
vn 0 0 1 
vn 0 0 1 
vn 0 0 1 
vn 0 0 1 
vn 0 0 1 
vn 0 0 1 
vn 0 0 1 
vn 0 0 1 
vn 0 0 1 
vn 0 0 1 
vn 0 0 1 
vn 0 0 1 
vn 0 0 1 
vn 0 0 1 
vn 0 0 1 
vn 0 0 1 
vn 0 0 1 
vn 0 0 1 
vn 0 0 1 
vn 0 0 1 
vn 0 0 1 
vn 0 0 1 
vn 0 0 1 
vn 0 0 1 
vn 0 0 1 
vn 0 0 1 
vn 0 0 1 
vn 0 0 1 
vn 0 0 1 
vn 0 0 1 
vn 0 0 1 
vn 0 0 1 
vn 0 0 1 
vn 0 0 1 
vn 0 0 1 
vn 0 0 1 
vn 0 0 1 
vn 0 0 1 
vn 0 0 1 
vn 0 0 1 
vn 0 0 1 
vn 0 0 1 
vn 0 0 1 
vn 0 0 1 
vn 0 0 1 
vn 0 0 1 
vn 0 0 1 
vn 0 0 1 
vn 0 0 1 
vn 0 0 1 
vn 0 0 1 
vn 0 0 1 
vn 0 0 1 
vn 0 0 1 
vn 0 0 1 
vn 0 0 1 
vn 0 0 1 
vn 0 0 1 
vn 0 0 1 
vn 0 0 1 
vn 0 0 1 
vn 0 0 1 
vn 0 0 1 
vn 0 0 1 
vn 0 0 1 
vn 0 0 1 
vn 0 0 1 
vn 0 0 1 
vn 0 0 1 
vn 0 0 1 
vn 0 0 1 
vn 0 0 1 
vn 0 0 1 
vn 0 0 1 
vn 0 0 1 
vn 0 0 1 
vn 0 0 1 
vn 0 0 1 
vn 0 0 1 
vn 0 0 1 
vn 0 0 1 
vn 0 0 1 
vn 0 0 1 
vn 0 0 1 
vn 0 0 1 
vn 0 0 1 
vn 0 0 1 
vn 0 0 1 
vn 0 0 1 
vn 0 0 1 
vn 0 0 1 
vn 0 0 1 
vn 0 0 1 
vn 0 0 1 
vn 0 0 1 
vn 0 0 1 
vn 0 0 1 
vn 0 0 1 
vn 0 0 1 
vn 0 0 1 
vn 0 0 1 
vn 0 0 1 
vn 0 0 1 
vn 0 0 1 
vn 0 0 1 
vn 0 0 1 
vn 0 0 1 
vn 0 0 1 
vn 0 0 1 
vn 0 0 1 
vn 0 0 1 
vn 0 0 1 
vn 0 0 1 
vn 0 0 1 
vn 0 0 1 
vn 0 0 1 
vn 0 0 1 
vn 0 0 1 
vn 0 0 1 
vn 0 0 1 
vn 0 0 1 
vn 0 0 1 
vn 0 0 1 
vn 0 0 1 
vn 0 0 1 
vn 0 0 1 
vn 0 0 1 
vn 0 0 1 
vn 0 0 1 
vn 0 0 1 
vn 0 0 1 
vn 0 0 1 
vn 0 0 1 
vn 0 0 1 
vn 0 0 1 
vn 0 0 1 
vn 0 0 1 
vn 0 0 1 
vn 0 0 1 
vn 0 0 1 
vn 0 0 1 
vn 0 0 1 
vn 0 0 1 
vn 0 0 1 
vn 0 0 1 
vn 0 0 1 
vn 0 0 1 
vn 0 0 1 
vn 0 0 1 
vn 0 0 1 
vn 0 0 1 
vn 0 0 1 
vn 0 0 1 
vn 0 0 1 
vn 0 0 1 
vn 0 0 1 
vn 0 0 1 
vn 0 0 1 
vn 0 0 1 
vn 0 0 1 
vn 0 0 1 
vn 0 0 1 
vn 0 0 1 
vn 0 0 1 
vn 0 0 1 
vn 0 0 1 
vn 0 0 1 
vn 0 0 1 
vn 0 0 1 
vn 0 0 1 
vn 0 0 1 
vn 0 0 1 
vn 0 0 1 
vn 0 0 1 
vn 0 0 1 
vn 0 0 1 
vn 0 0 1 
vn 0 0 1 
vn 0 0 1 
vn 0 0 1 
vn 0 0 1 
vn 0 0 1 
vn 0 0 1 
vn 0 0 1 
vn 0 0 1 
vn 0 0 1 
vn 0 0 1 
vn 0 0 1 
vn 0 0 1 
vn 0 0 1 
vn 0 0 1 
vn 0 0 1 
vn 0 0 1 
vn 0 0 1 
vn 0 0 1 
vn 0 0 1 
vn 0 0 1 
vn 0 0 1 
vn 0 0 1 
vn 0 0 1 
vn 0 0 1 
vn 0 0 1 
vn 0 0 1 
vn 0 0 1 
vn 0 0 1 
vn 0 0 1 
vn 0 0 1 
vn 0 0 1 
vn 0 0 1 
vn 0 0 1 
vn 0 0 1 
vn 0 0 1 
vn 0 0 1 
vn 0 0 1 
vn 0 0 1 
f 1734//1734 1735//1735 1736//1736 
f 1737//1737 1736//1736 1738//1738 
f 1739//1739 1738//1738 1740//1740 
f 1734//1734 1741//1741 1742//1742 
f 1742//1742 1743//1743 1734//1734 
f 1734//1734 1744//1744 1745//1745 
f 1746//1746 1743//1743 1747//1747 
f 1742//1742 1748//1748 1743//1743 
f 1745//1745 1749//1749 1734//1734 
f 1743//1743 1750//1750 1747//1747 
f 1749//1749 1741//1741 1734//1734 
f 1737//1737 1751//1751 1752//1752 
f 1748//1748 1750//1750 1743//1743 
f 1752//1752 1734//1734 1737//1737 
f 1737//1737 1753//1753 1754//1754 
f 1737//1737 1746//1746 1755//1755 
f 1746//1746 1756//1756 1757//1757 
f 1752//1752 1744//1744 1734//1734 
f 1737//1737 1758//1758 1753//1753 
f 1757//1757 1755//1755 1746//1746 
f 1754//1754 1751//1751 1737//1737 
f 1747//1747 1756//1756 1746//1746 
f 1739//1739 1759//1759 1760//1760 
f 1759//1759 1761//1761 1762//1762 
f 1759//1759 1746//1746 1763//1763 
f 1746//1746 1764//1764 1765//1765 
f 1737//1737 1766//1766 1764//1764 
f 1737//1737 1767//1767 1768//1768 
f 1762//1762 1760//1760 1759//1759 
f 1746//1746 1769//1769 1763//1763 
f 1764//1764 1746//1746 1737//1737 
f 1768//1768 1770//1770 1737//1737 
f 1763//1763 1761//1761 1759//1759 
f 1770//1770 1766//1766 1737//1737 
f 1739//1739 1771//1771 1772//1772 
f 1765//1765 1769//1769 1746//1746 
f 1772//1772 1737//1737 1739//1739 
f 1739//1739 1773//1773 1774//1774 
f 1772//1772 1767//1767 1737//1737 
f 1739//1739 1775//1775 1773//1773 
f 1774//1774 1771//1771 1739//1739 
f 1739//1739 1776//1776 1777//1777 
f 1777//1777 1759//1759 1739//1739 
f 1739//1739 1778//1778 1779//1779 
f 1759//1759 1780//1780 1781//1781 
f 1777//1777 1782//1782 1759//1759 
f 1779//1779 1783//1783 1739//1739 
f 1781//1781 1784//1784 1759//1759 
f 1783//1783 1776//1776 1739//1739 
f 1739//1739 1785//1785 1786//1786 
f 1782//1782 1780//1780 1759//1759 
f 1785//1785 1787//1787 1786//1786 
f 1785//1785 1788//1788 1789//1789 
f 1785//1785 1784//1784 1790//1790 
f 1784//1784 1791//1791 1792//1792 
f 1786//1786 1778//1778 1739//1739 
f 1785//1785 1793//1793 1788//1788 
f 1792//1792 1790//1790 1784//1784 
f 1789//1789 1787//1787 1785//1785 
f 1781//1781 1791//1791 1784//1784 
f 1794//1794 1795//1795 1796//1796 
f 1794//1794 1743//1743 1797//1797 
f 1743//1743 1798//1798 1799//1799 
f 1794//1794 1800//1800 1795//1795 
f 1743//1743 1801//1801 1797//1797 
f 1799//1799 1802//1802 1743//1743 
f 1798//1798 1803//1803 1804//1804 
f 1805//1805 1806//1806 1807//1807 
f 1805//1805 1808//1808 1809//1809 
f 1805//1805 1794//1794 1810//1810 
f 1797//1797 1800//1800 1794//1794 
f 1802//1802 1811//1811 1743//1743 
f 1798//1798 1812//1812 1803//1803 
f 1807//1807 1798//1798 1805//1805 
f 1810//1810 1808//1808 1805//1805 
f 1811//1811 1801//1801 1743//1743 
f 1807//1807 1812//1812 1798//1798 
f 1796//1796 1810//1810 1794//1794 
f 1809//1809 1806//1806 1805//1805 
f 1798//1798 1813//1813 1814//1814 
f 1743//1743 1815//1815 1813//1813 
f 1743//1743 1816//1816 1817//1817 
f 1818//1818 1798//1798 1819//1819 
f 1814//1814 1820//1820 1798//1798 
f 1817//1817 1815//1815 1743//1743 
f 1798//1798 1821//1821 1819//1819 
f 1813//1813 1798//1798 1743//1743 
f 1746//1746 1822//1822 1823//1823 
f 1820//1820 1821//1821 1798//1798 
f 1823//1823 1743//1743 1746//1746 
f 1746//1746 1824//1824 1825//1825 
f 1746//1746 1818//1818 1826//1826 
f 1818//1818 1827//1827 1828//1828 
f 1823//1823 1816//1816 1743//1743 
f 1826//1826 1824//1824 1746//1746 
f 1828//1828 1829//1829 1818//1818 
f 1825//1825 1822//1822 1746//1746 
f 1819//1819 1827//1827 1818//1818 
f 1830//1830 1831//1831 1832//1832 
f 1830//1830 1818//1818 1833//1833 
f 1818//1818 1834//1834 1835//1835 
f 1818//1818 1746//1746 1836//1836 
f 1746//1746 1837//1837 1838//1838 
f 1832//1832 1839//1839 1830//1830 
f 1818//1818 1840//1840 1833//1833 
f 1836//1836 1834//1834 1818//1818 
f 1838//1838 1841//1841 1746//1746 
f 1833//1833 1831//1831 1830//1830 
f 1841//1841 1836//1836 1746//1746 
f 1746//1746 1759//1759 1842//1842 
f 1835//1835 1840//1840 1818//1818 
f 1759//1759 1843//1843 1842//1842 
f 1759//1759 1844//1844 1845//1845 
f 1759//1759 1830//1830 1846//1846 
f 1842//1842 1837//1837 1746//1746 
f 1846//1846 1844//1844 1759//1759 
f 1845//1845 1843//1843 1759//1759 
f 1830//1830 1847//1847 1848//1848 
f 1759//1759 1849//1849 1847//1847 
f 1759//1759 1850//1850 1851//1851 
f 1830//1830 1852//1852 1853//1853 
f 1848//1848 1854//1854 1830//1830 
f 1851//1851 1849//1849 1759//1759 
f 1853//1853 1855//1855 1830//1830 
f 1847//1847 1830//1830 1759//1759 
f 1759//1759 1784//1784 1856//1856 
f 1854//1854 1852//1852 1830//1830 
f 1784//1784 1857//1857 1856//1856 
f 1784//1784 1858//1858 1859//1859 
f 1784//1784 1855//1855 1860//1860 
f 1855//1855 1861//1861 1862//1862 
f 1856//1856 1850//1850 1759//1759 
f 1860//1860 1858//1858 1784//1784 
f 1862//1862 1863//1863 1855//1855 
f 1859//1859 1857//1857 1784//1784 
f 1853//1853 1861//1861 1855//1855 
f 1864//1864 1865//1865 1866//1866 
f 1867//1867 1868//1868 1869//1869 
f 1870//1870 1869//1869 1871//1871 
f 1871//1871 1872//1872 1873//1873 
f 1871//1871 1805//1805 1874//1874 
f 1805//1805 1875//1875 1876//1876 
f 1871//1871 1877//1877 1872//1872 
f 1805//1805 1878//1878 1874//1874 
f 1876//1876 1879//1879 1805//1805 
f 1875//1875 1880//1880 1881//1881 
f 1875//1875 1882//1882 1883//1883 
f 1884//1884 1885//1885 1882//1882 
f 1884//1884 1871//1871 1886//1886 
f 1874//1874 1877//1877 1871//1871 
f 1879//1879 1887//1887 1805//1805 
f 1883//1883 1880//1880 1875//1875 
f 1884//1884 1888//1888 1885//1885 
f 1886//1886 1889//1889 1884//1884 
f 1887//1887 1878//1878 1805//1805 
f 1882//1882 1875//1875 1884//1884 
f 1873//1873 1886//1886 1871//1871 
f 1889//1889 1888//1888 1884//1884 
f 1805//1805 1890//1890 1891//1891 
f 1875//1875 1892//1892 1893//1893 
f 1805//1805 1894//1894 1890//1890 
f 1805//1805 1798//1798 1895//1895 
f 1798//1798 1896//1896 1897//1897 
f 1896//1896 1898//1898 1899//1899 
f 1896//1896 1893//1893 1900//1900 
f 1875//1875 1901//1901 1892//1892 
f 1875//1875 1891//1891 1902//1902 
f 1805//1805 1903//1903 1894//1894 
f 1798//1798 1904//1904 1895//1895 
f 1897//1897 1905//1905 1798//1798 
f 1900//1900 1898//1898 1896//1896 
f 1902//1902 1901//1901 1875//1875 
f 1895//1895 1903//1903 1805//1805 
f 1905//1905 1906//1906 1798//1798 
f 1893//1893 1896//1896 1875//1875 
f 1906//1906 1904//1904 1798//1798 
f 1891//1891 1875//1875 1805//1805 
f 1818//1818 1907//1907 1908//1908 
f 1896//1896 1909//1909 1910//1910 
f 1798//1798 1911//1911 1909//1909 
f 1798//1798 1912//1912 1913//1913 
f 1908//1908 1798//1798 1818//1818 
f 1914//1914 1896//1896 1915//1915 
f 1896//1896 1916//1916 1917//1917 
f 1909//1909 1896//1896 1798//1798 
f 1908//1908 1912//1912 1798//1798 
f 1818//1818 1918//1918 1919//1919 
f 1915//1915 1920//1920 1914//1914 
f 1910//1910 1916//1916 1896//1896 
f 1919//1919 1907//1907 1818//1818 
f 1920//1920 1921//1921 1914//1914 
f 1913//1913 1911//1911 1798//1798 
f 1818//1818 1914//1914 1922//1922 
f 1921//1921 1923//1923 1914//1914 
f 1922//1922 1918//1918 1818//1818 
f 1917//1917 1915//1915 1896//1896 
f 1914//1914 1818//1818 1924//1924 
f 1924//1924 1925//1925 1914//1914 
f 1914//1914 1926//1926 1927//1927 
f 1818//1818 1928//1928 1924//1924 
f 1929//1929 1914//1914 1930//1930 
f 1925//1925 1926//1926 1914//1914 
f 1818//1818 1931//1931 1932//1932 
f 1830//1830 1933//1933 1934//1934 
f 1930//1930 1935//1935 1929//1929 
f 1932//1932 1928//1928 1818//1818 
f 1934//1934 1818//1818 1830//1830 
f 1830//1830 1936//1936 1937//1937 
f 1830//1830 1929//1929 1938//1938 
f 1935//1935 1939//1939 1929//1929 
f 1934//1934 1931//1931 1818//1818 
f 1938//1938 1936//1936 1830//1830 
f 1939//1939 1940//1940 1929//1929 
f 1937//1937 1933//1933 1830//1830 
f 1927//1927 1930//1930 1914//1914 
f 1830//1830 1855//1855 1941//1941 
f 1929//1929 1942//1942 1943//1943 
f 1929//1929 1944//1944 1945//1945 
f 1830//1830 1946//1946 1944//1944 
f 1830//1830 1947//1947 1948//1948 
f 1855//1855 1949//1949 1941//1941 
f 1929//1929 1950//1950 1942//1942 
f 1944//1944 1929//1929 1830//1830 
f 1941//1941 1947//1947 1830//1830 
f 1855//1855 1951//1951 1952//1952 
f 1953//1953 1943//1943 1954//1954 
f 1945//1945 1950//1950 1929//1929 
f 1952//1952 1949//1949 1855//1855 
f 1954//1954 1955//1955 1953//1953 
f 1948//1948 1946//1946 1830//1830 
f 1855//1855 1953//1953 1956//1956 
f 1955//1955 1957//1957 1953//1953 
f 1956//1956 1951//1951 1855//1855 
f 1943//1943 1953//1953 1929//1929 
f 1958//1958 1864//1864 1959//1959 
f 1960//1960 1961//1961 1962//1962 
f 1963//1963 1964//1964 1965//1965 
f 1960//1960 1966//1966 1961//1961 
f 1965//1965 1960//1960 1963//1963 
f 1963//1963 1967//1967 1968//1968 
f 1867//1867 1969//1969 1967//1967 
f 1970//1970 1971//1971 1972//1972 
f 1970//1970 1960//1960 1973//1973 
f 1965//1965 1966//1966 1960//1960 
f 1968//1968 1974//1974 1963//1963 
f 1867//1867 1975//1975 1969//1969 
f 1973//1973 1971//1971 1970//1970 
f 1974//1974 1964//1964 1963//1963 
f 1867//1867 1976//1976 1975//1975 
f 1867//1867 1970//1970 1977//1977 
f 1962//1962 1973//1973 1960//1960 
f 1977//1977 1976//1976 1867//1867 
f 1967//1967 1963//1963 1867//1867 
f 1972//1972 1978//1978 1970//1970 
f 1970//1970 1867//1867 1870//1870 
f 1979//1979 1870//1870 1884//1884 
f 1980//1980 1981//1981 1982//1982 
f 1980//1980 1983//1983 1984//1984 
f 1985//1985 1986//1986 1983//1983 
f 1884//1884 1987//1987 1988//1988 
f 1984//1984 1981//1981 1980//1980 
f 1985//1985 1989//1989 1986//1986 
f 1985//1985 1988//1988 1990//1990 
f 1884//1884 1991//1991 1987//1987 
f 1884//1884 1875//1875 1992//1992 
f 1983//1983 1980//1980 1985//1985 
f 1988//1988 1985//1985 1884//1884 
f 1992//1992 1993//1993 1884//1884 
f 1875//1875 1994//1994 1995//1995 
f 1990//1990 1989//1989 1985//1985 
f 1995//1995 1992//1992 1875//1875 
f 1875//1875 1980//1980 1996//1996 
f 1993//1993 1991//1991 1884//1884 
f 1996//1996 1997//1997 1875//1875 
f 1997//1997 1994//1994 1875//1875 
f 1980//1980 1998//1998 1999//1999 
f 2000//2000 2001//2001 2002//2002 
f 2000//2000 1999//1999 2003//2003 
f 1980//1980 2004//2004 1998//1998 
f 1980//1980 2005//2005 2006//2006 
f 2003//2003 2001//2001 2000//2000 
f 2006//2006 2004//2004 1980//1980 
f 1875//1875 2007//2007 2005//2005 
f 1875//1875 1896//1896 2008//2008 
f 1999//1999 2000//2000 1980//1980 
f 1875//1875 2009//2009 2007//2007 
f 2008//2008 2010//2010 1875//1875 
f 1896//1896 2011//2011 2012//2012 
f 2005//2005 1980//1980 1875//1875 
f 2012//2012 2008//2008 1896//1896 
f 1896//1896 2000//2000 2013//2013 
f 2010//2010 2009//2009 1875//1875 
f 2013//2013 2014//2014 1896//1896 
f 2014//2014 2011//2011 1896//1896 
f 1896//1896 2015//2015 2016//2016 
f 1896//1896 2017//2017 2015//2015 
f 1896//1896 2018//2018 2019//2019 
f 2020//2020 2021//2021 2022//2022 
f 2020//2020 2000//2000 2023//2023 
f 2000//2000 2016//2016 2024//2024 
f 2019//2019 2017//2017 1896//1896 
f 2023//2023 2021//2021 2020//2020 
f 2000//2000 2025//2025 2026//2026 
f 2016//2016 2000//2000 1896//1896 
f 1914//1914 2027//2027 2018//2018 
f 1914//1914 2020//2020 2028//2028 
f 2022//2022 2029//2029 2020//2020 
f 2024//2024 2025//2025 2000//2000 
f 1914//1914 2030//2030 2027//2027 
f 2028//2028 2031//2031 1914//1914 
f 2026//2026 2023//2023 2000//2000 
f 2031//2031 2030//2030 1914//1914 
f 2018//2018 1896//1896 1914//1914 
f 1914//1914 2032//2032 2033//2033 
f 2034//2034 2020//2020 2035//2035 
f 2020//2020 2033//2033 2036//2036 
f 1914//1914 2037//2037 2032//2032 
f 2035//2035 2038//2038 2034//2034 
f 2020//2020 2039//2039 2040//2040 
f 2033//2033 2020//2020 1914//1914 
f 1914//1914 1929//1929 2041//2041 
f 2038//2038 2042//2042 2034//2034 
f 2036//2036 2039//2039 2020//2020 
f 2041//2041 2043//2043 1914//1914 
f 1929//1929 2034//2034 2044//2044 
f 2042//2042 2045//2045 2034//2034 
f 2043//2043 2037//2037 1914//1914 
f 1929//1929 2046//2046 2047//2047 
f 2044//2044 2048//2048 1929//1929 
f 2040//2040 2035//2035 2020//2020 
f 2048//2048 2046//2046 1929//1929 
f 2047//2047 2041//2041 1929//1929 
f 1929//1929 2049//2049 2050//2050 
f 1929//1929 1953//1953 2051//2051 
f 1929//1929 2052//2052 2049//2049 
f 2051//2051 2053//2053 1929//1929 
f 2054//2054 2055//2055 2056//2056 
f 2034//2034 2057//2057 2058//2058 
f 2034//2034 2050//2050 2059//2059 
f 2053//2053 2052//2052 1929//1929 
f 2054//2054 2058//2058 2055//2055 
f 2034//2034 2060//2060 2057//2057 
f 2050//2050 2034//2034 1929//1929 
f 1953//1953 2054//2054 2061//2061 
f 2056//2056 2062//2062 2054//2054 
f 2059//2059 2060//2060 2034//2034 
f 1953//1953 2063//2063 2064//2064 
f 2061//2061 2065//2065 1953//1953 
f 2058//2058 2054//2054 2034//2034 
f 2065//2065 2063//2063 1953//1953 
f 2064//2064 2051//2051 1953//1953 
f 2066//2066 1958//1958 2067//2067 
f 2068//2068 2069//2069 1960//1960 
f 2070//2070 2071//2071 2072//2072 
f 2072//2072 2073//2073 2070//2070 
f 2071//2071 2074//2074 2075//2075 
f 2073//2073 2076//2076 2070//2070 
f 2075//2075 2077//2077 2071//2071 
f 2077//2077 2072//2072 2071//2071 
f 1960//1960 2078//2078 2079//2079 
f 1960//1960 2080//2080 2081//2081 
f 1970//1970 2082//2082 2080//2080 
f 1970//1970 2083//2083 2084//2084 
f 2076//2076 2085//2085 2070//2070 
f 2079//2079 2071//2071 1960//1960 
f 2081//2081 2086//2086 1960//1960 
f 2084//2084 2082//2082 1970//1970 
f 2079//2079 2074//2074 2071//2071 
f 2080//2080 1960//1960 1970//1970 
f 2086//2086 2078//2078 1960//1960 
f 1970//1970 2070//2070 2087//2087 
f 2087//2087 2083//2083 1970//1970 
f 2070//2070 1970//1970 1979//1979 
f 2088//2088 1979//1979 1985//1985 
f 2089//2089 2090//2090 2091//2091 
f 1980//1980 2092//2092 2093//2093 
f 2089//2089 2094//2094 2090//2090 
f 2089//2089 2095//2095 2096//2096 
f 1985//1985 1980//1980 2097//2097 
f 1980//1980 2098//2098 2099//2099 
f 2093//2093 2100//2100 1980//1980 
f 2092//2092 2091//2091 2101//2101 
f 2096//2096 2094//2094 2089//2089 
f 1985//1985 2102//2102 2095//2095 
f 2097//2097 2103//2103 1985//1985 
f 2100//2100 2098//2098 1980//1980 
f 2092//2092 2104//2104 2105//2105 
f 2091//2091 2092//2092 2089//2089 
f 1985//1985 2106//2106 2102//2102 
f 2099//2099 2097//2097 1980//1980 
f 2101//2101 2104//2104 2092//2092 
f 2103//2103 2106//2106 1985//1985 
f 2095//2095 2089//2089 1985//1985 
f 2107//2107 2108//2108 2109//2109 
f 2109//2109 2110//2110 2107//2107 
f 2107//2107 2111//2111 2108//2108 
f 2000//2000 2112//2112 2111//2111 
f 2111//2111 2107//2107 2000//2000 
f 2000//2000 2113//2113 2114//2114 
f 2114//2114 2112//2112 2000//2000 
f 2115//2115 2107//2107 2116//2116 
f 2000//2000 2117//2117 2113//2113 
f 2020//2020 2118//2118 2117//2117 
f 2116//2116 2119//2119 2115//2115 
f 2117//2117 2000//2000 2020//2020 
f 2020//2020 2120//2120 2121//2121 
f 2119//2119 2122//2122 2115//2115 
f 2121//2121 2118//2118 2020//2020 
f 2020//2020 2115//2115 2123//2123 
f 2122//2122 2124//2124 2115//2115 
f 2123//2123 2120//2120 2020//2020 
f 2110//2110 2116//2116 2107//2107 
f 2020//2020 2125//2125 2126//2126 
f 2126//2126 2115//2115 2020//2020 
f 2020//2020 2127//2127 2128//2128 
f 2129//2129 2115//2115 2130//2130 
f 2115//2115 2131//2131 2132//2132 
f 2128//2128 2125//2125 2020//2020 
f 2115//2115 2133//2133 2130//2130 
f 2126//2126 2131//2131 2115//2115 
f 2034//2034 2134//2134 2135//2135 
f 2132//2132 2133//2133 2115//2115 
f 2135//2135 2020//2020 2034//2034 
f 2034//2034 2136//2136 2137//2137 
f 2034//2034 2129//2129 2138//2138 
f 2129//2129 2139//2139 2140//2140 
f 2135//2135 2127//2127 2020//2020 
f 2138//2138 2136//2136 2034//2034 
f 2140//2140 2141//2141 2129//2129 
f 2137//2137 2134//2134 2034//2034 
f 2130//2130 2139//2139 2129//2129 
f 2129//2129 2142//2142 2143//2143 
f 2129//2129 2144//2144 2145//2145 
f 2145//2145 2142//2142 2129//2129 
f 2129//2129 2146//2146 2144//2144 
f 2034//2034 2147//2147 2146//2146 
f 2146//2146 2129//2129 2034//2034 
f 2034//2034 2148//2148 2149//2149 
f 2149//2149 2147//2147 2034//2034 
f 2034//2034 2054//2054 2150//2150 
f 2150//2150 2148//2148 2034//2034 
f 2151//2151 2143//2143 2152//2152 
f 2054//2054 2153//2153 2150//2150 
f 2054//2054 2154//2154 2155//2155 
f 2152//2152 2156//2156 2151//2151 
f 2155//2155 2153//2153 2054//2054 
f 2054//2054 2151//2151 2157//2157 
f 2156//2156 2158//2158 2151//2151 
f 2157//2157 2154//2154 2054//2054 
f 2143//2143 2151//2151 2129//2129 
f 2159//2159 2068//2068 2071//2071 
f 2070//2070 2160//2160 2161//2161 
f 2070//2070 2162//2162 2163//2163 
f 2163//2163 2160//2160 2070//2070 
f 2164//2164 2165//2165 2166//2166 
f 2164//2164 2167//2167 2168//2168 
f 2167//2167 2169//2169 2170//2170 
f 2071//2071 2171//2171 2172//2172 
f 2071//2071 2173//2173 2174//2174 
f 2161//2161 2071//2071 2070//2070 
f 2168//2168 2165//2165 2164//2164 
f 2170//2170 2175//2175 2167//2167 
f 2172//2172 2167//2167 2071//2071 
f 2161//2161 2173//2173 2071//2071 
f 2175//2175 2168//2168 2167//2167 
f 2174//2174 2171//2171 2071//2071 
f 2070//2070 2164//2164 2176//2176 
f 2166//2166 2177//2177 2164//2164 
f 2176//2176 2162//2162 2070//2070 
f 2172//2172 2169//2169 2167//2167 
f 2164//2164 2070//2070 2088//2088 
f 2178//2178 2088//2088 2089//2089 
f 2179//2179 2180//2180 2181//2181 
f 2089//2089 2092//2092 2182//2182 
f 2092//2092 2183//2183 2184//2184 
f 2185//2185 2181//2181 2186//2186 
f 2179//2179 2187//2187 2180//2180 
f 2089//2089 2188//2188 2189//2189 
f 2184//2184 2182//2182 2092//2092 
f 2185//2185 2190//2190 2191//2191 
f 2181//2181 2185//2185 2179//2179 
f 2089//2089 2192//2192 2188//2188 
f 2182//2182 2193//2193 2089//2089 
f 2092//2092 2185//2185 2194//2194 
f 2186//2186 2190//2190 2185//2185 
f 2179//2179 2189//2189 2195//2195 
f 2193//2193 2192//2192 2089//2089 
f 2194//2194 2196//2196 2092//2092 
f 2195//2195 2187//2187 2179//2179 
f 2196//2196 2183//2183 2092//2092 
f 2189//2189 2179//2179 2089//2089 
f 2115//2115 2197//2197 2198//2198 
f 2198//2198 2107//2107 2115//2115 
f 2115//2115 2199//2199 2200//2200 
f 2201//2201 2202//2202 2203//2203 
f 2201//2201 2204//2204 2205//2205 
f 2204//2204 2206//2206 2207//2207 
f 2107//2107 2208//2208 2209//2209 
f 2200//2200 2197//2197 2115//2115 
f 2205//2205 2202//2202 2201//2201 
f 2207//2207 2210//2210 2204//2204 
f 2107//2107 2211//2211 2212//2212 
f 2198//2198 2208//2208 2107//2107 
f 2115//2115 2201//2201 2213//2213 
f 2210//2210 2205//2205 2204//2204 
f 2212//2212 2204//2204 2107//2107 
f 2213//2213 2199//2199 2115//2115 
f 2203//2203 2214//2214 2201//2201 
f 2209//2209 2211//2211 2107//2107 
f 2212//2212 2206//2206 2204//2204 
f 2215//2215 2201//2201 2216//2216 
f 2201//2201 2217//2217 2218//2218 
f 2115//2115 2219//2219 2220//2220 
f 2215//2215 2221//2221 2222//2222 
f 2218//2218 2216//2216 2201//2201 
f 2220//2220 2201//2201 2115//2115 
f 2222//2222 2223//2223 2215//2215 
f 2201//2201 2224//2224 2217//2217 
f 2115//2115 2225//2225 2219//2219 
f 2216//2216 2221//2221 2215//2215 
f 2115//2115 2226//2226 2225//2225 
f 2115//2115 2129//2129 2227//2227 
f 2129//2129 2215//2215 2228//2228 
f 2220//2220 2224//2224 2201//2201 
f 2129//2129 2229//2229 2227//2227 
f 2228//2228 2230//2230 2129//2129 
f 2227//2227 2226//2226 2115//2115 
f 2230//2230 2231//2231 2129//2129 
f 2231//2231 2229//2229 2129//2129 
f 2129//2129 2151//2151 2232//2232 
f 2151//2151 2233//2233 2232//2232 
f 2151//2151 2234//2234 2235//2235 
f 2236//2236 2237//2237 2238//2238 
f 2215//2215 2239//2239 2240//2240 
f 2215//2215 2241//2241 2242//2242 
f 2129//2129 2243//2243 2244//2244 
f 2235//2235 2233//2233 2151//2151 
f 2236//2236 2240//2240 2237//2237 
f 2242//2242 2239//2239 2215//2215 
f 2129//2129 2245//2245 2246//2246 
f 2232//2232 2243//2243 2129//2129 
f 2151//2151 2236//2236 2247//2247 
f 2240//2240 2236//2236 2215//2215 
f 2246//2246 2215//2215 2129//2129 
f 2247//2247 2234//2234 2151//2151 
f 2238//2238 2248//2248 2236//2236 
f 2244//2244 2245//2245 2129//2129 
f 2246//2246 2241//2241 2215//2215 
f 2249//2249 2159//2159 2167//2167 
f 2250//2250 2167//2167 2164//2164 
f 2251//2251 2164//2164 2178//2178 
f 2252//2252 2178//2178 2179//2179 
f 2253//2253 2249//2249 2250//2250 
f 2254//2254 2251//2251 2252//2252 
f 2255//2255 2252//2252 2256//2256 
f 2257//2257 2258//2258 2259//2259 
f 2260//2260 2254//2254 2255//2255 
f 2261//2261 2255//2255 2262//2262 
f 2263//2263 2262//2262 2264//2264 
f 2265//2265 2264//2264 2266//2266 
f 2267//2267 2266//2266 2268//2268 
f 2269//2269 2268//2268 2270//2270 
f 2271//2271 2270//2270 2272//2272 
f 2273//2273 2272//2272 2274//2274 
f 2275//2275 2274//2274 2257//2257 
f 2276//2276 2257//2257 2277//2277 
f 2278//2278 2277//2277 2279//2279 
f 2280//2280 2281//2281 2282//2282 
f 2283//2283 2282//2282 2260//2260 
f 2284//2284 2260//2260 2261//2261 
f 2285//2285 2263//2263 2265//2265 
f 2286//2286 2287//2287 2288//2288 
f 2286//2286 2289//2289 2290//2290 
f 2265//2265 2291//2291 2292//2292 
f 2293//2293 2288//2288 2294//2294 
f 2290//2290 2287//2287 2286//2286 
f 2292//2292 2286//2286 2265//2265 
f 2265//2265 2267//2267 2295//2295 
f 2267//2267 2296//2296 2297//2297 
f 2288//2288 2293//2293 2286//2286 
f 2265//2265 2298//2298 2291//2291 
f 2295//2295 2299//2299 2265//2265 
f 2297//2297 2300//2300 2267//2267 
f 2293//2293 2301//2301 2302//2302 
f 2292//2292 2289//2289 2286//2286 
f 2300//2300 2295//2295 2267//2267 
f 2267//2267 2293//2293 2303//2303 
f 2294//2294 2301//2301 2293//2293 
f 2303//2303 2296//2296 2267//2267 
f 2299//2299 2298//2298 2265//2265 
f 2293//2293 2267//2267 2269//2269 
f 2304//2304 2269//2269 2271//2271 
f 2305//2305 2271//2271 2273//2273 
f 2306//2306 2307//2307 2308//2308 
f 2307//2307 2309//2309 2310//2310 
f 2273//2273 2311//2311 2312//2312 
f 2308//2308 2313//2313 2306//2306 
f 2310//2310 2314//2314 2307//2307 
f 2312//2312 2307//2307 2273//2273 
f 2275//2275 2315//2315 2316//2316 
f 2275//2275 2317//2317 2318//2318 
f 2314//2314 2308//2308 2307//2307 
f 2273//2273 2319//2319 2311//2311 
f 2273//2273 2316//2316 2320//2320 
f 2318//2318 2315//2315 2275//2275 
f 2306//2306 2321//2321 2322//2322 
f 2312//2312 2309//2309 2307//2307 
f 2316//2316 2273//2273 2275//2275 
f 2275//2275 2306//2306 2323//2323 
f 2313//2313 2321//2321 2306//2306 
f 2323//2323 2317//2317 2275//2275 
f 2320//2320 2319//2319 2273//2273 
f 2306//2306 2275//2275 2276//2276 
f 2324//2324 2276//2276 2278//2278 
f 2325//2325 2278//2278 2326//2326 
f 2327//2327 2283//2283 2284//2284 
f 2328//2328 2284//2284 2329//2329 
f 2330//2330 2285//2285 2286//2286 
f 2331//2331 2286//2286 2293//2293 
f 2332//2332 2293//2293 2304//2304 
f 2333//2333 2304//2304 2305//2305 
f 2334//2334 2305//2305 2307//2307 
f 2335//2335 2307//2307 2306//2306 
f 2336//2336 2306//2306 2324//2324 
f 2337//2337 2324//2324 2325//2325 
f 2338//2338 2325//2325 2339//2339 
f 2340//2340 2327//2327 2328//2328 
f 2341//2341 2328//2328 2342//2342 
f 2343//2343 2342//2342 2330//2330 
f 2344//2344 2332//2332 2333//2333 
f 2345//2345 2333//2333 2334//2334 
f 2346//2346 2334//2334 2335//2335 
f 2347//2347 2335//2335 2336//2336 
f 2348//2348 2336//2336 2337//2337 
f 2349//2349 2337//2337 2338//2338 
f 2350//2350 2340//2340 2341//2341 
f 2351//2351 2341//2341 2343//2343 
f 2352//2352 2343//2343 2353//2353 
f 2354//2354 2355//2355 2356//2356 
f 2355//2355 2344//2344 2357//2357 
f 2344//2344 2358//2358 2359//2359 
f 2344//2344 2360//2360 2361//2361 
f 2356//2356 2362//2362 2354//2354 
f 2357//2357 2363//2363 2355//2355 
f 2361//2361 2358//2358 2344//2344 
f 2354//2354 2364//2364 2365//2365 
f 2362//2362 2366//2366 2354//2354 
f 2355//2355 2367//2367 2368//2368 
f 2359//2359 2357//2357 2344//2344 
f 2345//2345 2369//2369 2360//2360 
f 2366//2366 2364//2364 2354//2354 
f 2363//2363 2367//2367 2355//2355 
f 2345//2345 2370//2370 2369//2369 
f 2345//2345 2365//2365 2371//2371 
f 2368//2368 2356//2356 2355//2355 
f 2371//2371 2370//2370 2345//2345 
f 2360//2360 2344//2344 2345//2345 
f 2354//2354 2345//2345 2372//2372 
f 2354//2354 2373//2373 2374//2374 
f 2372//2372 2375//2375 2354//2354 
f 2345//2345 2376//2376 2377//2377 
f 2378//2378 2374//2374 2379//2379 
f 2354//2354 2380//2380 2373//2373 
f 2377//2377 2372//2372 2345//2345 
f 2378//2378 2381//2381 2382//2382 
f 2379//2379 2383//2383 2378//2378 
f 2375//2375 2380//2380 2354//2354 
f 2345//2345 2384//2384 2385//2385 
f 2346//2346 2386//2386 2384//2384 
f 2383//2383 2381//2381 2378//2378 
f 2385//2385 2376//2376 2345//2345 
f 2346//2346 2387//2387 2386//2386 
f 2346//2346 2382//2382 2388//2388 
f 2374//2374 2378//2378 2354//2354 
f 2388//2388 2387//2387 2346//2346 
f 2384//2384 2345//2345 2346//2346 
f 2346//2346 2347//2347 2389//2389 
f 2378//2378 2346//2346 2390//2390 
f 2346//2346 2391//2391 2392//2392 
f 2389//2389 2393//2393 2346//2346 
f 2394//2394 2395//2395 2396//2396 
f 2378//2378 2397//2397 2395//2395 
f 2390//2390 2398//2398 2378//2378 
f 2393//2393 2391//2391 2346//2346 
f 2394//2394 2399//2399 2400//2400 
f 2396//2396 2401//2401 2394//2394 
f 2378//2378 2402//2402 2397//2397 
f 2392//2392 2390//2390 2346//2346 
f 2401//2401 2399//2399 2394//2394 
f 2398//2398 2402//2402 2378//2378 
f 2347//2347 2403//2403 2404//2404 
f 2347//2347 2400//2400 2405//2405 
f 2395//2395 2394//2394 2378//2378 
f 2405//2405 2403//2403 2347//2347 
f 2404//2404 2389//2389 2347//2347 
f 2406//2406 2349//2349 2407//2407 
f 2107//2107 2204//2204 2408//2408 
f 2204//2204 2409//2409 2408//2408 
f 2000//2000 2410//2410 2411//2411 
f 2411//2411 1980//1980 2000//2000 
f 1980//1980 2412//2412 2413//2413 
f 2000//2000 2414//2414 2410//2410 
f 2092//2092 1980//1980 2415//2415 
f 2411//2411 2412//2412 1980//1980 
f 2000//2000 2416//2416 2417//2417 
f 1980//1980 2418//2418 2415//2415 
f 2417//2417 2414//2414 2000//2000 
f 2107//2107 2419//2419 2420//2420 
f 2413//2413 2418//2418 1980//1980 
f 2420//2420 2000//2000 2107//2107 
f 2420//2420 2416//2416 2000//2000 
f 2092//2092 2421//2421 2422//2422 
f 2422//2422 2185//2185 2092//2092 
f 2151//2151 2423//2423 2424//2424 
f 2424//2424 2236//2236 2151//2151 
f 2259//2259 2425//2425 2426//2426 
f 2258//2258 2427//2427 2428//2428 
f 2259//2259 2428//2428 2425//2425 
f 2258//2258 2429//2429 2427//2427 
f 2428//2428 2259//2259 2258//2258 
f 2426//2426 2430//2430 2259//2259 
f 2431//2431 2430//2430 2432//2432 
f 2430//2430 2433//2433 2432//2432 
f 2066//2066 2434//2434 2435//2435 
f 2435//2435 2436//2436 2066//2066 
f 2434//2434 2437//2437 2435//2435 
f 2431//2431 2438//2438 2439//2439 
f 2434//2434 2440//2440 2437//2437 
f 2439//2439 2434//2434 2431//2431 
f 2439//2439 2440//2440 2434//2434 
f 2441//2441 2442//2442 2066//2066 
f 2442//2442 2443//2443 2444//2444 
f 2151//2151 2054//2054 2445//2445 
f 2054//2054 2444//2444 2446//2446 
f 2442//2442 2441//2441 2443//2443 
f 2054//2054 2447//2447 2445//2445 
f 2444//2444 2054//2054 2442//2442 
f 2446//2446 2447//2447 2054//2054 
f 2448//2448 2282//2282 2449//2449 
f 2281//2281 2450//2450 2451//2451 
f 2253//2253 2448//2448 2452//2452 
f 2449//2449 2453//2453 2448//2448 
f 2282//2282 2451//2451 2454//2454 
f 2281//2281 2455//2455 2450//2450 
f 2453//2453 2452//2452 2448//2448 
f 2451//2451 2282//2282 2281//2281 
f 2452//2452 2456//2456 2253//2253 
f 2454//2454 2457//2457 2282//2282 
f 2457//2457 2449//2449 2282//2282 
f 2458//2458 2459//2459 2460//2460 
f 2461//2461 2462//2462 2463//2463 
f 2338//2338 2460//2460 2464//2464 
f 2458//2458 2465//2465 2459//2459 
f 2461//2461 2466//2466 2462//2462 
f 2460//2460 2338//2338 2458//2458 
f 2463//2463 2458//2458 2461//2461 
f 2338//2338 2467//2467 2468//2468 
f 2463//2463 2465//2465 2458//2458 
f 2464//2464 2467//2467 2338//2338 
f 2469//2469 2470//2470 2471//2471 
f 2469//2469 2407//2407 2472//2472 
f 2473//2473 2474//2474 2475//2475 
f 2473//2473 2476//2476 2477//2477 
f 2471//2471 2473//2473 2469//2469 
f 2472//2472 2478//2478 2469//2469 
f 2475//2475 2461//2461 2473//2473 
f 2471//2471 2476//2476 2473//2473 
f 2407//2407 2479//2479 2472//2472 
f 2477//2477 2474//2474 2473//2473 
f 2407//2407 2468//2468 2479//2479 
f 2478//2478 2470//2470 2469//2469 
f 2285//2285 2330//2330 2480//2480 
f 2342//2342 2481//2481 2482//2482 
f 2330//2330 2483//2483 2480//2480 
f 2482//2482 2330//2330 2342//2342 
f 2342//2342 2329//2329 2484//2484 
f 2482//2482 2483//2483 2330//2330 
f 2484//2484 2485//2485 2342//2342 
f 2485//2485 2481//2481 2342//2342 
f 2263//2263 2285//2285 2486//2486 
f 2263//2263 2487//2487 2488//2488 
f 2285//2285 2489//2489 2486//2486 
f 2261//2261 2490//2490 2491//2491 
f 2488//2488 2261//2261 2263//2263 
f 2486//2486 2492//2492 2263//2263 
f 2488//2488 2490//2490 2261//2261 
f 2492//2492 2493//2493 2263//2263 
f 2329//2329 2261//2261 2494//2494 
f 2493//2493 2487//2487 2263//2263 
f 2494//2494 2495//2495 2329//2329 
f 2285//2285 2496//2496 2489//2489 
f 2491//2491 2494//2494 2261//2261 
f 2254//2254 2260//2260 2497//2497 
f 2282//2282 2498//2498 2499//2499 
f 2497//2497 2500//2500 2254//2254 
f 2499//2499 2260//2260 2282//2282 
f 2260//2260 2501//2501 2497//2497 
f 2282//2282 2502//2502 2498//2498 
f 2282//2282 2448//2448 2503//2503 
f 2499//2499 2501//2501 2260//2260 
f 2448//2448 2504//2504 2503//2503 
f 2503//2503 2502//2502 2282//2282 
f 2251//2251 2505//2505 2506//2506 
f 2250//2250 2507//2507 2508//2508 
f 2506//2506 2250//2250 2251//2251 
f 2251//2251 2254//2254 2509//2509 
f 2448//2448 2250//2250 2510//2510 
f 2506//2506 2507//2507 2250//2250 
f 2509//2509 2511//2511 2251//2251 
f 2508//2508 2510//2510 2250//2250 
f 2511//2511 2512//2512 2251//2251 
f 2512//2512 2505//2505 2251//2251 
f 2254//2254 2513//2513 2509//2509 
f 2510//2510 2514//2514 2448//2448 
f 2515//2515 2516//2516 2517//2517 
f 2517//2517 2518//2518 2515//2515 
f 2516//2516 2519//2519 2520//2520 
f 2515//2515 2521//2521 2522//2522 
f 2520//2520 2517//2517 2516//2516 
f 2353//2353 2523//2523 2519//2519 
f 2518//2518 2521//2521 2515//2515 
f 2353//2353 2524//2524 2523//2523 
f 2519//2519 2516//2516 2353//2353 
f 2355//2355 2525//2525 2526//2526 
f 2515//2515 2527//2527 2528//2528 
f 2515//2515 2529//2529 2530//2530 
f 2531//2531 2530//2530 2532//2532 
f 2355//2355 2533//2533 2525//2525 
f 2355//2355 2528//2528 2534//2534 
f 2515//2515 2535//2535 2527//2527 
f 2530//2530 2536//2536 2515//2515 
f 2537//2537 2538//2538 2531//2531 
f 2534//2534 2533//2533 2355//2355 
f 2536//2536 2535//2535 2515//2515 
f 2530//2530 2529//2529 2532//2532 
f 2539//2539 2344//2344 2540//2540 
f 2528//2528 2355//2355 2515//2515 
f 2532//2532 2537//2537 2531//2531 
f 2540//2540 2541//2541 2539//2539 
f 2344//2344 2542//2542 2543//2543 
f 2537//2537 2539//2539 2538//2538 
f 2543//2543 2540//2540 2344//2344 
f 2541//2541 2538//2538 2539//2539 
f 2344//2344 2526//2526 2544//2544 
f 2544//2544 2542//2542 2344//2344 
f 2332//2332 2545//2545 2546//2546 
f 2332//2332 2344//2344 2539//2539 
f 2539//2539 2545//2545 2332//2332 
f 2330//2330 2547//2547 2548//2548 
f 2331//2331 2549//2549 2550//2550 
f 2548//2548 2353//2353 2330//2330 
f 2330//2330 2331//2331 2551//2551 
f 2331//2331 2546//2546 2549//2549 
f 2330//2330 2552//2552 2547//2547 
f 2550//2550 2551//2551 2331//2331 
f 2551//2551 2552//2552 2330//2330 
f 2201//2201 2553//2553 2554//2554 
f 2201//2201 2555//2555 2553//2553 
f 2201//2201 2215//2215 2556//2556 
f 2215//2215 2557//2557 2558//2558 
f 2554//2554 2559//2559 2201//2201 
f 2215//2215 2560//2560 2556//2556 
f 2558//2558 2561//2561 2215//2215 
f 2556//2556 2555//2555 2201//2201 
f 2557//2557 2562//2562 2558//2558 
f 2561//2561 2560//2560 2215//2215 
f 2268//2268 2559//2559 2563//2563 
f 2270//2270 2564//2564 2565//2565 
f 2270//2270 2268//2268 2566//2566 
f 2268//2268 2567//2567 2568//2568 
f 2559//2559 2569//2569 2563//2563 
f 2565//2565 2557//2557 2270//2270 
f 2270//2270 2570//2570 2571//2571 
f 2268//2268 2572//2572 2566//2566 
f 2563//2563 2567//2567 2268//2268 
f 2571//2571 2564//2564 2270//2270 
f 2568//2568 2572//2572 2268//2268 
f 2566//2566 2570//2570 2270//2270 
f 1855//1855 2573//2573 2574//2574 
f 1855//1855 2575//2575 2573//2573 
f 1855//1855 1784//1784 2576//2576 
f 1784//1784 2577//2577 2578//2578 
f 1784//1784 2579//2579 2580//2580 
f 2576//2576 2575//2575 1855//1855 
f 2580//2580 2577//2577 1784//1784 
f 2578//2578 2576//2576 1784//1784 
f 2579//2579 2581//2581 2580//2580 
f 2574//2574 2582//2582 1855//1855 
f 1864//1864 2583//2583 2584//2584 
f 1865//1865 2585//2585 2586//2586 
f 1865//1865 2584//2584 2587//2587 
f 1864//1864 2588//2588 2583//2583 
f 1864//1864 2582//2582 2589//2589 
f 2586//2586 2579//2579 1865//1865 
f 2587//2587 2590//2590 1865//1865 
f 1864//1864 2591//2591 2588//2588 
f 2582//2582 2592//2592 2589//2589 
f 2590//2590 2585//2585 1865//1865 
f 2589//2589 2591//2591 1864//1864 
f 2584//2584 1865//1865 1864//1864 
f 2593//2593 2431//2431 2594//2594 
f 2595//2595 2596//2596 2597//2597 
f 2431//2431 2598//2598 2594//2594 
f 2431//2431 2599//2599 2600//2600 
f 2597//2597 2434//2434 2595//2595 
f 2595//2595 2601//2601 2602//2602 
f 2593//2593 2603//2603 2604//2604 
f 2600//2600 2598//2598 2431//2431 
f 2434//2434 2605//2605 2599//2599 
f 2602//2602 2596//2596 2595//2595 
f 2594//2594 2603//2603 2593//2593 
f 2434//2434 2606//2606 2605//2605 
f 2595//2595 2607//2607 2601//2601 
f 2604//2604 2608//2608 2593//2593 
f 2597//2597 2606//2606 2434//2434 
f 2599//2599 2431//2431 2434//2434 
f 1959//1959 2609//2609 2610//2610 
f 2611//2611 2612//2612 2613//2613 
f 1959//1959 2613//2613 2609//2609 
f 2611//2611 2614//2614 2612//2612 
f 2615//2615 2616//2616 2617//2617 
f 2615//2615 2067//2067 2618//2618 
f 2067//2067 1959//1959 2619//2619 
f 2613//2613 1959//1959 2611//2611 
f 2611//2611 2620//2620 2621//2621 
f 2617//2617 2622//2622 2615//2615 
f 2067//2067 2623//2623 2618//2618 
f 2619//2619 2624//2624 2067//2067 
f 2621//2621 2614//2614 2611//2611 
f 2618//2618 2616//2616 2615//2615 
f 2610//2610 2619//2619 1959//1959 
f 2624//2624 2623//2623 2067//2067 
f 2054//2054 2625//2625 2626//2626 
f 2626//2626 2442//2442 2054//2054 
f 2054//2054 2627//2627 2628//2628 
f 1953//1953 2629//2629 2627//2627 
f 2628//2628 2625//2625 2054//2054 
f 1953//1953 2630//2630 2629//2629 
f 1953//1953 2631//2631 2632//2632 
f 2627//2627 2054//2054 1953//1953 
f 2631//2631 2633//2633 2632//2632 
f 2632//2632 2630//2630 1953//1953 
f 2066//2066 2442//2442 2634//2634 
f 2066//2066 2635//2635 2636//2636 
f 2634//2634 2637//2637 2066//2066 
f 1958//1958 2638//2638 2639//2639 
f 1958//1958 2066//2066 2640//2640 
f 2637//2637 2635//2635 2066//2066 
f 1958//1958 2641//2641 2638//2638 
f 2640//2640 2642//2642 1958//1958 
f 2442//2442 2643//2643 2634//2634 
f 2639//2639 2631//2631 1958//1958 
f 2636//2636 2640//2640 2066//2066 
f 2642//2642 2641//2641 1958//1958 
f 2215//2215 2644//2644 2645//2645 
f 2645//2645 2557//2557 2215//2215 
f 2215//2215 2646//2646 2644//2644 
f 2215//2215 2236//2236 2647//2647 
f 2648//2648 2649//2649 2650//2650 
f 2647//2647 2646//2646 2215//2215 
f 2648//2648 2651//2651 2649//2649 
f 2236//2236 2652//2652 2647//2647 
f 2650//2650 2236//2236 2648//2648 
f 2650//2650 2652//2652 2236//2236 
f 2648//2648 2272//2272 2653//2653 
f 2272//2272 2654//2654 2655//2655 
f 2270//2270 2656//2656 2654//2654 
f 2270//2270 2657//2657 2658//2658 
f 2270//2270 2557//2557 2659//2659 
f 2653//2653 2660//2660 2648//2648 
f 2655//2655 2661//2661 2272//2272 
f 2658//2658 2656//2656 2270//2270 
f 2557//2557 2662//2662 2659//2659 
f 2661//2661 2653//2653 2272//2272 
f 2659//2659 2657//2657 2270//2270 
f 2654//2654 2272//2272 2270//2270 
f 2185//2185 2663//2663 2664//2664 
f 2179//2179 2185//2185 2665//2665 
f 2185//2185 2666//2666 2667//2667 
f 2663//2663 2668//2668 2664//2664 
f 2256//2256 2179//2179 2669//2669 
f 2665//2665 2670//2670 2179//2179 
f 2664//2664 2666//2666 2185//2185 
f 2669//2669 2671//2671 2256//2256 
f 2667//2667 2665//2665 2185//2185 
f 2670//2670 2669//2669 2179//2179 
f 2262//2262 2672//2672 2673//2673 
f 2256//2256 2674//2674 2675//2675 
f 2262//2262 2676//2676 2672//2672 
f 2675//2675 2262//2262 2256//2256 
f 2663//2663 2264//2264 2677//2677 
f 2264//2264 2673//2673 2678//2678 
f 2675//2675 2676//2676 2262//2262 
f 2264//2264 2679//2679 2677//2677 
f 2673//2673 2264//2264 2262//2262 
f 2678//2678 2679//2679 2264//2264 
f 2256//2256 2680//2680 2674//2674 
f 2677//2677 2681//2681 2663//2663 
f 2682//2682 2204//2204 2683//2683 
f 2683//2683 2684//2684 2682//2682 
f 2204//2204 2685//2685 2683//2683 
f 2201//2201 2559//2559 2686//2686 
f 2204//2204 2687//2687 2685//2685 
f 2201//2201 2688//2688 2687//2687 
f 2559//2559 2689//2689 2686//2686 
f 2687//2687 2204//2204 2201//2201 
f 2686//2686 2690//2690 2201//2201 
f 2690//2690 2688//2688 2201//2201 
f 2268//2268 2266//2266 2691//2691 
f 2268//2268 2692//2692 2693//2693 
f 2691//2691 2694//2694 2268//2268 
f 2266//2266 2695//2695 2696//2696 
f 2682//2682 2697//2697 2695//2695 
f 2693//2693 2559//2559 2268//2268 
f 2694//2694 2698//2698 2268//2268 
f 2696//2696 2699//2699 2266//2266 
f 2682//2682 2700//2700 2697//2697 
f 2698//2698 2692//2692 2268//2268 
f 2695//2695 2266//2266 2682//2682 
f 2699//2699 2691//2691 2266//2266 
f 2430//2430 2701//2701 2702//2702 
f 2702//2702 2703//2703 2430//2430 
f 2701//2701 2704//2704 2705//2705 
f 2430//2430 2706//2706 2707//2707 
f 2705//2705 2702//2702 2701//2701 
f 2707//2707 2259//2259 2430//2430 
f 2701//2701 2708//2708 2704//2704 
f 2703//2703 2706//2706 2430//2430 
f 2279//2279 2277//2277 2709//2709 
f 2277//2277 2259//2259 2710//2710 
f 2277//2277 2711//2711 2709//2709 
f 2710//2710 2712//2712 2277//2277 
f 2279//2279 2713//2713 2714//2714 
f 2712//2712 2711//2711 2277//2277 
f 2709//2709 2713//2713 2279//2279 
f 2714//2714 2715//2715 2279//2279 
f 2259//2259 2716//2716 2710//2710 
f 2701//2701 2430//2430 2717//2717 
f 2593//2593 2718//2718 2719//2719 
f 2593//2593 2720//2720 2721//2721 
f 2701//2701 2722//2722 2723//2723 
f 2430//2430 2724//2724 2717//2717 
f 2431//2431 2725//2725 2726//2726 
f 2721//2721 2718//2718 2593//2593 
f 2717//2717 2722//2722 2701//2701 
f 2431//2431 2727//2727 2725//2725 
f 2719//2719 2431//2431 2593//2593 
f 2723//2723 2728//2728 2701//2701 
f 2430//2430 2726//2726 2729//2729 
f 2719//2719 2727//2727 2431//2431 
f 2729//2729 2724//2724 2430//2430 
f 2593//2593 2730//2730 2720//2720 
f 2726//2726 2430//2430 2431//2431 
f 1953//1953 2731//2731 2732//2732 
f 1855//1855 2733//2733 2734//2734 
f 2732//2732 2631//2631 1953//1953 
f 1953//1953 2734//2734 2735//2735 
f 1855//1855 2736//2736 2733//2733 
f 1855//1855 2582//2582 2737//2737 
f 2735//2735 2731//2731 1953//1953 
f 2737//2737 2736//2736 1855//1855 
f 2734//2734 1953//1953 1855//1855 
f 2582//2582 2738//2738 2737//2737 
f 1864//1864 1958//1958 2739//2739 
f 1958//1958 2631//2631 2740//2740 
f 1864//1864 2741//2741 2742//2742 
f 2739//2739 2743//2743 1864//1864 
f 1958//1958 2744//2744 2745//2745 
f 2740//2740 2746//2746 1958//1958 
f 2742//2742 2582//2582 1864//1864 
f 2743//2743 2747//2747 1864//1864 
f 2746//2746 2744//2744 1958//1958 
f 2747//2747 2741//2741 1864//1864 
f 2631//2631 2748//2748 2740//2740 
f 2745//2745 2739//2739 1958//1958 
f 2595//2595 2749//2749 2750//2750 
f 2595//2595 2434//2434 2751//2751 
f 2067//2067 2752//2752 2753//2753 
f 2750//2750 2754//2754 2595//2595 
f 2434//2434 2755//2755 2751//2751 
f 2434//2434 2753//2753 2756//2756 
f 2067//2067 2757//2757 2752//2752 
f 2615//2615 2758//2758 2759//2759 
f 2615//2615 2760//2760 2761//2761 
f 2751//2751 2749//2749 2595//2595 
f 2753//2753 2434//2434 2067//2067 
f 2759//2759 2067//2067 2615//2615 
f 2615//2615 2762//2762 2760//2760 
f 2756//2756 2755//2755 2434//2434 
f 2761//2761 2758//2758 2615//2615 
f 2759//2759 2757//2757 2067//2067 
f 2429//2429 2763//2763 2764//2764 
f 2258//2258 2765//2765 2766//2766 
f 2429//2429 2766//2766 2763//2763 
f 2258//2258 2767//2767 2765//2765 
f 2766//2766 2429//2429 2258//2258 
f 2764//2764 2768//2768 2429//2429 
f 2236//2236 2769//2769 2770//2770 
f 2236//2236 2771//2771 2772//2772 
f 2770//2770 2773//2773 2236//2236 
f 2773//2773 2774//2774 2775//2775 
f 2773//2773 2770//2770 2776//2776 
f 2772//2772 2648//2648 2236//2236 
f 2773//2773 2777//2777 2236//2236 
f 2776//2776 2774//2774 2773//2773 
f 2777//2777 2771//2771 2236//2236 
f 2772//2772 2778//2778 2648//2648 
f 2272//2272 2648//2648 2779//2779 
f 2274//2274 2272//2272 2780//2780 
f 2779//2779 2781//2781 2272//2272 
f 2781//2781 2780//2780 2272//2272 
f 2780//2780 2782//2782 2274//2274 
f 2648//2648 2778//2778 2779//2779 
f 2274//2274 2783//2783 2784//2784 
f 2258//2258 2257//2257 2785//2785 
f 2784//2784 2257//2257 2274//2274 
f 2257//2257 2786//2786 2785//2785 
f 2274//2274 2787//2787 2783//2783 
f 2784//2784 2786//2786 2257//2257 
f 2785//2785 2788//2788 2258//2258 
f 2789//2789 2790//2790 2791//2791 
f 2789//2789 2792//2792 2790//2790 
f 2185//2185 2793//2793 2794//2794 
f 2682//2682 2795//2795 2796//2796 
f 2789//2789 2797//2797 2792//2792 
f 2794//2794 2798//2798 2185//2185 
f 2794//2794 2789//2789 2799//2799 
f 2682//2682 2791//2791 2795//2795 
f 2682//2682 2800//2800 2789//2789 
f 2663//2663 2185//2185 2801//2801 
f 2794//2794 2802//2802 2803//2803 
f 2799//2799 2804//2804 2794//2794 
f 2791//2791 2682//2682 2789//2789 
f 2789//2789 2794//2794 2805//2805 
f 2185//2185 2798//2798 2801//2801 
f 2804//2804 2802//2802 2794//2794 
f 2805//2805 2797//2797 2789//2789 
f 2794//2794 2803//2803 2798//2798 
f 2801//2801 2806//2806 2663//2663 
f 2796//2796 2204//2204 2682//2682 
f 2264//2264 2663//2663 2807//2807 
f 2807//2807 2808//2808 2264//2264 
f 2264//2264 2809//2809 2810//2810 
f 2808//2808 2811//2811 2264//2264 
f 2266//2266 2812//2812 2813//2813 
f 2266//2266 2810//2810 2814//2814 
f 2811//2811 2809//2809 2264//2264 
f 2266//2266 2815//2815 2812//2812 
f 2810//2810 2266//2266 2264//2264 
f 2814//2814 2815//2815 2266//2266 
f 2663//2663 2806//2806 2807//2807 
f 2813//2813 2682//2682 2266//2266 
f 2816//2816 2394//2394 2817//2817 
f 2394//2394 2347//2347 2818//2818 
f 2817//2817 2819//2819 2816//2816 
f 2818//2818 2820//2820 2394//2394 
f 2820//2820 2817//2817 2394//2394 
f 2347//2347 2821//2821 2822//2822 
f 2348//2348 2823//2823 2821//2821 
f 2822//2822 2818//2818 2347//2347 
f 2348//2348 2824//2824 2823//2823 
f 2821//2821 2347//2347 2348//2348 
f 2406//2406 2825//2825 2826//2826 
f 2816//2816 2827//2827 2828//2828 
f 2406//2406 2829//2829 2825//2825 
f 2828//2828 2406//2406 2816//2816 
f 2348//2348 2349//2349 2830//2830 
f 2828//2828 2829//2829 2406//2406 
f 2349//2349 2831//2831 2830//2830 
f 2349//2349 2826//2826 2832//2832 
f 2816//2816 2833//2833 2827//2827 
f 2830//2830 2834//2834 2348//2348 
f 2826//2826 2349//2349 2406//2406 
f 2832//2832 2831//2831 2349//2349 
f 1785//1785 1740//1740 2835//2835 
f 1784//1784 2836//2836 2837//2837 
f 1784//1784 1785//1785 2836//2836 
f 2579//2579 2837//2837 2838//2838 
f 1865//1865 2838//2838 2839//2839 
f 1866//1866 2839//2839 2840//2840 
f 2611//2611 1959//1959 2841//2841 
f 1959//1959 1866//1866 2842//2842 
f 1866//1866 2843//2843 2844//2844 
f 2845//2845 2846//2846 2847//2847 
f 2846//2846 2845//2845 2848//2848 
f 2841//2841 2849//2849 2611//2611 
f 2842//2842 2850//2850 1959//1959 
f 1866//1866 2847//2847 2843//2843 
f 2848//2848 2851//2851 2846//2846 
f 2849//2849 2852//2852 2611//2611 
f 2850//2850 2853//2853 1959//1959 
f 2847//2847 1866//1866 2845//2845 
f 2853//2853 2841//2841 1959//1959 
f 2848//2848 2854//2854 2851//2851 
f 2844//2844 2842//2842 1866//1866 
f 2852//2852 2855//2855 2611//2611 
f 2848//2848 2856//2856 2854//2854 
f 2848//2848 2857//2857 2858//2858 
f 2857//2857 2611//2611 2859//2859 
f 2857//2857 2860//2860 2858//2858 
f 2859//2859 2861//2861 2857//2857 
f 2861//2861 2860//2860 2857//2857 
f 2615//2615 2862//2862 2863//2863 
f 2615//2615 2864//2864 2862//2862 
f 2865//2865 2866//2866 2867//2867 
f 2865//2865 2615//2615 2868//2868 
f 2869//2869 2870//2870 2871//2871 
f 2615//2615 2865//2865 2864//2864 
f 2868//2868 2866//2866 2865//2865 
f 2872//2872 2873//2873 2620//2620 
f 2872//2872 2874//2874 2867//2867 
f 2869//2869 2863//2863 2870//2870 
f 2867//2867 2874//2874 2865//2865 
f 2611//2611 2857//2857 2875//2875 
f 2876//2876 2857//2857 2877//2877 
f 2867//2867 2873//2873 2872//2872 
f 2863//2863 2869//2869 2615//2615 
f 2875//2875 2878//2878 2611//2611 
f 2877//2877 2879//2879 2876//2876 
f 2871//2871 2880//2880 2869//2869 
f 2876//2876 2875//2875 2857//2857 
f 2877//2877 2881//2881 2882//2882 
f 2620//2620 2611//2611 2872//2872 
f 2882//2882 2879//2879 2877//2877 
f 2878//2878 2872//2872 2611//2611 
f 2869//2869 2883//2883 2881//2881 
f 2881//2881 2877//2877 2869//2869 
f 2884//2884 2869//2869 2885//2885 
f 2886//2886 2887//2887 2888//2888 
f 2869//2869 2884//2884 2762//2762 
f 2869//2869 2889//2889 2885//2885 
f 2595//2595 2890//2890 2891//2891 
f 2888//2888 2892//2892 2893//2893 
f 2886//2886 2595//2595 2894//2894 
f 2885//2885 2888//2888 2884//2884 
f 2595//2595 2886//2886 2890//2890 
f 2894//2894 2887//2887 2886//2886 
f 2888//2888 2885//2885 2895//2895 
f 2869//2869 2896//2896 2889//2889 
f 2897//2897 2898//2898 2899//2899 
f 2897//2897 2595//2595 2900//2900 
f 2888//2888 2893//2893 2886//2886 
f 2895//2895 2901//2901 2888//2888 
f 2869//2869 2902//2902 2896//2896 
f 2903//2903 2904//2904 2902//2902 
f 2900//2900 2898//2898 2897//2897 
f 2901//2901 2892//2892 2888//2888 
f 2902//2902 2869//2869 2903//2903 
f 2891//2891 2900//2900 2595//2595 
f 2905//2905 2904//2904 2903//2903 
f 2899//2899 2905//2905 2897//2897 
f 2762//2762 2615//2615 2869//2869 
f 2906//2906 2907//2907 2908//2908 
f 2909//2909 2910//2910 2911//2911 
f 2906//2906 2912//2912 2907//2907 
f 2911//2911 2913//2913 2909//2909 
f 2908//2908 2909//2909 2906//2906 
f 2908//2908 2910//2910 2909//2909 
f 2906//2906 2914//2914 2915//2915 
f 2909//2909 2593//2593 2916//2916 
f 2917//2917 2897//2897 2918//2918 
f 2913//2913 2919//2919 2909//2909 
f 2914//2914 2920//2920 2915//2915 
f 2914//2914 2921//2921 2922//2922 
f 2916//2916 2923//2923 2909//2909 
f 2593//2593 2924//2924 2925//2925 
f 2897//2897 2917//2917 2607//2607 
f 2897//2897 2926//2926 2918//2918 
f 2921//2921 2914//2914 2927//2927 
f 2915//2915 2912//2912 2906//2906 
f 2922//2922 2928//2928 2914//2914 
f 2923//2923 2929//2929 2909//2909 
f 2925//2925 2930//2930 2593//2593 
f 2924//2924 2931//2931 2932//2932 
f 2924//2924 2593//2593 2933//2933 
f 2918//2918 2932//2932 2917//2917 
f 2897//2897 2927//2927 2934//2934 
f 2897//2897 2935//2935 2921//2921 
f 2897//2897 2936//2936 2937//2937 
f 2928//2928 2920//2920 2914//2914 
f 2930//2930 2916//2916 2593//2593 
f 2933//2933 2931//2931 2924//2924 
f 2934//2934 2926//2926 2897//2897 
f 2937//2937 2935//2935 2897//2897 
f 2929//2929 2906//2906 2909//2909 
f 2932//2932 2938//2938 2939//2939 
f 2932//2932 2918//2918 2940//2940 
f 2927//2927 2897//2897 2921//2921 
f 2909//2909 2941//2941 2936//2936 
f 2932//2932 2939//2939 2924//2924 
f 2940//2940 2942//2942 2932//2932 
f 2936//2936 2897//2897 2909//2909 
f 2942//2942 2938//2938 2932//2932 
f 2919//2919 2941//2941 2909//2909 
f 2943//2943 2909//2909 2944//2944 
f 2945//2945 2946//2946 2947//2947 
f 2701//2701 2948//2948 2949//2949 
f 2701//2701 2950//2950 2951//2951 
f 2950//2950 2952//2952 2953//2953 
f 2953//2953 2954//2954 2955//2955 
f 2950//2950 2956//2956 2957//2957 
f 2950//2950 2701//2701 2958//2958 
f 2701//2701 2959//2959 2960//2960 
f 2909//2909 2943//2943 2730//2730 
f 2909//2909 2961//2961 2944//2944 
f 2962//2962 2909//2909 2954//2954 
f 2963//2963 2964//2964 2965//2965 
f 2945//2945 2949//2949 2946//2946 
f 2951//2951 2948//2948 2701//2701 
f 2953//2953 2966//2966 2967//2967 
f 2955//2955 2968//2968 2953//2953 
f 2958//2958 2956//2956 2950//2950 
f 2960//2960 2969//2969 2701//2701 
f 2959//2959 2970//2970 2971//2971 
f 2959//2959 2701//2701 2972//2972 
f 2944//2944 2971//2971 2943//2943 
f 2909//2909 2962//2962 2973//2973 
f 2909//2909 2974//2974 2954//2954 
f 2965//2965 2909//2909 2963//2963 
f 2945//2945 2975//2975 2976//2976 
f 2949//2949 2945//2945 2701//2701 
f 2968//2968 2966//2966 2953//2953 
f 2969//2969 2958//2958 2701//2701 
f 2972//2972 2970//2970 2959//2959 
f 2971//2971 2944//2944 2977//2977 
f 2973//2973 2961//2961 2909//2909 
f 2965//2965 2974//2974 2909//2909 
f 2947//2947 2975//2975 2945//2945 
f 2957//2957 2952//2952 2950//2950 
f 2971//2971 2978//2978 2979//2979 
f 2977//2977 2980//2980 2971//2971 
f 2954//2954 2953//2953 2962//2962 
f 2953//2953 2967//2967 2950//2950 
f 2980//2980 2978//2978 2971//2971 
f 2963//2963 2976//2976 2964//2964 
f 2971//2971 2979//2979 2959//2959 
f 2976//2976 2963//2963 2945//2945 
f 2945//2945 2981//2981 2982//2982 
f 2945//2945 2983//2983 2984//2984 
f 2982//2982 2701//2701 2945//2945 
f 2984//2984 2985//2985 2945//2945 
f 2986//2986 2987//2987 2708//2708 
f 2986//2986 2988//2988 2989//2989 
f 2982//2982 2990//2990 2701//2701 
f 2985//2985 2991//2991 2945//2945 
f 2989//2989 2987//2987 2986//2986 
f 2991//2991 2981//2981 2945//2945 
f 2990//2990 2986//2986 2701//2701 
f 2983//2983 2992//2992 2984//2984 
f 2993//2993 2994//2994 2995//2995 
f 2994//2994 2996//2996 2995//2995 
f 2997//2997 2998//2998 2999//2999 
f 3000//3000 3001//3001 2998//2998 
f 3000//3000 3002//3002 3003//3003 
f 2995//2995 3004//3004 2993//2993 
f 2994//2994 3005//3005 3006//3006 
f 3007//3007 3005//3005 2994//2994 
f 2983//2983 2997//2997 3008//3008 
f 2999//2999 3009//3009 2997//2997 
f 3003//3003 3001//3001 3000//3000 
f 2993//2993 3010//3010 3011//3011 
f 3006//3006 2996//2996 2994//2994 
f 3002//3002 3000//3000 3007//3007 
f 3008//3008 3012//3012 2983//2983 
f 2998//2998 2997//2997 3000//3000 
f 2993//2993 3013//3013 3010//3010 
f 2994//2994 3002//3002 3007//3007 
f 3009//3009 3008//3008 2997//2997 
f 3004//3004 3013//3013 2993//2993 
f 3014//3014 3015//3015 3016//3016 
f 2988//2988 2994//2994 2993//2993 
f 3011//3011 3016//3016 2993//2993 
f 3014//3014 2279//2279 3015//3015 
f 3012//3012 2992//2992 2983//2983 
f 2993//2993 2989//2989 2988//2988 
f 3017//3017 3018//3018 3019//3019 
f 3019//3019 3020//3020 3017//3017 
f 3000//3000 3021//3021 3019//3019 
f 3019//3019 3018//3018 3000//3000 
f 2997//2997 3022//3022 3023//3023 
f 3024//3024 2326//2326 3025//3025 
f 3026//3026 3027//3027 3028//3028 
f 3000//3000 3023//3023 3021//3021 
f 2997//2997 3029//3029 3022//3022 
f 3030//3030 3031//3031 3032//3032 
f 2326//2326 3033//3033 3025//3025 
f 3026//3026 3034//3034 3027//3027 
f 3026//3026 2326//2326 3035//3035 
f 3023//3023 3000//3000 2997//2997 
f 3032//3032 2997//2997 3030//3030 
f 3025//3025 3036//3036 3024//3024 
f 2326//2326 3037//3037 3038//3038 
f 3026//3026 3039//3039 3034//3034 
f 2326//2326 3040//3040 3035//3035 
f 3032//3032 3029//3029 2997//2997 
f 3038//3038 3033//3033 2326//2326 
f 3035//3035 3039//3039 3026//3026 
f 2326//2326 3024//3024 3041//3041 
f 3036//3036 3017//3017 3024//3024 
f 3041//3041 3040//3040 2326//2326 
f 3030//3030 3028//3028 3031//3031 
f 3020//3020 3024//3024 3017//3017 
f 2279//2279 3014//3014 3037//3037 
f 3037//3037 2326//2326 2279//2279 
f 2326//2326 3042//3042 3043//3043 
f 3043//3043 2339//2339 2326//2326 
f 2326//2326 3044//3044 3042//3042 
f 2326//2326 3026//3026 3045//3045 
f 2326//2326 3046//3046 3044//3044 
f 3026//3026 3047//3047 3045//3045 
f 3045//3045 3046//3046 2326//2326 
f 3026//3026 3048//3048 3049//3049 
f 3049//3049 3047//3047 3026//3026 
f 3048//3048 3026//3026 3050//3050 
f 3043//3043 3051//3051 2339//2339 
f 3050//3050 3052//3052 3053//3053 
f 3050//3050 3053//3053 3048//3048 
f 3054//3054 3055//3055 3056//3056 
f 3057//3057 2458//2458 3058//3058 
f 2458//2458 3059//3059 3054//3054 
f 2339//2339 3060//3060 3059//3059 
f 3055//3055 3061//3061 3052//3052 
f 3052//3052 3050//3050 3062//3062 
f 2458//2458 3063//3063 3058//3058 
f 3059//3059 2458//2458 2339//2339 
f 3055//3055 3064//3064 3061//3061 
f 3062//3062 3065//3065 3052//3052 
f 2458//2458 3066//3066 3063//3063 
f 3056//3056 2458//2458 3054//3054 
f 3065//3065 3067//3067 3052//3052 
f 3055//3055 3054//3054 3068//3068 
f 3057//3057 3069//3069 3070//3070 
f 3056//3056 3066//3066 2458//2458 
f 3068//3068 3064//3064 3055//3055 
f 3050//3050 3071//3071 3072//3072 
f 3057//3057 3073//3073 3069//3069 
f 3052//3052 3067//3067 3055//3055 
f 3050//3050 3074//3074 3071//3071 
f 3058//3058 3073//3073 3057//3057 
f 3050//3050 3075//3075 3074//3074 
f 3057//3057 3076//3076 3075//3075 
f 3072//3072 3062//3062 3050//3050 
f 3070//3070 3076//3076 3057//3057 
f 2458//2458 3057//3057 3077//3077 
f 2461//2461 3077//3077 3078//3078 
f 3079//3079 3080//3080 3081//3081 
f 3081//3081 3082//3082 3079//3079 
f 3079//3079 3083//3083 3084//3084 
f 3084//3084 3080//3080 3079//3079 
f 2473//2473 3085//3085 3086//3086 
f 3082//3082 3087//3087 3079//3079 
f 3082//3082 3088//3088 3089//3089 
f 2473//2473 3090//3090 3085//3085 
f 2473//2473 3078//3078 3091//3091 
f 3083//3083 3086//3086 3084//3084 
f 3089//3089 3092//3092 3082//3082 
f 2473//2473 3093//3093 3090//3090 
f 3078//3078 3094//3094 3091//3091 
f 3092//3092 3087//3087 3082//3082 
f 2473//2473 3095//3095 3093//3093 
f 3078//3078 3096//3096 3094//3094 
f 3078//3078 3082//3082 3097//3097 
f 3086//3086 3083//3083 2473//2473 
f 3078//3078 3098//3098 3096//3096 
f 3082//3082 3099//3099 3097//3097 
f 3091//3091 3095//3095 2473//2473 
f 3082//3082 3100//3100 3099//3099 
f 3078//3078 3101//3101 3098//3098 
f 3081//3081 3100//3100 3082//3082 
f 2469//2469 3102//3102 3103//3103 
f 3104//3104 3105//3105 3106//3106 
f 2469//2469 3107//3107 3102//3102 
f 2469//2469 2473//2473 3108//3108 
f 3106//3106 3088//3088 3104//3104 
f 3104//3104 3103//3103 3109//3109 
f 2469//2469 3110//3110 3107//3107 
f 2473//2473 3111//3111 3108//3108 
f 3106//3106 3112//3112 3088//3088 
f 3109//3109 3113//3113 3104//3104 
f 3108//3108 3110//3110 2469//2469 
f 3113//3113 3105//3105 3104//3104 
f 2473//2473 3114//3114 3111//3111 
f 3103//3103 3104//3104 2469//2469 
f 3112//3112 3115//3115 3088//3088 
f 2473//2473 3083//3083 3114//3114 
f 2469//2469 3104//3104 3116//3116 
f 3117//3117 3118//3118 3119//3119 
f 2469//2469 3120//3120 3121//3121 
f 3116//3116 3122//3122 2469//2469 
f 3104//3104 3123//3123 3124//3124 
f 3123//3123 3104//3104 3117//3117 
f 3122//3122 3120//3120 2469//2469 
f 3119//3119 3123//3123 3117//3117 
f 3124//3124 3116//3116 3104//3104 
f 3118//3118 3125//3125 3126//3126 
f 3127//3127 3125//3125 3118//3118 
f 2816//2816 3128//3128 3129//3129 
f 3118//3118 3130//3130 3127//3127 
f 3130//3130 3129//3129 3131//3131 
f 2816//2816 3132//3132 3128//3128 
f 2816//2816 2406//2406 3133//3133 
f 2406//2406 3121//3121 3134//3134 
f 3130//3130 3135//3135 3127//3127 
f 3129//3129 3130//3130 2816//2816 
f 3134//3134 3133//3133 2406//2406 
f 3131//3131 3135//3135 3130//3130 
f 3133//3133 3136//3136 2816//2816 
f 3136//3136 3132//3132 2816//2816 
f 2394//2394 2816//2816 3130//3130 
f 3137//3137 3138//3138 3139//3139 
f 3140//3140 3141//3141 3142//3142 
f 3141//3141 3143//3143 3144//3144 
f 3137//3137 3145//3145 3138//3138 
f 3140//3140 3146//3146 3147//3147 
f 3144//3144 3142//3142 3141//3141 
f 3139//3139 3141//3141 3137//3137 
f 3140//3140 3148//3148 3146//3146 
f 3139//3139 3143//3143 3141//3141 
f 3137//3137 3149//3149 3150//3150 
f 3151//3151 3152//3152 3150//3150 
f 3141//3141 2378//2378 3153//3153 
f 3142//3142 3148//3148 3140//3140 
f 3150//3150 3149//3149 3151//3151 
f 3151//3151 3154//3154 3155//3155 
f 3156//3156 3157//3157 3154//3154 
f 3153//3153 3158//3158 3141//3141 
f 2378//2378 3159//3159 3160//3160 
f 3150//3150 3145//3145 3137//3137 
f 3154//3154 3151//3151 3156//3156 
f 3158//3158 3161//3161 3141//3141 
f 3160//3160 3162//3162 2378//2378 
f 3155//3155 3152//3152 3151//3151 
f 3162//3162 3153//3153 2378//2378 
f 2378//2378 2394//2394 3163//3163 
f 3161//3161 3137//3137 3141//3141 
f 2394//2394 3164//3164 3163//3163 
f 2394//2394 3165//3165 3166//3166 
f 3156//3156 3147//3147 3167//3167 
f 3163//3163 3159//3159 2378//2378 
f 2394//2394 3168//3168 3165//3165 
f 3156//3156 3169//3169 3168//3168 
f 3156//3156 3151//3151 3170//3170 
f 3167//3167 3171//3171 3156//3156 
f 3166//3166 3164//3164 2394//2394 
f 3170//3170 3169//3169 3156//3156 
f 3147//3147 3156//3156 3140//3140 
f 3171//3171 3157//3157 3156//3156 
f 3172//3172 2354//2354 3173//3173 
f 2354//2354 3174//3174 3173//3173 
f 3175//3175 3176//3176 3177//3177 
f 3141//3141 3178//3178 3179//3179 
f 3141//3141 3180//3180 3181//3181 
f 3180//3180 3182//3182 3183//3183 
f 3180//3180 2354//2354 3184//3184 
f 2354//2354 3172//3172 3185//3185 
f 3173//3173 3177//3177 3186//3186 
f 2354//2354 3187//3187 3188//3188 
f 2354//2354 2378//2378 3189//3189 
f 3177//3177 3190//3190 3191//3191 
f 3175//3175 3141//3141 3192//3192 
f 3179//3179 3193//3193 3141//3141 
f 3180//3180 3194//3194 3181//3181 
f 3180//3180 3195//3195 3182//3182 
f 3185//3185 3184//3184 2354//2354 
f 3188//3188 3174//3174 2354//2354 
f 2378//2378 3196//3196 3189//3189 
f 2378//2378 3197//3197 3198//3198 
f 3141//3141 3199//3199 3200//3200 
f 3141//3141 3175//3175 3201//3201 
f 3192//3192 3176//3176 3175//3175 
f 3181//3181 3178//3178 3141//3141 
f 3184//3184 3195//3195 3180//3180 
f 3189//3189 3187//3187 2354//2354 
f 2378//2378 3200//3200 3197//3197 
f 3201//3201 3199//3199 3141//3141 
f 3141//3141 3202//3202 3192//3192 
f 3177//3177 3173//3173 3203//3203 
f 3183//3183 3194//3194 3180//3180 
f 3198//3198 3196//3196 2378//2378 
f 3177//3177 3191//3191 3175//3175 
f 3203//3203 3204//3204 3177//3177 
f 3173//3173 3186//3186 3172//3172 
f 3204//3204 3190//3190 3177//3177 
f 3200//3200 2378//2378 3141//3141 
f 3205//3205 2355//2355 3206//3206 
f 2355//2355 3207//3207 3206//3206 
f 3208//3208 3209//3209 3210//3210 
f 3208//3208 2355//2355 3211//3211 
f 2355//2355 3205//3205 3212//3212 
f 3206//3206 3213//3213 3214//3214 
f 2355//2355 3215//3215 3216//3216 
f 2354//2354 3217//3217 3218//3218 
f 3219//3219 3220//3220 3213//3213 
f 3221//3221 3208//3208 3222//3222 
f 3210//3210 3223//3223 3208//3208 
f 3212//3212 3211//3211 2355//2355 
f 3216//3216 3207//3207 2355//2355 
f 3218//3218 2355//2355 2354//2354 
f 2354//2354 3224//3224 3225//3225 
f 3213//3213 3226//3226 3227//3227 
f 3219//3219 3180//3180 3228//3228 
f 3222//3222 3229//3229 3221//3221 
f 3211//3211 3209//3209 3208//3208 
f 3218//3218 3215//3215 2355//2355 
f 2354//2354 3230//3230 3224//3224 
f 3228//3228 3220//3220 3219//3219 
f 3213//3213 3206//3206 3231//3231 
f 3223//3223 3222//3222 3208//3208 
f 3225//3225 3217//3217 2354//2354 
f 3180//3180 3232//3232 3228//3228 
f 3231//3231 3233//3233 3213//3213 
f 3221//3221 3234//3234 3235//3235 
f 3180//3180 3236//3236 3230//3230 
f 3180//3180 3219//3219 3237//3237 
f 3206//3206 3214//3214 3205//3205 
f 3233//3233 3226//3226 3213//3213 
f 3235//3235 3180//3180 3221//3221 
f 3237//3237 3236//3236 3180//3180 
f 3213//3213 3227//3227 3219//3219 
f 3235//3235 3238//3238 3180//3180 
f 3229//3229 3234//3234 3221//3221 
f 3230//3230 2354//2354 3180//3180 
f 3208//3208 3239//3239 3240//3240 
f 3239//3239 3241//3241 3240//3240 
f 3208//3208 3242//3242 3243//3243 
f 3240//3240 3244//3244 3208//3208 
f 3245//3245 3246//3246 3247//3247 
f 3245//3245 2515//2515 3248//3248 
f 2355//2355 3249//3249 3250//3250 
f 3208//3208 3251//3251 3242//3242 
f 3239//3239 3247//3247 3241//3241 
f 3245//3245 3252//3252 3246//3246 
f 2515//2515 3253//3253 3248//3248 
f 3250//3250 2515//2515 2355//2355 
f 3244//3244 3251//3251 3208//3208 
f 3248//3248 3252//3252 3245//3245 
f 3250//3250 3254//3254 2515//2515 
f 3247//3247 3239//3239 3245//3245 
f 2355//2355 3255//3255 3249//3249 
f 3254//3254 3253//3253 2515//2515 
f 2355//2355 3243//3243 3256//3256 
f 3256//3256 3255//3255 2355//2355 
f 2516//2516 3257//3257 3258//3258 
f 3245//3245 3259//3259 3260//3260 
f 3245//3245 3261//3261 3262//3262 
f 2516//2516 3263//3263 3257//3257 
f 2516//2516 2515//2515 3264//3264 
f 2515//2515 3245//3245 3265//3265 
f 3245//3245 3266//3266 3259//3259 
f 3262//3262 3267//3267 3245//3245 
f 3261//3261 3258//3258 3268//3268 
f 2516//2516 3269//3269 3263//3263 
f 2515//2515 3270//3270 3264//3264 
f 3265//3265 3271//3271 2515//2515 
f 3267//3267 3266//3266 3245//3245 
f 3268//3268 3272//3272 3261//3261 
f 3264//3264 3269//3269 2516//2516 
f 3271//3271 3273//3273 2515//2515 
f 3272//3272 3262//3262 3261//3261 
f 3273//3273 3270//3270 2515//2515 
f 3258//3258 3261//3261 2516//2516 
f 2516//2516 3261//3261 3274//3274 
f 2352//2352 3274//3274 3275//3275 
f 2352//2352 3276//3276 3277//3277 
f 3275//3275 3278//3278 2352//2352 
f 3279//3279 3274//3274 3280//3280 
f 3277//3277 2351//2351 2352//2352 
f 3278//3278 3281//3281 2352//2352 
f 3280//3280 3282//3282 3279//3279 
f 3281//3281 3276//3276 2352//2352 
f 3279//3279 3283//3283 3274//3274 
f 3283//3283 3275//3275 3274//3274 
f 3284//3284 3285//3285 3286//3286 
f 3285//3285 3287//3287 3288//3288 
f 2351//2351 3289//3289 3290//3290 
f 3291//3291 3280//3280 3284//3284 
f 3288//3288 3286//3286 3285//3285 
f 2350//2350 3292//3292 3287//3287 
f 3290//3290 2350//2350 2351//2351 
f 3284//3284 3293//3293 3291//3291 
f 3286//3286 3294//3294 3284//3284 
f 3290//3290 3292//3292 2350//2350 
f 3294//3294 3293//3293 3284//3284 
f 2351//2351 3295//3295 3289//3289 
f 3287//3287 3285//3285 2350//2350 
f 2340//2340 2350//2350 3296//3296 
f 2327//2327 2340//2340 3297//3297 
f 3298//3298 3299//3299 3300//3300 
f 3298//3298 3301//3301 3299//3299 
f 3298//3298 3302//3302 3303//3303 
f 2283//2283 3304//3304 3305//3305 
f 3298//3298 3306//3306 3301//3301 
f 3302//3302 3307//3307 3303//3303 
f 3308//3308 3307//3307 3302//3302 
f 3305//3305 2280//2280 2283//2283 
f 2327//2327 3309//3309 3310//3310 
f 3303//3303 3306//3306 3298//3298 
f 3305//3305 3308//3308 2280//2280 
f 2283//2283 3311//3311 3312//3312 
f 2327//2327 3300//3300 3309//3309 
f 3302//3302 2280//2280 3308//3308 
f 2283//2283 3313//3313 3311//3311 
f 2283//2283 2327//2327 3314//3314 
f 3300//3300 2327//2327 3298//3298 
f 3314//3314 3313//3313 2283//2283 
f 3312//3312 3304//3304 2283//2283 
f 3310//3310 3315//3315 2327//2327 
f 2281//2281 2280//2280 3316//3316 
f 3317//3317 3318//3318 3319//3319 
f 3318//3318 3320//3320 3321//3321 
f 2253//2253 3322//3322 3323//3323 
f 3317//3317 3324//3324 3325//3325 
f 3319//3319 3326//3326 3317//3317 
f 3320//3320 3323//3323 3321//3321 
f 2253//2253 3327//3327 3322//3322 
f 3326//3326 3324//3324 3317//3317 
f 3323//3323 3320//3320 2253//2253 
f 3325//3325 2281//2281 3317//3317 
f 3321//3321 3328//3328 3318//3318 
f 3328//3328 3319//3319 3318//3318 
f 2253//2253 3329//3329 3330//3330 
f 3320//3320 3331//3331 3329//3329 
f 3320//3320 3332//3332 3333//3333 
f 2249//2249 2253//2253 3334//3334 
f 3330//3330 3335//3335 2253//2253 
f 3333//3333 3331//3331 3320//3320 
f 3334//3334 3336//3336 2249//2249 
f 3329//3329 2253//2253 3320//3320 
f 3337//3337 3338//3338 3332//3332 
f 3335//3335 3334//3334 2253//2253 
f 3337//3337 3339//3339 3338//3338 
f 3332//3332 3320//3320 3337//3337 
f 3340//3340 2159//2159 3341//3341 
f 2249//2249 3342//3342 3343//3343 
f 3340//3340 3344//3344 3345//3345 
f 3341//3341 3346//3346 3340//3340 
f 3343//3343 2159//2159 2249//2249 
f 3346//3346 3344//3344 3340//3340 
f 3343//3343 3347//3347 2159//2159 
f 3347//3347 3341//3341 2159//2159 
f 3345//3345 3337//3337 3340//3340 
f 2249//2249 3348//3348 3342//3342 
f 2068//2068 3349//3349 3350//3350 
f 3351//3351 3352//3352 3353//3353 
f 3352//3352 2068//2068 3354//3354 
f 3350//3350 3355//3355 2068//2068 
f 2159//2159 3356//3356 3357//3357 
f 3340//3340 3358//3358 3359//3359 
f 3340//3340 3360//3360 3361//3361 
f 3340//3340 3351//3351 3362//3362 
f 3352//3352 3363//3363 3353//3353 
f 3355//3355 3354//3354 2068//2068 
f 2159//2159 3359//3359 3356//3356 
f 3361//3361 3358//3358 3340//3340 
f 3351//3351 3364//3364 3362//3362 
f 3354//3354 3363//3363 3352//3352 
f 3359//3359 2159//2159 3340//3340 
f 3353//3353 3364//3364 3351//3351 
f 2068//2068 2159//2159 3365//3365 
f 3357//3357 3366//3366 2159//2159 
f 3365//3365 3349//3349 2068//2068 
f 3362//3362 3360//3360 3340//3340 
f 2068//2068 3367//3367 3368//3368 
f 3352//3352 3369//3369 3367//3367 
f 3352//3352 3370//3370 3371//3371 
f 3368//3368 3372//3372 2068//2068 
f 3371//3371 3369//3369 3352//3352 
f 3367//3367 2068//2068 3352//3352 
f 3352//3352 3373//3373 3374//3374 
f 3373//3373 3375//3375 3376//3376 
f 2069//2069 3377//3377 3375//3375 
f 2069//2069 3378//3378 3379//3379 
f 3372//3372 3380//3380 2068//2068 
f 3374//3374 3381//3381 3352//3352 
f 3376//3376 3382//3382 3373//3373 
f 3379//3379 3377//3377 2069//2069 
f 3381//3381 3370//3370 3352//3352 
f 3375//3375 3373//3373 2069//2069 
f 3382//3382 3374//3374 3373//3373 
f 2069//2069 2068//2068 3383//3383 
f 3383//3383 3378//3378 2069//2069 
f 2069//2069 3373//3373 3384//3384 
f 1960//1960 3385//3385 3386//3386 
f 1960//1960 2069//2069 3385//3385 
f 1963//1963 3386//3386 3387//3387 
f 1963//1963 3388//3388 3389//3389 
f 1963//1963 3390//3390 3391//3391 
f 1867//1867 3392//3392 3393//3393 
f 1867//1867 1963//1963 3394//3394 
f 1963//1963 3395//3395 3388//3388 
f 3390//3390 3396//3396 3391//3391 
f 3397//3397 3398//3398 3390//3390 
f 1868//1868 3399//3399 3397//3397 
f 3394//3394 3392//3392 1867//1867 
f 3391//3391 3395//3395 1963//1963 
f 3390//3390 3398//3398 3400//3400 
f 3397//3397 3401//3401 1868//1868 
f 3389//3389 3394//3394 1963//1963 
f 3390//3390 3401//3401 3397//3397 
f 1868//1868 3402//3402 3403//3403 
f 3393//3393 3404//3404 1867//1867 
f 3403//3403 3399//3399 1868//1868 
f 3400//3400 3396//3396 3390//3390 
f 1868//1868 1867//1867 3405//3405 
f 3405//3405 3402//3402 1868//1868 
f 1869//1869 1868//1868 3406//3406 
f 1871//1871 1869//1869 3407//3407 
f 1805//1805 3408//3408 3409//3409 
f 1871//1871 3410//3410 3411//3411 
f 1871//1871 3412//3412 3413//3413 
f 3412//3412 3414//3414 3415//3415 
f 3416//3416 3417//3417 3418//3418 
f 3419//3419 3417//3417 3416//3416 
f 1794//1794 1805//1805 3420//3420 
f 1805//1805 3421//3421 3408//3408 
f 3411//3411 1805//1805 1871//1871 
f 3413//3413 3422//3422 1871//1871 
f 3412//3412 3418//3418 3414//3414 
f 3416//3416 1794//1794 3419//3419 
f 3420//3420 3423//3423 1794//1794 
f 3411//3411 3421//3421 1805//1805 
f 3422//3422 3424//3424 1871//1871 
f 3418//3418 3412//3412 3416//3416 
f 3423//3423 3425//3425 1794//1794 
f 3424//3424 3410//3410 1871//1871 
f 3425//3425 3419//3419 1794//1794 
f 3415//3415 3413//3413 3412//3412 
f 1743//1743 1794//1794 3426//3426 
f 3426//3426 3427//3427 1743//1743 
f 1794//1794 3428//3428 3426//3426 
f 1734//1734 3427//3427 3429//3429 
f 3429//3429 1735//1735 1734//1734 
f 3427//3427 1734//1734 1743//1743 
f 3428//3428 1794//1794 3416//3416 
f 3409//3409 3420//3420 1805//1805 
f 3407//3407 3412//3412 1871//1871 
f 3406//3406 3407//3407 1869//1869 
f 3406//3406 1868//1868 3401//3401 
f 3404//3404 3405//3405 1867//1867 
f 3387//3387 3390//3390 1963//1963 
f 3386//3386 1963//1963 1960//1960 
f 3384//3384 3385//3385 2069//2069 
f 3380//3380 3383//3383 2068//2068 
f 3366//3366 3365//3365 2159//2159 
f 3345//3345 3339//3339 3337//3337 
f 3336//3336 3348//3348 2249//2249 
f 3325//3325 2455//2455 2281//2281 
f 3316//3316 3317//3317 2281//2281 
f 3316//3316 2280//2280 3302//3302 
f 3315//3315 3314//3314 2327//2327 
f 3297//3297 3298//3298 2327//2327 
f 3296//3296 3297//3297 2340//2340 
f 3296//3296 2350//2350 3285//3285 
f 3291//3291 3282//3282 3280//3280 
f 3277//3277 3295//3295 2351//2351 
f 3274//3274 2352//2352 2516//2516 
f 3260//3260 3265//3265 3245//3245 
f 3243//3243 2355//2355 3208//3208 
f 3238//3238 3232//3232 3180//3180 
f 3193//3193 3202//3202 3141//3141 
f 3168//3168 2394//2394 3156//3156 
f 3130//3130 3156//3156 2394//2394 
f 3126//3126 3119//3119 3118//3118 
f 3121//3121 2406//2406 2469//2469 
f 3115//3115 3089//3089 3088//3088 
f 3097//3097 3101//3101 3078//3078 
f 3078//3078 2473//2473 2461//2461 
f 3077//3077 2461//2461 2458//2458 
f 3075//3075 3050//3050 3057//3057 
f 3051//3051 3060//3060 2339//2339 
f 3028//3028 3030//3030 3026//3026 
f 3016//3016 3011//3011 3014//3014 
f 2708//2708 2701//2701 2986//2986 
f 2730//2730 2593//2593 2909//2909 
f 2607//2607 2595//2595 2897//2897 
f 2903//2903 2897//2897 2905//2905 
f 2880//2880 2883//2883 2869//2869 
f 2858//2858 2856//2856 2848//2848 
f 2855//2855 2859//2859 2611//2611 
f 2840//2840 2845//2845 1866//1866 
f 2839//2839 1866//1866 1865//1865 
f 2838//2838 1865//1865 2579//2579 
f 2837//2837 2579//2579 1784//1784 
f 2835//2835 2836//2836 1785//1785 
f 2834//2834 2824//2824 2348//2348 
f 2819//2819 2833//2833 2816//2816 
f 2813//2813 2800//2800 2682//2682 
f 2796//2796 2409//2409 2204//2204 
f 2788//2788 2767//2767 2258//2258 
f 2782//2782 2787//2787 2274//2274 
f 2775//2775 2768//2768 2773//2773 
f 2764//2764 2773//2773 2768//2768 
f 2754//2754 2894//2894 2595//2595 
f 2742//2742 2738//2738 2582//2582 
f 2732//2732 2748//2748 2631//2631 
f 2728//2728 2972//2972 2701//2701 
f 2715//2715 3015//3015 2279//2279 
f 2707//2707 2716//2716 2259//2259 
f 2693//2693 2689//2689 2559//2559 
f 2684//2684 2700//2700 2682//2682 
f 2681//2681 2668//2668 2663//2663 
f 2671//2671 2680//2680 2256//2256 
f 2660//2660 2651//2651 2648//2648 
f 2645//2645 2662//2662 2557//2557 
f 2639//2639 2633//2633 2631//2631 
f 2626//2626 2643//2643 2442//2442 
f 2622//2622 2868//2868 2615//2615 
f 2608//2608 2933//2933 2593//2593 
f 2586//2586 2581//2581 2579//2579 
f 2574//2574 2592//2592 2582//2582 
f 2565//2565 2562//2562 2557//2557 
f 2554//2554 2569//2569 2559//2559 
f 2548//2548 2524//2524 2353//2353 
f 2546//2546 2331//2331 2332//2332 
f 2526//2526 2344//2344 2355//2355 
f 2522//2522 2529//2529 2515//2515 
f 2514//2514 2504//2504 2448//2448 
f 2500//2500 2513//2513 2254//2254 
f 2495//2495 2484//2484 2329//2329 
f 2480//2480 2496//2496 2285//2285 
f 2475//2475 2466//2466 2461//2461 
f 2468//2468 2407//2407 2338//2338 
f 2456//2456 3327//3327 2253//2253 
f 2445//2445 2423//2423 2151//2151 
f 2066//2066 3430//3430 2441//2441 
f 2436//2436 3430//3430 2066//2066 
f 2432//2432 2438//2438 2431//2431 
f 2426//2426 2433//2433 2430//2430 
f 2424//2424 2769//2769 2236//2236 
f 2422//2422 2793//2793 2185//2185 
f 2415//2415 2421//2421 2092//2092 
f 2408//2408 2419//2419 2107//2107 
f 2407//2407 2469//2469 2406//2406 
f 2400//2400 2347//2347 2394//2394 
f 2382//2382 2346//2346 2378//2378 
f 2365//2365 2345//2345 2354//2354 
f 2353//2353 2516//2516 2352//2352 
f 2343//2343 2352//2352 2351//2351 
f 2341//2341 2351//2351 2350//2350 
f 2338//2338 2407//2407 2349//2349 
f 2337//2337 2349//2349 2348//2348 
f 2336//2336 2348//2348 2347//2347 
f 2335//2335 2347//2347 2346//2346 
f 2334//2334 2346//2346 2345//2345 
f 2333//2333 2345//2345 2344//2344 
f 2330//2330 2353//2353 2343//2343 
f 2342//2342 2343//2343 2341//2341 
f 2328//2328 2341//2341 2340//2340 
f 2339//2339 2458//2458 2338//2338 
f 2325//2325 2338//2338 2337//2337 
f 2324//2324 2337//2337 2336//2336 
f 2306//2306 2336//2336 2335//2335 
f 2307//2307 2335//2335 2334//2334 
f 2305//2305 2334//2334 2333//2333 
f 2304//2304 2333//2333 2332//2332 
f 2293//2293 2332//2332 2331//2331 
f 2286//2286 2331//2331 2330//2330 
f 2329//2329 2342//2342 2328//2328 
f 2284//2284 2328//2328 2327//2327 
f 2326//2326 2339//2339 2325//2325 
f 2278//2278 2325//2325 2324//2324 
f 2276//2276 2324//2324 2306//2306 
f 2322//2322 2323//2323 2306//2306 
f 2273//2273 2307//2307 2305//2305 
f 2271//2271 2305//2305 2304//2304 
f 2269//2269 2304//2304 2293//2293 
f 2302//2302 2303//2303 2293//2293 
f 2265//2265 2286//2286 2285//2285 
f 2261//2261 2329//2329 2284//2284 
f 2260//2260 2284//2284 2283//2283 
f 2282//2282 2283//2283 2280//2280 
f 2279//2279 2326//2326 2278//2278 
f 2277//2277 2278//2278 2276//2276 
f 2257//2257 2276//2276 2275//2275 
f 2274//2274 2275//2275 2273//2273 
f 2272//2272 2273//2273 2271//2271 
f 2270//2270 2271//2271 2269//2269 
f 2268//2268 2269//2269 2267//2267 
f 2266//2266 2267//2267 2265//2265 
f 2264//2264 2265//2265 2263//2263 
f 2262//2262 2263//2263 2261//2261 
f 2255//2255 2261//2261 2260//2260 
f 2259//2259 2277//2277 2257//2257 
f 2256//2256 2262//2262 2255//2255 
f 2252//2252 2255//2255 2254//2254 
f 2250//2250 2448//2448 2253//2253 
f 2179//2179 2256//2256 2252//2252 
f 2178//2178 2252//2252 2251//2251 
f 2164//2164 2251//2251 2250//2250 
f 2167//2167 2250//2250 2249//2249 
f 2248//2248 2247//2247 2236//2236 
f 2223//2223 2228//2228 2215//2215 
f 2214//2214 2213//2213 2201//2201 
f 2191//2191 2194//2194 2185//2185 
f 2089//2089 2179//2179 2178//2178 
f 2088//2088 2178//2178 2164//2164 
f 2177//2177 2176//2176 2164//2164 
f 2071//2071 2167//2167 2159//2159 
f 2158//2158 2157//2157 2151//2151 
f 2141//2141 2138//2138 2129//2129 
f 2124//2124 2123//2123 2115//2115 
f 2105//2105 2093//2093 2092//2092 
f 1985//1985 2089//2089 2088//2088 
f 1979//1979 2088//2088 2070//2070 
f 2085//2085 2087//2087 2070//2070 
f 1960//1960 2071//2071 2068//2068 
f 2067//2067 2434//2434 2066//2066 
f 2062//2062 2061//2061 2054//2054 
f 2045//2045 2044//2044 2034//2034 
f 2029//2029 2028//2028 2020//2020 
f 2002//2002 2013//2013 2000//2000 
f 1982//1982 1996//1996 1980//1980 
f 1884//1884 1985//1985 1979//1979 
f 1870//1870 1979//1979 1970//1970 
f 1978//1978 1977//1977 1970//1970 
f 1959//1959 2067//2067 1958//1958 
f 1957//1957 1956//1956 1953//1953 
f 1940//1940 1938//1938 1929//1929 
f 1923//1923 1922//1922 1914//1914 
f 1899//1899 1897//1897 1896//1896 
f 1881//1881 1876//1876 1875//1875 
f 1871//1871 1884//1884 1870//1870 
f 1869//1869 1870//1870 1867//1867 
f 1866//1866 1959//1959 1864//1864 
f 1863//1863 1860//1860 1855//1855 
f 1839//1839 1846//1846 1830//1830 
f 1829//1829 1826//1826 1818//1818 
f 1804//1804 1799//1799 1798//1798 
f 1790//1790 1793//1793 1785//1785 
f 1760//1760 1775//1775 1739//1739 
f 1755//1755 1758//1758 1737//1737 
f 1740//1740 1785//1785 1739//1739 
f 1738//1738 1739//1739 1737//1737 
f 1736//1736 1737//1737 1734//1734 
o mesh3
v 0.107867 -0.00383371 0 
v 0.107867 -0.00383371 -0.007 
v 0.106834 0.00425 -0.007 
v 0.104872 0.0195897 -0.007 
v 0.104872 0.0195897 0 
v 0.106834 0.00425 0 
v 0.104425 0.0230897 -0.007 
v 0.104425 0.0230897 0 
v 0.103433 0.0308494 -0.007 
v 0.103433 0.0308494 0 
v 0.100982 -0.0381145 -0.007 
v 0.102109 -0.0325 -0.007 
v 0.102109 -0.0325 0 
v 0.106629 -0.01 -0.007 
v 0.106629 -0.01 0 
v 0.0834989 -0.0683954 -0.007 
v 0.0941195 -0.05 -0.007 
v 0.0941195 -0.05 0 
v 0.100982 -0.0381145 0 
v 0.0572536 -0.0914988 0 
v 0.0572536 -0.0914988 -0.007 
v 0.0589562 -0.09 -0.007 
v 0.061391 -0.0878567 -0.007 
v 0.061391 -0.0878567 0 
v 0.0589562 -0.09 0 
v 0.0816761 -0.07 0 
v 0.0816761 -0.07 -0.007 
v 0.0834989 -0.0683954 0 
v 0.025 -0.105 -0.007 
v 0.028882 -0.103375 -0.007 
v 0.028882 -0.103375 0 
v 0.039375 -0.0989827 0 
v 0.039375 -0.0989827 -0.007 
v 0.042625 -0.0976222 -0.007 
v 0.042625 -0.0976222 0 
v 0.052141 -0.0936389 -0.007 
v 0.052141 -0.0936389 0 
v 0.025 -0.105 0 
vn 0.999369 -0.0355187 0 
vn 0.999369 -0.0355187 0 
vn 0.99921 0.0397501 0 
vn 0.982997 0.18362 0 
vn 0.982997 0.18362 0 
vn 0.99921 0.0397501 0 
vn 0.976416 0.215899 0 
vn 0.976416 0.215899 0 
vn 0.958285 0.285814 0 
vn 0.958285 0.285814 0 
vn 0.935577 -0.353124 0 
vn 0.952897 -0.303294 0 
vn 0.952897 -0.303294 0 
vn 0.995631 -0.0933738 0 
vn 0.995631 -0.0933738 0 
vn 0.773602 -0.633671 0 
vn 0.88312 -0.469148 0 
vn 0.88312 -0.469148 0 
vn 0.935577 -0.353124 0 
vn 0.530445 -0.84772 0 
vn 0.530445 -0.84772 0 
vn 0.547966 -0.836501 0 
vn 0.572782 -0.819708 0 
vn 0.572782 -0.819708 0 
vn 0.547966 -0.836501 0 
vn 0.759294 -0.650748 0 
vn 0.759294 -0.650748 0 
vn 0.773602 -0.633671 0 
vn 0.231621 -0.972806 0 
vn 0.269086 -0.963116 0 
vn 0.269086 -0.963116 0 
vn 0.369625 -0.929181 0 
vn 0.369625 -0.929181 0 
vn 0.400151 -0.916449 0 
vn 0.400151 -0.916449 0 
vn 0.486494 -0.873684 0 
vn 0.486494 -0.873684 0 
vn 0.231621 -0.972806 0 
f 3431//3431 3432//3432 3433//3433 
f 3434//3434 3435//3435 3436//3436 
f 3436//3436 3433//3433 3434//3434 
f 3435//3435 3434//3434 3437//3437 
f 3437//3437 3438//3438 3435//3435 
f 3439//3439 3440//3440 3438//3438 
f 3438//3438 3437//3437 3439//3439 
f 3441//3441 3442//3442 3443//3443 
f 3442//3442 3444//3444 3445//3445 
f 3445//3445 3443//3443 3442//3442 
f 3431//3431 3445//3445 3444//3444 
f 3444//3444 3432//3432 3431//3431 
f 3446//3446 3447//3447 3448//3448 
f 3449//3449 3448//3448 3447//3447 
f 3447//3447 3441//3441 3449//3449 
f 3450//3450 3451//3451 3452//3452 
f 3452//3452 3453//3453 3454//3454 
f 3454//3454 3455//3455 3452//3452 
f 3456//3456 3454//3454 3453//3453 
f 3453//3453 3457//3457 3456//3456 
f 3458//3458 3456//3456 3457//3457 
f 3457//3457 3446//3446 3458//3458 
f 3459//3459 3460//3460 3461//3461 
f 3462//3462 3461//3461 3460//3460 
f 3460//3460 3463//3463 3462//3462 
f 3463//3463 3464//3464 3465//3465 
f 3465//3465 3462//3462 3463//3463 
f 3464//3464 3466//3466 3467//3467 
f 3467//3467 3465//3465 3464//3464 
f 3450//3450 3467//3467 3466//3466 
f 3466//3466 3451//3451 3450//3450 
f 3461//3461 3468//3468 3459//3459 
f 3452//3452 3455//3455 3450//3450 
f 3448//3448 3458//3458 3446//3446 
f 3443//3443 3449//3449 3441//3441 
f 3433//3433 3436//3436 3431//3431 
o mesh4
v -0.025 -0.105 -0.007 
v -0.024625 -0.105 -0.007 
v -0.024625 -0.105 0 
v -0.01 -0.105 0 
v -0.01 -0.105 -0.007 
v 0.01 -0.105 0 
v 0.01 -0.105 -0.007 
v 0.024625 -0.105 0 
v 0.024625 -0.105 -0.007 
v 0.025 -0.105 0 
v 0.025 -0.105 -0.007 
v -0.025 -0.105 0 
vn 0 -1 0 
vn 0 -1 0 
vn 0 -1 0 
vn 0 -1 0 
vn 0 -1 0 
vn 0 -1 0 
vn 0 -1 0 
vn 0 -1 0 
vn 0 -1 0 
vn 0 -1 0 
vn 0 -1 0 
vn 0 -1 0 
f 3469//3469 3470//3470 3471//3471 
f 3472//3472 3471//3471 3470//3470 
f 3470//3470 3473//3473 3472//3472 
f 3474//3474 3472//3472 3473//3473 
f 3473//3473 3475//3475 3474//3474 
f 3476//3476 3474//3474 3475//3475 
f 3475//3475 3477//3477 3476//3476 
f 3478//3478 3476//3476 3477//3477 
f 3477//3477 3479//3479 3478//3478 
f 3471//3471 3480//3480 3469//3469 
o mesh5
v -0.0572536 -0.0914988 -0.007 
v -0.028882 -0.103375 -0.007 
v -0.028882 -0.103375 0 
v -0.025 -0.105 0 
v -0.025 -0.105 -0.007 
v -0.0834989 -0.0683954 -0.007 
v -0.0833013 -0.0685694 -0.007 
v -0.0833013 -0.0685694 0 
v -0.0816761 -0.07 0 
v -0.0816761 -0.07 -0.007 
v -0.0761923 -0.0748273 0 
v -0.0761923 -0.0748273 -0.007 
v -0.0729423 -0.0776883 0 
v -0.0729423 -0.0776883 -0.007 
v -0.064641 -0.0849957 0 
v -0.064641 -0.0849957 -0.007 
v -0.0589562 -0.09 -0.007 
v -0.0589562 -0.09 0 
v -0.057891 -0.0909377 0 
v -0.057891 -0.0909377 -0.007 
v -0.0572536 -0.0914988 0 
v -0.100982 -0.0381145 -0.007 
v -0.0965513 -0.0457881 -0.007 
v -0.0965513 -0.0457881 0 
v -0.0941195 -0.05 0 
v -0.0941195 -0.05 -0.007 
v -0.0834989 -0.0683954 0 
v -0.107867 -0.00383371 -0.007 
v -0.106629 -0.01 -0.007 
v -0.106629 -0.01 0 
v -0.102109 -0.0325 0 
v -0.102109 -0.0325 -0.007 
v -0.100982 -0.0381145 0 
v -0.103433 0.0308494 0 
v -0.103433 0.0308494 -0.007 
v -0.104425 0.0230897 -0.007 
v -0.104872 0.0195897 -0.007 
v -0.104872 0.0195897 0 
v -0.104425 0.0230897 0 
v -0.106834 0.00425 -0.007 
v -0.106834 0.00425 0 
v -0.107867 -0.00383371 0 
vn -0.530445 -0.84772 0 
vn -0.269086 -0.963116 0 
vn -0.269086 -0.963116 0 
vn -0.231621 -0.972806 0 
vn -0.231621 -0.972806 0 
vn -0.773602 -0.633671 0 
vn -0.772074 -0.635532 0 
vn -0.772074 -0.635532 0 
vn -0.759294 -0.650748 0 
vn -0.759294 -0.650748 0 
vn -0.713469 -0.700687 0 
vn -0.713469 -0.700687 0 
vn -0.684488 -0.729024 0 
vn -0.684488 -0.729024 0 
vn -0.605346 -0.795963 0 
vn -0.605346 -0.795963 0 
vn -0.547966 -0.836501 0 
vn -0.547966 -0.836501 0 
vn -0.537018 -0.843571 0 
vn -0.537018 -0.843571 0 
vn -0.530445 -0.84772 0 
vn -0.935577 -0.353124 0 
vn -0.903545 -0.428493 0 
vn -0.903545 -0.428493 0 
vn -0.88312 -0.469148 0 
vn -0.88312 -0.469148 0 
vn -0.773602 -0.633671 0 
vn -0.999369 -0.0355187 0 
vn -0.995631 -0.0933738 0 
vn -0.995631 -0.0933738 0 
vn -0.952897 -0.303294 0 
vn -0.952897 -0.303294 0 
vn -0.935577 -0.353124 0 
vn -0.958285 0.285814 0 
vn -0.958285 0.285814 0 
vn -0.976416 0.215899 0 
vn -0.982997 0.18362 0 
vn -0.982997 0.18362 0 
vn -0.976416 0.215899 0 
vn -0.99921 0.0397501 0 
vn -0.99921 0.0397501 0 
vn -0.999369 -0.0355187 0 
f 3481//3481 3482//3482 3483//3483 
f 3484//3484 3483//3483 3482//3482 
f 3482//3482 3485//3485 3484//3484 
f 3486//3486 3487//3487 3488//3488 
f 3489//3489 3488//3488 3487//3487 
f 3487//3487 3490//3490 3489//3489 
f 3491//3491 3489//3489 3490//3490 
f 3490//3490 3492//3492 3491//3491 
f 3493//3493 3491//3491 3492//3492 
f 3492//3492 3494//3494 3493//3493 
f 3495//3495 3493//3493 3494//3494 
f 3494//3494 3496//3496 3495//3495 
f 3496//3496 3497//3497 3498//3498 
f 3498//3498 3495//3495 3496//3496 
f 3499//3499 3498//3498 3497//3497 
f 3497//3497 3500//3500 3499//3499 
f 3501//3501 3499//3499 3500//3500 
f 3500//3500 3481//3481 3501//3501 
f 3502//3502 3503//3503 3504//3504 
f 3505//3505 3504//3504 3503//3503 
f 3503//3503 3506//3506 3505//3505 
f 3507//3507 3505//3505 3506//3506 
f 3506//3506 3486//3486 3507//3507 
f 3508//3508 3509//3509 3510//3510 
f 3511//3511 3510//3510 3509//3509 
f 3509//3509 3512//3512 3511//3511 
f 3513//3513 3511//3511 3512//3512 
f 3512//3512 3502//3502 3513//3513 
f 3514//3514 3515//3515 3516//3516 
f 3517//3517 3518//3518 3519//3519 
f 3519//3519 3516//3516 3517//3517 
f 3520//3520 3521//3521 3518//3518 
f 3518//3518 3517//3517 3520//3520 
f 3508//3508 3522//3522 3521//3521 
f 3521//3521 3520//3520 3508//3508 
f 3516//3516 3519//3519 3514//3514 
f 3510//3510 3522//3522 3508//3508 
f 3504//3504 3513//3513 3502//3502 
f 3488//3488 3507//3507 3486//3486 
f 3483//3483 3501//3501 3481//3481 
o mesh6
v -0.103433 0.0308494 0 
v -0.100624 0.0357147 0 
v -0.100624 0.0357147 -0.007 
v -0.0976444 0.040875 -0.007 
v -0.0976444 0.040875 0 
v -0.0965513 0.0427683 0 
v -0.0965513 0.0427683 -0.007 
v -0.0902628 0.0536603 -0.007 
v -0.0902628 0.0536603 0 
v -0.0883864 0.0569103 0 
v -0.0883864 0.0569103 -0.007 
v -0.0844893 0.0636603 0 
v -0.0844893 0.0636603 -0.007 
v -0.0833013 0.065718 0 
v -0.0833013 0.065718 -0.007 
v -0.0784327 0.0741506 -0.007 
v -0.0784327 0.0741506 0 
v -0.103433 0.0308494 -0.007 
vn -0.866025 0.5 0 
vn -0.866025 0.5 0 
vn -0.866025 0.5 0 
vn -0.866025 0.5 0 
vn -0.866025 0.5 0 
vn -0.866025 0.5 0 
vn -0.866025 0.5 0 
vn -0.866025 0.5 0 
vn -0.866025 0.5 0 
vn -0.866025 0.5 0 
vn -0.866025 0.5 0 
vn -0.866025 0.5 0 
vn -0.866025 0.5 0 
vn -0.866025 0.5 0 
vn -0.866025 0.5 0 
vn -0.866025 0.5 0 
vn -0.866025 0.5 0 
vn -0.866025 0.5 0 
f 3523//3523 3524//3524 3525//3525 
f 3526//3526 3525//3525 3524//3524 
f 3524//3524 3527//3527 3526//3526 
f 3527//3527 3528//3528 3529//3529 
f 3529//3529 3526//3526 3527//3527 
f 3530//3530 3529//3529 3528//3528 
f 3528//3528 3531//3531 3530//3530 
f 3530//3530 3531//3531 3532//3532 
f 3532//3532 3533//3533 3530//3530 
f 3534//3534 3535//3535 3533//3533 
f 3533//3533 3532//3532 3534//3534 
f 3534//3534 3536//3536 3537//3537 
f 3537//3537 3535//3535 3534//3534 
f 3538//3538 3537//3537 3536//3536 
f 3536//3536 3539//3539 3538//3538 
f 3525//3525 3540//3540 3523//3523 
o mesh7
v -0.0506134 0.0953325 -0.007 
v -0.057891 0.0897913 -0.007 
v -0.057891 0.0897913 0 
v -0.064641 0.0846517 0 
v -0.064641 0.0846517 -0.007 
v -0.0729423 0.0783311 0 
v -0.0729423 0.0783311 -0.007 
v -0.0761923 0.0758565 0 
v -0.0761923 0.0758565 -0.007 
v -0.0784327 0.0741506 0 
v -0.0784327 0.0741506 -0.007 
v -0.0174827 0.10651 -0.007 
v -0.024625 0.1041 -0.007 
v -0.024625 0.1041 0 
v -0.0506134 0.0953325 0 
v 0.0174827 0.10651 -0.007 
v 0.01 0.10651 -0.007 
v 0.01 0.10651 0 
v -0.01 0.10651 0 
v -0.01 0.10651 -0.007 
v -0.0174827 0.10651 0 
v 0.0506134 0.0953325 -0.007 
v 0.042625 0.0980276 -0.007 
v 0.042625 0.0980276 0 
v 0.039375 0.099124 0 
v 0.039375 0.099124 -0.007 
v 0.024625 0.1041 -0.007 
v 0.024625 0.1041 0 
v 0.0174827 0.10651 0 
v 0.0784327 0.0741506 0 
v 0.0784327 0.0741506 -0.007 
v 0.061391 0.0871263 -0.007 
v 0.061391 0.0871263 0 
v 0.052141 0.0941694 -0.007 
v 0.052141 0.0941694 0 
v 0.0506134 0.0953325 0 
vn -0.468924 0.883238 0 
vn -0.54187 0.840462 0 
vn -0.54187 0.840462 0 
vn -0.606901 0.794777 0 
vn -0.606901 0.794777 0 
vn -0.681485 0.731832 0 
vn -0.681485 0.731832 0 
vn -0.708667 0.705543 0 
vn -0.708667 0.705543 0 
vn -0.726665 0.686992 0 
vn -0.726665 0.686992 0 
vn -0.161974 0.986795 0 
vn -0.230198 0.973144 0 
vn -0.230198 0.973144 0 
vn -0.468924 0.883238 0 
vn 0.161974 0.986795 0 
vn 0.0934769 0.995621 0 
vn 0.0934769 0.995621 0 
vn -0.0934769 0.995621 0 
vn -0.0934769 0.995621 0 
vn -0.161974 0.986795 0 
vn 0.468924 0.883238 0 
vn 0.39876 0.917055 0 
vn 0.39876 0.917055 0 
vn 0.36917 0.929362 0 
vn 0.36917 0.929362 0 
vn 0.230198 0.973144 0 
vn 0.230198 0.973144 0 
vn 0.161974 0.986795 0 
vn 0.726665 0.686992 0 
vn 0.726665 0.686992 0 
vn 0.575995 0.817453 0 
vn 0.575995 0.817453 0 
vn 0.484398 0.874848 0 
vn 0.484398 0.874848 0 
vn 0.468924 0.883238 0 
f 3541//3541 3542//3542 3543//3543 
f 3544//3544 3543//3543 3542//3542 
f 3542//3542 3545//3545 3544//3544 
f 3546//3546 3544//3544 3545//3545 
f 3545//3545 3547//3547 3546//3546 
f 3548//3548 3546//3546 3547//3547 
f 3547//3547 3549//3549 3548//3548 
f 3550//3550 3548//3548 3549//3549 
f 3549//3549 3551//3551 3550//3550 
f 3552//3552 3553//3553 3554//3554 
f 3555//3555 3554//3554 3553//3553 
f 3553//3553 3541//3541 3555//3555 
f 3556//3556 3557//3557 3558//3558 
f 3559//3559 3558//3558 3557//3557 
f 3557//3557 3560//3560 3559//3559 
f 3561//3561 3559//3559 3560//3560 
f 3560//3560 3552//3552 3561//3561 
f 3562//3562 3563//3563 3564//3564 
f 3565//3565 3564//3564 3563//3563 
f 3563//3563 3566//3566 3565//3565 
f 3565//3565 3566//3566 3567//3567 
f 3567//3567 3568//3568 3565//3565 
f 3556//3556 3569//3569 3568//3568 
f 3568//3568 3567//3567 3556//3556 
f 3570//3570 3571//3571 3572//3572 
f 3573//3573 3572//3572 3574//3574 
f 3574//3574 3575//3575 3573//3573 
f 3562//3562 3576//3576 3575//3575 
f 3575//3575 3574//3574 3562//3562 
f 3572//3572 3573//3573 3570//3570 
f 3564//3564 3576//3576 3562//3562 
f 3558//3558 3569//3569 3556//3556 
f 3554//3554 3561//3561 3552//3552 
f 3543//3543 3555//3555 3541//3541 
o mesh8
v 0.0784327 0.0741506 0 
v 0.0844893 0.0636603 0 
v 0.0844893 0.0636603 -0.007 
v 0.0883864 0.0569103 0 
v 0.0883864 0.0569103 -0.007 
v 0.0902628 0.0536603 -0.007 
v 0.0902628 0.0536603 0 
v 0.0976444 0.040875 -0.007 
v 0.0976444 0.040875 0 
v 0.100624 0.0357147 0 
v 0.100624 0.0357147 -0.007 
v 0.103433 0.0308494 -0.007 
v 0.103433 0.0308494 0 
v 0.0784327 0.0741506 -0.007 
vn 0.866025 0.5 0 
vn 0.866025 0.5 0 
vn 0.866025 0.5 0 
vn 0.866025 0.5 0 
vn 0.866025 0.5 0 
vn 0.866025 0.5 0 
vn 0.866025 0.5 0 
vn 0.866025 0.5 0 
vn 0.866025 0.5 0 
vn 0.866025 0.5 0 
vn 0.866025 0.5 0 
vn 0.866025 0.5 0 
vn 0.866025 0.5 0 
vn 0.866025 0.5 0 
f 3577//3577 3578//3578 3579//3579 
f 3578//3578 3580//3580 3581//3581 
f 3581//3581 3579//3579 3578//3578 
f 3582//3582 3581//3581 3580//3580 
f 3580//3580 3583//3583 3582//3582 
f 3584//3584 3582//3582 3583//3583 
f 3583//3583 3585//3585 3584//3584 
f 3586//3586 3587//3587 3584//3584 
f 3584//3584 3585//3585 3586//3586 
f 3588//3588 3587//3587 3586//3586 
f 3586//3586 3589//3589 3588//3588 
f 3579//3579 3590//3590 3577//3577 
o mesh9
v 0.03325 -0.02275 -0.007 
v 0.03325 -0.01 -0.007 
v 0.03325 -0.01 0 
v 0.03325 0.00275 0 
v 0.03325 0.00275 -0.007 
v 0.03325 -0.02275 0 
vn 1 0 0 
vn 1 0 0 
vn 1 0 0 
vn 1 0 0 
vn 1 0 0 
vn 1 0 0 
f 3591//3591 3592//3592 3593//3593 
f 3594//3594 3593//3593 3592//3592 
f 3592//3592 3595//3595 3594//3594 
f 3593//3593 3596//3596 3591//3591 
o mesh10
v 0.04275 0.00675 0 
v 0.042625 0.00675 0 
v 0.042625 0.00675 -0.007 
v 0.039375 0.00675 -0.007 
v 0.039375 0.00675 0 
v 0.03725 0.00675 -0.007 
v 0.03725 0.00675 0 
v 0.04275 0.00675 -0.007 
vn 1.28498e-16 -1 0 
vn 1.28498e-16 -1 0 
vn 1.28498e-16 -1 0 
vn 1.28498e-16 -1 0 
vn 1.28498e-16 -1 0 
vn 1.28498e-16 -1 0 
vn 1.28498e-16 -1 0 
vn 1.28498e-16 -1 0 
f 3597//3597 3598//3598 3599//3599 
f 3600//3600 3599//3599 3598//3598 
f 3598//3598 3601//3601 3600//3600 
f 3602//3602 3600//3600 3601//3601 
f 3601//3601 3603//3603 3602//3602 
f 3599//3599 3604//3604 3597//3597 
o mesh11
v 0.03725 -0.02675 0 
v 0.039375 -0.02675 0 
v 0.039375 -0.02675 -0.007 
v 0.042625 -0.02675 -0.007 
v 0.042625 -0.02675 0 
v 0.04275 -0.02675 -0.007 
v 0.04275 -0.02675 0 
v 0.03725 -0.02675 -0.007 
vn -2.56996e-16 1 0 
vn -2.56996e-16 1 0 
vn -2.56996e-16 1 0 
vn -2.56996e-16 1 0 
vn -2.56996e-16 1 0 
vn -2.56996e-16 1 0 
vn -2.56996e-16 1 0 
vn -2.56996e-16 1 0 
f 3605//3605 3606//3606 3607//3607 
f 3608//3608 3607//3607 3606//3606 
f 3606//3606 3609//3609 3608//3608 
f 3610//3610 3608//3608 3609//3609 
f 3609//3609 3611//3611 3610//3610 
f 3607//3607 3612//3612 3605//3605 
o mesh12
v 0.04675 -0.02275 0 
v 0.04675 -0.01 0 
v 0.04675 -0.01 -0.007 
v 0.04675 0.00275 -0.007 
v 0.04675 0.00275 0 
v 0.04675 -0.02275 -0.007 
vn -1 0 0 
vn -1 0 0 
vn -1 0 0 
vn -1 0 0 
vn -1 0 0 
vn -1 0 0 
f 3613//3613 3614//3614 3615//3615 
f 3616//3616 3615//3615 3614//3614 
f 3614//3614 3617//3617 3616//3616 
f 3615//3615 3618//3618 3613//3613 
o mesh13
v -0.04275 0.00675 0 
v -0.04275 0.00675 -0.007 
v -0.03725 0.00675 -0.007 
v -0.03725 0.00675 0 
vn 1.28498e-16 -1 0 
vn 1.28498e-16 -1 0 
vn 1.28498e-16 -1 0 
vn 1.28498e-16 -1 0 
f 3619//3619 3620//3620 3621//3621 
f 3621//3621 3622//3622 3619//3619 
o mesh14
v -0.03325 -0.02275 0 
v -0.03325 -0.01 0 
v -0.03325 -0.01 -0.007 
v -0.03325 0.00275 -0.007 
v -0.03325 0.00275 0 
v -0.03325 -0.02275 -0.007 
vn -1 0 0 
vn -1 0 0 
vn -1 0 0 
vn -1 0 0 
vn -1 0 0 
vn -1 0 0 
f 3623//3623 3624//3624 3625//3625 
f 3626//3626 3625//3625 3624//3624 
f 3624//3624 3627//3627 3626//3626 
f 3625//3625 3628//3628 3623//3623 
o mesh15
v -0.04675 -0.02275 -0.007 
v -0.04675 -0.01 -0.007 
v -0.04675 -0.01 0 
v -0.04675 0.00275 0 
v -0.04675 0.00275 -0.007 
v -0.04675 -0.02275 0 
vn 1 4.14262e-16 0 
vn 1 4.14262e-16 0 
vn 1 4.14262e-16 0 
vn 1 4.14262e-16 0 
vn 1 4.14262e-16 0 
vn 1 4.14262e-16 0 
f 3629//3629 3630//3630 3631//3631 
f 3632//3632 3631//3631 3630//3630 
f 3630//3630 3633//3633 3632//3632 
f 3631//3631 3634//3634 3629//3629 
o mesh16
v -0.03725 -0.02675 0 
v -0.03725 -0.02675 -0.007 
v -0.04275 -0.02675 -0.007 
v -0.04275 -0.02675 0 
vn -2.56996e-16 1 0 
vn -2.56996e-16 1 0 
vn -2.56996e-16 1 0 
vn -2.56996e-16 1 0 
f 3635//3635 3636//3636 3637//3637 
f 3637//3637 3638//3638 3635//3635 
o mesh17
v 0.0335545 -0.0242807 -0.007 
v 0.03325 -0.02275 -0.007 
v 0.03325 -0.02275 0 
v 0.0344216 -0.0255784 -0.007 
v 0.0335545 -0.0242807 0 
v 0.0357193 -0.0264455 -0.007 
v 0.0344216 -0.0255784 0 
v 0.03725 -0.02675 -0.007 
v 0.0357193 -0.0264455 0 
v 0.03725 -0.02675 0 
vn 0.92388 0.382683 0 
vn 1 0 0 
vn 1 0 0 
vn 0.707107 0.707107 0 
vn 0.92388 0.382683 0 
vn 0.382683 0.92388 0 
vn 0.707107 0.707107 0 
vn 0 1 0 
vn 0.382683 0.92388 0 
vn 0 1 0 
f 3639//3639 3640//3640 3641//3641 
f 3642//3642 3639//3639 3643//3643 
f 3644//3644 3642//3642 3645//3645 
f 3646//3646 3644//3644 3647//3647 
f 3647//3647 3648//3648 3646//3646 
f 3645//3645 3647//3647 3644//3644 
f 3643//3643 3645//3645 3642//3642 
f 3641//3641 3643//3643 3639//3639 
o mesh18
v 0.0464455 -0.0242807 0 
v 0.04675 -0.02275 0 
v 0.04675 -0.02275 -0.007 
v 0.0455784 -0.0255784 0 
v 0.0464455 -0.0242807 -0.007 
v 0.0442807 -0.0264455 0 
v 0.0455784 -0.0255784 -0.007 
v 0.04275 -0.02675 0 
v 0.0442807 -0.0264455 -0.007 
v 0.04275 -0.02675 -0.007 
vn -0.92388 0.382683 0 
vn -1 0 0 
vn -1 0 0 
vn -0.707107 0.707107 0 
vn -0.92388 0.382683 0 
vn -0.382683 0.92388 0 
vn -0.707107 0.707107 0 
vn 0 1 0 
vn -0.382683 0.92388 0 
vn 0 1 0 
f 3649//3649 3650//3650 3651//3651 
f 3652//3652 3649//3649 3653//3653 
f 3654//3654 3652//3652 3655//3655 
f 3656//3656 3654//3654 3657//3657 
f 3657//3657 3658//3658 3656//3656 
f 3655//3655 3657//3657 3654//3654 
f 3653//3653 3655//3655 3652//3652 
f 3651//3651 3653//3653 3649//3649 
o mesh19
v 0.0464455 0.00428073 -0.007 
v 0.0464516 0.00425 -0.007 
v 0.0464516 0.00425 0 
v 0.04675 0.00275 0 
v 0.04675 0.00275 -0.007 
v 0.0455784 0.00557843 -0.007 
v 0.0464455 0.00428073 0 
v 0.0442807 0.00644552 -0.007 
v 0.0455784 0.00557843 0 
v 0.04275 0.00675 -0.007 
v 0.0442807 0.00644552 0 
v 0.04275 0.00675 0 
vn -0.92388 -0.382683 0 
vn -0.926797 -0.375563 0 
vn -0.926797 -0.375563 0 
vn -1 -1.0842e-16 0 
vn -1 -1.0842e-16 0 
vn -0.707107 -0.707107 0 
vn -0.92388 -0.382683 0 
vn -0.382683 -0.92388 0 
vn -0.707107 -0.707107 0 
vn 0 -1 0 
vn -0.382683 -0.92388 0 
vn 0 -1 0 
f 3659//3659 3660//3660 3661//3661 
f 3662//3662 3661//3661 3660//3660 
f 3660//3660 3663//3663 3662//3662 
f 3664//3664 3659//3659 3665//3665 
f 3666//3666 3664//3664 3667//3667 
f 3668//3668 3666//3666 3669//3669 
f 3669//3669 3670//3670 3668//3668 
f 3667//3667 3669//3669 3666//3666 
f 3665//3665 3667//3667 3664//3664 
f 3661//3661 3665//3665 3659//3659 
o mesh20
v 0.0335545 0.00428073 0 
v 0.0335484 0.00425 0 
v 0.0335484 0.00425 -0.007 
v 0.03325 0.00275 -0.007 
v 0.03325 0.00275 0 
v 0.0344216 0.00557843 0 
v 0.0335545 0.00428073 -0.007 
v 0.0357193 0.00644552 0 
v 0.0344216 0.00557843 -0.007 
v 0.03725 0.00675 0 
v 0.0357193 0.00644552 -0.007 
v 0.03725 0.00675 -0.007 
vn 0.92388 -0.382683 0 
vn 0.926797 -0.375563 0 
vn 0.926797 -0.375563 0 
vn 1 -1.0842e-16 0 
vn 1 -1.0842e-16 0 
vn 0.707107 -0.707107 0 
vn 0.92388 -0.382683 0 
vn 0.382683 -0.92388 0 
vn 0.707107 -0.707107 0 
vn 0 -1 0 
vn 0.382683 -0.92388 0 
vn 0 -1 0 
f 3671//3671 3672//3672 3673//3673 
f 3674//3674 3673//3673 3672//3672 
f 3672//3672 3675//3675 3674//3674 
f 3676//3676 3671//3671 3677//3677 
f 3678//3678 3676//3676 3679//3679 
f 3680//3680 3678//3678 3681//3681 
f 3681//3681 3682//3682 3680//3680 
f 3679//3679 3681//3681 3678//3678 
f 3677//3677 3679//3679 3676//3676 
f 3673//3673 3677//3677 3671//3671 
o mesh21
v -0.0442807 -0.0264455 0 
v -0.04275 -0.02675 0 
v -0.04275 -0.02675 -0.007 
v -0.0455784 -0.0255784 0 
v -0.0442807 -0.0264455 -0.007 
v -0.0464455 -0.0242807 0 
v -0.0455784 -0.0255784 -0.007 
v -0.04675 -0.02275 0 
v -0.0464455 -0.0242807 -0.007 
v -0.04675 -0.02275 -0.007 
vn 0.382683 0.92388 0 
vn 0 1 0 
vn 0 1 0 
vn 0.707107 0.707107 0 
vn 0.382683 0.92388 0 
vn 0.92388 0.382683 0 
vn 0.707107 0.707107 0 
vn 1 0 0 
vn 0.92388 0.382683 0 
vn 1 0 0 
f 3683//3683 3684//3684 3685//3685 
f 3686//3686 3683//3683 3687//3687 
f 3688//3688 3686//3686 3689//3689 
f 3690//3690 3688//3688 3691//3691 
f 3691//3691 3692//3692 3690//3690 
f 3689//3689 3691//3691 3688//3688 
f 3687//3687 3689//3689 3686//3686 
f 3685//3685 3687//3687 3683//3683 
o mesh22
v -0.0357193 -0.0264455 -0.007 
v -0.03725 -0.02675 -0.007 
v -0.03725 -0.02675 0 
v -0.0344216 -0.0255784 -0.007 
v -0.0357193 -0.0264455 0 
v -0.0335545 -0.0242807 -0.007 
v -0.0344216 -0.0255784 0 
v -0.03325 -0.02275 -0.007 
v -0.0335545 -0.0242807 0 
v -0.03325 -0.02275 0 
vn -0.382683 0.92388 0 
vn 0 1 0 
vn 0 1 0 
vn -0.707107 0.707107 0 
vn -0.382683 0.92388 0 
vn -0.92388 0.382683 0 
vn -0.707107 0.707107 0 
vn -1 0 0 
vn -0.92388 0.382683 0 
vn -1 0 0 
f 3693//3693 3694//3694 3695//3695 
f 3696//3696 3693//3693 3697//3697 
f 3698//3698 3696//3696 3699//3699 
f 3700//3700 3698//3698 3701//3701 
f 3701//3701 3702//3702 3700//3700 
f 3699//3699 3701//3701 3698//3698 
f 3697//3697 3699//3699 3696//3696 
f 3695//3695 3697//3697 3693//3693 
o mesh23
v -0.0357193 0.00644552 0 
v -0.03725 0.00675 0 
v -0.03725 0.00675 -0.007 
v -0.0344216 0.00557843 0 
v -0.0357193 0.00644552 -0.007 
v -0.0335545 0.00428073 0 
v -0.0344216 0.00557843 -0.007 
v -0.03325 0.00275 -0.007 
v -0.03325 0.00275 0 
v -0.0335484 0.00425 0 
v -0.0335545 0.00428073 -0.007 
v -0.0335484 0.00425 -0.007 
vn -0.382683 -0.92388 0 
vn 0 -1 0 
vn 0 -1 0 
vn -0.707107 -0.707107 0 
vn -0.382683 -0.92388 0 
vn -0.92388 -0.382683 0 
vn -0.707107 -0.707107 0 
vn -1 0 0 
vn -1 0 0 
vn -0.926797 -0.375563 0 
vn -0.92388 -0.382683 0 
vn -0.926797 -0.375563 0 
f 3703//3703 3704//3704 3705//3705 
f 3706//3706 3703//3703 3707//3707 
f 3708//3708 3706//3706 3709//3709 
f 3710//3710 3711//3711 3712//3712 
f 3708//3708 3713//3713 3714//3714 
f 3714//3714 3712//3712 3708//3708 
f 3712//3712 3714//3714 3710//3710 
f 3709//3709 3713//3713 3708//3708 
f 3707//3707 3709//3709 3706//3706 
f 3705//3705 3707//3707 3703//3703 
o mesh24
v -0.0442807 0.00644552 -0.007 
v -0.04275 0.00675 -0.007 
v -0.04275 0.00675 0 
v -0.0455784 0.00557843 -0.007 
v -0.0442807 0.00644552 0 
v -0.0464455 0.00428073 -0.007 
v -0.0455784 0.00557843 0 
v -0.04675 0.00275 0 
v -0.04675 0.00275 -0.007 
v -0.0464516 0.00425 -0.007 
v -0.0464455 0.00428073 0 
v -0.0464516 0.00425 0 
vn 0.382683 -0.92388 0 
vn 0 -1 0 
vn 0 -1 0 
vn 0.707107 -0.707107 0 
vn 0.382683 -0.92388 0 
vn 0.92388 -0.382683 0 
vn 0.707107 -0.707107 0 
vn 1 0 0 
vn 1 0 0 
vn 0.926797 -0.375563 0 
vn 0.92388 -0.382683 0 
vn 0.926797 -0.375563 0 
f 3715//3715 3716//3716 3717//3717 
f 3718//3718 3715//3715 3719//3719 
f 3720//3720 3718//3718 3721//3721 
f 3722//3722 3723//3723 3724//3724 
f 3720//3720 3725//3725 3726//3726 
f 3726//3726 3724//3724 3720//3720 
f 3724//3724 3726//3726 3722//3722 
f 3721//3721 3725//3725 3720//3720 
f 3719//3719 3721//3721 3718//3718 
f 3717//3717 3719//3719 3715//3715 
o mesh25
v 0.0578937 0.0583858 -0.007 
v 0.058407 0.0588361 -0.007 
v 0.058407 0.0588361 0 
v 0.0575917 0.0577734 -0.007 
v 0.0578937 0.0583858 0 
v 0.057547 0.0570921 -0.007 
v 0.0575917 0.0577734 0 
v 0.0577665 0.0564455 -0.007 
v 0.0576087 0.0569103 -0.007 
v 0.0576087 0.0569103 0 
v 0.057547 0.0570921 0 
v 0.0582167 0.0559321 -0.007 
v 0.0577665 0.0564455 0 
v 0.0588291 0.0556301 -0.007 
v 0.0582167 0.0559321 0 
v 0.0595105 0.0555855 -0.007 
v 0.0588291 0.0556301 0 
v 0.060157 0.055805 -0.007 
v 0.0595105 0.0555855 0 
v 0.0606704 0.0562552 -0.007 
v 0.060157 0.055805 0 
v 0.0609724 0.0568676 -0.007 
v 0.0606704 0.0562552 0 
v 0.0610171 0.0575489 -0.007 
v 0.0609752 0.0569103 -0.007 
v 0.0609752 0.0569103 0 
v 0.0609724 0.0568676 0 
v 0.0607976 0.0581955 -0.007 
v 0.0610171 0.0575489 0 
v 0.0603474 0.0587089 -0.007 
v 0.0607976 0.0581955 0 
v 0.059735 0.0590109 -0.007 
v 0.0603474 0.0587089 0 
v 0.0590536 0.0590555 -0.007 
v 0.059735 0.0590109 0 
v 0.0590536 0.0590555 0 
vn 0.793353 -0.608761 0 
vn 0.5 -0.866025 0 
vn 0.5 -0.866025 0 
vn 0.965926 -0.258819 0 
vn 0.793353 -0.608761 0 
vn 0.991445 0.130526 0 
vn 0.965926 -0.258819 0 
vn 0.866025 0.5 0 
vn 0.971235 0.238123 0 
vn 0.971235 0.238123 0 
vn 0.991445 0.130526 0 
vn 0.608761 0.793353 0 
vn 0.866025 0.5 0 
vn 0.258819 0.965926 0 
vn 0.608761 0.793353 0 
vn -0.130526 0.991445 0 
vn 0.258819 0.965926 0 
vn -0.5 0.866025 0 
vn -0.130526 0.991445 0 
vn -0.793353 0.608761 0 
vn -0.5 0.866025 0 
vn -0.965926 0.258819 0 
vn -0.793353 0.608761 0 
vn -0.991445 -0.130526 0 
vn -0.971878 0.235486 0 
vn -0.971878 0.235486 0 
vn -0.965926 0.258819 0 
vn -0.866025 -0.5 0 
vn -0.991445 -0.130526 0 
vn -0.608761 -0.793353 0 
vn -0.866025 -0.5 0 
vn -0.258819 -0.965926 0 
vn -0.608761 -0.793353 0 
vn 0.130526 -0.991445 0 
vn -0.258819 -0.965926 0 
vn 0.130526 -0.991445 0 
f 3727//3727 3728//3728 3729//3729 
f 3730//3730 3727//3727 3731//3731 
f 3732//3732 3730//3730 3733//3733 
f 3734//3734 3735//3735 3736//3736 
f 3737//3737 3736//3736 3735//3735 
f 3735//3735 3732//3732 3737//3737 
f 3738//3738 3734//3734 3739//3739 
f 3740//3740 3738//3738 3741//3741 
f 3742//3742 3740//3740 3743//3743 
f 3744//3744 3742//3742 3745//3745 
f 3746//3746 3744//3744 3747//3747 
f 3748//3748 3746//3746 3749//3749 
f 3750//3750 3751//3751 3752//3752 
f 3753//3753 3752//3752 3751//3751 
f 3751//3751 3748//3748 3753//3753 
f 3754//3754 3750//3750 3755//3755 
f 3756//3756 3754//3754 3757//3757 
f 3758//3758 3756//3756 3759//3759 
f 3760//3760 3758//3758 3761//3761 
f 3728//3728 3760//3760 3762//3762 
f 3762//3762 3729//3729 3728//3728 
f 3761//3761 3762//3762 3760//3760 
f 3759//3759 3761//3761 3758//3758 
f 3757//3757 3759//3759 3756//3756 
f 3755//3755 3757//3757 3754//3754 
f 3752//3752 3755//3755 3750//3750 
f 3749//3749 3753//3753 3748//3748 
f 3747//3747 3749//3749 3746//3746 
f 3745//3745 3747//3747 3744//3744 
f 3743//3743 3745//3745 3742//3742 
f 3741//3741 3743//3743 3740//3740 
f 3739//3739 3741//3741 3738//3738 
f 3736//3736 3739//3739 3734//3734 
f 3733//3733 3737//3737 3732//3732 
f 3731//3731 3733//3733 3730//3730 
f 3729//3729 3731//3731 3727//3727 
o mesh26
v -0.076831 0.0655855 -0.007 
v -0.0774775 0.065805 -0.007 
v -0.0774775 0.065805 0 
v -0.0761496 0.0656301 -0.007 
v -0.0761923 0.0656273 -0.007 
v -0.0761923 0.0656273 0 
v -0.076831 0.0655855 0 
v -0.0755372 0.0659321 -0.007 
v -0.0761496 0.0656301 0 
v -0.075087 0.0664455 -0.007 
v -0.0755372 0.0659321 0 
v -0.0748675 0.0670921 -0.007 
v -0.075087 0.0664455 0 
v -0.0749122 0.0677734 -0.007 
v -0.0748675 0.0670921 0 
v -0.0752142 0.0683858 -0.007 
v -0.0749122 0.0677734 0 
v -0.0757275 0.0688361 -0.007 
v -0.0752142 0.0683858 0 
v -0.0763741 0.0690555 -0.007 
v -0.0761923 0.0689938 -0.007 
v -0.0761923 0.0689938 0 
v -0.0757275 0.0688361 0 
v -0.0770555 0.0690109 -0.007 
v -0.0763741 0.0690555 0 
v -0.0776679 0.0687089 -0.007 
v -0.0770555 0.0690109 0 
v -0.0781181 0.0681955 -0.007 
v -0.0776679 0.0687089 0 
v -0.0783376 0.0675489 -0.007 
v -0.0781181 0.0681955 0 
v -0.0782929 0.0668676 -0.007 
v -0.0783376 0.0675489 0 
v -0.0779909 0.0662552 -0.007 
v -0.0782929 0.0668676 0 
v -0.0779909 0.0662552 0 
vn 0.130526 0.991445 0 
vn 0.5 0.866025 0 
vn 0.5 0.866025 0 
vn -0.258819 0.965926 0 
vn -0.235486 0.971878 0 
vn -0.235486 0.971878 0 
vn 0.130526 0.991445 0 
vn -0.608761 0.793353 0 
vn -0.258819 0.965926 0 
vn -0.866025 0.5 0 
vn -0.608761 0.793353 0 
vn -0.991445 0.130526 0 
vn -0.866025 0.5 0 
vn -0.965926 -0.258819 0 
vn -0.991445 0.130526 0 
vn -0.793353 -0.608761 0 
vn -0.965926 -0.258819 0 
vn -0.5 -0.866025 0 
vn -0.793353 -0.608761 0 
vn -0.130526 -0.991445 0 
vn -0.238123 -0.971235 0 
vn -0.238123 -0.971235 0 
vn -0.5 -0.866025 0 
vn 0.258819 -0.965926 0 
vn -0.130526 -0.991445 0 
vn 0.608761 -0.793353 0 
vn 0.258819 -0.965926 0 
vn 0.866025 -0.5 0 
vn 0.608761 -0.793353 0 
vn 0.991445 -0.130526 0 
vn 0.866025 -0.5 0 
vn 0.965926 0.258819 0 
vn 0.991445 -0.130526 0 
vn 0.793353 0.608761 0 
vn 0.965926 0.258819 0 
vn 0.793353 0.608761 0 
f 3763//3763 3764//3764 3765//3765 
f 3766//3766 3767//3767 3768//3768 
f 3769//3769 3768//3768 3767//3767 
f 3767//3767 3763//3763 3769//3769 
f 3770//3770 3766//3766 3771//3771 
f 3772//3772 3770//3770 3773//3773 
f 3774//3774 3772//3772 3775//3775 
f 3776//3776 3774//3774 3777//3777 
f 3778//3778 3776//3776 3779//3779 
f 3780//3780 3778//3778 3781//3781 
f 3782//3782 3783//3783 3784//3784 
f 3785//3785 3784//3784 3783//3783 
f 3783//3783 3780//3780 3785//3785 
f 3786//3786 3782//3782 3787//3787 
f 3788//3788 3786//3786 3789//3789 
f 3790//3790 3788//3788 3791//3791 
f 3792//3792 3790//3790 3793//3793 
f 3794//3794 3792//3792 3795//3795 
f 3796//3796 3794//3794 3797//3797 
f 3764//3764 3796//3796 3798//3798 
f 3798//3798 3765//3765 3764//3764 
f 3797//3797 3798//3798 3796//3796 
f 3795//3795 3797//3797 3794//3794 
f 3793//3793 3795//3795 3792//3792 
f 3791//3791 3793//3793 3790//3790 
f 3789//3789 3791//3791 3788//3788 
f 3787//3787 3789//3789 3786//3786 
f 3784//3784 3787//3787 3782//3782 
f 3781//3781 3785//3785 3780//3780 
f 3779//3779 3781//3781 3778//3778 
f 3777//3777 3779//3779 3776//3776 
f 3775//3775 3777//3777 3774//3774 
f 3773//3773 3775//3775 3772//3772 
f 3771//3771 3773//3773 3770//3770 
f 3768//3768 3771//3771 3766//3766 
f 3765//3765 3769//3769 3763//3763 
o mesh27
v -0.0183832 -0.0793303 -0.007 
v -0.01825 -0.08 -0.007 
v -0.01825 -0.08 0 
v -0.0187626 -0.0787626 -0.007 
v -0.0183832 -0.0793303 0 
v -0.0193303 -0.0783832 -0.007 
v -0.0187626 -0.0787626 0 
v -0.02 -0.07825 -0.007 
v -0.0193303 -0.0783832 0 
v -0.0206697 -0.0783832 -0.007 
v -0.02 -0.07825 0 
v -0.0212374 -0.0787626 -0.007 
v -0.0206697 -0.0783832 0 
v -0.0216168 -0.0793303 -0.007 
v -0.0212374 -0.0787626 0 
v -0.02175 -0.08 -0.007 
v -0.0216168 -0.0793303 0 
v -0.0216168 -0.0806697 -0.007 
v -0.02175 -0.08 0 
v -0.0212374 -0.0812374 -0.007 
v -0.0216168 -0.0806697 0 
v -0.0206697 -0.0816168 -0.007 
v -0.0212374 -0.0812374 0 
v -0.02 -0.08175 -0.007 
v -0.0206697 -0.0816168 0 
v -0.0193303 -0.0816168 -0.007 
v -0.02 -0.08175 0 
v -0.0187626 -0.0812374 -0.007 
v -0.0193303 -0.0816168 0 
v -0.0183832 -0.0806697 -0.007 
v -0.0187626 -0.0812374 0 
v -0.0183832 -0.0806697 0 
vn -0.92388 -0.382683 0 
vn -1 0 0 
vn -1 0 0 
vn -0.707107 -0.707107 0 
vn -0.92388 -0.382683 0 
vn -0.382683 -0.92388 0 
vn -0.707107 -0.707107 0 
vn 1.83697e-16 -1 0 
vn -0.382683 -0.92388 0 
vn 0.382683 -0.92388 0 
vn 1.83697e-16 -1 0 
vn 0.707107 -0.707107 0 
vn 0.382683 -0.92388 0 
vn 0.92388 -0.382683 0 
vn 0.707107 -0.707107 0 
vn 1 1.22465e-16 0 
vn 0.92388 -0.382683 0 
vn 0.92388 0.382683 0 
vn 1 1.22465e-16 0 
vn 0.707107 0.707107 0 
vn 0.92388 0.382683 0 
vn 0.382683 0.92388 0 
vn 0.707107 0.707107 0 
vn -6.12323e-17 1 0 
vn 0.382683 0.92388 0 
vn -0.382683 0.92388 0 
vn -6.12323e-17 1 0 
vn -0.707107 0.707107 0 
vn -0.382683 0.92388 0 
vn -0.92388 0.382683 0 
vn -0.707107 0.707107 0 
vn -0.92388 0.382683 0 
f 3799//3799 3800//3800 3801//3801 
f 3802//3802 3799//3799 3803//3803 
f 3804//3804 3802//3802 3805//3805 
f 3806//3806 3804//3804 3807//3807 
f 3808//3808 3806//3806 3809//3809 
f 3810//3810 3808//3808 3811//3811 
f 3812//3812 3810//3810 3813//3813 
f 3814//3814 3812//3812 3815//3815 
f 3816//3816 3814//3814 3817//3817 
f 3818//3818 3816//3816 3819//3819 
f 3820//3820 3818//3818 3821//3821 
f 3822//3822 3820//3820 3823//3823 
f 3824//3824 3822//3822 3825//3825 
f 3826//3826 3824//3824 3827//3827 
f 3828//3828 3826//3826 3829//3829 
f 3800//3800 3828//3828 3830//3830 
f 3830//3830 3801//3801 3800//3800 
f 3829//3829 3830//3830 3828//3828 
f 3827//3827 3829//3829 3826//3826 
f 3825//3825 3827//3827 3824//3824 
f 3823//3823 3825//3825 3822//3822 
f 3821//3821 3823//3823 3820//3820 
f 3819//3819 3821//3821 3818//3818 
f 3817//3817 3819//3819 3816//3816 
f 3815//3815 3817//3817 3814//3814 
f 3813//3813 3815//3815 3812//3812 
f 3811//3811 3813//3813 3810//3810 
f 3809//3809 3811//3811 3808//3808 
f 3807//3807 3809//3809 3806//3806 
f 3805//3805 3807//3807 3804//3804 
f 3803//3803 3805//3805 3802//3802 
f 3801//3801 3803//3803 3799//3799 
o mesh28
v 0.0216168 -0.0793303 -0.007 
v 0.02175 -0.08 -0.007 
v 0.02175 -0.08 0 
v 0.0212374 -0.0787626 -0.007 
v 0.0216168 -0.0793303 0 
v 0.0206697 -0.0783832 -0.007 
v 0.0212374 -0.0787626 0 
v 0.02 -0.07825 -0.007 
v 0.0206697 -0.0783832 0 
v 0.0193303 -0.0783832 -0.007 
v 0.02 -0.07825 0 
v 0.0187626 -0.0787626 -0.007 
v 0.0193303 -0.0783832 0 
v 0.0183832 -0.0793303 -0.007 
v 0.0187626 -0.0787626 0 
v 0.01825 -0.08 -0.007 
v 0.0183832 -0.0793303 0 
v 0.0183832 -0.0806697 -0.007 
v 0.01825 -0.08 0 
v 0.0187626 -0.0812374 -0.007 
v 0.0183832 -0.0806697 0 
v 0.0193303 -0.0816168 -0.007 
v 0.0187626 -0.0812374 0 
v 0.02 -0.08175 -0.007 
v 0.0193303 -0.0816168 0 
v 0.0206697 -0.0816168 -0.007 
v 0.02 -0.08175 0 
v 0.0212374 -0.0812374 -0.007 
v 0.0206697 -0.0816168 0 
v 0.0216168 -0.0806697 -0.007 
v 0.0212374 -0.0812374 0 
v 0.0216168 -0.0806697 0 
vn -0.92388 -0.382683 0 
vn -1 0 0 
vn -1 0 0 
vn -0.707107 -0.707107 0 
vn -0.92388 -0.382683 0 
vn -0.382683 -0.92388 0 
vn -0.707107 -0.707107 0 
vn 1.83697e-16 -1 0 
vn -0.382683 -0.92388 0 
vn 0.382683 -0.92388 0 
vn 1.83697e-16 -1 0 
vn 0.707107 -0.707107 0 
vn 0.382683 -0.92388 0 
vn 0.92388 -0.382683 0 
vn 0.707107 -0.707107 0 
vn 1 1.22465e-16 0 
vn 0.92388 -0.382683 0 
vn 0.92388 0.382683 0 
vn 1 1.22465e-16 0 
vn 0.707107 0.707107 0 
vn 0.92388 0.382683 0 
vn 0.382683 0.92388 0 
vn 0.707107 0.707107 0 
vn -6.12323e-17 1 0 
vn 0.382683 0.92388 0 
vn -0.382683 0.92388 0 
vn -6.12323e-17 1 0 
vn -0.707107 0.707107 0 
vn -0.382683 0.92388 0 
vn -0.92388 0.382683 0 
vn -0.707107 0.707107 0 
vn -0.92388 0.382683 0 
f 3831//3831 3832//3832 3833//3833 
f 3834//3834 3831//3831 3835//3835 
f 3836//3836 3834//3834 3837//3837 
f 3838//3838 3836//3836 3839//3839 
f 3840//3840 3838//3838 3841//3841 
f 3842//3842 3840//3840 3843//3843 
f 3844//3844 3842//3842 3845//3845 
f 3846//3846 3844//3844 3847//3847 
f 3848//3848 3846//3846 3849//3849 
f 3850//3850 3848//3848 3851//3851 
f 3852//3852 3850//3850 3853//3853 
f 3854//3854 3852//3852 3855//3855 
f 3856//3856 3854//3854 3857//3857 
f 3858//3858 3856//3856 3859//3859 
f 3860//3860 3858//3858 3861//3861 
f 3832//3832 3860//3860 3862//3862 
f 3862//3862 3833//3833 3832//3832 
f 3861//3861 3862//3862 3860//3860 
f 3859//3859 3861//3861 3858//3858 
f 3857//3857 3859//3859 3856//3856 
f 3855//3855 3857//3857 3854//3854 
f 3853//3853 3855//3855 3852//3852 
f 3851//3851 3853//3853 3850//3850 
f 3849//3849 3851//3851 3848//3848 
f 3847//3847 3849//3849 3846//3846 
f 3845//3845 3847//3847 3844//3844 
f 3843//3843 3845//3845 3842//3842 
f 3841//3841 3843//3843 3840//3840 
f 3839//3839 3841//3841 3838//3838 
f 3837//3837 3839//3839 3836//3836 
f 3835//3835 3837//3837 3834//3834 
f 3833//3833 3835//3835 3831//3831 
o mesh29
v -0.0183832 -0.0993303 -0.007 
v -0.01825 -0.1 -0.007 
v -0.01825 -0.1 0 
v -0.0187626 -0.0987626 -0.007 
v -0.0183832 -0.0993303 0 
v -0.0193303 -0.0983832 -0.007 
v -0.0187626 -0.0987626 0 
v -0.02 -0.09825 -0.007 
v -0.0193303 -0.0983832 0 
v -0.0206697 -0.0983832 -0.007 
v -0.02 -0.09825 0 
v -0.0212374 -0.0987626 -0.007 
v -0.0206697 -0.0983832 0 
v -0.0216168 -0.0993303 -0.007 
v -0.0212374 -0.0987626 0 
v -0.02175 -0.1 -0.007 
v -0.0216168 -0.0993303 0 
v -0.0216168 -0.10067 -0.007 
v -0.02175 -0.1 0 
v -0.0212374 -0.101237 -0.007 
v -0.0216168 -0.10067 0 
v -0.0206697 -0.101617 -0.007 
v -0.0212374 -0.101237 0 
v -0.02 -0.10175 -0.007 
v -0.0206697 -0.101617 0 
v -0.0193303 -0.101617 -0.007 
v -0.02 -0.10175 0 
v -0.0187626 -0.101237 -0.007 
v -0.0193303 -0.101617 0 
v -0.0183832 -0.10067 -0.007 
v -0.0187626 -0.101237 0 
v -0.0183832 -0.10067 0 
vn -0.92388 -0.382683 0 
vn -1 0 0 
vn -1 0 0 
vn -0.707107 -0.707107 0 
vn -0.92388 -0.382683 0 
vn -0.382683 -0.92388 0 
vn -0.707107 -0.707107 0 
vn 1.83697e-16 -1 0 
vn -0.382683 -0.92388 0 
vn 0.382683 -0.92388 0 
vn 1.83697e-16 -1 0 
vn 0.707107 -0.707107 0 
vn 0.382683 -0.92388 0 
vn 0.92388 -0.382683 0 
vn 0.707107 -0.707107 0 
vn 1 1.22465e-16 0 
vn 0.92388 -0.382683 0 
vn 0.92388 0.382683 0 
vn 1 1.22465e-16 0 
vn 0.707107 0.707107 0 
vn 0.92388 0.382683 0 
vn 0.382683 0.92388 0 
vn 0.707107 0.707107 0 
vn -6.12323e-17 1 0 
vn 0.382683 0.92388 0 
vn -0.382683 0.92388 0 
vn -6.12323e-17 1 0 
vn -0.707107 0.707107 0 
vn -0.382683 0.92388 0 
vn -0.92388 0.382683 0 
vn -0.707107 0.707107 0 
vn -0.92388 0.382683 0 
f 3863//3863 3864//3864 3865//3865 
f 3866//3866 3863//3863 3867//3867 
f 3868//3868 3866//3866 3869//3869 
f 3870//3870 3868//3868 3871//3871 
f 3872//3872 3870//3870 3873//3873 
f 3874//3874 3872//3872 3875//3875 
f 3876//3876 3874//3874 3877//3877 
f 3878//3878 3876//3876 3879//3879 
f 3880//3880 3878//3878 3881//3881 
f 3882//3882 3880//3880 3883//3883 
f 3884//3884 3882//3882 3885//3885 
f 3886//3886 3884//3884 3887//3887 
f 3888//3888 3886//3886 3889//3889 
f 3890//3890 3888//3888 3891//3891 
f 3892//3892 3890//3890 3893//3893 
f 3864//3864 3892//3892 3894//3894 
f 3894//3894 3865//3865 3864//3864 
f 3893//3893 3894//3894 3892//3892 
f 3891//3891 3893//3893 3890//3890 
f 3889//3889 3891//3891 3888//3888 
f 3887//3887 3889//3889 3886//3886 
f 3885//3885 3887//3887 3884//3884 
f 3883//3883 3885//3885 3882//3882 
f 3881//3881 3883//3883 3880//3880 
f 3879//3879 3881//3881 3878//3878 
f 3877//3877 3879//3879 3876//3876 
f 3875//3875 3877//3877 3874//3874 
f 3873//3873 3875//3875 3872//3872 
f 3871//3871 3873//3873 3870//3870 
f 3869//3869 3871//3871 3868//3868 
f 3867//3867 3869//3869 3866//3866 
f 3865//3865 3867//3867 3863//3863 
o mesh30
v -0.0849858 0.0506697 -0.007 
v -0.0848525 0.05 -0.007 
v -0.0848525 0.05 0 
v -0.0853651 0.0512374 -0.007 
v -0.0849858 0.0506697 0 
v -0.0859328 0.0516168 -0.007 
v -0.0853651 0.0512374 0 
v -0.0866025 0.05175 -0.007 
v -0.0859328 0.0516168 0 
v -0.0872722 0.0516168 -0.007 
v -0.0866025 0.05175 0 
v -0.08784 0.0512374 -0.007 
v -0.0872722 0.0516168 0 
v -0.0882193 0.0506697 -0.007 
v -0.08784 0.0512374 0 
v -0.0883525 0.05 -0.007 
v -0.0882193 0.0506697 0 
v -0.0882193 0.0493303 -0.007 
v -0.0883525 0.05 0 
v -0.08784 0.0487626 -0.007 
v -0.0882193 0.0493303 0 
v -0.0872722 0.0483832 -0.007 
v -0.08784 0.0487626 0 
v -0.0866025 0.04825 -0.007 
v -0.0872722 0.0483832 0 
v -0.0859328 0.0483832 -0.007 
v -0.0866025 0.04825 0 
v -0.0853651 0.0487626 -0.007 
v -0.0859328 0.0483832 0 
v -0.0849858 0.0493303 -0.007 
v -0.0853651 0.0487626 0 
v -0.0849858 0.0493303 0 
vn -0.92388 -0.382683 0 
vn -1 0 0 
vn -1 0 0 
vn -0.707107 -0.707107 0 
vn -0.92388 -0.382683 0 
vn -0.382683 -0.92388 0 
vn -0.707107 -0.707107 0 
vn 1.83697e-16 -1 0 
vn -0.382683 -0.92388 0 
vn 0.382683 -0.92388 0 
vn 1.83697e-16 -1 0 
vn 0.707107 -0.707107 0 
vn 0.382683 -0.92388 0 
vn 0.92388 -0.382683 0 
vn 0.707107 -0.707107 0 
vn 1 1.22465e-16 0 
vn 0.92388 -0.382683 0 
vn 0.92388 0.382683 0 
vn 1 1.22465e-16 0 
vn 0.707107 0.707107 0 
vn 0.92388 0.382683 0 
vn 0.382683 0.92388 0 
vn 0.707107 0.707107 0 
vn -6.12323e-17 1 0 
vn 0.382683 0.92388 0 
vn -0.382683 0.92388 0 
vn -6.12323e-17 1 0 
vn -0.707107 0.707107 0 
vn -0.382683 0.92388 0 
vn -0.92388 0.382683 0 
vn -0.707107 0.707107 0 
vn -0.92388 0.382683 0 
f 3895//3895 3896//3896 3897//3897 
f 3898//3898 3895//3895 3899//3899 
f 3900//3900 3898//3898 3901//3901 
f 3902//3902 3900//3900 3903//3903 
f 3904//3904 3902//3902 3905//3905 
f 3906//3906 3904//3904 3907//3907 
f 3908//3908 3906//3906 3909//3909 
f 3910//3910 3908//3908 3911//3911 
f 3912//3912 3910//3910 3913//3913 
f 3914//3914 3912//3912 3915//3915 
f 3916//3916 3914//3914 3917//3917 
f 3918//3918 3916//3916 3919//3919 
f 3920//3920 3918//3918 3921//3921 
f 3922//3922 3920//3920 3923//3923 
f 3924//3924 3922//3922 3925//3925 
f 3896//3896 3924//3924 3926//3926 
f 3926//3926 3897//3897 3896//3896 
f 3925//3925 3926//3926 3924//3924 
f 3923//3923 3925//3925 3922//3922 
f 3921//3921 3923//3923 3920//3920 
f 3919//3919 3921//3921 3918//3918 
f 3917//3917 3919//3919 3916//3916 
f 3915//3915 3917//3917 3914//3914 
f 3913//3913 3915//3915 3912//3912 
f 3911//3911 3913//3913 3910//3910 
f 3909//3909 3911//3911 3908//3908 
f 3907//3907 3909//3909 3906//3906 
f 3905//3905 3907//3907 3904//3904 
f 3903//3903 3905//3905 3902//3902 
f 3901//3901 3903//3903 3900//3900 
f 3899//3899 3901//3901 3898//3898 
f 3897//3897 3899//3899 3895//3895 
o mesh31
v 0.0952142 0.0337448 -0.007 
v 0.0957275 0.034195 -0.007 
v 0.0957275 0.034195 0 
v 0.0949122 0.0331324 -0.007 
v 0.0952142 0.0337448 0 
v 0.0948675 0.0324511 -0.007 
v 0.0949122 0.0331324 0 
v 0.095087 0.0318045 -0.007 
v 0.0948675 0.0324511 0 
v 0.0955372 0.0312911 -0.007 
v 0.095087 0.0318045 0 
v 0.0961496 0.0309891 -0.007 
v 0.0955372 0.0312911 0 
v 0.096831 0.0309445 -0.007 
v 0.0961496 0.0309891 0 
v 0.0974775 0.0311639 -0.007 
v 0.096831 0.0309445 0 
v 0.0979909 0.0316142 -0.007 
v 0.0974775 0.0311639 0 
v 0.0982929 0.0322266 -0.007 
v 0.0979909 0.0316142 0 
v 0.0983376 0.0329079 -0.007 
v 0.0982929 0.0322266 0 
v 0.0981181 0.0335545 -0.007 
v 0.0983376 0.0329079 0 
v 0.0976679 0.0340679 -0.007 
v 0.0981181 0.0335545 0 
v 0.0970555 0.0343699 -0.007 
v 0.0976679 0.0340679 0 
v 0.0963741 0.0344145 -0.007 
v 0.0970555 0.0343699 0 
v 0.0963741 0.0344145 0 
vn 0.793353 -0.608761 0 
vn 0.5 -0.866025 0 
vn 0.5 -0.866025 0 
vn 0.965926 -0.258819 0 
vn 0.793353 -0.608761 0 
vn 0.991445 0.130526 0 
vn 0.965926 -0.258819 0 
vn 0.866025 0.5 0 
vn 0.991445 0.130526 0 
vn 0.608761 0.793353 0 
vn 0.866025 0.5 0 
vn 0.258819 0.965926 0 
vn 0.608761 0.793353 0 
vn -0.130526 0.991445 0 
vn 0.258819 0.965926 0 
vn -0.5 0.866025 0 
vn -0.130526 0.991445 0 
vn -0.793353 0.608761 0 
vn -0.5 0.866025 0 
vn -0.965926 0.258819 0 
vn -0.793353 0.608761 0 
vn -0.991445 -0.130526 0 
vn -0.965926 0.258819 0 
vn -0.866025 -0.5 0 
vn -0.991445 -0.130526 0 
vn -0.608761 -0.793353 0 
vn -0.866025 -0.5 0 
vn -0.258819 -0.965926 0 
vn -0.608761 -0.793353 0 
vn 0.130526 -0.991445 0 
vn -0.258819 -0.965926 0 
vn 0.130526 -0.991445 0 
f 3927//3927 3928//3928 3929//3929 
f 3930//3930 3927//3927 3931//3931 
f 3932//3932 3930//3930 3933//3933 
f 3934//3934 3932//3932 3935//3935 
f 3936//3936 3934//3934 3937//3937 
f 3938//3938 3936//3936 3939//3939 
f 3940//3940 3938//3938 3941//3941 
f 3942//3942 3940//3940 3943//3943 
f 3944//3944 3942//3942 3945//3945 
f 3946//3946 3944//3944 3947//3947 
f 3948//3948 3946//3946 3949//3949 
f 3950//3950 3948//3948 3951//3951 
f 3952//3952 3950//3950 3953//3953 
f 3954//3954 3952//3952 3955//3955 
f 3956//3956 3954//3954 3957//3957 
f 3928//3928 3956//3956 3958//3958 
f 3958//3958 3929//3929 3928//3928 
f 3957//3957 3958//3958 3956//3956 
f 3955//3955 3957//3957 3954//3954 
f 3953//3953 3955//3955 3952//3952 
f 3951//3951 3953//3953 3950//3950 
f 3949//3949 3951//3951 3948//3948 
f 3947//3947 3949//3949 3946//3946 
f 3945//3945 3947//3947 3944//3944 
f 3943//3943 3945//3945 3942//3942 
f 3941//3941 3943//3943 3940//3940 
f 3939//3939 3941//3941 3938//3938 
f 3937//3937 3939//3939 3936//3936 
f 3935//3935 3937//3937 3934//3934 
f 3933//3933 3935//3935 3932//3932 
f 3931//3931 3933//3933 3930//3930 
f 3929//3929 3931//3931 3927//3927 
o mesh32
v -0.0695105 0.038265 -0.007 
v -0.070157 0.0384845 -0.007 
v -0.070157 0.0384845 0 
v -0.0688291 0.0383096 -0.007 
v -0.0695105 0.038265 0 
v -0.0682167 0.0386116 -0.007 
v -0.0688291 0.0383096 0 
v -0.0677665 0.039125 -0.007 
v -0.0682167 0.0386116 0 
v -0.067547 0.0397716 -0.007 
v -0.0677665 0.039125 0 
v -0.0675917 0.0404529 -0.007 
v -0.067547 0.0397716 0 
v -0.0678937 0.0410653 0 
v -0.0678937 0.0410653 -0.007 
v -0.0677998 0.040875 -0.007 
v -0.0675917 0.0404529 0 
v -0.0677998 0.040875 0 
v -0.068407 0.0415155 -0.007 
v -0.0690536 0.041735 -0.007 
v -0.068407 0.0415155 0 
v -0.069735 0.0416904 -0.007 
v -0.0690536 0.041735 0 
v -0.0703474 0.0413884 -0.007 
v -0.069735 0.0416904 0 
v -0.0707976 0.040875 -0.007 
v -0.0703474 0.0413884 0 
v -0.0710171 0.0402284 -0.007 
v -0.0707976 0.040875 0 
v -0.0709724 0.0395471 -0.007 
v -0.0710171 0.0402284 0 
v -0.0706704 0.0389347 -0.007 
v -0.0709724 0.0395471 0 
v -0.0706704 0.0389347 0 
vn 0.130526 0.991445 0 
vn 0.5 0.866025 0 
vn 0.5 0.866025 0 
vn -0.258819 0.965926 0 
vn 0.130526 0.991445 0 
vn -0.608761 0.793353 0 
vn -0.258819 0.965926 0 
vn -0.866025 0.5 0 
vn -0.608761 0.793353 0 
vn -0.991445 0.130526 0 
vn -0.866025 0.5 0 
vn -0.965926 -0.258819 0 
vn -0.991445 0.130526 0 
vn -0.793353 -0.608761 0 
vn -0.793353 -0.608761 0 
vn -0.861146 -0.508358 0 
vn -0.965926 -0.258819 0 
vn -0.861146 -0.508358 0 
vn -0.5 -0.866025 0 
vn -0.130526 -0.991445 0 
vn -0.5 -0.866025 0 
vn 0.258819 -0.965926 0 
vn -0.130526 -0.991445 0 
vn 0.608761 -0.793353 0 
vn 0.258819 -0.965926 0 
vn 0.866025 -0.5 0 
vn 0.608761 -0.793353 0 
vn 0.991445 -0.130526 0 
vn 0.866025 -0.5 0 
vn 0.965926 0.258819 0 
vn 0.991445 -0.130526 0 
vn 0.793353 0.608761 0 
vn 0.965926 0.258819 0 
vn 0.793353 0.608761 0 
f 3959//3959 3960//3960 3961//3961 
f 3962//3962 3959//3959 3963//3963 
f 3964//3964 3962//3962 3965//3965 
f 3966//3966 3964//3964 3967//3967 
f 3968//3968 3966//3966 3969//3969 
f 3970//3970 3968//3968 3971//3971 
f 3972//3972 3973//3973 3974//3974 
f 3970//3970 3975//3975 3976//3976 
f 3976//3976 3974//3974 3970//3970 
f 3977//3977 3973//3973 3972//3972 
f 3978//3978 3977//3977 3979//3979 
f 3980//3980 3978//3978 3981//3981 
f 3982//3982 3980//3980 3983//3983 
f 3984//3984 3982//3982 3985//3985 
f 3986//3986 3984//3984 3987//3987 
f 3988//3988 3986//3986 3989//3989 
f 3990//3990 3988//3988 3991//3991 
f 3960//3960 3990//3990 3992//3992 
f 3992//3992 3961//3961 3960//3960 
f 3991//3991 3992//3992 3990//3990 
f 3989//3989 3991//3991 3988//3988 
f 3987//3987 3989//3989 3986//3986 
f 3985//3985 3987//3987 3984//3984 
f 3983//3983 3985//3985 3982//3982 
f 3981//3981 3983//3983 3980//3980 
f 3979//3979 3981//3981 3978//3978 
f 3972//3972 3979//3979 3977//3977 
f 3974//3974 3976//3976 3972//3972 
f 3971//3971 3975//3975 3970//3970 
f 3969//3969 3971//3971 3968//3968 
f 3967//3967 3969//3969 3966//3966 
f 3965//3965 3967//3967 3964//3964 
f 3963//3963 3965//3965 3962//3962 
f 3961//3961 3963//3963 3959//3959 
o mesh33
v -0.0795105 0.0209445 -0.007 
v -0.080157 0.0211639 -0.007 
v -0.080157 0.0211639 0 
v -0.0788291 0.0209891 -0.007 
v -0.0795105 0.0209445 0 
v -0.0782167 0.0212911 -0.007 
v -0.0788291 0.0209891 0 
v -0.0777665 0.0218045 -0.007 
v -0.0782167 0.0212911 0 
v -0.077547 0.0224511 -0.007 
v -0.0777665 0.0218045 0 
v -0.0775917 0.0231324 -0.007 
v -0.0775889 0.0230897 -0.007 
v -0.0775889 0.0230897 0 
v -0.077547 0.0224511 0 
v -0.0778937 0.0237448 -0.007 
v -0.0775917 0.0231324 0 
v -0.078407 0.024195 -0.007 
v -0.0778937 0.0237448 0 
v -0.0790536 0.0244145 -0.007 
v -0.078407 0.024195 0 
v -0.079735 0.0243699 -0.007 
v -0.0790536 0.0244145 0 
v -0.0803474 0.0240679 -0.007 
v -0.079735 0.0243699 0 
v -0.0807976 0.0235545 -0.007 
v -0.0803474 0.0240679 0 
v -0.0810171 0.0229079 -0.007 
v -0.0809553 0.0230897 -0.007 
v -0.0809553 0.0230897 0 
v -0.0807976 0.0235545 0 
v -0.0809724 0.0222266 -0.007 
v -0.0810171 0.0229079 0 
v -0.0806704 0.0216142 -0.007 
v -0.0809724 0.0222266 0 
v -0.0806704 0.0216142 0 
vn 0.130526 0.991445 0 
vn 0.5 0.866025 0 
vn 0.5 0.866025 0 
vn -0.258819 0.965926 0 
vn 0.130526 0.991445 0 
vn -0.608761 0.793353 0 
vn -0.258819 0.965926 0 
vn -0.866025 0.5 0 
vn -0.608761 0.793353 0 
vn -0.991445 0.130526 0 
vn -0.866025 0.5 0 
vn -0.965926 -0.258819 0 
vn -0.971878 -0.235486 0 
vn -0.971878 -0.235486 0 
vn -0.991445 0.130526 0 
vn -0.793353 -0.608761 0 
vn -0.965926 -0.258819 0 
vn -0.5 -0.866025 0 
vn -0.793353 -0.608761 0 
vn -0.130526 -0.991445 0 
vn -0.5 -0.866025 0 
vn 0.258819 -0.965926 0 
vn -0.130526 -0.991445 0 
vn 0.608761 -0.793353 0 
vn 0.258819 -0.965926 0 
vn 0.866025 -0.5 0 
vn 0.608761 -0.793353 0 
vn 0.991445 -0.130526 0 
vn 0.971235 -0.238123 0 
vn 0.971235 -0.238123 0 
vn 0.866025 -0.5 0 
vn 0.965926 0.258819 0 
vn 0.991445 -0.130526 0 
vn 0.793353 0.608761 0 
vn 0.965926 0.258819 0 
vn 0.793353 0.608761 0 
f 3993//3993 3994//3994 3995//3995 
f 3996//3996 3993//3993 3997//3997 
f 3998//3998 3996//3996 3999//3999 
f 4000//4000 3998//3998 4001//4001 
f 4002//4002 4000//4000 4003//4003 
f 4004//4004 4005//4005 4006//4006 
f 4007//4007 4006//4006 4005//4005 
f 4005//4005 4002//4002 4007//4007 
f 4008//4008 4004//4004 4009//4009 
f 4010//4010 4008//4008 4011//4011 
f 4012//4012 4010//4010 4013//4013 
f 4014//4014 4012//4012 4015//4015 
f 4016//4016 4014//4014 4017//4017 
f 4018//4018 4016//4016 4019//4019 
f 4020//4020 4021//4021 4022//4022 
f 4023//4023 4022//4022 4021//4021 
f 4021//4021 4018//4018 4023//4023 
f 4024//4024 4020//4020 4025//4025 
f 4026//4026 4024//4024 4027//4027 
f 3994//3994 4026//4026 4028//4028 
f 4028//4028 3995//3995 3994//3994 
f 4027//4027 4028//4028 4026//4026 
f 4025//4025 4027//4027 4024//4024 
f 4022//4022 4025//4025 4020//4020 
f 4019//4019 4023//4023 4018//4018 
f 4017//4017 4019//4019 4016//4016 
f 4015//4015 4017//4017 4014//4014 
f 4013//4013 4015//4015 4012//4012 
f 4011//4011 4013//4013 4010//4010 
f 4009//4009 4011//4011 4008//4008 
f 4006//4006 4009//4009 4004//4004 
f 4003//4003 4007//4007 4002//4002 
f 4001//4001 4003//4003 4000//4000 
f 3999//3999 4001//4001 3998//3998 
f 3997//3997 3999//3999 3996//3996 
f 3995//3995 3997//3997 3993//3993 
o mesh34
v 0.0778937 0.0237448 -0.007 
v 0.078407 0.024195 -0.007 
v 0.078407 0.024195 0 
v 0.0775917 0.0231324 -0.007 
v 0.0778937 0.0237448 0 
v 0.077547 0.0224511 -0.007 
v 0.0775889 0.0230897 -0.007 
v 0.0775889 0.0230897 0 
v 0.0775917 0.0231324 0 
v 0.0777665 0.0218045 -0.007 
v 0.077547 0.0224511 0 
v 0.0782167 0.0212911 -0.007 
v 0.0777665 0.0218045 0 
v 0.0788291 0.0209891 -0.007 
v 0.0782167 0.0212911 0 
v 0.0795105 0.0209445 -0.007 
v 0.0788291 0.0209891 0 
v 0.080157 0.0211639 -0.007 
v 0.0795105 0.0209445 0 
v 0.0806704 0.0216142 -0.007 
v 0.080157 0.0211639 0 
v 0.0809724 0.0222266 -0.007 
v 0.0806704 0.0216142 0 
v 0.0810171 0.0229079 -0.007 
v 0.0809724 0.0222266 0 
v 0.0807976 0.0235545 0 
v 0.0807976 0.0235545 -0.007 
v 0.0809553 0.0230897 -0.007 
v 0.0810171 0.0229079 0 
v 0.0809553 0.0230897 0 
v 0.0803474 0.0240679 -0.007 
v 0.079735 0.0243699 -0.007 
v 0.0803474 0.0240679 0 
v 0.0790536 0.0244145 -0.007 
v 0.079735 0.0243699 0 
v 0.0790536 0.0244145 0 
vn 0.793353 -0.608761 0 
vn 0.5 -0.866025 0 
vn 0.5 -0.866025 0 
vn 0.965926 -0.258819 0 
vn 0.793353 -0.608761 0 
vn 0.991445 0.130526 0 
vn 0.971878 -0.235486 0 
vn 0.971878 -0.235486 0 
vn 0.965926 -0.258819 0 
vn 0.866025 0.5 0 
vn 0.991445 0.130526 0 
vn 0.608761 0.793353 0 
vn 0.866025 0.5 0 
vn 0.258819 0.965926 0 
vn 0.608761 0.793353 0 
vn -0.130526 0.991445 0 
vn 0.258819 0.965926 0 
vn -0.5 0.866025 0 
vn -0.130526 0.991445 0 
vn -0.793353 0.608761 0 
vn -0.5 0.866025 0 
vn -0.965926 0.258819 0 
vn -0.793353 0.608761 0 
vn -0.991445 -0.130526 0 
vn -0.965926 0.258819 0 
vn -0.866025 -0.5 0 
vn -0.866025 -0.5 0 
vn -0.971235 -0.238123 0 
vn -0.991445 -0.130526 0 
vn -0.971235 -0.238123 0 
vn -0.608761 -0.793353 0 
vn -0.258819 -0.965926 0 
vn -0.608761 -0.793353 0 
vn 0.130526 -0.991445 0 
vn -0.258819 -0.965926 0 
vn 0.130526 -0.991445 0 
f 4029//4029 4030//4030 4031//4031 
f 4032//4032 4029//4029 4033//4033 
f 4034//4034 4035//4035 4036//4036 
f 4037//4037 4036//4036 4035//4035 
f 4035//4035 4032//4032 4037//4037 
f 4038//4038 4034//4034 4039//4039 
f 4040//4040 4038//4038 4041//4041 
f 4042//4042 4040//4040 4043//4043 
f 4044//4044 4042//4042 4045//4045 
f 4046//4046 4044//4044 4047//4047 
f 4048//4048 4046//4046 4049//4049 
f 4050//4050 4048//4048 4051//4051 
f 4052//4052 4050//4050 4053//4053 
f 4054//4054 4055//4055 4056//4056 
f 4052//4052 4057//4057 4058//4058 
f 4058//4058 4056//4056 4052//4052 
f 4059//4059 4055//4055 4054//4054 
f 4060//4060 4059//4059 4061//4061 
f 4062//4062 4060//4060 4063//4063 
f 4030//4030 4062//4062 4064//4064 
f 4064//4064 4031//4031 4030//4030 
f 4063//4063 4064//4064 4062//4062 
f 4061//4061 4063//4063 4060//4060 
f 4054//4054 4061//4061 4059//4059 
f 4056//4056 4058//4058 4054//4054 
f 4053//4053 4057//4057 4052//4052 
f 4051//4051 4053//4053 4050//4050 
f 4049//4049 4051//4051 4048//4048 
f 4047//4047 4049//4049 4046//4046 
f 4045//4045 4047//4047 4044//4044 
f 4043//4043 4045//4045 4042//4042 
f 4041//4041 4043//4043 4040//4040 
f 4039//4039 4041//4041 4038//4038 
f 4036//4036 4039//4039 4034//4034 
f 4033//4033 4037//4037 4032//4032 
f 4031//4031 4033//4033 4029//4029 
o mesh35
v 0.0882193 0.0506697 -0.007 
v 0.0883525 0.05 -0.007 
v 0.0883525 0.05 0 
v 0.08784 0.0512374 -0.007 
v 0.0882193 0.0506697 0 
v 0.0872722 0.0516168 -0.007 
v 0.08784 0.0512374 0 
v 0.0866025 0.05175 -0.007 
v 0.0872722 0.0516168 0 
v 0.0859328 0.0516168 -0.007 
v 0.0866025 0.05175 0 
v 0.0853651 0.0512374 -0.007 
v 0.0859328 0.0516168 0 
v 0.0849858 0.0506697 -0.007 
v 0.0853651 0.0512374 0 
v 0.0848525 0.05 -0.007 
v 0.0849858 0.0506697 0 
v 0.0849858 0.0493303 -0.007 
v 0.0848525 0.05 0 
v 0.0853651 0.0487626 -0.007 
v 0.0849858 0.0493303 0 
v 0.0859328 0.0483832 -0.007 
v 0.0853651 0.0487626 0 
v 0.0866025 0.04825 -0.007 
v 0.0859328 0.0483832 0 
v 0.0872722 0.0483832 -0.007 
v 0.0866025 0.04825 0 
v 0.08784 0.0487626 -0.007 
v 0.0872722 0.0483832 0 
v 0.0882193 0.0493303 -0.007 
v 0.08784 0.0487626 0 
v 0.0882193 0.0493303 0 
vn -0.92388 -0.382683 0 
vn -1 0 0 
vn -1 0 0 
vn -0.707107 -0.707107 0 
vn -0.92388 -0.382683 0 
vn -0.382683 -0.92388 0 
vn -0.707107 -0.707107 0 
vn 1.83697e-16 -1 0 
vn -0.382683 -0.92388 0 
vn 0.382683 -0.92388 0 
vn 1.83697e-16 -1 0 
vn 0.707107 -0.707107 0 
vn 0.382683 -0.92388 0 
vn 0.92388 -0.382683 0 
vn 0.707107 -0.707107 0 
vn 1 1.22465e-16 0 
vn 0.92388 -0.382683 0 
vn 0.92388 0.382683 0 
vn 1 1.22465e-16 0 
vn 0.707107 0.707107 0 
vn 0.92388 0.382683 0 
vn 0.382683 0.92388 0 
vn 0.707107 0.707107 0 
vn -6.12323e-17 1 0 
vn 0.382683 0.92388 0 
vn -0.382683 0.92388 0 
vn -6.12323e-17 1 0 
vn -0.707107 0.707107 0 
vn -0.382683 0.92388 0 
vn -0.92388 0.382683 0 
vn -0.707107 0.707107 0 
vn -0.92388 0.382683 0 
f 4065//4065 4066//4066 4067//4067 
f 4068//4068 4065//4065 4069//4069 
f 4070//4070 4068//4068 4071//4071 
f 4072//4072 4070//4070 4073//4073 
f 4074//4074 4072//4072 4075//4075 
f 4076//4076 4074//4074 4077//4077 
f 4078//4078 4076//4076 4079//4079 
f 4080//4080 4078//4078 4081//4081 
f 4082//4082 4080//4080 4083//4083 
f 4084//4084 4082//4082 4085//4085 
f 4086//4086 4084//4084 4087//4087 
f 4088//4088 4086//4086 4089//4089 
f 4090//4090 4088//4088 4091//4091 
f 4092//4092 4090//4090 4093//4093 
f 4094//4094 4092//4092 4095//4095 
f 4066//4066 4094//4094 4096//4096 
f 4096//4096 4067//4067 4066//4066 
f 4095//4095 4096//4096 4094//4094 
f 4093//4093 4095//4095 4092//4092 
f 4091//4091 4093//4093 4090//4090 
f 4089//4089 4091//4091 4088//4088 
f 4087//4087 4089//4089 4086//4086 
f 4085//4085 4087//4087 4084//4084 
f 4083//4083 4085//4085 4082//4082 
f 4081//4081 4083//4083 4080//4080 
f 4079//4079 4081//4081 4078//4078 
f 4077//4077 4079//4079 4076//4076 
f 4075//4075 4077//4077 4074//4074 
f 4073//4073 4075//4075 4072//4072 
f 4071//4071 4073//4073 4070//4070 
f 4069//4069 4071//4071 4068//4068 
f 4067//4067 4069//4069 4065//4065 
o mesh36
v 0.00161679 -0.0993303 -0.007 
v 0.00175 -0.1 -0.007 
v 0.00175 -0.1 0 
v 0.00123744 -0.0987626 -0.007 
v 0.00161679 -0.0993303 0 
v 0.000669696 -0.0983832 -0.007 
v 0.00123744 -0.0987626 0 
v -3.2147e-19 -0.09825 -0.007 
v 0.000669696 -0.0983832 0 
v -0.000669696 -0.0983832 -0.007 
v -3.2147e-19 -0.09825 0 
v -0.00123744 -0.0987626 -0.007 
v -0.000669696 -0.0983832 0 
v -0.00161679 -0.0993303 -0.007 
v -0.00123744 -0.0987626 0 
v -0.00175 -0.1 -0.007 
v -0.00161679 -0.0993303 0 
v -0.00161679 -0.10067 -0.007 
v -0.00175 -0.1 0 
v -0.00123744 -0.101237 -0.007 
v -0.00161679 -0.10067 0 
v -0.000669696 -0.101617 -0.007 
v -0.00123744 -0.101237 0 
v 1.07157e-19 -0.10175 -0.007 
v -0.000669696 -0.101617 0 
v 0.000669696 -0.101617 -0.007 
v 1.07157e-19 -0.10175 0 
v 0.00123744 -0.101237 -0.007 
v 0.000669696 -0.101617 0 
v 0.00161679 -0.10067 -0.007 
v 0.00123744 -0.101237 0 
v 0.00161679 -0.10067 0 
vn -0.92388 -0.382683 0 
vn -1 0 0 
vn -1 0 0 
vn -0.707107 -0.707107 0 
vn -0.92388 -0.382683 0 
vn -0.382683 -0.92388 0 
vn -0.707107 -0.707107 0 
vn 1.83697e-16 -1 0 
vn -0.382683 -0.92388 0 
vn 0.382683 -0.92388 0 
vn 1.83697e-16 -1 0 
vn 0.707107 -0.707107 0 
vn 0.382683 -0.92388 0 
vn 0.92388 -0.382683 0 
vn 0.707107 -0.707107 0 
vn 1 1.22465e-16 0 
vn 0.92388 -0.382683 0 
vn 0.92388 0.382683 0 
vn 1 1.22465e-16 0 
vn 0.707107 0.707107 0 
vn 0.92388 0.382683 0 
vn 0.382683 0.92388 0 
vn 0.707107 0.707107 0 
vn -6.12323e-17 1 0 
vn 0.382683 0.92388 0 
vn -0.382683 0.92388 0 
vn -6.12323e-17 1 0 
vn -0.707107 0.707107 0 
vn -0.382683 0.92388 0 
vn -0.92388 0.382683 0 
vn -0.707107 0.707107 0 
vn -0.92388 0.382683 0 
f 4097//4097 4098//4098 4099//4099 
f 4100//4100 4097//4097 4101//4101 
f 4102//4102 4100//4100 4103//4103 
f 4104//4104 4102//4102 4105//4105 
f 4106//4106 4104//4104 4107//4107 
f 4108//4108 4106//4106 4109//4109 
f 4110//4110 4108//4108 4111//4111 
f 4112//4112 4110//4110 4113//4113 
f 4114//4114 4112//4112 4115//4115 
f 4116//4116 4114//4114 4117//4117 
f 4118//4118 4116//4116 4119//4119 
f 4120//4120 4118//4118 4121//4121 
f 4122//4122 4120//4120 4123//4123 
f 4124//4124 4122//4122 4125//4125 
f 4126//4126 4124//4124 4127//4127 
f 4098//4098 4126//4126 4128//4128 
f 4128//4128 4099//4099 4098//4098 
f 4127//4127 4128//4128 4126//4126 
f 4125//4125 4127//4127 4124//4124 
f 4123//4123 4125//4125 4122//4122 
f 4121//4121 4123//4123 4120//4120 
f 4119//4119 4121//4121 4118//4118 
f 4117//4117 4119//4119 4116//4116 
f 4115//4115 4117//4117 4114//4114 
f 4113//4113 4115//4115 4112//4112 
f 4111//4111 4113//4113 4110//4110 
f 4109//4109 4111//4111 4108//4108 
f 4107//4107 4109//4109 4106//4106 
f 4105//4105 4107//4107 4104//4104 
f 4103//4103 4105//4105 4102//4102 
f 4101//4101 4103//4103 4100//4100 
f 4099//4099 4101//4101 4097//4097 
o mesh37
v 0.0216168 -0.0993303 -0.007 
v 0.02175 -0.1 -0.007 
v 0.02175 -0.1 0 
v 0.0212374 -0.0987626 -0.007 
v 0.0216168 -0.0993303 0 
v 0.0206697 -0.0983832 -0.007 
v 0.0212374 -0.0987626 0 
v 0.02 -0.09825 -0.007 
v 0.0206697 -0.0983832 0 
v 0.0193303 -0.0983832 -0.007 
v 0.02 -0.09825 0 
v 0.0187626 -0.0987626 -0.007 
v 0.0193303 -0.0983832 0 
v 0.0183832 -0.0993303 -0.007 
v 0.0187626 -0.0987626 0 
v 0.01825 -0.1 -0.007 
v 0.0183832 -0.0993303 0 
v 0.0183832 -0.10067 -0.007 
v 0.01825 -0.1 0 
v 0.0187626 -0.101237 -0.007 
v 0.0183832 -0.10067 0 
v 0.0193303 -0.101617 -0.007 
v 0.0187626 -0.101237 0 
v 0.02 -0.10175 -0.007 
v 0.0193303 -0.101617 0 
v 0.0206697 -0.101617 -0.007 
v 0.02 -0.10175 0 
v 0.0212374 -0.101237 -0.007 
v 0.0206697 -0.101617 0 
v 0.0216168 -0.10067 -0.007 
v 0.0212374 -0.101237 0 
v 0.0216168 -0.10067 0 
vn -0.92388 -0.382683 0 
vn -1 0 0 
vn -1 0 0 
vn -0.707107 -0.707107 0 
vn -0.92388 -0.382683 0 
vn -0.382683 -0.92388 0 
vn -0.707107 -0.707107 0 
vn 1.83697e-16 -1 0 
vn -0.382683 -0.92388 0 
vn 0.382683 -0.92388 0 
vn 1.83697e-16 -1 0 
vn 0.707107 -0.707107 0 
vn 0.382683 -0.92388 0 
vn 0.92388 -0.382683 0 
vn 0.707107 -0.707107 0 
vn 1 1.22465e-16 0 
vn 0.92388 -0.382683 0 
vn 0.92388 0.382683 0 
vn 1 1.22465e-16 0 
vn 0.707107 0.707107 0 
vn 0.92388 0.382683 0 
vn 0.382683 0.92388 0 
vn 0.707107 0.707107 0 
vn -6.12323e-17 1 0 
vn 0.382683 0.92388 0 
vn -0.382683 0.92388 0 
vn -6.12323e-17 1 0 
vn -0.707107 0.707107 0 
vn -0.382683 0.92388 0 
vn -0.92388 0.382683 0 
vn -0.707107 0.707107 0 
vn -0.92388 0.382683 0 
f 4129//4129 4130//4130 4131//4131 
f 4132//4132 4129//4129 4133//4133 
f 4134//4134 4132//4132 4135//4135 
f 4136//4136 4134//4134 4137//4137 
f 4138//4138 4136//4136 4139//4139 
f 4140//4140 4138//4138 4141//4141 
f 4142//4142 4140//4140 4143//4143 
f 4144//4144 4142//4142 4145//4145 
f 4146//4146 4144//4144 4147//4147 
f 4148//4148 4146//4146 4149//4149 
f 4150//4150 4148//4148 4151//4151 
f 4152//4152 4150//4150 4153//4153 
f 4154//4154 4152//4152 4155//4155 
f 4156//4156 4154//4154 4157//4157 
f 4158//4158 4156//4156 4159//4159 
f 4130//4130 4158//4158 4160//4160 
f 4160//4160 4131//4131 4130//4130 
f 4159//4159 4160//4160 4158//4158 
f 4157//4157 4159//4159 4156//4156 
f 4155//4155 4157//4157 4154//4154 
f 4153//4153 4155//4155 4152//4152 
f 4151//4151 4153//4153 4150//4150 
f 4149//4149 4151//4151 4148//4148 
f 4147//4147 4149//4149 4146//4146 
f 4145//4145 4147//4147 4144//4144 
f 4143//4143 4145//4145 4142//4142 
f 4141//4141 4143//4143 4140//4140 
f 4139//4139 4141//4141 4138//4138 
f 4137//4137 4139//4139 4136//4136 
f 4135//4135 4137//4137 4134//4134 
f 4133//4133 4135//4135 4132//4132 
f 4131//4131 4133//4133 4129//4129 
o mesh38
v 0.00161679 -0.0793303 -0.007 
v 0.00175 -0.08 -0.007 
v 0.00175 -0.08 0 
v 0.00123744 -0.0787626 -0.007 
v 0.00161679 -0.0793303 0 
v 0.000669696 -0.0783832 -0.007 
v 0.00123744 -0.0787626 0 
v -3.2147e-19 -0.07825 -0.007 
v 0.000669696 -0.0783832 0 
v -0.000669696 -0.0783832 -0.007 
v -3.2147e-19 -0.07825 0 
v -0.00123744 -0.0787626 -0.007 
v -0.000669696 -0.0783832 0 
v -0.00161679 -0.0793303 -0.007 
v -0.00123744 -0.0787626 0 
v -0.00175 -0.08 -0.007 
v -0.00161679 -0.0793303 0 
v -0.00161679 -0.0806697 -0.007 
v -0.00175 -0.08 0 
v -0.00123744 -0.0812374 -0.007 
v -0.00161679 -0.0806697 0 
v -0.000669696 -0.0816168 -0.007 
v -0.00123744 -0.0812374 0 
v 1.07157e-19 -0.08175 -0.007 
v -0.000669696 -0.0816168 0 
v 0.000669696 -0.0816168 -0.007 
v 1.07157e-19 -0.08175 0 
v 0.00123744 -0.0812374 -0.007 
v 0.000669696 -0.0816168 0 
v 0.00161679 -0.0806697 -0.007 
v 0.00123744 -0.0812374 0 
v 0.00161679 -0.0806697 0 
vn -0.92388 -0.382683 0 
vn -1 0 0 
vn -1 0 0 
vn -0.707107 -0.707107 0 
vn -0.92388 -0.382683 0 
vn -0.382683 -0.92388 0 
vn -0.707107 -0.707107 0 
vn 1.83697e-16 -1 0 
vn -0.382683 -0.92388 0 
vn 0.382683 -0.92388 0 
vn 1.83697e-16 -1 0 
vn 0.707107 -0.707107 0 
vn 0.382683 -0.92388 0 
vn 0.92388 -0.382683 0 
vn 0.707107 -0.707107 0 
vn 1 1.22465e-16 0 
vn 0.92388 -0.382683 0 
vn 0.92388 0.382683 0 
vn 1 1.22465e-16 0 
vn 0.707107 0.707107 0 
vn 0.92388 0.382683 0 
vn 0.382683 0.92388 0 
vn 0.707107 0.707107 0 
vn -6.12323e-17 1 0 
vn 0.382683 0.92388 0 
vn -0.382683 0.92388 0 
vn -6.12323e-17 1 0 
vn -0.707107 0.707107 0 
vn -0.382683 0.92388 0 
vn -0.92388 0.382683 0 
vn -0.707107 0.707107 0 
vn -0.92388 0.382683 0 
f 4161//4161 4162//4162 4163//4163 
f 4164//4164 4161//4161 4165//4165 
f 4166//4166 4164//4164 4167//4167 
f 4168//4168 4166//4166 4169//4169 
f 4170//4170 4168//4168 4171//4171 
f 4172//4172 4170//4170 4173//4173 
f 4174//4174 4172//4172 4175//4175 
f 4176//4176 4174//4174 4177//4177 
f 4178//4178 4176//4176 4179//4179 
f 4180//4180 4178//4178 4181//4181 
f 4182//4182 4180//4180 4183//4183 
f 4184//4184 4182//4182 4185//4185 
f 4186//4186 4184//4184 4187//4187 
f 4188//4188 4186//4186 4189//4189 
f 4190//4190 4188//4188 4191//4191 
f 4162//4162 4190//4190 4192//4192 
f 4192//4192 4163//4163 4162//4162 
f 4191//4191 4192//4192 4190//4190 
f 4189//4189 4191//4191 4188//4188 
f 4187//4187 4189//4189 4186//4186 
f 4185//4185 4187//4187 4184//4184 
f 4183//4183 4185//4185 4182//4182 
f 4181//4181 4183//4183 4180//4180 
f 4179//4179 4181//4181 4178//4178 
f 4177//4177 4179//4179 4176//4176 
f 4175//4175 4177//4177 4174//4174 
f 4173//4173 4175//4175 4172//4172 
f 4171//4171 4173//4173 4170//4170 
f 4169//4169 4171//4171 4168//4168 
f 4167//4167 4169//4169 4166//4166 
f 4165//4165 4167//4167 4164//4164 
f 4163//4163 4165//4165 4161//4161 
o mesh39
v -0.0595105 0.0555855 -0.007 
v -0.060157 0.055805 -0.007 
v -0.060157 0.055805 0 
v -0.0588291 0.0556301 -0.007 
v -0.0595105 0.0555855 0 
v -0.0582167 0.0559321 -0.007 
v -0.0588291 0.0556301 0 
v -0.0577665 0.0564455 -0.007 
v -0.057891 0.0563035 -0.007 
v -0.057891 0.0563035 0 
v -0.0582167 0.0559321 0 
v -0.057547 0.0570921 -0.007 
v -0.0576087 0.0569103 -0.007 
v -0.0576087 0.0569103 0 
v -0.0577665 0.0564455 0 
v -0.0575917 0.0577734 -0.007 
v -0.057547 0.0570921 0 
v -0.0578937 0.0583858 -0.007 
v -0.057891 0.0583805 -0.007 
v -0.057891 0.0583805 0 
v -0.0575917 0.0577734 0 
v -0.058407 0.0588361 -0.007 
v -0.0578937 0.0583858 0 
v -0.0590536 0.0590555 -0.007 
v -0.058407 0.0588361 0 
v -0.059735 0.0590109 -0.007 
v -0.0590536 0.0590555 0 
v -0.0603474 0.0587089 -0.007 
v -0.059735 0.0590109 0 
v -0.0607976 0.0581955 -0.007 
v -0.0603474 0.0587089 0 
v -0.0610171 0.0575489 -0.007 
v -0.0607976 0.0581955 0 
v -0.0609724 0.0568676 -0.007 
v -0.0609752 0.0569103 -0.007 
v -0.0609752 0.0569103 0 
v -0.0610171 0.0575489 0 
v -0.0606704 0.0562552 -0.007 
v -0.0609724 0.0568676 0 
v -0.0606704 0.0562552 0 
vn 0.130526 0.991445 0 
vn 0.5 0.866025 0 
vn 0.5 0.866025 0 
vn -0.258819 0.965926 0 
vn 0.130526 0.991445 0 
vn -0.608761 0.793353 0 
vn -0.258819 0.965926 0 
vn -0.866025 0.5 0 
vn -0.807257 0.5902 0 
vn -0.807257 0.5902 0 
vn -0.608761 0.793353 0 
vn -0.991445 0.130526 0 
vn -0.971235 0.238123 0 
vn -0.971235 0.238123 0 
vn -0.866025 0.5 0 
vn -0.965926 -0.258819 0 
vn -0.991445 0.130526 0 
vn -0.793353 -0.608761 0 
vn -0.795393 -0.606094 0 
vn -0.795393 -0.606094 0 
vn -0.965926 -0.258819 0 
vn -0.5 -0.866025 0 
vn -0.793353 -0.608761 0 
vn -0.130526 -0.991445 0 
vn -0.5 -0.866025 0 
vn 0.258819 -0.965926 0 
vn -0.130526 -0.991445 0 
vn 0.608761 -0.793353 0 
vn 0.258819 -0.965926 0 
vn 0.866025 -0.5 0 
vn 0.608761 -0.793353 0 
vn 0.991445 -0.130526 0 
vn 0.866025 -0.5 0 
vn 0.965926 0.258819 0 
vn 0.971878 0.235486 0 
vn 0.971878 0.235486 0 
vn 0.991445 -0.130526 0 
vn 0.793353 0.608761 0 
vn 0.965926 0.258819 0 
vn 0.793353 0.608761 0 
f 4193//4193 4194//4194 4195//4195 
f 4196//4196 4193//4193 4197//4197 
f 4198//4198 4196//4196 4199//4199 
f 4200//4200 4201//4201 4202//4202 
f 4203//4203 4202//4202 4201//4201 
f 4201//4201 4198//4198 4203//4203 
f 4204//4204 4205//4205 4206//4206 
f 4207//4207 4206//4206 4205//4205 
f 4205//4205 4200//4200 4207//4207 
f 4208//4208 4204//4204 4209//4209 
f 4210//4210 4211//4211 4212//4212 
f 4213//4213 4212//4212 4211//4211 
f 4211//4211 4208//4208 4213//4213 
f 4214//4214 4210//4210 4215//4215 
f 4216//4216 4214//4214 4217//4217 
f 4218//4218 4216//4216 4219//4219 
f 4220//4220 4218//4218 4221//4221 
f 4222//4222 4220//4220 4223//4223 
f 4224//4224 4222//4222 4225//4225 
f 4226//4226 4227//4227 4228//4228 
f 4229//4229 4228//4228 4227//4227 
f 4227//4227 4224//4224 4229//4229 
f 4230//4230 4226//4226 4231//4231 
f 4194//4194 4230//4230 4232//4232 
f 4232//4232 4195//4195 4194//4194 
f 4231//4231 4232//4232 4230//4230 
f 4228//4228 4231//4231 4226//4226 
f 4225//4225 4229//4229 4224//4224 
f 4223//4223 4225//4225 4222//4222 
f 4221//4221 4223//4223 4220//4220 
f 4219//4219 4221//4221 4218//4218 
f 4217//4217 4219//4219 4216//4216 
f 4215//4215 4217//4217 4214//4214 
f 4212//4212 4215//4215 4210//4210 
f 4209//4209 4213//4213 4208//4208 
f 4206//4206 4209//4209 4204//4204 
f 4202//4202 4207//4207 4200//4200 
f 4199//4199 4203//4203 4198//4198 
f 4197//4197 4199//4199 4196//4196 
f 4195//4195 4197//4197 4193//4193 
o mesh40
v 0.0752142 0.0683858 -0.007 
v 0.0757275 0.0688361 -0.007 
v 0.0757275 0.0688361 0 
v 0.0749122 0.0677734 -0.007 
v 0.0752142 0.0683858 0 
v 0.0748675 0.0670921 -0.007 
v 0.0749122 0.0677734 0 
v 0.075087 0.0664455 -0.007 
v 0.0748675 0.0670921 0 
v 0.0755372 0.0659321 -0.007 
v 0.075087 0.0664455 0 
v 0.0761496 0.0656301 -0.007 
v 0.0755372 0.0659321 0 
v 0.076831 0.0655855 -0.007 
v 0.0761496 0.0656301 0 
v 0.0774775 0.065805 -0.007 
v 0.076831 0.0655855 0 
v 0.0779909 0.0662552 -0.007 
v 0.0774775 0.065805 0 
v 0.0782929 0.0668676 -0.007 
v 0.0779909 0.0662552 0 
v 0.0783376 0.0675489 -0.007 
v 0.0782929 0.0668676 0 
v 0.0781181 0.0681955 -0.007 
v 0.0783376 0.0675489 0 
v 0.0776679 0.0687089 -0.007 
v 0.0781181 0.0681955 0 
v 0.0770555 0.0690109 -0.007 
v 0.0776679 0.0687089 0 
v 0.0763741 0.0690555 -0.007 
v 0.0770555 0.0690109 0 
v 0.0763741 0.0690555 0 
vn 0.793353 -0.608761 0 
vn 0.5 -0.866025 0 
vn 0.5 -0.866025 0 
vn 0.965926 -0.258819 0 
vn 0.793353 -0.608761 0 
vn 0.991445 0.130526 0 
vn 0.965926 -0.258819 0 
vn 0.866025 0.5 0 
vn 0.991445 0.130526 0 
vn 0.608761 0.793353 0 
vn 0.866025 0.5 0 
vn 0.258819 0.965926 0 
vn 0.608761 0.793353 0 
vn -0.130526 0.991445 0 
vn 0.258819 0.965926 0 
vn -0.5 0.866025 0 
vn -0.130526 0.991445 0 
vn -0.793353 0.608761 0 
vn -0.5 0.866025 0 
vn -0.965926 0.258819 0 
vn -0.793353 0.608761 0 
vn -0.991445 -0.130526 0 
vn -0.965926 0.258819 0 
vn -0.866025 -0.5 0 
vn -0.991445 -0.130526 0 
vn -0.608761 -0.793353 0 
vn -0.866025 -0.5 0 
vn -0.258819 -0.965926 0 
vn -0.608761 -0.793353 0 
vn 0.130526 -0.991445 0 
vn -0.258819 -0.965926 0 
vn 0.130526 -0.991445 0 
f 4233//4233 4234//4234 4235//4235 
f 4236//4236 4233//4233 4237//4237 
f 4238//4238 4236//4236 4239//4239 
f 4240//4240 4238//4238 4241//4241 
f 4242//4242 4240//4240 4243//4243 
f 4244//4244 4242//4242 4245//4245 
f 4246//4246 4244//4244 4247//4247 
f 4248//4248 4246//4246 4249//4249 
f 4250//4250 4248//4248 4251//4251 
f 4252//4252 4250//4250 4253//4253 
f 4254//4254 4252//4252 4255//4255 
f 4256//4256 4254//4254 4257//4257 
f 4258//4258 4256//4256 4259//4259 
f 4260//4260 4258//4258 4261//4261 
f 4262//4262 4260//4260 4263//4263 
f 4234//4234 4262//4262 4264//4264 
f 4264//4264 4235//4235 4234//4234 
f 4263//4263 4264//4264 4262//4262 
f 4261//4261 4263//4263 4260//4260 
f 4259//4259 4261//4261 4258//4258 
f 4257//4257 4259//4259 4256//4256 
f 4255//4255 4257//4257 4254//4254 
f 4253//4253 4255//4255 4252//4252 
f 4251//4251 4253//4253 4250//4250 
f 4249//4249 4251//4251 4248//4248 
f 4247//4247 4249//4249 4246//4246 
f 4245//4245 4247//4247 4244//4244 
f 4243//4243 4245//4245 4242//4242 
f 4241//4241 4243//4243 4240//4240 
f 4239//4239 4241//4241 4238//4238 
f 4237//4237 4239//4239 4236//4236 
f 4235//4235 4237//4237 4233//4233 
o mesh41
v 0.0678937 0.0410653 -0.007 
v 0.068407 0.0415155 -0.007 
v 0.068407 0.0415155 0 
v 0.0675917 0.0404529 -0.007 
v 0.0677998 0.040875 -0.007 
v 0.0677998 0.040875 0 
v 0.0678937 0.0410653 0 
v 0.067547 0.0397716 -0.007 
v 0.0675917 0.0404529 0 
v 0.0677665 0.039125 -0.007 
v 0.067547 0.0397716 0 
v 0.0682167 0.0386116 -0.007 
v 0.0677665 0.039125 0 
v 0.0688291 0.0383096 -0.007 
v 0.0682167 0.0386116 0 
v 0.0695105 0.038265 -0.007 
v 0.0688291 0.0383096 0 
v 0.070157 0.0384845 -0.007 
v 0.0695105 0.038265 0 
v 0.0706704 0.0389347 -0.007 
v 0.070157 0.0384845 0 
v 0.0709724 0.0395471 -0.007 
v 0.0706704 0.0389347 0 
v 0.0710171 0.0402284 -0.007 
v 0.0709724 0.0395471 0 
v 0.0707976 0.040875 -0.007 
v 0.0710171 0.0402284 0 
v 0.0703474 0.0413884 -0.007 
v 0.0707976 0.040875 0 
v 0.069735 0.0416904 -0.007 
v 0.0703474 0.0413884 0 
v 0.0690536 0.041735 -0.007 
v 0.069735 0.0416904 0 
v 0.0690536 0.041735 0 
vn 0.793353 -0.608761 0 
vn 0.5 -0.866025 0 
vn 0.5 -0.866025 0 
vn 0.965926 -0.258819 0 
vn 0.861146 -0.508358 0 
vn 0.861146 -0.508358 0 
vn 0.793353 -0.608761 0 
vn 0.991445 0.130526 0 
vn 0.965926 -0.258819 0 
vn 0.866025 0.5 0 
vn 0.991445 0.130526 0 
vn 0.608761 0.793353 0 
vn 0.866025 0.5 0 
vn 0.258819 0.965926 0 
vn 0.608761 0.793353 0 
vn -0.130526 0.991445 0 
vn 0.258819 0.965926 0 
vn -0.5 0.866025 0 
vn -0.130526 0.991445 0 
vn -0.793353 0.608761 0 
vn -0.5 0.866025 0 
vn -0.965926 0.258819 0 
vn -0.793353 0.608761 0 
vn -0.991445 -0.130526 0 
vn -0.965926 0.258819 0 
vn -0.866025 -0.5 0 
vn -0.991445 -0.130526 0 
vn -0.608761 -0.793353 0 
vn -0.866025 -0.5 0 
vn -0.258819 -0.965926 0 
vn -0.608761 -0.793353 0 
vn 0.130526 -0.991445 0 
vn -0.258819 -0.965926 0 
vn 0.130526 -0.991445 0 
f 4265//4265 4266//4266 4267//4267 
f 4268//4268 4269//4269 4270//4270 
f 4271//4271 4270//4270 4269//4269 
f 4269//4269 4265//4265 4271//4271 
f 4272//4272 4268//4268 4273//4273 
f 4274//4274 4272//4272 4275//4275 
f 4276//4276 4274//4274 4277//4277 
f 4278//4278 4276//4276 4279//4279 
f 4280//4280 4278//4278 4281//4281 
f 4282//4282 4280//4280 4283//4283 
f 4284//4284 4282//4282 4285//4285 
f 4286//4286 4284//4284 4287//4287 
f 4288//4288 4286//4286 4289//4289 
f 4290//4290 4288//4288 4291//4291 
f 4292//4292 4290//4290 4293//4293 
f 4294//4294 4292//4292 4295//4295 
f 4296//4296 4294//4294 4297//4297 
f 4266//4266 4296//4296 4298//4298 
f 4298//4298 4267//4267 4266//4266 
f 4297//4297 4298//4298 4296//4296 
f 4295//4295 4297//4297 4294//4294 
f 4293//4293 4295//4295 4292//4292 
f 4291//4291 4293//4293 4290//4290 
f 4289//4289 4291//4291 4288//4288 
f 4287//4287 4289//4289 4286//4286 
f 4285//4285 4287//4287 4284//4284 
f 4283//4283 4285//4285 4282//4282 
f 4281//4281 4283//4283 4280//4280 
f 4279//4279 4281//4281 4278//4278 
f 4277//4277 4279//4279 4276//4276 
f 4275//4275 4277//4277 4274//4274 
f 4273//4273 4275//4275 4272//4272 
f 4270//4270 4273//4273 4268//4268 
f 4267//4267 4271//4271 4265//4265 
o mesh42
v 0.0616168 0.0806697 -0.007 
v 0.06175 0.08 -0.007 
v 0.06175 0.08 0 
v 0.0612374 0.0812374 -0.007 
v 0.061391 0.0810076 -0.007 
v 0.061391 0.0810076 0 
v 0.0616168 0.0806697 0 
v 0.0606697 0.0816168 -0.007 
v 0.0612374 0.0812374 0 
v 0.06 0.08175 -0.007 
v 0.0606697 0.0816168 0 
v 0.0593303 0.0816168 -0.007 
v 0.06 0.08175 0 
v 0.0587626 0.0812374 -0.007 
v 0.0593303 0.0816168 0 
v 0.0583832 0.0806697 -0.007 
v 0.0587626 0.0812374 0 
v 0.05825 0.08 -0.007 
v 0.0583832 0.0806697 0 
v 0.0583832 0.0793303 -0.007 
v 0.05825 0.08 0 
v 0.0587626 0.0787626 -0.007 
v 0.0583832 0.0793303 0 
v 0.0593303 0.0783832 -0.007 
v 0.0587626 0.0787626 0 
v 0.06 0.07825 -0.007 
v 0.0593303 0.0783832 0 
v 0.0606697 0.0783832 -0.007 
v 0.06 0.07825 0 
v 0.0612374 0.0787626 -0.007 
v 0.0606697 0.0783832 0 
v 0.0616168 0.0793303 -0.007 
v 0.061391 0.0789924 -0.007 
v 0.061391 0.0789924 0 
v 0.0612374 0.0787626 0 
v 0.0616168 0.0793303 0 
vn -0.92388 -0.382683 0 
vn -1 0 0 
vn -1 0 0 
vn -0.707107 -0.707107 0 
vn -0.809859 -0.586625 0 
vn -0.809859 -0.586625 0 
vn -0.92388 -0.382683 0 
vn -0.382683 -0.92388 0 
vn -0.707107 -0.707107 0 
vn 1.83697e-16 -1 0 
vn -0.382683 -0.92388 0 
vn 0.382683 -0.92388 0 
vn 1.83697e-16 -1 0 
vn 0.707107 -0.707107 0 
vn 0.382683 -0.92388 0 
vn 0.92388 -0.382683 0 
vn 0.707107 -0.707107 0 
vn 1 1.22465e-16 0 
vn 0.92388 -0.382683 0 
vn 0.92388 0.382683 0 
vn 1 1.22465e-16 0 
vn 0.707107 0.707107 0 
vn 0.92388 0.382683 0 
vn 0.382683 0.92388 0 
vn 0.707107 0.707107 0 
vn -6.12323e-17 1 0 
vn 0.382683 0.92388 0 
vn -0.382683 0.92388 0 
vn -6.12323e-17 1 0 
vn -0.707107 0.707107 0 
vn -0.382683 0.92388 0 
vn -0.92388 0.382683 0 
vn -0.809859 0.586625 0 
vn -0.809859 0.586625 0 
vn -0.707107 0.707107 0 
vn -0.92388 0.382683 0 
f 4299//4299 4300//4300 4301//4301 
f 4302//4302 4303//4303 4304//4304 
f 4305//4305 4304//4304 4303//4303 
f 4303//4303 4299//4299 4305//4305 
f 4306//4306 4302//4302 4307//4307 
f 4308//4308 4306//4306 4309//4309 
f 4310//4310 4308//4308 4311//4311 
f 4312//4312 4310//4310 4313//4313 
f 4314//4314 4312//4312 4315//4315 
f 4316//4316 4314//4314 4317//4317 
f 4318//4318 4316//4316 4319//4319 
f 4320//4320 4318//4318 4321//4321 
f 4322//4322 4320//4320 4323//4323 
f 4324//4324 4322//4322 4325//4325 
f 4326//4326 4324//4324 4327//4327 
f 4328//4328 4326//4326 4329//4329 
f 4330//4330 4331//4331 4332//4332 
f 4333//4333 4332//4332 4331//4331 
f 4331//4331 4328//4328 4333//4333 
f 4300//4300 4330//4330 4334//4334 
f 4334//4334 4301//4301 4300//4300 
f 4332//4332 4334//4334 4330//4330 
f 4329//4329 4333//4333 4328//4328 
f 4327//4327 4329//4329 4326//4326 
f 4325//4325 4327//4327 4324//4324 
f 4323//4323 4325//4325 4322//4322 
f 4321//4321 4323//4323 4320//4320 
f 4319//4319 4321//4321 4318//4318 
f 4317//4317 4319//4319 4316//4316 
f 4315//4315 4317//4317 4314//4314 
f 4313//4313 4315//4315 4312//4312 
f 4311//4311 4313//4313 4310//4310 
f 4309//4309 4311//4311 4308//4308 
f 4307//4307 4309//4309 4306//4306 
f 4304//4304 4307//4307 4302//4302 
f 4301//4301 4305//4305 4299//4299 
o mesh43
v 0.00161679 0.0606697 -0.007 
v 0.00175 0.06 -0.007 
v 0.00175 0.06 0 
v 0.00123744 0.0612374 -0.007 
v 0.00161679 0.0606697 0 
v 0.000669696 0.0616168 -0.007 
v 0.00123744 0.0612374 0 
v -3.2147e-19 0.06175 -0.007 
v 0.000669696 0.0616168 0 
v -0.000669696 0.0616168 -0.007 
v -3.2147e-19 0.06175 0 
v -0.00123744 0.0612374 -0.007 
v -0.000669696 0.0616168 0 
v -0.00161679 0.0606697 -0.007 
v -0.00123744 0.0612374 0 
v -0.00175 0.06 -0.007 
v -0.00161679 0.0606697 0 
v -0.00161679 0.0593303 -0.007 
v -0.00175 0.06 0 
v -0.00123744 0.0587626 -0.007 
v -0.00161679 0.0593303 0 
v -0.000669696 0.0583832 -0.007 
v -0.00123744 0.0587626 0 
v 1.07157e-19 0.05825 -0.007 
v -0.000669696 0.0583832 0 
v 0.000669696 0.0583832 -0.007 
v 1.07157e-19 0.05825 0 
v 0.00123744 0.0587626 -0.007 
v 0.000669696 0.0583832 0 
v 0.00161679 0.0593303 -0.007 
v 0.00123744 0.0587626 0 
v 0.00161679 0.0593303 0 
vn -0.92388 -0.382683 0 
vn -1 0 0 
vn -1 0 0 
vn -0.707107 -0.707107 0 
vn -0.92388 -0.382683 0 
vn -0.382683 -0.92388 0 
vn -0.707107 -0.707107 0 
vn 1.83697e-16 -1 0 
vn -0.382683 -0.92388 0 
vn 0.382683 -0.92388 0 
vn 1.83697e-16 -1 0 
vn 0.707107 -0.707107 0 
vn 0.382683 -0.92388 0 
vn 0.92388 -0.382683 0 
vn 0.707107 -0.707107 0 
vn 1 1.22465e-16 0 
vn 0.92388 -0.382683 0 
vn 0.92388 0.382683 0 
vn 1 1.22465e-16 0 
vn 0.707107 0.707107 0 
vn 0.92388 0.382683 0 
vn 0.382683 0.92388 0 
vn 0.707107 0.707107 0 
vn -6.12323e-17 1 0 
vn 0.382683 0.92388 0 
vn -0.382683 0.92388 0 
vn -6.12323e-17 1 0 
vn -0.707107 0.707107 0 
vn -0.382683 0.92388 0 
vn -0.92388 0.382683 0 
vn -0.707107 0.707107 0 
vn -0.92388 0.382683 0 
f 4335//4335 4336//4336 4337//4337 
f 4338//4338 4335//4335 4339//4339 
f 4340//4340 4338//4338 4341//4341 
f 4342//4342 4340//4340 4343//4343 
f 4344//4344 4342//4342 4345//4345 
f 4346//4346 4344//4344 4347//4347 
f 4348//4348 4346//4346 4349//4349 
f 4350//4350 4348//4348 4351//4351 
f 4352//4352 4350//4350 4353//4353 
f 4354//4354 4352//4352 4355//4355 
f 4356//4356 4354//4354 4357//4357 
f 4358//4358 4356//4356 4359//4359 
f 4360//4360 4358//4358 4361//4361 
f 4362//4362 4360//4360 4363//4363 
f 4364//4364 4362//4362 4365//4365 
f 4336//4336 4364//4364 4366//4366 
f 4366//4366 4337//4337 4336//4336 
f 4365//4365 4366//4366 4364//4364 
f 4363//4363 4365//4365 4362//4362 
f 4361//4361 4363//4363 4360//4360 
f 4359//4359 4361//4361 4358//4358 
f 4357//4357 4359//4359 4356//4356 
f 4355//4355 4357//4357 4354//4354 
f 4353//4353 4355//4355 4352//4352 
f 4351//4351 4353//4353 4350//4350 
f 4349//4349 4351//4351 4348//4348 
f 4347//4347 4349//4349 4346//4346 
f 4345//4345 4347//4347 4344//4344 
f 4343//4343 4345//4345 4342//4342 
f 4341//4341 4343//4343 4340//4340 
f 4339//4339 4341//4341 4338//4338 
f 4337//4337 4339//4339 4335//4335 
o mesh44
v -0.0583832 0.0806697 -0.007 
v -0.05825 0.08 -0.007 
v -0.05825 0.08 0 
v -0.0587626 0.0812374 -0.007 
v -0.0583832 0.0806697 0 
v -0.0593303 0.0816168 -0.007 
v -0.0587626 0.0812374 0 
v -0.06 0.08175 -0.007 
v -0.0593303 0.0816168 0 
v -0.0606697 0.0816168 -0.007 
v -0.06 0.08175 0 
v -0.0612374 0.0812374 -0.007 
v -0.0606697 0.0816168 0 
v -0.0616168 0.0806697 -0.007 
v -0.0612374 0.0812374 0 
v -0.06175 0.08 -0.007 
v -0.0616168 0.0806697 0 
v -0.0616168 0.0793303 -0.007 
v -0.06175 0.08 0 
v -0.0612374 0.0787626 -0.007 
v -0.0616168 0.0793303 0 
v -0.0606697 0.0783832 -0.007 
v -0.0612374 0.0787626 0 
v -0.06 0.07825 -0.007 
v -0.0606697 0.0783832 0 
v -0.0593303 0.0783832 -0.007 
v -0.06 0.07825 0 
v -0.0587626 0.0787626 -0.007 
v -0.0593303 0.0783832 0 
v -0.0583832 0.0793303 -0.007 
v -0.0587626 0.0787626 0 
v -0.0583832 0.0793303 0 
vn -0.92388 -0.382683 0 
vn -1 0 0 
vn -1 0 0 
vn -0.707107 -0.707107 0 
vn -0.92388 -0.382683 0 
vn -0.382683 -0.92388 0 
vn -0.707107 -0.707107 0 
vn 1.83697e-16 -1 0 
vn -0.382683 -0.92388 0 
vn 0.382683 -0.92388 0 
vn 1.83697e-16 -1 0 
vn 0.707107 -0.707107 0 
vn 0.382683 -0.92388 0 
vn 0.92388 -0.382683 0 
vn 0.707107 -0.707107 0 
vn 1 1.22465e-16 0 
vn 0.92388 -0.382683 0 
vn 0.92388 0.382683 0 
vn 1 1.22465e-16 0 
vn 0.707107 0.707107 0 
vn 0.92388 0.382683 0 
vn 0.382683 0.92388 0 
vn 0.707107 0.707107 0 
vn -6.12323e-17 1 0 
vn 0.382683 0.92388 0 
vn -0.382683 0.92388 0 
vn -6.12323e-17 1 0 
vn -0.707107 0.707107 0 
vn -0.382683 0.92388 0 
vn -0.92388 0.382683 0 
vn -0.707107 0.707107 0 
vn -0.92388 0.382683 0 
f 4367//4367 4368//4368 4369//4369 
f 4370//4370 4367//4367 4371//4371 
f 4372//4372 4370//4370 4373//4373 
f 4374//4374 4372//4372 4375//4375 
f 4376//4376 4374//4374 4377//4377 
f 4378//4378 4376//4376 4379//4379 
f 4380//4380 4378//4378 4381//4381 
f 4382//4382 4380//4380 4383//4383 
f 4384//4384 4382//4382 4385//4385 
f 4386//4386 4384//4384 4387//4387 
f 4388//4388 4386//4386 4389//4389 
f 4390//4390 4388//4388 4391//4391 
f 4392//4392 4390//4390 4393//4393 
f 4394//4394 4392//4392 4395//4395 
f 4396//4396 4394//4394 4397//4397 
f 4368//4368 4396//4396 4398//4398 
f 4398//4398 4369//4369 4368//4368 
f 4397//4397 4398//4398 4396//4396 
f 4395//4395 4397//4397 4394//4394 
f 4393//4393 4395//4395 4392//4392 
f 4391//4391 4393//4393 4390//4390 
f 4389//4389 4391//4391 4388//4388 
f 4387//4387 4389//4389 4386//4386 
f 4385//4385 4387//4387 4384//4384 
f 4383//4383 4385//4385 4382//4382 
f 4381//4381 4383//4383 4380//4380 
f 4379//4379 4381//4381 4378//4378 
f 4377//4377 4379//4379 4376//4376 
f 4375//4375 4377//4377 4374//4374 
f 4373//4373 4375//4375 4372//4372 
f 4371//4371 4373//4373 4370//4370 
f 4369//4369 4371//4371 4367//4367 
o mesh45
v -0.0983832 0.0206697 -0.007 
v -0.09825 0.02 -0.007 
v -0.09825 0.02 0 
v -0.0987626 0.0212374 -0.007 
v -0.0983832 0.0206697 0 
v -0.0993303 0.0216168 -0.007 
v -0.0987626 0.0212374 0 
v -0.1 0.02175 -0.007 
v -0.0993303 0.0216168 0 
v -0.10067 0.0216168 -0.007 
v -0.1 0.02175 0 
v -0.101237 0.0212374 -0.007 
v -0.10067 0.0216168 0 
v -0.101617 0.0206697 -0.007 
v -0.101237 0.0212374 0 
v -0.10175 0.02 -0.007 
v -0.101617 0.0206697 0 
v -0.101617 0.0193303 -0.007 
v -0.101668 0.0195897 -0.007 
v -0.101668 0.0195897 0 
v -0.10175 0.02 0 
v -0.101237 0.0187626 -0.007 
v -0.101617 0.0193303 0 
v -0.10067 0.0183832 -0.007 
v -0.101237 0.0187626 0 
v -0.1 0.01825 -0.007 
v -0.10067 0.0183832 0 
v -0.0993303 0.0183832 -0.007 
v -0.1 0.01825 0 
v -0.0987626 0.0187626 -0.007 
v -0.0993303 0.0183832 0 
v -0.0983832 0.0193303 -0.007 
v -0.0987626 0.0187626 0 
v -0.0983316 0.0195897 -0.007 
v -0.0983316 0.0195897 0 
v -0.0983832 0.0193303 0 
vn -0.92388 -0.382683 0 
vn -1 0 0 
vn -1 0 0 
vn -0.707107 -0.707107 0 
vn -0.92388 -0.382683 0 
vn -0.382683 -0.92388 0 
vn -0.707107 -0.707107 0 
vn 1.83697e-16 -1 0 
vn -0.382683 -0.92388 0 
vn 0.382683 -0.92388 0 
vn 1.83697e-16 -1 0 
vn 0.707107 -0.707107 0 
vn 0.382683 -0.92388 0 
vn 0.92388 -0.382683 0 
vn 0.707107 -0.707107 0 
vn 1 1.22465e-16 0 
vn 0.92388 -0.382683 0 
vn 0.92388 0.382683 0 
vn 0.971073 0.238784 0 
vn 0.971073 0.238784 0 
vn 1 1.22465e-16 0 
vn 0.707107 0.707107 0 
vn 0.92388 0.382683 0 
vn 0.382683 0.92388 0 
vn 0.707107 0.707107 0 
vn -6.12323e-17 1 0 
vn 0.382683 0.92388 0 
vn -0.382683 0.92388 0 
vn -6.12323e-17 1 0 
vn -0.707107 0.707107 0 
vn -0.382683 0.92388 0 
vn -0.92388 0.382683 0 
vn -0.707107 0.707107 0 
vn -0.971073 0.238784 0 
vn -0.971073 0.238784 0 
vn -0.92388 0.382683 0 
f 4399//4399 4400//4400 4401//4401 
f 4402//4402 4399//4399 4403//4403 
f 4404//4404 4402//4402 4405//4405 
f 4406//4406 4404//4404 4407//4407 
f 4408//4408 4406//4406 4409//4409 
f 4410//4410 4408//4408 4411//4411 
f 4412//4412 4410//4410 4413//4413 
f 4414//4414 4412//4412 4415//4415 
f 4416//4416 4417//4417 4418//4418 
f 4419//4419 4418//4418 4417//4417 
f 4417//4417 4414//4414 4419//4419 
f 4420//4420 4416//4416 4421//4421 
f 4422//4422 4420//4420 4423//4423 
f 4424//4424 4422//4422 4425//4425 
f 4426//4426 4424//4424 4427//4427 
f 4428//4428 4426//4426 4429//4429 
f 4430//4430 4428//4428 4431//4431 
f 4400//4400 4432//4432 4433//4433 
f 4434//4434 4433//4433 4432//4432 
f 4432//4432 4430//4430 4434//4434 
f 4433//4433 4401//4401 4400//4400 
f 4431//4431 4434//4434 4430//4430 
f 4429//4429 4431//4431 4428//4428 
f 4427//4427 4429//4429 4426//4426 
f 4425//4425 4427//4427 4424//4424 
f 4423//4423 4425//4425 4422//4422 
f 4421//4421 4423//4423 4420//4420 
f 4418//4418 4421//4421 4416//4416 
f 4415//4415 4419//4419 4414//4414 
f 4413//4413 4415//4415 4412//4412 
f 4411//4411 4413//4413 4410//4410 
f 4409//4409 4411//4411 4408//4408 
f 4407//4407 4409//4409 4406//4406 
f 4405//4405 4407//4407 4404//4404 
f 4403//4403 4405//4405 4402//4402 
f 4401//4401 4403//4403 4399//4399 
o mesh46
v 0.00161679 0.0206697 -0.007 
v 0.00175 0.02 -0.007 
v 0.00175 0.02 0 
v 0.00123744 0.0212374 -0.007 
v 0.00161679 0.0206697 0 
v 0.000669696 0.0216168 -0.007 
v 0.00123744 0.0212374 0 
v -3.2147e-19 0.02175 -0.007 
v 0.000669696 0.0216168 0 
v -0.000669696 0.0216168 -0.007 
v -3.2147e-19 0.02175 0 
v -0.00123744 0.0212374 -0.007 
v -0.000669696 0.0216168 0 
v -0.00161679 0.0206697 -0.007 
v -0.00123744 0.0212374 0 
v -0.00175 0.02 -0.007 
v -0.00161679 0.0206697 0 
v -0.00161679 0.0193303 -0.007 
v -0.0016684 0.0195897 -0.007 
v -0.0016684 0.0195897 0 
v -0.00175 0.02 0 
v -0.00123744 0.0187626 -0.007 
v -0.00161679 0.0193303 0 
v -0.000669696 0.0183832 -0.007 
v -0.00123744 0.0187626 0 
v 1.07157e-19 0.01825 -0.007 
v -0.000669696 0.0183832 0 
v 0.000669696 0.0183832 -0.007 
v 1.07157e-19 0.01825 0 
v 0.00123744 0.0187626 -0.007 
v 0.000669696 0.0183832 0 
v 0.00161679 0.0193303 -0.007 
v 0.00123744 0.0187626 0 
v 0.0016684 0.0195897 -0.007 
v 0.0016684 0.0195897 0 
v 0.00161679 0.0193303 0 
vn -0.92388 -0.382683 0 
vn -1 0 0 
vn -1 0 0 
vn -0.707107 -0.707107 0 
vn -0.92388 -0.382683 0 
vn -0.382683 -0.92388 0 
vn -0.707107 -0.707107 0 
vn 1.83697e-16 -1 0 
vn -0.382683 -0.92388 0 
vn 0.382683 -0.92388 0 
vn 1.83697e-16 -1 0 
vn 0.707107 -0.707107 0 
vn 0.382683 -0.92388 0 
vn 0.92388 -0.382683 0 
vn 0.707107 -0.707107 0 
vn 1 1.22465e-16 0 
vn 0.92388 -0.382683 0 
vn 0.92388 0.382683 0 
vn 0.971073 0.238784 0 
vn 0.971073 0.238784 0 
vn 1 1.22465e-16 0 
vn 0.707107 0.707107 0 
vn 0.92388 0.382683 0 
vn 0.382683 0.92388 0 
vn 0.707107 0.707107 0 
vn -6.12323e-17 1 0 
vn 0.382683 0.92388 0 
vn -0.382683 0.92388 0 
vn -6.12323e-17 1 0 
vn -0.707107 0.707107 0 
vn -0.382683 0.92388 0 
vn -0.92388 0.382683 0 
vn -0.707107 0.707107 0 
vn -0.971073 0.238784 0 
vn -0.971073 0.238784 0 
vn -0.92388 0.382683 0 
f 4435//4435 4436//4436 4437//4437 
f 4438//4438 4435//4435 4439//4439 
f 4440//4440 4438//4438 4441//4441 
f 4442//4442 4440//4440 4443//4443 
f 4444//4444 4442//4442 4445//4445 
f 4446//4446 4444//4444 4447//4447 
f 4448//4448 4446//4446 4449//4449 
f 4450//4450 4448//4448 4451//4451 
f 4452//4452 4453//4453 4454//4454 
f 4455//4455 4454//4454 4453//4453 
f 4453//4453 4450//4450 4455//4455 
f 4456//4456 4452//4452 4457//4457 
f 4458//4458 4456//4456 4459//4459 
f 4460//4460 4458//4458 4461//4461 
f 4462//4462 4460//4460 4463//4463 
f 4464//4464 4462//4462 4465//4465 
f 4466//4466 4464//4464 4467//4467 
f 4436//4436 4468//4468 4469//4469 
f 4470//4470 4469//4469 4468//4468 
f 4468//4468 4466//4466 4470//4470 
f 4469//4469 4437//4437 4436//4436 
f 4467//4467 4470//4470 4466//4466 
f 4465//4465 4467//4467 4464//4464 
f 4463//4463 4465//4465 4462//4462 
f 4461//4461 4463//4463 4460//4460 
f 4459//4459 4461//4461 4458//4458 
f 4457//4457 4459//4459 4456//4456 
f 4454//4454 4457//4457 4452//4452 
f 4451//4451 4455//4455 4450//4450 
f 4449//4449 4451//4451 4448//4448 
f 4447//4447 4449//4449 4446//4446 
f 4445//4445 4447//4447 4444//4444 
f 4443//4443 4445//4445 4442//4442 
f 4441//4441 4443//4443 4440//4440 
f 4439//4439 4441//4441 4438//4438 
f 4437//4437 4439//4439 4435//4435 
o mesh47
v 0.101617 0.0206697 -0.007 
v 0.10175 0.02 -0.007 
v 0.10175 0.02 0 
v 0.101237 0.0212374 -0.007 
v 0.101617 0.0206697 0 
v 0.10067 0.0216168 -0.007 
v 0.101237 0.0212374 0 
v 0.1 0.02175 -0.007 
v 0.10067 0.0216168 0 
v 0.0993303 0.0216168 -0.007 
v 0.1 0.02175 0 
v 0.0987626 0.0212374 -0.007 
v 0.0993303 0.0216168 0 
v 0.0983832 0.0206697 -0.007 
v 0.0987626 0.0212374 0 
v 0.09825 0.02 -0.007 
v 0.0983832 0.0206697 0 
v 0.0983832 0.0193303 -0.007 
v 0.0983316 0.0195897 -0.007 
v 0.0983316 0.0195897 0 
v 0.09825 0.02 0 
v 0.0987626 0.0187626 -0.007 
v 0.0983832 0.0193303 0 
v 0.0993303 0.0183832 -0.007 
v 0.0987626 0.0187626 0 
v 0.1 0.01825 -0.007 
v 0.0993303 0.0183832 0 
v 0.10067 0.0183832 -0.007 
v 0.1 0.01825 0 
v 0.101237 0.0187626 -0.007 
v 0.10067 0.0183832 0 
v 0.101617 0.0193303 -0.007 
v 0.101237 0.0187626 0 
v 0.101668 0.0195897 -0.007 
v 0.101668 0.0195897 0 
v 0.101617 0.0193303 0 
vn -0.92388 -0.382683 0 
vn -1 0 0 
vn -1 0 0 
vn -0.707107 -0.707107 0 
vn -0.92388 -0.382683 0 
vn -0.382683 -0.92388 0 
vn -0.707107 -0.707107 0 
vn 1.83697e-16 -1 0 
vn -0.382683 -0.92388 0 
vn 0.382683 -0.92388 0 
vn 1.83697e-16 -1 0 
vn 0.707107 -0.707107 0 
vn 0.382683 -0.92388 0 
vn 0.92388 -0.382683 0 
vn 0.707107 -0.707107 0 
vn 1 1.22465e-16 0 
vn 0.92388 -0.382683 0 
vn 0.92388 0.382683 0 
vn 0.971073 0.238784 0 
vn 0.971073 0.238784 0 
vn 1 1.22465e-16 0 
vn 0.707107 0.707107 0 
vn 0.92388 0.382683 0 
vn 0.382683 0.92388 0 
vn 0.707107 0.707107 0 
vn -6.12323e-17 1 0 
vn 0.382683 0.92388 0 
vn -0.382683 0.92388 0 
vn -6.12323e-17 1 0 
vn -0.707107 0.707107 0 
vn -0.382683 0.92388 0 
vn -0.92388 0.382683 0 
vn -0.707107 0.707107 0 
vn -0.971073 0.238784 0 
vn -0.971073 0.238784 0 
vn -0.92388 0.382683 0 
f 4471//4471 4472//4472 4473//4473 
f 4474//4474 4471//4471 4475//4475 
f 4476//4476 4474//4474 4477//4477 
f 4478//4478 4476//4476 4479//4479 
f 4480//4480 4478//4478 4481//4481 
f 4482//4482 4480//4480 4483//4483 
f 4484//4484 4482//4482 4485//4485 
f 4486//4486 4484//4484 4487//4487 
f 4488//4488 4489//4489 4490//4490 
f 4491//4491 4490//4490 4489//4489 
f 4489//4489 4486//4486 4491//4491 
f 4492//4492 4488//4488 4493//4493 
f 4494//4494 4492//4492 4495//4495 
f 4496//4496 4494//4494 4497//4497 
f 4498//4498 4496//4496 4499//4499 
f 4500//4500 4498//4498 4501//4501 
f 4502//4502 4500//4500 4503//4503 
f 4472//4472 4504//4504 4505//4505 
f 4506//4506 4505//4505 4504//4504 
f 4504//4504 4502//4502 4506//4506 
f 4505//4505 4473//4473 4472//4472 
f 4503//4503 4506//4506 4502//4502 
f 4501//4501 4503//4503 4500//4500 
f 4499//4499 4501//4501 4498//4498 
f 4497//4497 4499//4499 4496//4496 
f 4495//4495 4497//4497 4494//4494 
f 4493//4493 4495//4495 4492//4492 
f 4490//4490 4493//4493 4488//4488 
f 4487//4487 4491//4491 4486//4486 
f 4485//4485 4487//4487 4484//4484 
f 4483//4483 4485//4485 4482//4482 
f 4481//4481 4483//4483 4480//4480 
f 4479//4479 4481//4481 4478//4478 
f 4477//4477 4479//4479 4476//4476 
f 4475//4475 4477//4477 4474//4474 
f 4473//4473 4475//4475 4471//4471 
o mesh48
v 0.0416168 -0.0793303 -0.007 
v 0.04175 -0.08 -0.007 
v 0.04175 -0.08 0 
v 0.0412374 -0.0787626 -0.007 
v 0.0416168 -0.0793303 0 
v 0.0406697 -0.0783832 -0.007 
v 0.0412374 -0.0787626 0 
v 0.04 -0.07825 -0.007 
v 0.0406697 -0.0783832 0 
v 0.0393303 -0.0783832 -0.007 
v 0.039375 -0.0783743 -0.007 
v 0.039375 -0.0783743 0 
v 0.04 -0.07825 0 
v 0.0387626 -0.0787626 -0.007 
v 0.0393303 -0.0783832 0 
v 0.0383832 -0.0793303 -0.007 
v 0.0387626 -0.0787626 0 
v 0.03825 -0.08 -0.007 
v 0.0383832 -0.0793303 0 
v 0.0383832 -0.0806697 -0.007 
v 0.03825 -0.08 0 
v 0.0387626 -0.0812374 -0.007 
v 0.0383832 -0.0806697 0 
v 0.0393303 -0.0816168 -0.007 
v 0.0387626 -0.0812374 0 
v 0.04 -0.08175 -0.007 
v 0.039375 -0.0816257 -0.007 
v 0.039375 -0.0816257 0 
v 0.0393303 -0.0816168 0 
v 0.0406697 -0.0816168 -0.007 
v 0.04 -0.08175 0 
v 0.0412374 -0.0812374 -0.007 
v 0.0406697 -0.0816168 0 
v 0.0416168 -0.0806697 -0.007 
v 0.0412374 -0.0812374 0 
v 0.0416168 -0.0806697 0 
vn -0.92388 -0.382683 0 
vn -1 0 0 
vn -1 0 0 
vn -0.707107 -0.707107 0 
vn -0.92388 -0.382683 0 
vn -0.382683 -0.92388 0 
vn -0.707107 -0.707107 0 
vn 1.83697e-16 -1 0 
vn -0.382683 -0.92388 0 
vn 0.382683 -0.92388 0 
vn 0.358848 -0.933396 0 
vn 0.358848 -0.933396 0 
vn 1.83697e-16 -1 0 
vn 0.707107 -0.707107 0 
vn 0.382683 -0.92388 0 
vn 0.92388 -0.382683 0 
vn 0.707107 -0.707107 0 
vn 1 1.22465e-16 0 
vn 0.92388 -0.382683 0 
vn 0.92388 0.382683 0 
vn 1 1.22465e-16 0 
vn 0.707107 0.707107 0 
vn 0.92388 0.382683 0 
vn 0.382683 0.92388 0 
vn 0.707107 0.707107 0 
vn -6.12323e-17 1 0 
vn 0.358848 0.933396 0 
vn 0.358848 0.933396 0 
vn 0.382683 0.92388 0 
vn -0.382683 0.92388 0 
vn -6.12323e-17 1 0 
vn -0.707107 0.707107 0 
vn -0.382683 0.92388 0 
vn -0.92388 0.382683 0 
vn -0.707107 0.707107 0 
vn -0.92388 0.382683 0 
f 4507//4507 4508//4508 4509//4509 
f 4510//4510 4507//4507 4511//4511 
f 4512//4512 4510//4510 4513//4513 
f 4514//4514 4512//4512 4515//4515 
f 4516//4516 4517//4517 4518//4518 
f 4519//4519 4518//4518 4517//4517 
f 4517//4517 4514//4514 4519//4519 
f 4520//4520 4516//4516 4521//4521 
f 4522//4522 4520//4520 4523//4523 
f 4524//4524 4522//4522 4525//4525 
f 4526//4526 4524//4524 4527//4527 
f 4528//4528 4526//4526 4529//4529 
f 4530//4530 4528//4528 4531//4531 
f 4532//4532 4533//4533 4534//4534 
f 4535//4535 4534//4534 4533//4533 
f 4533//4533 4530//4530 4535//4535 
f 4536//4536 4532//4532 4537//4537 
f 4538//4538 4536//4536 4539//4539 
f 4540//4540 4538//4538 4541//4541 
f 4508//4508 4540//4540 4542//4542 
f 4542//4542 4509//4509 4508//4508 
f 4541//4541 4542//4542 4540//4540 
f 4539//4539 4541//4541 4538//4538 
f 4537//4537 4539//4539 4536//4536 
f 4534//4534 4537//4537 4532//4532 
f 4531//4531 4535//4535 4530//4530 
f 4529//4529 4531//4531 4528//4528 
f 4527//4527 4529//4529 4526//4526 
f 4525//4525 4527//4527 4524//4524 
f 4523//4523 4525//4525 4522//4522 
f 4521//4521 4523//4523 4520//4520 
f 4518//4518 4521//4521 4516//4516 
f 4515//4515 4519//4519 4514//4514 
f 4513//4513 4515//4515 4512//4512 
f 4511//4511 4513//4513 4510//4510 
f 4509//4509 4511//4511 4507//4507 
o mesh49
v 0.0616168 -0.0193303 -0.007 
v 0.06175 -0.02 -0.007 
v 0.06175 -0.02 0 
v 0.0612374 -0.0187626 -0.007 
v 0.061391 -0.0189924 -0.007 
v 0.061391 -0.0189924 0 
v 0.0616168 -0.0193303 0 
v 0.0606697 -0.0183832 -0.007 
v 0.0612374 -0.0187626 0 
v 0.06 -0.01825 -0.007 
v 0.0606697 -0.0183832 0 
v 0.0593303 -0.0183832 -0.007 
v 0.06 -0.01825 0 
v 0.0587626 -0.0187626 -0.007 
v 0.0593303 -0.0183832 0 
v 0.0583832 -0.0193303 -0.007 
v 0.0587626 -0.0187626 0 
v 0.05825 -0.02 -0.007 
v 0.0583832 -0.0193303 0 
v 0.0583832 -0.0206697 -0.007 
v 0.05825 -0.02 0 
v 0.0587626 -0.0212374 -0.007 
v 0.0583832 -0.0206697 0 
v 0.0593303 -0.0216168 -0.007 
v 0.0587626 -0.0212374 0 
v 0.06 -0.02175 -0.007 
v 0.0593303 -0.0216168 0 
v 0.0606697 -0.0216168 -0.007 
v 0.06 -0.02175 0 
v 0.0612374 -0.0212374 -0.007 
v 0.0606697 -0.0216168 0 
v 0.0616168 -0.0206697 -0.007 
v 0.061391 -0.0210076 -0.007 
v 0.061391 -0.0210076 0 
v 0.0612374 -0.0212374 0 
v 0.0616168 -0.0206697 0 
vn -0.92388 -0.382683 0 
vn -1 0 0 
vn -1 0 0 
vn -0.707107 -0.707107 0 
vn -0.809859 -0.586625 0 
vn -0.809859 -0.586625 0 
vn -0.92388 -0.382683 0 
vn -0.382683 -0.92388 0 
vn -0.707107 -0.707107 0 
vn 1.83697e-16 -1 0 
vn -0.382683 -0.92388 0 
vn 0.382683 -0.92388 0 
vn 1.83697e-16 -1 0 
vn 0.707107 -0.707107 0 
vn 0.382683 -0.92388 0 
vn 0.92388 -0.382683 0 
vn 0.707107 -0.707107 0 
vn 1 1.22465e-16 0 
vn 0.92388 -0.382683 0 
vn 0.92388 0.382683 0 
vn 1 1.22465e-16 0 
vn 0.707107 0.707107 0 
vn 0.92388 0.382683 0 
vn 0.382683 0.92388 0 
vn 0.707107 0.707107 0 
vn -6.12323e-17 1 0 
vn 0.382683 0.92388 0 
vn -0.382683 0.92388 0 
vn -6.12323e-17 1 0 
vn -0.707107 0.707107 0 
vn -0.382683 0.92388 0 
vn -0.92388 0.382683 0 
vn -0.809859 0.586625 0 
vn -0.809859 0.586625 0 
vn -0.707107 0.707107 0 
vn -0.92388 0.382683 0 
f 4543//4543 4544//4544 4545//4545 
f 4546//4546 4547//4547 4548//4548 
f 4549//4549 4548//4548 4547//4547 
f 4547//4547 4543//4543 4549//4549 
f 4550//4550 4546//4546 4551//4551 
f 4552//4552 4550//4550 4553//4553 
f 4554//4554 4552//4552 4555//4555 
f 4556//4556 4554//4554 4557//4557 
f 4558//4558 4556//4556 4559//4559 
f 4560//4560 4558//4558 4561//4561 
f 4562//4562 4560//4560 4563//4563 
f 4564//4564 4562//4562 4565//4565 
f 4566//4566 4564//4564 4567//4567 
f 4568//4568 4566//4566 4569//4569 
f 4570//4570 4568//4568 4571//4571 
f 4572//4572 4570//4570 4573//4573 
f 4574//4574 4575//4575 4576//4576 
f 4577//4577 4576//4576 4575//4575 
f 4575//4575 4572//4572 4577//4577 
f 4544//4544 4574//4574 4578//4578 
f 4578//4578 4545//4545 4544//4544 
f 4576//4576 4578//4578 4574//4574 
f 4573//4573 4577//4577 4572//4572 
f 4571//4571 4573//4573 4570//4570 
f 4569//4569 4571//4571 4568//4568 
f 4567//4567 4569//4569 4566//4566 
f 4565//4565 4567//4567 4564//4564 
f 4563//4563 4565//4565 4562//4562 
f 4561//4561 4563//4563 4560//4560 
f 4559//4559 4561//4561 4558//4558 
f 4557//4557 4559//4559 4556//4556 
f 4555//4555 4557//4557 4554//4554 
f 4553//4553 4555//4555 4552//4552 
f 4551//4551 4553//4553 4550//4550 
f 4548//4548 4551//4551 4546//4546 
f 4545//4545 4549//4549 4543//4543 
o mesh50
v 0.0216168 -0.0193303 -0.007 
v 0.02175 -0.02 -0.007 
v 0.02175 -0.02 0 
v 0.0212374 -0.0187626 -0.007 
v 0.0216168 -0.0193303 0 
v 0.0206697 -0.0183832 -0.007 
v 0.0212374 -0.0187626 0 
v 0.02 -0.01825 -0.007 
v 0.0206697 -0.0183832 0 
v 0.0193303 -0.0183832 -0.007 
v 0.02 -0.01825 0 
v 0.0187626 -0.0187626 -0.007 
v 0.0193303 -0.0183832 0 
v 0.0183832 -0.0193303 -0.007 
v 0.0187626 -0.0187626 0 
v 0.01825 -0.02 -0.007 
v 0.0183832 -0.0193303 0 
v 0.0183832 -0.0206697 -0.007 
v 0.01825 -0.02 0 
v 0.0187626 -0.0212374 -0.007 
v 0.0183832 -0.0206697 0 
v 0.0193303 -0.0216168 -0.007 
v 0.0187626 -0.0212374 0 
v 0.02 -0.02175 -0.007 
v 0.0193303 -0.0216168 0 
v 0.0206697 -0.0216168 -0.007 
v 0.02 -0.02175 0 
v 0.0212374 -0.0212374 -0.007 
v 0.0206697 -0.0216168 0 
v 0.0216168 -0.0206697 -0.007 
v 0.0212374 -0.0212374 0 
v 0.0216168 -0.0206697 0 
vn -0.92388 -0.382683 0 
vn -1 0 0 
vn -1 0 0 
vn -0.707107 -0.707107 0 
vn -0.92388 -0.382683 0 
vn -0.382683 -0.92388 0 
vn -0.707107 -0.707107 0 
vn 1.83697e-16 -1 0 
vn -0.382683 -0.92388 0 
vn 0.382683 -0.92388 0 
vn 1.83697e-16 -1 0 
vn 0.707107 -0.707107 0 
vn 0.382683 -0.92388 0 
vn 0.92388 -0.382683 0 
vn 0.707107 -0.707107 0 
vn 1 1.22465e-16 0 
vn 0.92388 -0.382683 0 
vn 0.92388 0.382683 0 
vn 1 1.22465e-16 0 
vn 0.707107 0.707107 0 
vn 0.92388 0.382683 0 
vn 0.382683 0.92388 0 
vn 0.707107 0.707107 0 
vn -6.12323e-17 1 0 
vn 0.382683 0.92388 0 
vn -0.382683 0.92388 0 
vn -6.12323e-17 1 0 
vn -0.707107 0.707107 0 
vn -0.382683 0.92388 0 
vn -0.92388 0.382683 0 
vn -0.707107 0.707107 0 
vn -0.92388 0.382683 0 
f 4579//4579 4580//4580 4581//4581 
f 4582//4582 4579//4579 4583//4583 
f 4584//4584 4582//4582 4585//4585 
f 4586//4586 4584//4584 4587//4587 
f 4588//4588 4586//4586 4589//4589 
f 4590//4590 4588//4588 4591//4591 
f 4592//4592 4590//4590 4593//4593 
f 4594//4594 4592//4592 4595//4595 
f 4596//4596 4594//4594 4597//4597 
f 4598//4598 4596//4596 4599//4599 
f 4600//4600 4598//4598 4601//4601 
f 4602//4602 4600//4600 4603//4603 
f 4604//4604 4602//4602 4605//4605 
f 4606//4606 4604//4604 4607//4607 
f 4608//4608 4606//4606 4609//4609 
f 4580//4580 4608//4608 4610//4610 
f 4610//4610 4581//4581 4580//4580 
f 4609//4609 4610//4610 4608//4608 
f 4607//4607 4609//4609 4606//4606 
f 4605//4605 4607//4607 4604//4604 
f 4603//4603 4605//4605 4602//4602 
f 4601//4601 4603//4603 4600//4600 
f 4599//4599 4601//4601 4598//4598 
f 4597//4597 4599//4599 4596//4596 
f 4595//4595 4597//4597 4594//4594 
f 4593//4593 4595//4595 4592//4592 
f 4591//4591 4593//4593 4590//4590 
f 4589//4589 4591//4591 4588//4588 
f 4587//4587 4589//4589 4586//4586 
f 4585//4585 4587//4587 4584//4584 
f 4583//4583 4585//4585 4582//4582 
f 4581//4581 4583//4583 4579//4579 
o mesh51
v -0.0783832 -0.0593303 -0.007 
v -0.07825 -0.06 -0.007 
v -0.07825 -0.06 0 
v -0.0787626 -0.0587626 -0.007 
v -0.0783832 -0.0593303 0 
v -0.0793303 -0.0583832 -0.007 
v -0.0787626 -0.0587626 0 
v -0.08 -0.05825 -0.007 
v -0.0793303 -0.0583832 0 
v -0.0806697 -0.0583832 -0.007 
v -0.08 -0.05825 0 
v -0.0812374 -0.0587626 -0.007 
v -0.0806697 -0.0583832 0 
v -0.0816168 -0.0593303 -0.007 
v -0.0812374 -0.0587626 0 
v -0.08175 -0.06 -0.007 
v -0.0816168 -0.0593303 0 
v -0.0816168 -0.0606697 -0.007 
v -0.08175 -0.06 0 
v -0.0812374 -0.0612374 -0.007 
v -0.0816168 -0.0606697 0 
v -0.0806697 -0.0616168 -0.007 
v -0.0812374 -0.0612374 0 
v -0.08 -0.06175 -0.007 
v -0.0806697 -0.0616168 0 
v -0.0793303 -0.0616168 -0.007 
v -0.08 -0.06175 0 
v -0.0787626 -0.0612374 -0.007 
v -0.0793303 -0.0616168 0 
v -0.0783832 -0.0606697 -0.007 
v -0.0787626 -0.0612374 0 
v -0.0783832 -0.0606697 0 
vn -0.92388 -0.382683 0 
vn -1 0 0 
vn -1 0 0 
vn -0.707107 -0.707107 0 
vn -0.92388 -0.382683 0 
vn -0.382683 -0.92388 0 
vn -0.707107 -0.707107 0 
vn 1.83697e-16 -1 0 
vn -0.382683 -0.92388 0 
vn 0.382683 -0.92388 0 
vn 1.83697e-16 -1 0 
vn 0.707107 -0.707107 0 
vn 0.382683 -0.92388 0 
vn 0.92388 -0.382683 0 
vn 0.707107 -0.707107 0 
vn 1 1.22465e-16 0 
vn 0.92388 -0.382683 0 
vn 0.92388 0.382683 0 
vn 1 1.22465e-16 0 
vn 0.707107 0.707107 0 
vn 0.92388 0.382683 0 
vn 0.382683 0.92388 0 
vn 0.707107 0.707107 0 
vn -6.12323e-17 1 0 
vn 0.382683 0.92388 0 
vn -0.382683 0.92388 0 
vn -6.12323e-17 1 0 
vn -0.707107 0.707107 0 
vn -0.382683 0.92388 0 
vn -0.92388 0.382683 0 
vn -0.707107 0.707107 0 
vn -0.92388 0.382683 0 
f 4611//4611 4612//4612 4613//4613 
f 4614//4614 4611//4611 4615//4615 
f 4616//4616 4614//4614 4617//4617 
f 4618//4618 4616//4616 4619//4619 
f 4620//4620 4618//4618 4621//4621 
f 4622//4622 4620//4620 4623//4623 
f 4624//4624 4622//4622 4625//4625 
f 4626//4626 4624//4624 4627//4627 
f 4628//4628 4626//4626 4629//4629 
f 4630//4630 4628//4628 4631//4631 
f 4632//4632 4630//4630 4633//4633 
f 4634//4634 4632//4632 4635//4635 
f 4636//4636 4634//4634 4637//4637 
f 4638//4638 4636//4636 4639//4639 
f 4640//4640 4638//4638 4641//4641 
f 4612//4612 4640//4640 4642//4642 
f 4642//4642 4613//4613 4612//4612 
f 4641//4641 4642//4642 4640//4640 
f 4639//4639 4641//4641 4638//4638 
f 4637//4637 4639//4639 4636//4636 
f 4635//4635 4637//4637 4634//4634 
f 4633//4633 4635//4635 4632//4632 
f 4631//4631 4633//4633 4630//4630 
f 4629//4629 4631//4631 4628//4628 
f 4627//4627 4629//4629 4626//4626 
f 4625//4625 4627//4627 4624//4624 
f 4623//4623 4625//4625 4622//4622 
f 4621//4621 4623//4623 4620//4620 
f 4619//4619 4621//4621 4618//4618 
f 4617//4617 4619//4619 4616//4616 
f 4615//4615 4617//4617 4614//4614 
f 4613//4613 4615//4615 4611//4611 
o mesh52
v -0.0383832 -0.0393303 -0.007 
v -0.03825 -0.04 -0.007 
v -0.03825 -0.04 0 
v -0.0387626 -0.0387626 -0.007 
v -0.0383832 -0.0393303 0 
v -0.0393303 -0.0383832 -0.007 
v -0.0387626 -0.0387626 0 
v -0.04 -0.03825 -0.007 
v -0.0393303 -0.0383832 0 
v -0.0406697 -0.0383832 -0.007 
v -0.04 -0.03825 0 
v -0.0412374 -0.0387626 -0.007 
v -0.0406697 -0.0383832 0 
v -0.0416168 -0.0393303 -0.007 
v -0.0412374 -0.0387626 0 
v -0.04175 -0.04 -0.007 
v -0.0416168 -0.0393303 0 
v -0.0416168 -0.0406697 -0.007 
v -0.04175 -0.04 0 
v -0.0412374 -0.0412374 -0.007 
v -0.0416168 -0.0406697 0 
v -0.0406697 -0.0416168 -0.007 
v -0.0412374 -0.0412374 0 
v -0.04 -0.04175 -0.007 
v -0.0406697 -0.0416168 0 
v -0.0393303 -0.0416168 -0.007 
v -0.04 -0.04175 0 
v -0.0387626 -0.0412374 -0.007 
v -0.0393303 -0.0416168 0 
v -0.0383832 -0.0406697 -0.007 
v -0.0387626 -0.0412374 0 
v -0.0383832 -0.0406697 0 
vn -0.92388 -0.382683 0 
vn -1 0 0 
vn -1 0 0 
vn -0.707107 -0.707107 0 
vn -0.92388 -0.382683 0 
vn -0.382683 -0.92388 0 
vn -0.707107 -0.707107 0 
vn 1.83697e-16 -1 0 
vn -0.382683 -0.92388 0 
vn 0.382683 -0.92388 0 
vn 1.83697e-16 -1 0 
vn 0.707107 -0.707107 0 
vn 0.382683 -0.92388 0 
vn 0.92388 -0.382683 0 
vn 0.707107 -0.707107 0 
vn 1 1.22465e-16 0 
vn 0.92388 -0.382683 0 
vn 0.92388 0.382683 0 
vn 1 1.22465e-16 0 
vn 0.707107 0.707107 0 
vn 0.92388 0.382683 0 
vn 0.382683 0.92388 0 
vn 0.707107 0.707107 0 
vn -6.12323e-17 1 0 
vn 0.382683 0.92388 0 
vn -0.382683 0.92388 0 
vn -6.12323e-17 1 0 
vn -0.707107 0.707107 0 
vn -0.382683 0.92388 0 
vn -0.92388 0.382683 0 
vn -0.707107 0.707107 0 
vn -0.92388 0.382683 0 
f 4643//4643 4644//4644 4645//4645 
f 4646//4646 4643//4643 4647//4647 
f 4648//4648 4646//4646 4649//4649 
f 4650//4650 4648//4648 4651//4651 
f 4652//4652 4650//4650 4653//4653 
f 4654//4654 4652//4652 4655//4655 
f 4656//4656 4654//4654 4657//4657 
f 4658//4658 4656//4656 4659//4659 
f 4660//4660 4658//4658 4661//4661 
f 4662//4662 4660//4660 4663//4663 
f 4664//4664 4662//4662 4665//4665 
f 4666//4666 4664//4664 4667//4667 
f 4668//4668 4666//4666 4669//4669 
f 4670//4670 4668//4668 4671//4671 
f 4672//4672 4670//4670 4673//4673 
f 4644//4644 4672//4672 4674//4674 
f 4674//4674 4645//4645 4644//4644 
f 4673//4673 4674//4674 4672//4672 
f 4671//4671 4673//4673 4670//4670 
f 4669//4669 4671//4671 4668//4668 
f 4667//4667 4669//4669 4666//4666 
f 4665//4665 4667//4667 4664//4664 
f 4663//4663 4665//4665 4662//4662 
f 4661//4661 4663//4663 4660//4660 
f 4659//4659 4661//4661 4658//4658 
f 4657//4657 4659//4659 4656//4656 
f 4655//4655 4657//4657 4654//4654 
f 4653//4653 4655//4655 4652//4652 
f 4651//4651 4653//4653 4650//4650 
f 4649//4649 4651//4651 4648//4648 
f 4647//4647 4649//4649 4646//4646 
f 4645//4645 4647//4647 4643//4643 
o mesh53
v -0.0983832 -0.0193303 -0.007 
v -0.09825 -0.02 -0.007 
v -0.09825 -0.02 0 
v -0.0987626 -0.0187626 -0.007 
v -0.0983832 -0.0193303 0 
v -0.0993303 -0.0183832 -0.007 
v -0.0987626 -0.0187626 0 
v -0.1 -0.01825 -0.007 
v -0.0993303 -0.0183832 0 
v -0.10067 -0.0183832 -0.007 
v -0.1 -0.01825 0 
v -0.101237 -0.0187626 -0.007 
v -0.10067 -0.0183832 0 
v -0.101617 -0.0193303 -0.007 
v -0.101237 -0.0187626 0 
v -0.10175 -0.02 -0.007 
v -0.101617 -0.0193303 0 
v -0.101617 -0.0206697 -0.007 
v -0.10175 -0.02 0 
v -0.101237 -0.0212374 -0.007 
v -0.101617 -0.0206697 0 
v -0.10067 -0.0216168 -0.007 
v -0.101237 -0.0212374 0 
v -0.1 -0.02175 -0.007 
v -0.10067 -0.0216168 0 
v -0.0993303 -0.0216168 -0.007 
v -0.1 -0.02175 0 
v -0.0987626 -0.0212374 -0.007 
v -0.0993303 -0.0216168 0 
v -0.0983832 -0.0206697 -0.007 
v -0.0987626 -0.0212374 0 
v -0.0983832 -0.0206697 0 
vn -0.92388 -0.382683 0 
vn -1 0 0 
vn -1 0 0 
vn -0.707107 -0.707107 0 
vn -0.92388 -0.382683 0 
vn -0.382683 -0.92388 0 
vn -0.707107 -0.707107 0 
vn 1.83697e-16 -1 0 
vn -0.382683 -0.92388 0 
vn 0.382683 -0.92388 0 
vn 1.83697e-16 -1 0 
vn 0.707107 -0.707107 0 
vn 0.382683 -0.92388 0 
vn 0.92388 -0.382683 0 
vn 0.707107 -0.707107 0 
vn 1 1.22465e-16 0 
vn 0.92388 -0.382683 0 
vn 0.92388 0.382683 0 
vn 1 1.22465e-16 0 
vn 0.707107 0.707107 0 
vn 0.92388 0.382683 0 
vn 0.382683 0.92388 0 
vn 0.707107 0.707107 0 
vn -6.12323e-17 1 0 
vn 0.382683 0.92388 0 
vn -0.382683 0.92388 0 
vn -6.12323e-17 1 0 
vn -0.707107 0.707107 0 
vn -0.382683 0.92388 0 
vn -0.92388 0.382683 0 
vn -0.707107 0.707107 0 
vn -0.92388 0.382683 0 
f 4675//4675 4676//4676 4677//4677 
f 4678//4678 4675//4675 4679//4679 
f 4680//4680 4678//4678 4681//4681 
f 4682//4682 4680//4680 4683//4683 
f 4684//4684 4682//4682 4685//4685 
f 4686//4686 4684//4684 4687//4687 
f 4688//4688 4686//4686 4689//4689 
f 4690//4690 4688//4688 4691//4691 
f 4692//4692 4690//4690 4693//4693 
f 4694//4694 4692//4692 4695//4695 
f 4696//4696 4694//4694 4697//4697 
f 4698//4698 4696//4696 4699//4699 
f 4700//4700 4698//4698 4701//4701 
f 4702//4702 4700//4700 4703//4703 
f 4704//4704 4702//4702 4705//4705 
f 4676//4676 4704//4704 4706//4706 
f 4706//4706 4677//4677 4676//4676 
f 4705//4705 4706//4706 4704//4704 
f 4703//4703 4705//4705 4702//4702 
f 4701//4701 4703//4703 4700//4700 
f 4699//4699 4701//4701 4698//4698 
f 4697//4697 4699//4699 4696//4696 
f 4695//4695 4697//4697 4694//4694 
f 4693//4693 4695//4695 4692//4692 
f 4691//4691 4693//4693 4690//4690 
f 4689//4689 4691//4691 4688//4688 
f 4687//4687 4689//4689 4686//4686 
f 4685//4685 4687//4687 4684//4684 
f 4683//4683 4685//4685 4682//4682 
f 4681//4681 4683//4683 4680//4680 
f 4679//4679 4681//4681 4678//4678 
f 4677//4677 4679//4679 4675//4675 
o mesh54
v 0.00161679 0.000669696 -0.007 
v 0.00175 4.28626e-19 -0.007 
v 0.00175 0 0 
v 0.00123744 0.00123744 -0.007 
v 0.00161679 0.000669696 0 
v 0.000669696 0.00161679 -0.007 
v 0.00123744 0.00123744 0 
v -3.2147e-19 0.00175 -0.007 
v 0.000669696 0.00161679 0 
v -0.000669696 0.00161679 -0.007 
v -3.2147e-19 0.00175 0 
v -0.00123744 0.00123744 -0.007 
v -0.000669696 0.00161679 0 
v -0.00161679 0.000669696 -0.007 
v -0.00123744 0.00123744 0 
v -0.00175 -2.14313e-19 -0.007 
v -0.00161679 0.000669696 0 
v -0.00161679 -0.000669696 -0.007 
v -0.00175 -2.14313e-19 0 
v -0.00123744 -0.00123744 -0.007 
v -0.00161679 -0.000669696 0 
v -0.000669696 -0.00161679 -0.007 
v -0.00123744 -0.00123744 0 
v 1.07157e-19 -0.00175 -0.007 
v -0.000669696 -0.00161679 0 
v 0.000669696 -0.00161679 -0.007 
v 1.07157e-19 -0.00175 0 
v 0.00123744 -0.00123744 -0.007 
v 0.000669696 -0.00161679 0 
v 0.00161679 -0.000669696 -0.007 
v 0.00123744 -0.00123744 0 
v 0.00161679 -0.000669696 0 
vn -0.92388 -0.382683 0 
vn -1 0 0 
vn -1 0 0 
vn -0.707107 -0.707107 0 
vn -0.92388 -0.382683 0 
vn -0.382683 -0.92388 0 
vn -0.707107 -0.707107 0 
vn 1.83697e-16 -1 0 
vn -0.382683 -0.92388 0 
vn 0.382683 -0.92388 0 
vn 1.83697e-16 -1 0 
vn 0.707107 -0.707107 0 
vn 0.382683 -0.92388 0 
vn 0.92388 -0.382683 0 
vn 0.707107 -0.707107 0 
vn 1 1.22465e-16 0 
vn 0.92388 -0.382683 0 
vn 0.92388 0.382683 0 
vn 1 1.22465e-16 0 
vn 0.707107 0.707107 0 
vn 0.92388 0.382683 0 
vn 0.382683 0.92388 0 
vn 0.707107 0.707107 0 
vn -6.12323e-17 1 0 
vn 0.382683 0.92388 0 
vn -0.382683 0.92388 0 
vn -6.12323e-17 1 0 
vn -0.707107 0.707107 0 
vn -0.382683 0.92388 0 
vn -0.92388 0.382683 0 
vn -0.707107 0.707107 0 
vn -0.92388 0.382683 0 
f 4707//4707 4708//4708 4709//4709 
f 4710//4710 4707//4707 4711//4711 
f 4712//4712 4710//4710 4713//4713 
f 4714//4714 4712//4712 4715//4715 
f 4716//4716 4714//4714 4717//4717 
f 4718//4718 4716//4716 4719//4719 
f 4720//4720 4718//4718 4721//4721 
f 4722//4722 4720//4720 4723//4723 
f 4724//4724 4722//4722 4725//4725 
f 4726//4726 4724//4724 4727//4727 
f 4728//4728 4726//4726 4729//4729 
f 4730//4730 4728//4728 4731//4731 
f 4732//4732 4730//4730 4733//4733 
f 4734//4734 4732//4732 4735//4735 
f 4736//4736 4734//4734 4737//4737 
f 4708//4708 4736//4736 4738//4738 
f 4738//4738 4709//4709 4708//4708 
f 4737//4737 4738//4738 4736//4736 
f 4735//4735 4737//4737 4734//4734 
f 4733//4733 4735//4735 4732//4732 
f 4731//4731 4733//4733 4730//4730 
f 4729//4729 4731//4731 4728//4728 
f 4727//4727 4729//4729 4726//4726 
f 4725//4725 4727//4727 4724//4724 
f 4723//4723 4725//4725 4722//4722 
f 4721//4721 4723//4723 4720//4720 
f 4719//4719 4721//4721 4718//4718 
f 4717//4717 4719//4719 4716//4716 
f 4715//4715 4717//4717 4714//4714 
f 4713//4713 4715//4715 4712//4712 
f 4711//4711 4713//4713 4710//4710 
f 4709//4709 4711//4711 4707//4707 
o mesh55
v 0.0616168 -0.0593303 -0.007 
v 0.06175 -0.06 -0.007 
v 0.06175 -0.06 0 
v 0.0612374 -0.0587626 -0.007 
v 0.061391 -0.0589924 -0.007 
v 0.061391 -0.0589924 0 
v 0.0616168 -0.0593303 0 
v 0.0606697 -0.0583832 -0.007 
v 0.0612374 -0.0587626 0 
v 0.06 -0.05825 -0.007 
v 0.0606697 -0.0583832 0 
v 0.0593303 -0.0583832 -0.007 
v 0.06 -0.05825 0 
v 0.0587626 -0.0587626 -0.007 
v 0.0593303 -0.0583832 0 
v 0.0583832 -0.0593303 -0.007 
v 0.0587626 -0.0587626 0 
v 0.05825 -0.06 -0.007 
v 0.0583832 -0.0593303 0 
v 0.0583832 -0.0606697 -0.007 
v 0.05825 -0.06 0 
v 0.0587626 -0.0612374 -0.007 
v 0.0583832 -0.0606697 0 
v 0.0593303 -0.0616168 -0.007 
v 0.0587626 -0.0612374 0 
v 0.06 -0.06175 -0.007 
v 0.0593303 -0.0616168 0 
v 0.0606697 -0.0616168 -0.007 
v 0.06 -0.06175 0 
v 0.0612374 -0.0612374 -0.007 
v 0.0606697 -0.0616168 0 
v 0.0616168 -0.0606697 -0.007 
v 0.061391 -0.0610076 -0.007 
v 0.061391 -0.0610076 0 
v 0.0612374 -0.0612374 0 
v 0.0616168 -0.0606697 0 
vn -0.92388 -0.382683 0 
vn -1 0 0 
vn -1 0 0 
vn -0.707107 -0.707107 0 
vn -0.809859 -0.586625 0 
vn -0.809859 -0.586625 0 
vn -0.92388 -0.382683 0 
vn -0.382683 -0.92388 0 
vn -0.707107 -0.707107 0 
vn 1.83697e-16 -1 0 
vn -0.382683 -0.92388 0 
vn 0.382683 -0.92388 0 
vn 1.83697e-16 -1 0 
vn 0.707107 -0.707107 0 
vn 0.382683 -0.92388 0 
vn 0.92388 -0.382683 0 
vn 0.707107 -0.707107 0 
vn 1 1.22465e-16 0 
vn 0.92388 -0.382683 0 
vn 0.92388 0.382683 0 
vn 1 1.22465e-16 0 
vn 0.707107 0.707107 0 
vn 0.92388 0.382683 0 
vn 0.382683 0.92388 0 
vn 0.707107 0.707107 0 
vn -6.12323e-17 1 0 
vn 0.382683 0.92388 0 
vn -0.382683 0.92388 0 
vn -6.12323e-17 1 0 
vn -0.707107 0.707107 0 
vn -0.382683 0.92388 0 
vn -0.92388 0.382683 0 
vn -0.809859 0.586625 0 
vn -0.809859 0.586625 0 
vn -0.707107 0.707107 0 
vn -0.92388 0.382683 0 
f 4739//4739 4740//4740 4741//4741 
f 4742//4742 4743//4743 4744//4744 
f 4745//4745 4744//4744 4743//4743 
f 4743//4743 4739//4739 4745//4745 
f 4746//4746 4742//4742 4747//4747 
f 4748//4748 4746//4746 4749//4749 
f 4750//4750 4748//4748 4751//4751 
f 4752//4752 4750//4750 4753//4753 
f 4754//4754 4752//4752 4755//4755 
f 4756//4756 4754//4754 4757//4757 
f 4758//4758 4756//4756 4759//4759 
f 4760//4760 4758//4758 4761//4761 
f 4762//4762 4760//4760 4763//4763 
f 4764//4764 4762//4762 4765//4765 
f 4766//4766 4764//4764 4767//4767 
f 4768//4768 4766//4766 4769//4769 
f 4770//4770 4771//4771 4772//4772 
f 4773//4773 4772//4772 4771//4771 
f 4771//4771 4768//4768 4773//4773 
f 4740//4740 4770//4770 4774//4774 
f 4774//4774 4741//4741 4740//4740 
f 4772//4772 4774//4774 4770//4770 
f 4769//4769 4773//4773 4768//4768 
f 4767//4767 4769//4769 4766//4766 
f 4765//4765 4767//4767 4764//4764 
f 4763//4763 4765//4765 4762//4762 
f 4761//4761 4763//4763 4760//4760 
f 4759//4759 4761//4761 4758//4758 
f 4757//4757 4759//4759 4756//4756 
f 4755//4755 4757//4757 4754//4754 
f 4753//4753 4755//4755 4752//4752 
f 4751//4751 4753//4753 4750//4750 
f 4749//4749 4751//4751 4748//4748 
f 4747//4747 4749//4749 4746//4746 
f 4744//4744 4747//4747 4742//4742 
f 4741//4741 4745//4745 4739//4739 
o mesh56
v 0.0416168 -0.0393303 -0.007 
v 0.04175 -0.04 -0.007 
v 0.04175 -0.04 0 
v 0.0412374 -0.0387626 -0.007 
v 0.0416168 -0.0393303 0 
v 0.0406697 -0.0383832 -0.007 
v 0.0412374 -0.0387626 0 
v 0.04 -0.03825 -0.007 
v 0.0406697 -0.0383832 0 
v 0.0393303 -0.0383832 -0.007 
v 0.039375 -0.0383743 -0.007 
v 0.039375 -0.0383743 0 
v 0.04 -0.03825 0 
v 0.0387626 -0.0387626 -0.007 
v 0.0393303 -0.0383832 0 
v 0.0383832 -0.0393303 -0.007 
v 0.0387626 -0.0387626 0 
v 0.03825 -0.04 -0.007 
v 0.0383832 -0.0393303 0 
v 0.0383832 -0.0406697 -0.007 
v 0.03825 -0.04 0 
v 0.0387626 -0.0412374 -0.007 
v 0.0383832 -0.0406697 0 
v 0.0393303 -0.0416168 -0.007 
v 0.0387626 -0.0412374 0 
v 0.04 -0.04175 -0.007 
v 0.039375 -0.0416257 -0.007 
v 0.039375 -0.0416257 0 
v 0.0393303 -0.0416168 0 
v 0.0406697 -0.0416168 -0.007 
v 0.04 -0.04175 0 
v 0.0412374 -0.0412374 -0.007 
v 0.0406697 -0.0416168 0 
v 0.0416168 -0.0406697 -0.007 
v 0.0412374 -0.0412374 0 
v 0.0416168 -0.0406697 0 
vn -0.92388 -0.382683 0 
vn -1 0 0 
vn -1 0 0 
vn -0.707107 -0.707107 0 
vn -0.92388 -0.382683 0 
vn -0.382683 -0.92388 0 
vn -0.707107 -0.707107 0 
vn 1.83697e-16 -1 0 
vn -0.382683 -0.92388 0 
vn 0.382683 -0.92388 0 
vn 0.358848 -0.933396 0 
vn 0.358848 -0.933396 0 
vn 1.83697e-16 -1 0 
vn 0.707107 -0.707107 0 
vn 0.382683 -0.92388 0 
vn 0.92388 -0.382683 0 
vn 0.707107 -0.707107 0 
vn 1 1.22465e-16 0 
vn 0.92388 -0.382683 0 
vn 0.92388 0.382683 0 
vn 1 1.22465e-16 0 
vn 0.707107 0.707107 0 
vn 0.92388 0.382683 0 
vn 0.382683 0.92388 0 
vn 0.707107 0.707107 0 
vn -6.12323e-17 1 0 
vn 0.358848 0.933396 0 
vn 0.358848 0.933396 0 
vn 0.382683 0.92388 0 
vn -0.382683 0.92388 0 
vn -6.12323e-17 1 0 
vn -0.707107 0.707107 0 
vn -0.382683 0.92388 0 
vn -0.92388 0.382683 0 
vn -0.707107 0.707107 0 
vn -0.92388 0.382683 0 
f 4775//4775 4776//4776 4777//4777 
f 4778//4778 4775//4775 4779//4779 
f 4780//4780 4778//4778 4781//4781 
f 4782//4782 4780//4780 4783//4783 
f 4784//4784 4785//4785 4786//4786 
f 4787//4787 4786//4786 4785//4785 
f 4785//4785 4782//4782 4787//4787 
f 4788//4788 4784//4784 4789//4789 
f 4790//4790 4788//4788 4791//4791 
f 4792//4792 4790//4790 4793//4793 
f 4794//4794 4792//4792 4795//4795 
f 4796//4796 4794//4794 4797//4797 
f 4798//4798 4796//4796 4799//4799 
f 4800//4800 4801//4801 4802//4802 
f 4803//4803 4802//4802 4801//4801 
f 4801//4801 4798//4798 4803//4803 
f 4804//4804 4800//4800 4805//4805 
f 4806//4806 4804//4804 4807//4807 
f 4808//4808 4806//4806 4809//4809 
f 4776//4776 4808//4808 4810//4810 
f 4810//4810 4777//4777 4776//4776 
f 4809//4809 4810//4810 4808//4808 
f 4807//4807 4809//4809 4806//4806 
f 4805//4805 4807//4807 4804//4804 
f 4802//4802 4805//4805 4800//4800 
f 4799//4799 4803//4803 4798//4798 
f 4797//4797 4799//4799 4796//4796 
f 4795//4795 4797//4797 4794//4794 
f 4793//4793 4795//4795 4792//4792 
f 4791//4791 4793//4793 4790//4790 
f 4789//4789 4791//4791 4788//4788 
f 4786//4786 4789//4789 4784//4784 
f 4783//4783 4787//4787 4782//4782 
f 4781//4781 4783//4783 4780//4780 
f 4779//4779 4781//4781 4778//4778 
f 4777//4777 4779//4779 4775//4775 
o mesh57
v 0.0216168 -0.0393303 -0.007 
v 0.02175 -0.04 -0.007 
v 0.02175 -0.04 0 
v 0.0212374 -0.0387626 -0.007 
v 0.0216168 -0.0393303 0 
v 0.0206697 -0.0383832 -0.007 
v 0.0212374 -0.0387626 0 
v 0.02 -0.03825 -0.007 
v 0.0206697 -0.0383832 0 
v 0.0193303 -0.0383832 -0.007 
v 0.02 -0.03825 0 
v 0.0187626 -0.0387626 -0.007 
v 0.0193303 -0.0383832 0 
v 0.0183832 -0.0393303 -0.007 
v 0.0187626 -0.0387626 0 
v 0.01825 -0.04 -0.007 
v 0.0183832 -0.0393303 0 
v 0.0183832 -0.0406697 -0.007 
v 0.01825 -0.04 0 
v 0.0187626 -0.0412374 -0.007 
v 0.0183832 -0.0406697 0 
v 0.0193303 -0.0416168 -0.007 
v 0.0187626 -0.0412374 0 
v 0.02 -0.04175 -0.007 
v 0.0193303 -0.0416168 0 
v 0.0206697 -0.0416168 -0.007 
v 0.02 -0.04175 0 
v 0.0212374 -0.0412374 -0.007 
v 0.0206697 -0.0416168 0 
v 0.0216168 -0.0406697 -0.007 
v 0.0212374 -0.0412374 0 
v 0.0216168 -0.0406697 0 
vn -0.92388 -0.382683 0 
vn -1 0 0 
vn -1 0 0 
vn -0.707107 -0.707107 0 
vn -0.92388 -0.382683 0 
vn -0.382683 -0.92388 0 
vn -0.707107 -0.707107 0 
vn 1.83697e-16 -1 0 
vn -0.382683 -0.92388 0 
vn 0.382683 -0.92388 0 
vn 1.83697e-16 -1 0 
vn 0.707107 -0.707107 0 
vn 0.382683 -0.92388 0 
vn 0.92388 -0.382683 0 
vn 0.707107 -0.707107 0 
vn 1 1.22465e-16 0 
vn 0.92388 -0.382683 0 
vn 0.92388 0.382683 0 
vn 1 1.22465e-16 0 
vn 0.707107 0.707107 0 
vn 0.92388 0.382683 0 
vn 0.382683 0.92388 0 
vn 0.707107 0.707107 0 
vn -6.12323e-17 1 0 
vn 0.382683 0.92388 0 
vn -0.382683 0.92388 0 
vn -6.12323e-17 1 0 
vn -0.707107 0.707107 0 
vn -0.382683 0.92388 0 
vn -0.92388 0.382683 0 
vn -0.707107 0.707107 0 
vn -0.92388 0.382683 0 
f 4811//4811 4812//4812 4813//4813 
f 4814//4814 4811//4811 4815//4815 
f 4816//4816 4814//4814 4817//4817 
f 4818//4818 4816//4816 4819//4819 
f 4820//4820 4818//4818 4821//4821 
f 4822//4822 4820//4820 4823//4823 
f 4824//4824 4822//4822 4825//4825 
f 4826//4826 4824//4824 4827//4827 
f 4828//4828 4826//4826 4829//4829 
f 4830//4830 4828//4828 4831//4831 
f 4832//4832 4830//4830 4833//4833 
f 4834//4834 4832//4832 4835//4835 
f 4836//4836 4834//4834 4837//4837 
f 4838//4838 4836//4836 4839//4839 
f 4840//4840 4838//4838 4841//4841 
f 4812//4812 4840//4840 4842//4842 
f 4842//4842 4813//4813 4812//4812 
f 4841//4841 4842//4842 4840//4840 
f 4839//4839 4841//4841 4838//4838 
f 4837//4837 4839//4839 4836//4836 
f 4835//4835 4837//4837 4834//4834 
f 4833//4833 4835//4835 4832//4832 
f 4831//4831 4833//4833 4830//4830 
f 4829//4829 4831//4831 4828//4828 
f 4827//4827 4829//4829 4826//4826 
f 4825//4825 4827//4827 4824//4824 
f 4823//4823 4825//4825 4822//4822 
f 4821//4821 4823//4823 4820//4820 
f 4819//4819 4821//4821 4818//4818 
f 4817//4817 4819//4819 4816//4816 
f 4815//4815 4817//4817 4814//4814 
f 4813//4813 4815//4815 4811//4811 
o mesh58
v 0.00161679 -0.0593303 -0.007 
v 0.00175 -0.06 -0.007 
v 0.00175 -0.06 0 
v 0.00123744 -0.0587626 -0.007 
v 0.00161679 -0.0593303 0 
v 0.000669696 -0.0583832 -0.007 
v 0.00123744 -0.0587626 0 
v -3.2147e-19 -0.05825 -0.007 
v 0.000669696 -0.0583832 0 
v -0.000669696 -0.0583832 -0.007 
v -3.2147e-19 -0.05825 0 
v -0.00123744 -0.0587626 -0.007 
v -0.000669696 -0.0583832 0 
v -0.00161679 -0.0593303 -0.007 
v -0.00123744 -0.0587626 0 
v -0.00175 -0.06 -0.007 
v -0.00161679 -0.0593303 0 
v -0.00161679 -0.0606697 -0.007 
v -0.00175 -0.06 0 
v -0.00123744 -0.0612374 -0.007 
v -0.00161679 -0.0606697 0 
v -0.000669696 -0.0616168 -0.007 
v -0.00123744 -0.0612374 0 
v 1.07157e-19 -0.06175 -0.007 
v -0.000669696 -0.0616168 0 
v 0.000669696 -0.0616168 -0.007 
v 1.07157e-19 -0.06175 0 
v 0.00123744 -0.0612374 -0.007 
v 0.000669696 -0.0616168 0 
v 0.00161679 -0.0606697 -0.007 
v 0.00123744 -0.0612374 0 
v 0.00161679 -0.0606697 0 
vn -0.92388 -0.382683 0 
vn -1 0 0 
vn -1 0 0 
vn -0.707107 -0.707107 0 
vn -0.92388 -0.382683 0 
vn -0.382683 -0.92388 0 
vn -0.707107 -0.707107 0 
vn 1.83697e-16 -1 0 
vn -0.382683 -0.92388 0 
vn 0.382683 -0.92388 0 
vn 1.83697e-16 -1 0 
vn 0.707107 -0.707107 0 
vn 0.382683 -0.92388 0 
vn 0.92388 -0.382683 0 
vn 0.707107 -0.707107 0 
vn 1 1.22465e-16 0 
vn 0.92388 -0.382683 0 
vn 0.92388 0.382683 0 
vn 1 1.22465e-16 0 
vn 0.707107 0.707107 0 
vn 0.92388 0.382683 0 
vn 0.382683 0.92388 0 
vn 0.707107 0.707107 0 
vn -6.12323e-17 1 0 
vn 0.382683 0.92388 0 
vn -0.382683 0.92388 0 
vn -6.12323e-17 1 0 
vn -0.707107 0.707107 0 
vn -0.382683 0.92388 0 
vn -0.92388 0.382683 0 
vn -0.707107 0.707107 0 
vn -0.92388 0.382683 0 
f 4843//4843 4844//4844 4845//4845 
f 4846//4846 4843//4843 4847//4847 
f 4848//4848 4846//4846 4849//4849 
f 4850//4850 4848//4848 4851//4851 
f 4852//4852 4850//4850 4853//4853 
f 4854//4854 4852//4852 4855//4855 
f 4856//4856 4854//4854 4857//4857 
f 4858//4858 4856//4856 4859//4859 
f 4860//4860 4858//4858 4861//4861 
f 4862//4862 4860//4860 4863//4863 
f 4864//4864 4862//4862 4865//4865 
f 4866//4866 4864//4864 4867//4867 
f 4868//4868 4866//4866 4869//4869 
f 4870//4870 4868//4868 4871//4871 
f 4872//4872 4870//4870 4873//4873 
f 4844//4844 4872//4872 4874//4874 
f 4874//4874 4845//4845 4844//4844 
f 4873//4873 4874//4874 4872//4872 
f 4871//4871 4873//4873 4870//4870 
f 4869//4869 4871//4871 4868//4868 
f 4867//4867 4869//4869 4866//4866 
f 4865//4865 4867//4867 4864//4864 
f 4863//4863 4865//4865 4862//4862 
f 4861//4861 4863//4863 4860//4860 
f 4859//4859 4861//4861 4858//4858 
f 4857//4857 4859//4859 4856//4856 
f 4855//4855 4857//4857 4854//4854 
f 4853//4853 4855//4855 4852//4852 
f 4851//4851 4853//4853 4850//4850 
f 4849//4849 4851//4851 4848//4848 
f 4847//4847 4849//4849 4846//4846 
f 4845//4845 4847//4847 4843//4843 
o mesh59
v 0.0216168 0.000669696 -0.007 
v 0.02175 4.28626e-19 -0.007 
v 0.02175 0 0 
v 0.0212374 0.00123744 -0.007 
v 0.0216168 0.000669696 0 
v 0.0206697 0.00161679 -0.007 
v 0.0212374 0.00123744 0 
v 0.02 0.00175 -0.007 
v 0.0206697 0.00161679 0 
v 0.0193303 0.00161679 -0.007 
v 0.02 0.00175 0 
v 0.0187626 0.00123744 -0.007 
v 0.0193303 0.00161679 0 
v 0.0183832 0.000669696 -0.007 
v 0.0187626 0.00123744 0 
v 0.01825 -2.14313e-19 -0.007 
v 0.0183832 0.000669696 0 
v 0.0183832 -0.000669696 -0.007 
v 0.01825 -2.14313e-19 0 
v 0.0187626 -0.00123744 -0.007 
v 0.0183832 -0.000669696 0 
v 0.0193303 -0.00161679 -0.007 
v 0.0187626 -0.00123744 0 
v 0.02 -0.00175 -0.007 
v 0.0193303 -0.00161679 0 
v 0.0206697 -0.00161679 -0.007 
v 0.02 -0.00175 0 
v 0.0212374 -0.00123744 -0.007 
v 0.0206697 -0.00161679 0 
v 0.0216168 -0.000669696 -0.007 
v 0.0212374 -0.00123744 0 
v 0.0216168 -0.000669696 0 
vn -0.92388 -0.382683 0 
vn -1 0 0 
vn -1 0 0 
vn -0.707107 -0.707107 0 
vn -0.92388 -0.382683 0 
vn -0.382683 -0.92388 0 
vn -0.707107 -0.707107 0 
vn 1.83697e-16 -1 0 
vn -0.382683 -0.92388 0 
vn 0.382683 -0.92388 0 
vn 1.83697e-16 -1 0 
vn 0.707107 -0.707107 0 
vn 0.382683 -0.92388 0 
vn 0.92388 -0.382683 0 
vn 0.707107 -0.707107 0 
vn 1 1.22465e-16 0 
vn 0.92388 -0.382683 0 
vn 0.92388 0.382683 0 
vn 1 1.22465e-16 0 
vn 0.707107 0.707107 0 
vn 0.92388 0.382683 0 
vn 0.382683 0.92388 0 
vn 0.707107 0.707107 0 
vn -6.12323e-17 1 0 
vn 0.382683 0.92388 0 
vn -0.382683 0.92388 0 
vn -6.12323e-17 1 0 
vn -0.707107 0.707107 0 
vn -0.382683 0.92388 0 
vn -0.92388 0.382683 0 
vn -0.707107 0.707107 0 
vn -0.92388 0.382683 0 
f 4875//4875 4876//4876 4877//4877 
f 4878//4878 4875//4875 4879//4879 
f 4880//4880 4878//4878 4881//4881 
f 4882//4882 4880//4880 4883//4883 
f 4884//4884 4882//4882 4885//4885 
f 4886//4886 4884//4884 4887//4887 
f 4888//4888 4886//4886 4889//4889 
f 4890//4890 4888//4888 4891//4891 
f 4892//4892 4890//4890 4893//4893 
f 4894//4894 4892//4892 4895//4895 
f 4896//4896 4894//4894 4897//4897 
f 4898//4898 4896//4896 4899//4899 
f 4900//4900 4898//4898 4901//4901 
f 4902//4902 4900//4900 4903//4903 
f 4904//4904 4902//4902 4905//4905 
f 4876//4876 4904//4904 4906//4906 
f 4906//4906 4877//4877 4876//4876 
f 4905//4905 4906//4906 4904//4904 
f 4903//4903 4905//4905 4902//4902 
f 4901//4901 4903//4903 4900//4900 
f 4899//4899 4901//4901 4898//4898 
f 4897//4897 4899//4899 4896//4896 
f 4895//4895 4897//4897 4894//4894 
f 4893//4893 4895//4895 4892//4892 
f 4891//4891 4893//4893 4890//4890 
f 4889//4889 4891//4891 4888//4888 
f 4887//4887 4889//4889 4886//4886 
f 4885//4885 4887//4887 4884//4884 
f 4883//4883 4885//4885 4882//4882 
f 4881//4881 4883//4883 4880//4880 
f 4879//4879 4881//4881 4878//4878 
f 4877//4877 4879//4879 4875//4875 
o mesh60
v -0.0583832 -0.0393303 -0.007 
v -0.05825 -0.04 -0.007 
v -0.05825 -0.04 0 
v -0.0587626 -0.0387626 -0.007 
v -0.0583832 -0.0393303 0 
v -0.0593303 -0.0383832 -0.007 
v -0.0587626 -0.0387626 0 
v -0.06 -0.03825 -0.007 
v -0.0593303 -0.0383832 0 
v -0.0606697 -0.0383832 -0.007 
v -0.06 -0.03825 0 
v -0.0612374 -0.0387626 -0.007 
v -0.0606697 -0.0383832 0 
v -0.0616168 -0.0393303 -0.007 
v -0.0612374 -0.0387626 0 
v -0.06175 -0.04 -0.007 
v -0.0616168 -0.0393303 0 
v -0.0616168 -0.0406697 -0.007 
v -0.06175 -0.04 0 
v -0.0612374 -0.0412374 -0.007 
v -0.0616168 -0.0406697 0 
v -0.0606697 -0.0416168 -0.007 
v -0.0612374 -0.0412374 0 
v -0.06 -0.04175 -0.007 
v -0.0606697 -0.0416168 0 
v -0.0593303 -0.0416168 -0.007 
v -0.06 -0.04175 0 
v -0.0587626 -0.0412374 -0.007 
v -0.0593303 -0.0416168 0 
v -0.0583832 -0.0406697 -0.007 
v -0.0587626 -0.0412374 0 
v -0.0583832 -0.0406697 0 
vn -0.92388 -0.382683 0 
vn -1 0 0 
vn -1 0 0 
vn -0.707107 -0.707107 0 
vn -0.92388 -0.382683 0 
vn -0.382683 -0.92388 0 
vn -0.707107 -0.707107 0 
vn 1.83697e-16 -1 0 
vn -0.382683 -0.92388 0 
vn 0.382683 -0.92388 0 
vn 1.83697e-16 -1 0 
vn 0.707107 -0.707107 0 
vn 0.382683 -0.92388 0 
vn 0.92388 -0.382683 0 
vn 0.707107 -0.707107 0 
vn 1 1.22465e-16 0 
vn 0.92388 -0.382683 0 
vn 0.92388 0.382683 0 
vn 1 1.22465e-16 0 
vn 0.707107 0.707107 0 
vn 0.92388 0.382683 0 
vn 0.382683 0.92388 0 
vn 0.707107 0.707107 0 
vn -6.12323e-17 1 0 
vn 0.382683 0.92388 0 
vn -0.382683 0.92388 0 
vn -6.12323e-17 1 0 
vn -0.707107 0.707107 0 
vn -0.382683 0.92388 0 
vn -0.92388 0.382683 0 
vn -0.707107 0.707107 0 
vn -0.92388 0.382683 0 
f 4907//4907 4908//4908 4909//4909 
f 4910//4910 4907//4907 4911//4911 
f 4912//4912 4910//4910 4913//4913 
f 4914//4914 4912//4912 4915//4915 
f 4916//4916 4914//4914 4917//4917 
f 4918//4918 4916//4916 4919//4919 
f 4920//4920 4918//4918 4921//4921 
f 4922//4922 4920//4920 4923//4923 
f 4924//4924 4922//4922 4925//4925 
f 4926//4926 4924//4924 4927//4927 
f 4928//4928 4926//4926 4929//4929 
f 4930//4930 4928//4928 4931//4931 
f 4932//4932 4930//4930 4933//4933 
f 4934//4934 4932//4932 4935//4935 
f 4936//4936 4934//4934 4937//4937 
f 4908//4908 4936//4936 4938//4938 
f 4938//4938 4909//4909 4908//4908 
f 4937//4937 4938//4938 4936//4936 
f 4935//4935 4937//4937 4934//4934 
f 4933//4933 4935//4935 4932//4932 
f 4931//4931 4933//4933 4930//4930 
f 4929//4929 4931//4931 4928//4928 
f 4927//4927 4929//4929 4926//4926 
f 4925//4925 4927//4927 4924//4924 
f 4923//4923 4925//4925 4922//4922 
f 4921//4921 4923//4923 4920//4920 
f 4919//4919 4921//4921 4918//4918 
f 4917//4917 4919//4919 4916//4916 
f 4915//4915 4917//4917 4914//4914 
f 4913//4913 4915//4915 4912//4912 
f 4911//4911 4913//4913 4910//4910 
f 4909//4909 4911//4911 4907//4907 
o mesh61
v -0.0583832 0.000669696 -0.007 
v -0.05825 4.28626e-19 -0.007 
v -0.05825 0 0 
v -0.0587626 0.00123744 -0.007 
v -0.0583832 0.000669696 0 
v -0.0593303 0.00161679 -0.007 
v -0.0587626 0.00123744 0 
v -0.06 0.00175 -0.007 
v -0.0593303 0.00161679 0 
v -0.0606697 0.00161679 -0.007 
v -0.06 0.00175 0 
v -0.0612374 0.00123744 -0.007 
v -0.0606697 0.00161679 0 
v -0.0616168 0.000669696 -0.007 
v -0.0612374 0.00123744 0 
v -0.06175 -2.14313e-19 -0.007 
v -0.0616168 0.000669696 0 
v -0.0616168 -0.000669696 -0.007 
v -0.06175 -2.14313e-19 0 
v -0.0612374 -0.00123744 -0.007 
v -0.0616168 -0.000669696 0 
v -0.0606697 -0.00161679 -0.007 
v -0.0612374 -0.00123744 0 
v -0.06 -0.00175 -0.007 
v -0.0606697 -0.00161679 0 
v -0.0593303 -0.00161679 -0.007 
v -0.06 -0.00175 0 
v -0.0587626 -0.00123744 -0.007 
v -0.0593303 -0.00161679 0 
v -0.0583832 -0.000669696 -0.007 
v -0.0587626 -0.00123744 0 
v -0.0583832 -0.000669696 0 
vn -0.92388 -0.382683 0 
vn -1 0 0 
vn -1 0 0 
vn -0.707107 -0.707107 0 
vn -0.92388 -0.382683 0 
vn -0.382683 -0.92388 0 
vn -0.707107 -0.707107 0 
vn 1.83697e-16 -1 0 
vn -0.382683 -0.92388 0 
vn 0.382683 -0.92388 0 
vn 1.83697e-16 -1 0 
vn 0.707107 -0.707107 0 
vn 0.382683 -0.92388 0 
vn 0.92388 -0.382683 0 
vn 0.707107 -0.707107 0 
vn 1 1.22465e-16 0 
vn 0.92388 -0.382683 0 
vn 0.92388 0.382683 0 
vn 1 1.22465e-16 0 
vn 0.707107 0.707107 0 
vn 0.92388 0.382683 0 
vn 0.382683 0.92388 0 
vn 0.707107 0.707107 0 
vn -6.12323e-17 1 0 
vn 0.382683 0.92388 0 
vn -0.382683 0.92388 0 
vn -6.12323e-17 1 0 
vn -0.707107 0.707107 0 
vn -0.382683 0.92388 0 
vn -0.92388 0.382683 0 
vn -0.707107 0.707107 0 
vn -0.92388 0.382683 0 
f 4939//4939 4940//4940 4941//4941 
f 4942//4942 4939//4939 4943//4943 
f 4944//4944 4942//4942 4945//4945 
f 4946//4946 4944//4944 4947//4947 
f 4948//4948 4946//4946 4949//4949 
f 4950//4950 4948//4948 4951//4951 
f 4952//4952 4950//4950 4953//4953 
f 4954//4954 4952//4952 4955//4955 
f 4956//4956 4954//4954 4957//4957 
f 4958//4958 4956//4956 4959//4959 
f 4960//4960 4958//4958 4961//4961 
f 4962//4962 4960//4960 4963//4963 
f 4964//4964 4962//4962 4965//4965 
f 4966//4966 4964//4964 4967//4967 
f 4968//4968 4966//4966 4969//4969 
f 4940//4940 4968//4968 4970//4970 
f 4970//4970 4941//4941 4940//4940 
f 4969//4969 4970//4970 4968//4968 
f 4967//4967 4969//4969 4966//4966 
f 4965//4965 4967//4967 4964//4964 
f 4963//4963 4965//4965 4962//4962 
f 4961//4961 4963//4963 4960//4960 
f 4959//4959 4961//4961 4958//4958 
f 4957//4957 4959//4959 4956//4956 
f 4955//4955 4957//4957 4954//4954 
f 4953//4953 4955//4955 4952//4952 
f 4951//4951 4953//4953 4950//4950 
f 4949//4949 4951//4951 4948//4948 
f 4947//4947 4949//4949 4946//4946 
f 4945//4945 4947//4947 4944//4944 
f 4943//4943 4945//4945 4942//4942 
f 4941//4941 4943//4943 4939//4939 
o mesh62
v -0.0183832 -0.0393303 -0.007 
v -0.01825 -0.04 -0.007 
v -0.01825 -0.04 0 
v -0.0187626 -0.0387626 -0.007 
v -0.0183832 -0.0393303 0 
v -0.0193303 -0.0383832 -0.007 
v -0.0187626 -0.0387626 0 
v -0.02 -0.03825 -0.007 
v -0.0193303 -0.0383832 0 
v -0.0206697 -0.0383832 -0.007 
v -0.02 -0.03825 0 
v -0.0212374 -0.0387626 -0.007 
v -0.0206697 -0.0383832 0 
v -0.0216168 -0.0393303 -0.007 
v -0.0212374 -0.0387626 0 
v -0.02175 -0.04 -0.007 
v -0.0216168 -0.0393303 0 
v -0.0216168 -0.0406697 -0.007 
v -0.02175 -0.04 0 
v -0.0212374 -0.0412374 -0.007 
v -0.0216168 -0.0406697 0 
v -0.0206697 -0.0416168 -0.007 
v -0.0212374 -0.0412374 0 
v -0.02 -0.04175 -0.007 
v -0.0206697 -0.0416168 0 
v -0.0193303 -0.0416168 -0.007 
v -0.02 -0.04175 0 
v -0.0187626 -0.0412374 -0.007 
v -0.0193303 -0.0416168 0 
v -0.0183832 -0.0406697 -0.007 
v -0.0187626 -0.0412374 0 
v -0.0183832 -0.0406697 0 
vn -0.92388 -0.382683 0 
vn -1 0 0 
vn -1 0 0 
vn -0.707107 -0.707107 0 
vn -0.92388 -0.382683 0 
vn -0.382683 -0.92388 0 
vn -0.707107 -0.707107 0 
vn 1.83697e-16 -1 0 
vn -0.382683 -0.92388 0 
vn 0.382683 -0.92388 0 
vn 1.83697e-16 -1 0 
vn 0.707107 -0.707107 0 
vn 0.382683 -0.92388 0 
vn 0.92388 -0.382683 0 
vn 0.707107 -0.707107 0 
vn 1 1.22465e-16 0 
vn 0.92388 -0.382683 0 
vn 0.92388 0.382683 0 
vn 1 1.22465e-16 0 
vn 0.707107 0.707107 0 
vn 0.92388 0.382683 0 
vn 0.382683 0.92388 0 
vn 0.707107 0.707107 0 
vn -6.12323e-17 1 0 
vn 0.382683 0.92388 0 
vn -0.382683 0.92388 0 
vn -6.12323e-17 1 0 
vn -0.707107 0.707107 0 
vn -0.382683 0.92388 0 
vn -0.92388 0.382683 0 
vn -0.707107 0.707107 0 
vn -0.92388 0.382683 0 
f 4971//4971 4972//4972 4973//4973 
f 4974//4974 4971//4971 4975//4975 
f 4976//4976 4974//4974 4977//4977 
f 4978//4978 4976//4976 4979//4979 
f 4980//4980 4978//4978 4981//4981 
f 4982//4982 4980//4980 4983//4983 
f 4984//4984 4982//4982 4985//4985 
f 4986//4986 4984//4984 4987//4987 
f 4988//4988 4986//4986 4989//4989 
f 4990//4990 4988//4988 4991//4991 
f 4992//4992 4990//4990 4993//4993 
f 4994//4994 4992//4992 4995//4995 
f 4996//4996 4994//4994 4997//4997 
f 4998//4998 4996//4996 4999//4999 
f 5000//5000 4998//4998 5001//5001 
f 4972//4972 5000//5000 5002//5002 
f 5002//5002 4973//4973 4972//4972 
f 5001//5001 5002//5002 5000//5000 
f 4999//4999 5001//5001 4998//4998 
f 4997//4997 4999//4999 4996//4996 
f 4995//4995 4997//4997 4994//4994 
f 4993//4993 4995//4995 4992//4992 
f 4991//4991 4993//4993 4990//4990 
f 4989//4989 4991//4991 4988//4988 
f 4987//4987 4989//4989 4986//4986 
f 4985//4985 4987//4987 4984//4984 
f 4983//4983 4985//4985 4982//4982 
f 4981//4981 4983//4983 4980//4980 
f 4979//4979 4981//4981 4978//4978 
f 4977//4977 4979//4979 4976//4976 
f 4975//4975 4977//4977 4974//4974 
f 4973//4973 4975//4975 4971//4971 
o mesh63
v -0.0583832 -0.0593303 -0.007 
v -0.05825 -0.06 -0.007 
v -0.05825 -0.06 0 
v -0.0587626 -0.0587626 -0.007 
v -0.0583832 -0.0593303 0 
v -0.0593303 -0.0583832 -0.007 
v -0.0587626 -0.0587626 0 
v -0.06 -0.05825 -0.007 
v -0.0593303 -0.0583832 0 
v -0.0606697 -0.0583832 -0.007 
v -0.06 -0.05825 0 
v -0.0612374 -0.0587626 -0.007 
v -0.0606697 -0.0583832 0 
v -0.0616168 -0.0593303 -0.007 
v -0.0612374 -0.0587626 0 
v -0.06175 -0.06 -0.007 
v -0.0616168 -0.0593303 0 
v -0.0616168 -0.0606697 -0.007 
v -0.06175 -0.06 0 
v -0.0612374 -0.0612374 -0.007 
v -0.0616168 -0.0606697 0 
v -0.0606697 -0.0616168 -0.007 
v -0.0612374 -0.0612374 0 
v -0.06 -0.06175 -0.007 
v -0.0606697 -0.0616168 0 
v -0.0593303 -0.0616168 -0.007 
v -0.06 -0.06175 0 
v -0.0587626 -0.0612374 -0.007 
v -0.0593303 -0.0616168 0 
v -0.0583832 -0.0606697 -0.007 
v -0.0587626 -0.0612374 0 
v -0.0583832 -0.0606697 0 
vn -0.92388 -0.382683 0 
vn -1 0 0 
vn -1 0 0 
vn -0.707107 -0.707107 0 
vn -0.92388 -0.382683 0 
vn -0.382683 -0.92388 0 
vn -0.707107 -0.707107 0 
vn 1.83697e-16 -1 0 
vn -0.382683 -0.92388 0 
vn 0.382683 -0.92388 0 
vn 1.83697e-16 -1 0 
vn 0.707107 -0.707107 0 
vn 0.382683 -0.92388 0 
vn 0.92388 -0.382683 0 
vn 0.707107 -0.707107 0 
vn 1 1.22465e-16 0 
vn 0.92388 -0.382683 0 
vn 0.92388 0.382683 0 
vn 1 1.22465e-16 0 
vn 0.707107 0.707107 0 
vn 0.92388 0.382683 0 
vn 0.382683 0.92388 0 
vn 0.707107 0.707107 0 
vn -6.12323e-17 1 0 
vn 0.382683 0.92388 0 
vn -0.382683 0.92388 0 
vn -6.12323e-17 1 0 
vn -0.707107 0.707107 0 
vn -0.382683 0.92388 0 
vn -0.92388 0.382683 0 
vn -0.707107 0.707107 0 
vn -0.92388 0.382683 0 
f 5003//5003 5004//5004 5005//5005 
f 5006//5006 5003//5003 5007//5007 
f 5008//5008 5006//5006 5009//5009 
f 5010//5010 5008//5008 5011//5011 
f 5012//5012 5010//5010 5013//5013 
f 5014//5014 5012//5012 5015//5015 
f 5016//5016 5014//5014 5017//5017 
f 5018//5018 5016//5016 5019//5019 
f 5020//5020 5018//5018 5021//5021 
f 5022//5022 5020//5020 5023//5023 
f 5024//5024 5022//5022 5025//5025 
f 5026//5026 5024//5024 5027//5027 
f 5028//5028 5026//5026 5029//5029 
f 5030//5030 5028//5028 5031//5031 
f 5032//5032 5030//5030 5033//5033 
f 5004//5004 5032//5032 5034//5034 
f 5034//5034 5005//5005 5004//5004 
f 5033//5033 5034//5034 5032//5032 
f 5031//5031 5033//5033 5030//5030 
f 5029//5029 5031//5031 5028//5028 
f 5027//5027 5029//5029 5026//5026 
f 5025//5025 5027//5027 5024//5024 
f 5023//5023 5025//5025 5022//5022 
f 5021//5021 5023//5023 5020//5020 
f 5019//5019 5021//5021 5018//5018 
f 5017//5017 5019//5019 5016//5016 
f 5015//5015 5017//5017 5014//5014 
f 5013//5013 5015//5015 5012//5012 
f 5011//5011 5013//5013 5010//5010 
f 5009//5009 5011//5011 5008//5008 
f 5007//5007 5009//5009 5006//5006 
f 5005//5005 5007//5007 5003//5003 
o mesh64
v 0.101617 0.000669696 -0.007 
v 0.10175 4.28626e-19 -0.007 
v 0.10175 0 0 
v 0.101237 0.00123744 -0.007 
v 0.101617 0.000669696 0 
v 0.10067 0.00161679 -0.007 
v 0.101237 0.00123744 0 
v 0.1 0.00175 -0.007 
v 0.10067 0.00161679 0 
v 0.0993303 0.00161679 -0.007 
v 0.1 0.00175 0 
v 0.0987626 0.00123744 -0.007 
v 0.0993303 0.00161679 0 
v 0.0983832 0.000669696 -0.007 
v 0.0987626 0.00123744 0 
v 0.09825 -2.14313e-19 -0.007 
v 0.0983832 0.000669696 0 
v 0.0983832 -0.000669696 -0.007 
v 0.09825 -2.14313e-19 0 
v 0.0987626 -0.00123744 -0.007 
v 0.0983832 -0.000669696 0 
v 0.0993303 -0.00161679 -0.007 
v 0.0987626 -0.00123744 0 
v 0.1 -0.00175 -0.007 
v 0.0993303 -0.00161679 0 
v 0.10067 -0.00161679 -0.007 
v 0.1 -0.00175 0 
v 0.101237 -0.00123744 -0.007 
v 0.10067 -0.00161679 0 
v 0.101617 -0.000669696 -0.007 
v 0.101237 -0.00123744 0 
v 0.101617 -0.000669696 0 
vn -0.92388 -0.382683 0 
vn -1 0 0 
vn -1 0 0 
vn -0.707107 -0.707107 0 
vn -0.92388 -0.382683 0 
vn -0.382683 -0.92388 0 
vn -0.707107 -0.707107 0 
vn 1.83697e-16 -1 0 
vn -0.382683 -0.92388 0 
vn 0.382683 -0.92388 0 
vn 1.83697e-16 -1 0 
vn 0.707107 -0.707107 0 
vn 0.382683 -0.92388 0 
vn 0.92388 -0.382683 0 
vn 0.707107 -0.707107 0 
vn 1 1.22465e-16 0 
vn 0.92388 -0.382683 0 
vn 0.92388 0.382683 0 
vn 1 1.22465e-16 0 
vn 0.707107 0.707107 0 
vn 0.92388 0.382683 0 
vn 0.382683 0.92388 0 
vn 0.707107 0.707107 0 
vn -6.12323e-17 1 0 
vn 0.382683 0.92388 0 
vn -0.382683 0.92388 0 
vn -6.12323e-17 1 0 
vn -0.707107 0.707107 0 
vn -0.382683 0.92388 0 
vn -0.92388 0.382683 0 
vn -0.707107 0.707107 0 
vn -0.92388 0.382683 0 
f 5035//5035 5036//5036 5037//5037 
f 5038//5038 5035//5035 5039//5039 
f 5040//5040 5038//5038 5041//5041 
f 5042//5042 5040//5040 5043//5043 
f 5044//5044 5042//5042 5045//5045 
f 5046//5046 5044//5044 5047//5047 
f 5048//5048 5046//5046 5049//5049 
f 5050//5050 5048//5048 5051//5051 
f 5052//5052 5050//5050 5053//5053 
f 5054//5054 5052//5052 5055//5055 
f 5056//5056 5054//5054 5057//5057 
f 5058//5058 5056//5056 5059//5059 
f 5060//5060 5058//5058 5061//5061 
f 5062//5062 5060//5060 5063//5063 
f 5064//5064 5062//5062 5065//5065 
f 5036//5036 5064//5064 5066//5066 
f 5066//5066 5037//5037 5036//5036 
f 5065//5065 5066//5066 5064//5064 
f 5063//5063 5065//5065 5062//5062 
f 5061//5061 5063//5063 5060//5060 
f 5059//5059 5061//5061 5058//5058 
f 5057//5057 5059//5059 5056//5056 
f 5055//5055 5057//5057 5054//5054 
f 5053//5053 5055//5055 5052//5052 
f 5051//5051 5053//5053 5050//5050 
f 5049//5049 5051//5051 5048//5048 
f 5047//5047 5049//5049 5046//5046 
f 5045//5045 5047//5047 5044//5044 
f 5043//5043 5045//5045 5042//5042 
f 5041//5041 5043//5043 5040//5040 
f 5039//5039 5041//5041 5038//5038 
f 5037//5037 5039//5039 5035//5035 
o mesh65
v -0.0383832 -0.0593303 -0.007 
v -0.03825 -0.06 -0.007 
v -0.03825 -0.06 0 
v -0.0387626 -0.0587626 -0.007 
v -0.0383832 -0.0593303 0 
v -0.0393303 -0.0583832 -0.007 
v -0.0387626 -0.0587626 0 
v -0.04 -0.05825 -0.007 
v -0.0393303 -0.0583832 0 
v -0.0406697 -0.0583832 -0.007 
v -0.04 -0.05825 0 
v -0.0412374 -0.0587626 -0.007 
v -0.0406697 -0.0583832 0 
v -0.0416168 -0.0593303 -0.007 
v -0.0412374 -0.0587626 0 
v -0.04175 -0.06 -0.007 
v -0.0416168 -0.0593303 0 
v -0.0416168 -0.0606697 -0.007 
v -0.04175 -0.06 0 
v -0.0412374 -0.0612374 -0.007 
v -0.0416168 -0.0606697 0 
v -0.0406697 -0.0616168 -0.007 
v -0.0412374 -0.0612374 0 
v -0.04 -0.06175 -0.007 
v -0.0406697 -0.0616168 0 
v -0.0393303 -0.0616168 -0.007 
v -0.04 -0.06175 0 
v -0.0387626 -0.0612374 -0.007 
v -0.0393303 -0.0616168 0 
v -0.0383832 -0.0606697 -0.007 
v -0.0387626 -0.0612374 0 
v -0.0383832 -0.0606697 0 
vn -0.92388 -0.382683 0 
vn -1 0 0 
vn -1 0 0 
vn -0.707107 -0.707107 0 
vn -0.92388 -0.382683 0 
vn -0.382683 -0.92388 0 
vn -0.707107 -0.707107 0 
vn 1.83697e-16 -1 0 
vn -0.382683 -0.92388 0 
vn 0.382683 -0.92388 0 
vn 1.83697e-16 -1 0 
vn 0.707107 -0.707107 0 
vn 0.382683 -0.92388 0 
vn 0.92388 -0.382683 0 
vn 0.707107 -0.707107 0 
vn 1 1.22465e-16 0 
vn 0.92388 -0.382683 0 
vn 0.92388 0.382683 0 
vn 1 1.22465e-16 0 
vn 0.707107 0.707107 0 
vn 0.92388 0.382683 0 
vn 0.382683 0.92388 0 
vn 0.707107 0.707107 0 
vn -6.12323e-17 1 0 
vn 0.382683 0.92388 0 
vn -0.382683 0.92388 0 
vn -6.12323e-17 1 0 
vn -0.707107 0.707107 0 
vn -0.382683 0.92388 0 
vn -0.92388 0.382683 0 
vn -0.707107 0.707107 0 
vn -0.92388 0.382683 0 
f 5067//5067 5068//5068 5069//5069 
f 5070//5070 5067//5067 5071//5071 
f 5072//5072 5070//5070 5073//5073 
f 5074//5074 5072//5072 5075//5075 
f 5076//5076 5074//5074 5077//5077 
f 5078//5078 5076//5076 5079//5079 
f 5080//5080 5078//5078 5081//5081 
f 5082//5082 5080//5080 5083//5083 
f 5084//5084 5082//5082 5085//5085 
f 5086//5086 5084//5084 5087//5087 
f 5088//5088 5086//5086 5089//5089 
f 5090//5090 5088//5088 5091//5091 
f 5092//5092 5090//5090 5093//5093 
f 5094//5094 5092//5092 5095//5095 
f 5096//5096 5094//5094 5097//5097 
f 5068//5068 5096//5096 5098//5098 
f 5098//5098 5069//5069 5068//5068 
f 5097//5097 5098//5098 5096//5096 
f 5095//5095 5097//5097 5094//5094 
f 5093//5093 5095//5095 5092//5092 
f 5091//5091 5093//5093 5090//5090 
f 5089//5089 5091//5091 5088//5088 
f 5087//5087 5089//5089 5086//5086 
f 5085//5085 5087//5087 5084//5084 
f 5083//5083 5085//5085 5082//5082 
f 5081//5081 5083//5083 5080//5080 
f 5079//5079 5081//5081 5078//5078 
f 5077//5077 5079//5079 5076//5076 
f 5075//5075 5077//5077 5074//5074 
f 5073//5073 5075//5075 5072//5072 
f 5071//5071 5073//5073 5070//5070 
f 5069//5069 5071//5071 5067//5067 
o mesh66
v -0.0183832 -0.0593303 -0.007 
v -0.01825 -0.06 -0.007 
v -0.01825 -0.06 0 
v -0.0187626 -0.0587626 -0.007 
v -0.0183832 -0.0593303 0 
v -0.0193303 -0.0583832 -0.007 
v -0.0187626 -0.0587626 0 
v -0.02 -0.05825 -0.007 
v -0.0193303 -0.0583832 0 
v -0.0206697 -0.0583832 -0.007 
v -0.02 -0.05825 0 
v -0.0212374 -0.0587626 -0.007 
v -0.0206697 -0.0583832 0 
v -0.0216168 -0.0593303 -0.007 
v -0.0212374 -0.0587626 0 
v -0.02175 -0.06 -0.007 
v -0.0216168 -0.0593303 0 
v -0.0216168 -0.0606697 -0.007 
v -0.02175 -0.06 0 
v -0.0212374 -0.0612374 -0.007 
v -0.0216168 -0.0606697 0 
v -0.0206697 -0.0616168 -0.007 
v -0.0212374 -0.0612374 0 
v -0.02 -0.06175 -0.007 
v -0.0206697 -0.0616168 0 
v -0.0193303 -0.0616168 -0.007 
v -0.02 -0.06175 0 
v -0.0187626 -0.0612374 -0.007 
v -0.0193303 -0.0616168 0 
v -0.0183832 -0.0606697 -0.007 
v -0.0187626 -0.0612374 0 
v -0.0183832 -0.0606697 0 
vn -0.92388 -0.382683 0 
vn -1 0 0 
vn -1 0 0 
vn -0.707107 -0.707107 0 
vn -0.92388 -0.382683 0 
vn -0.382683 -0.92388 0 
vn -0.707107 -0.707107 0 
vn 1.83697e-16 -1 0 
vn -0.382683 -0.92388 0 
vn 0.382683 -0.92388 0 
vn 1.83697e-16 -1 0 
vn 0.707107 -0.707107 0 
vn 0.382683 -0.92388 0 
vn 0.92388 -0.382683 0 
vn 0.707107 -0.707107 0 
vn 1 1.22465e-16 0 
vn 0.92388 -0.382683 0 
vn 0.92388 0.382683 0 
vn 1 1.22465e-16 0 
vn 0.707107 0.707107 0 
vn 0.92388 0.382683 0 
vn 0.382683 0.92388 0 
vn 0.707107 0.707107 0 
vn -6.12323e-17 1 0 
vn 0.382683 0.92388 0 
vn -0.382683 0.92388 0 
vn -6.12323e-17 1 0 
vn -0.707107 0.707107 0 
vn -0.382683 0.92388 0 
vn -0.92388 0.382683 0 
vn -0.707107 0.707107 0 
vn -0.92388 0.382683 0 
f 5099//5099 5100//5100 5101//5101 
f 5102//5102 5099//5099 5103//5103 
f 5104//5104 5102//5102 5105//5105 
f 5106//5106 5104//5104 5107//5107 
f 5108//5108 5106//5106 5109//5109 
f 5110//5110 5108//5108 5111//5111 
f 5112//5112 5110//5110 5113//5113 
f 5114//5114 5112//5112 5115//5115 
f 5116//5116 5114//5114 5117//5117 
f 5118//5118 5116//5116 5119//5119 
f 5120//5120 5118//5118 5121//5121 
f 5122//5122 5120//5120 5123//5123 
f 5124//5124 5122//5122 5125//5125 
f 5126//5126 5124//5124 5127//5127 
f 5128//5128 5126//5126 5129//5129 
f 5100//5100 5128//5128 5130//5130 
f 5130//5130 5101//5101 5100//5100 
f 5129//5129 5130//5130 5128//5128 
f 5127//5127 5129//5129 5126//5126 
f 5125//5125 5127//5127 5124//5124 
f 5123//5123 5125//5125 5122//5122 
f 5121//5121 5123//5123 5120//5120 
f 5119//5119 5121//5121 5118//5118 
f 5117//5117 5119//5119 5116//5116 
f 5115//5115 5117//5117 5114//5114 
f 5113//5113 5115//5115 5112//5112 
f 5111//5111 5113//5113 5110//5110 
f 5109//5109 5111//5111 5108//5108 
f 5107//5107 5109//5109 5106//5106 
f 5105//5105 5107//5107 5104//5104 
f 5103//5103 5105//5105 5102//5102 
f 5101//5101 5103//5103 5099//5099 
o mesh67
v -0.0583832 -0.0793303 -0.007 
v -0.05825 -0.08 -0.007 
v -0.05825 -0.08 0 
v -0.0587626 -0.0787626 -0.007 
v -0.0583832 -0.0793303 0 
v -0.0593303 -0.0783832 -0.007 
v -0.0587626 -0.0787626 0 
v -0.06 -0.07825 -0.007 
v -0.0593303 -0.0783832 0 
v -0.0606697 -0.0783832 -0.007 
v -0.06 -0.07825 0 
v -0.0612374 -0.0787626 -0.007 
v -0.0606697 -0.0783832 0 
v -0.0616168 -0.0793303 -0.007 
v -0.0612374 -0.0787626 0 
v -0.06175 -0.08 -0.007 
v -0.0616168 -0.0793303 0 
v -0.0616168 -0.0806697 -0.007 
v -0.06175 -0.08 0 
v -0.0612374 -0.0812374 -0.007 
v -0.0616168 -0.0806697 0 
v -0.0606697 -0.0816168 -0.007 
v -0.0612374 -0.0812374 0 
v -0.06 -0.08175 -0.007 
v -0.0606697 -0.0816168 0 
v -0.0593303 -0.0816168 -0.007 
v -0.06 -0.08175 0 
v -0.0587626 -0.0812374 -0.007 
v -0.0593303 -0.0816168 0 
v -0.0583832 -0.0806697 -0.007 
v -0.0587626 -0.0812374 0 
v -0.0583832 -0.0806697 0 
vn -0.92388 -0.382683 0 
vn -1 0 0 
vn -1 0 0 
vn -0.707107 -0.707107 0 
vn -0.92388 -0.382683 0 
vn -0.382683 -0.92388 0 
vn -0.707107 -0.707107 0 
vn 1.83697e-16 -1 0 
vn -0.382683 -0.92388 0 
vn 0.382683 -0.92388 0 
vn 1.83697e-16 -1 0 
vn 0.707107 -0.707107 0 
vn 0.382683 -0.92388 0 
vn 0.92388 -0.382683 0 
vn 0.707107 -0.707107 0 
vn 1 1.22465e-16 0 
vn 0.92388 -0.382683 0 
vn 0.92388 0.382683 0 
vn 1 1.22465e-16 0 
vn 0.707107 0.707107 0 
vn 0.92388 0.382683 0 
vn 0.382683 0.92388 0 
vn 0.707107 0.707107 0 
vn -6.12323e-17 1 0 
vn 0.382683 0.92388 0 
vn -0.382683 0.92388 0 
vn -6.12323e-17 1 0 
vn -0.707107 0.707107 0 
vn -0.382683 0.92388 0 
vn -0.92388 0.382683 0 
vn -0.707107 0.707107 0 
vn -0.92388 0.382683 0 
f 5131//5131 5132//5132 5133//5133 
f 5134//5134 5131//5131 5135//5135 
f 5136//5136 5134//5134 5137//5137 
f 5138//5138 5136//5136 5139//5139 
f 5140//5140 5138//5138 5141//5141 
f 5142//5142 5140//5140 5143//5143 
f 5144//5144 5142//5142 5145//5145 
f 5146//5146 5144//5144 5147//5147 
f 5148//5148 5146//5146 5149//5149 
f 5150//5150 5148//5148 5151//5151 
f 5152//5152 5150//5150 5153//5153 
f 5154//5154 5152//5152 5155//5155 
f 5156//5156 5154//5154 5157//5157 
f 5158//5158 5156//5156 5159//5159 
f 5160//5160 5158//5158 5161//5161 
f 5132//5132 5160//5160 5162//5162 
f 5162//5162 5133//5133 5132//5132 
f 5161//5161 5162//5162 5160//5160 
f 5159//5159 5161//5161 5158//5158 
f 5157//5157 5159//5159 5156//5156 
f 5155//5155 5157//5157 5154//5154 
f 5153//5153 5155//5155 5152//5152 
f 5151//5151 5153//5153 5150//5150 
f 5149//5149 5151//5151 5148//5148 
f 5147//5147 5149//5149 5146//5146 
f 5145//5145 5147//5147 5144//5144 
f 5143//5143 5145//5145 5142//5142 
f 5141//5141 5143//5143 5140//5140 
f 5139//5139 5141//5141 5138//5138 
f 5137//5137 5139//5139 5136//5136 
f 5135//5135 5137//5137 5134//5134 
f 5133//5133 5135//5135 5131//5131 
o mesh68
v 0.0216168 0.0206697 -0.007 
v 0.02175 0.02 -0.007 
v 0.02175 0.02 0 
v 0.0212374 0.0212374 -0.007 
v 0.0216168 0.0206697 0 
v 0.0206697 0.0216168 -0.007 
v 0.0212374 0.0212374 0 
v 0.02 0.02175 -0.007 
v 0.0206697 0.0216168 0 
v 0.0193303 0.0216168 -0.007 
v 0.02 0.02175 0 
v 0.0187626 0.0212374 -0.007 
v 0.0193303 0.0216168 0 
v 0.0183832 0.0206697 -0.007 
v 0.0187626 0.0212374 0 
v 0.01825 0.02 -0.007 
v 0.0183832 0.0206697 0 
v 0.0183832 0.0193303 -0.007 
v 0.0183316 0.0195897 -0.007 
v 0.0183316 0.0195897 0 
v 0.01825 0.02 0 
v 0.0187626 0.0187626 -0.007 
v 0.0183832 0.0193303 0 
v 0.0193303 0.0183832 -0.007 
v 0.0187626 0.0187626 0 
v 0.02 0.01825 -0.007 
v 0.0193303 0.0183832 0 
v 0.0206697 0.0183832 -0.007 
v 0.02 0.01825 0 
v 0.0212374 0.0187626 -0.007 
v 0.0206697 0.0183832 0 
v 0.0216168 0.0193303 -0.007 
v 0.0212374 0.0187626 0 
v 0.0216684 0.0195897 -0.007 
v 0.0216684 0.0195897 0 
v 0.0216168 0.0193303 0 
vn -0.92388 -0.382683 0 
vn -1 0 0 
vn -1 0 0 
vn -0.707107 -0.707107 0 
vn -0.92388 -0.382683 0 
vn -0.382683 -0.92388 0 
vn -0.707107 -0.707107 0 
vn 1.83697e-16 -1 0 
vn -0.382683 -0.92388 0 
vn 0.382683 -0.92388 0 
vn 1.83697e-16 -1 0 
vn 0.707107 -0.707107 0 
vn 0.382683 -0.92388 0 
vn 0.92388 -0.382683 0 
vn 0.707107 -0.707107 0 
vn 1 1.22465e-16 0 
vn 0.92388 -0.382683 0 
vn 0.92388 0.382683 0 
vn 0.971073 0.238784 0 
vn 0.971073 0.238784 0 
vn 1 1.22465e-16 0 
vn 0.707107 0.707107 0 
vn 0.92388 0.382683 0 
vn 0.382683 0.92388 0 
vn 0.707107 0.707107 0 
vn -6.12323e-17 1 0 
vn 0.382683 0.92388 0 
vn -0.382683 0.92388 0 
vn -6.12323e-17 1 0 
vn -0.707107 0.707107 0 
vn -0.382683 0.92388 0 
vn -0.92388 0.382683 0 
vn -0.707107 0.707107 0 
vn -0.971073 0.238784 0 
vn -0.971073 0.238784 0 
vn -0.92388 0.382683 0 
f 5163//5163 5164//5164 5165//5165 
f 5166//5166 5163//5163 5167//5167 
f 5168//5168 5166//5166 5169//5169 
f 5170//5170 5168//5168 5171//5171 
f 5172//5172 5170//5170 5173//5173 
f 5174//5174 5172//5172 5175//5175 
f 5176//5176 5174//5174 5177//5177 
f 5178//5178 5176//5176 5179//5179 
f 5180//5180 5181//5181 5182//5182 
f 5183//5183 5182//5182 5181//5181 
f 5181//5181 5178//5178 5183//5183 
f 5184//5184 5180//5180 5185//5185 
f 5186//5186 5184//5184 5187//5187 
f 5188//5188 5186//5186 5189//5189 
f 5190//5190 5188//5188 5191//5191 
f 5192//5192 5190//5190 5193//5193 
f 5194//5194 5192//5192 5195//5195 
f 5164//5164 5196//5196 5197//5197 
f 5198//5198 5197//5197 5196//5196 
f 5196//5196 5194//5194 5198//5198 
f 5197//5197 5165//5165 5164//5164 
f 5195//5195 5198//5198 5194//5194 
f 5193//5193 5195//5195 5192//5192 
f 5191//5191 5193//5193 5190//5190 
f 5189//5189 5191//5191 5188//5188 
f 5187//5187 5189//5189 5186//5186 
f 5185//5185 5187//5187 5184//5184 
f 5182//5182 5185//5185 5180//5180 
f 5179//5179 5183//5183 5178//5178 
f 5177//5177 5179//5179 5176//5176 
f 5175//5175 5177//5177 5174//5174 
f 5173//5173 5175//5175 5172//5172 
f 5171//5171 5173//5173 5170//5170 
f 5169//5169 5171//5171 5168//5168 
f 5167//5167 5169//5169 5166//5166 
f 5165//5165 5167//5167 5163//5163 
o mesh69
v -0.0583832 0.0206697 -0.007 
v -0.05825 0.02 -0.007 
v -0.05825 0.02 0 
v -0.0587626 0.0212374 -0.007 
v -0.0583832 0.0206697 0 
v -0.0593303 0.0216168 -0.007 
v -0.0587626 0.0212374 0 
v -0.06 0.02175 -0.007 
v -0.0593303 0.0216168 0 
v -0.0606697 0.0216168 -0.007 
v -0.06 0.02175 0 
v -0.0612374 0.0212374 -0.007 
v -0.0606697 0.0216168 0 
v -0.0616168 0.0206697 -0.007 
v -0.0612374 0.0212374 0 
v -0.06175 0.02 -0.007 
v -0.0616168 0.0206697 0 
v -0.0616168 0.0193303 -0.007 
v -0.0616684 0.0195897 -0.007 
v -0.0616684 0.0195897 0 
v -0.06175 0.02 0 
v -0.0612374 0.0187626 -0.007 
v -0.0616168 0.0193303 0 
v -0.0606697 0.0183832 -0.007 
v -0.0612374 0.0187626 0 
v -0.06 0.01825 -0.007 
v -0.0606697 0.0183832 0 
v -0.0593303 0.0183832 -0.007 
v -0.06 0.01825 0 
v -0.0587626 0.0187626 -0.007 
v -0.0593303 0.0183832 0 
v -0.0583832 0.0193303 -0.007 
v -0.0587626 0.0187626 0 
v -0.0583316 0.0195897 -0.007 
v -0.0583316 0.0195897 0 
v -0.0583832 0.0193303 0 
vn -0.92388 -0.382683 0 
vn -1 0 0 
vn -1 0 0 
vn -0.707107 -0.707107 0 
vn -0.92388 -0.382683 0 
vn -0.382683 -0.92388 0 
vn -0.707107 -0.707107 0 
vn 1.83697e-16 -1 0 
vn -0.382683 -0.92388 0 
vn 0.382683 -0.92388 0 
vn 1.83697e-16 -1 0 
vn 0.707107 -0.707107 0 
vn 0.382683 -0.92388 0 
vn 0.92388 -0.382683 0 
vn 0.707107 -0.707107 0 
vn 1 1.22465e-16 0 
vn 0.92388 -0.382683 0 
vn 0.92388 0.382683 0 
vn 0.971073 0.238784 0 
vn 0.971073 0.238784 0 
vn 1 1.22465e-16 0 
vn 0.707107 0.707107 0 
vn 0.92388 0.382683 0 
vn 0.382683 0.92388 0 
vn 0.707107 0.707107 0 
vn -6.12323e-17 1 0 
vn 0.382683 0.92388 0 
vn -0.382683 0.92388 0 
vn -6.12323e-17 1 0 
vn -0.707107 0.707107 0 
vn -0.382683 0.92388 0 
vn -0.92388 0.382683 0 
vn -0.707107 0.707107 0 
vn -0.971073 0.238784 0 
vn -0.971073 0.238784 0 
vn -0.92388 0.382683 0 
f 5199//5199 5200//5200 5201//5201 
f 5202//5202 5199//5199 5203//5203 
f 5204//5204 5202//5202 5205//5205 
f 5206//5206 5204//5204 5207//5207 
f 5208//5208 5206//5206 5209//5209 
f 5210//5210 5208//5208 5211//5211 
f 5212//5212 5210//5210 5213//5213 
f 5214//5214 5212//5212 5215//5215 
f 5216//5216 5217//5217 5218//5218 
f 5219//5219 5218//5218 5217//5217 
f 5217//5217 5214//5214 5219//5219 
f 5220//5220 5216//5216 5221//5221 
f 5222//5222 5220//5220 5223//5223 
f 5224//5224 5222//5222 5225//5225 
f 5226//5226 5224//5224 5227//5227 
f 5228//5228 5226//5226 5229//5229 
f 5230//5230 5228//5228 5231//5231 
f 5200//5200 5232//5232 5233//5233 
f 5234//5234 5233//5233 5232//5232 
f 5232//5232 5230//5230 5234//5234 
f 5233//5233 5201//5201 5200//5200 
f 5231//5231 5234//5234 5230//5230 
f 5229//5229 5231//5231 5228//5228 
f 5227//5227 5229//5229 5226//5226 
f 5225//5225 5227//5227 5224//5224 
f 5223//5223 5225//5225 5222//5222 
f 5221//5221 5223//5223 5220//5220 
f 5218//5218 5221//5221 5216//5216 
f 5215//5215 5219//5219 5214//5214 
f 5213//5213 5215//5215 5212//5212 
f 5211//5211 5213//5213 5210//5210 
f 5209//5209 5211//5211 5208//5208 
f 5207//5207 5209//5209 5206//5206 
f 5205//5205 5207//5207 5204//5204 
f 5203//5203 5205//5205 5202//5202 
f 5201//5201 5203//5203 5199//5199 
o mesh70
v -0.0183832 0.10067 -0.007 
v -0.01825 0.1 -0.007 
v -0.01825 0.1 0 
v -0.0187626 0.101237 -0.007 
v -0.0183832 0.10067 0 
v -0.0193303 0.101617 -0.007 
v -0.0187626 0.101237 0 
v -0.02 0.10175 -0.007 
v -0.0193303 0.101617 0 
v -0.0206697 0.101617 -0.007 
v -0.02 0.10175 0 
v -0.0212374 0.101237 -0.007 
v -0.0206697 0.101617 0 
v -0.0216168 0.10067 -0.007 
v -0.0212374 0.101237 0 
v -0.02175 0.1 -0.007 
v -0.0216168 0.10067 0 
v -0.0216168 0.0993303 -0.007 
v -0.02175 0.1 0 
v -0.0212374 0.0987626 -0.007 
v -0.0216168 0.0993303 0 
v -0.0206697 0.0983832 -0.007 
v -0.0212374 0.0987626 0 
v -0.02 0.09825 -0.007 
v -0.0206697 0.0983832 0 
v -0.0193303 0.0983832 -0.007 
v -0.02 0.09825 0 
v -0.0187626 0.0987626 -0.007 
v -0.0193303 0.0983832 0 
v -0.0183832 0.0993303 -0.007 
v -0.0187626 0.0987626 0 
v -0.0183832 0.0993303 0 
vn -0.92388 -0.382683 0 
vn -1 0 0 
vn -1 0 0 
vn -0.707107 -0.707107 0 
vn -0.92388 -0.382683 0 
vn -0.382683 -0.92388 0 
vn -0.707107 -0.707107 0 
vn 1.83697e-16 -1 0 
vn -0.382683 -0.92388 0 
vn 0.382683 -0.92388 0 
vn 1.83697e-16 -1 0 
vn 0.707107 -0.707107 0 
vn 0.382683 -0.92388 0 
vn 0.92388 -0.382683 0 
vn 0.707107 -0.707107 0 
vn 1 1.22465e-16 0 
vn 0.92388 -0.382683 0 
vn 0.92388 0.382683 0 
vn 1 1.22465e-16 0 
vn 0.707107 0.707107 0 
vn 0.92388 0.382683 0 
vn 0.382683 0.92388 0 
vn 0.707107 0.707107 0 
vn -6.12323e-17 1 0 
vn 0.382683 0.92388 0 
vn -0.382683 0.92388 0 
vn -6.12323e-17 1 0 
vn -0.707107 0.707107 0 
vn -0.382683 0.92388 0 
vn -0.92388 0.382683 0 
vn -0.707107 0.707107 0 
vn -0.92388 0.382683 0 
f 5235//5235 5236//5236 5237//5237 
f 5238//5238 5235//5235 5239//5239 
f 5240//5240 5238//5238 5241//5241 
f 5242//5242 5240//5240 5243//5243 
f 5244//5244 5242//5242 5245//5245 
f 5246//5246 5244//5244 5247//5247 
f 5248//5248 5246//5246 5249//5249 
f 5250//5250 5248//5248 5251//5251 
f 5252//5252 5250//5250 5253//5253 
f 5254//5254 5252//5252 5255//5255 
f 5256//5256 5254//5254 5257//5257 
f 5258//5258 5256//5256 5259//5259 
f 5260//5260 5258//5258 5261//5261 
f 5262//5262 5260//5260 5263//5263 
f 5264//5264 5262//5262 5265//5265 
f 5236//5236 5264//5264 5266//5266 
f 5266//5266 5237//5237 5236//5236 
f 5265//5265 5266//5266 5264//5264 
f 5263//5263 5265//5265 5262//5262 
f 5261//5261 5263//5263 5260//5260 
f 5259//5259 5261//5261 5258//5258 
f 5257//5257 5259//5259 5256//5256 
f 5255//5255 5257//5257 5254//5254 
f 5253//5253 5255//5255 5252//5252 
f 5251//5251 5253//5253 5250//5250 
f 5249//5249 5251//5251 5248//5248 
f 5247//5247 5249//5249 5246//5246 
f 5245//5245 5247//5247 5244//5244 
f 5243//5243 5245//5245 5242//5242 
f 5241//5241 5243//5243 5240//5240 
f 5239//5239 5241//5241 5238//5238 
f 5237//5237 5239//5239 5235//5235 
o mesh71
v 0.0216168 0.0806697 -0.007 
v 0.02175 0.08 -0.007 
v 0.02175 0.08 0 
v 0.0212374 0.0812374 -0.007 
v 0.0216168 0.0806697 0 
v 0.0206697 0.0816168 -0.007 
v 0.0212374 0.0812374 0 
v 0.02 0.08175 -0.007 
v 0.0206697 0.0816168 0 
v 0.0193303 0.0816168 -0.007 
v 0.02 0.08175 0 
v 0.0187626 0.0812374 -0.007 
v 0.0193303 0.0816168 0 
v 0.0183832 0.0806697 -0.007 
v 0.0187626 0.0812374 0 
v 0.01825 0.08 -0.007 
v 0.0183832 0.0806697 0 
v 0.0183832 0.0793303 -0.007 
v 0.01825 0.08 0 
v 0.0187626 0.0787626 -0.007 
v 0.0183832 0.0793303 0 
v 0.0193303 0.0783832 -0.007 
v 0.0187626 0.0787626 0 
v 0.02 0.07825 -0.007 
v 0.0193303 0.0783832 0 
v 0.0206697 0.0783832 -0.007 
v 0.02 0.07825 0 
v 0.0212374 0.0787626 -0.007 
v 0.0206697 0.0783832 0 
v 0.0216168 0.0793303 -0.007 
v 0.0212374 0.0787626 0 
v 0.0216168 0.0793303 0 
vn -0.92388 -0.382683 0 
vn -1 0 0 
vn -1 0 0 
vn -0.707107 -0.707107 0 
vn -0.92388 -0.382683 0 
vn -0.382683 -0.92388 0 
vn -0.707107 -0.707107 0 
vn 1.83697e-16 -1 0 
vn -0.382683 -0.92388 0 
vn 0.382683 -0.92388 0 
vn 1.83697e-16 -1 0 
vn 0.707107 -0.707107 0 
vn 0.382683 -0.92388 0 
vn 0.92388 -0.382683 0 
vn 0.707107 -0.707107 0 
vn 1 1.22465e-16 0 
vn 0.92388 -0.382683 0 
vn 0.92388 0.382683 0 
vn 1 1.22465e-16 0 
vn 0.707107 0.707107 0 
vn 0.92388 0.382683 0 
vn 0.382683 0.92388 0 
vn 0.707107 0.707107 0 
vn -6.12323e-17 1 0 
vn 0.382683 0.92388 0 
vn -0.382683 0.92388 0 
vn -6.12323e-17 1 0 
vn -0.707107 0.707107 0 
vn -0.382683 0.92388 0 
vn -0.92388 0.382683 0 
vn -0.707107 0.707107 0 
vn -0.92388 0.382683 0 
f 5267//5267 5268//5268 5269//5269 
f 5270//5270 5267//5267 5271//5271 
f 5272//5272 5270//5270 5273//5273 
f 5274//5274 5272//5272 5275//5275 
f 5276//5276 5274//5274 5277//5277 
f 5278//5278 5276//5276 5279//5279 
f 5280//5280 5278//5278 5281//5281 
f 5282//5282 5280//5280 5283//5283 
f 5284//5284 5282//5282 5285//5285 
f 5286//5286 5284//5284 5287//5287 
f 5288//5288 5286//5286 5289//5289 
f 5290//5290 5288//5288 5291//5291 
f 5292//5292 5290//5290 5293//5293 
f 5294//5294 5292//5292 5295//5295 
f 5296//5296 5294//5294 5297//5297 
f 5268//5268 5296//5296 5298//5298 
f 5298//5298 5269//5269 5268//5268 
f 5297//5297 5298//5298 5296//5296 
f 5295//5295 5297//5297 5294//5294 
f 5293//5293 5295//5295 5292//5292 
f 5291//5291 5293//5293 5290//5290 
f 5289//5289 5291//5291 5288//5288 
f 5287//5287 5289//5289 5286//5286 
f 5285//5285 5287//5287 5284//5284 
f 5283//5283 5285//5285 5282//5282 
f 5281//5281 5283//5283 5280//5280 
f 5279//5279 5281//5281 5278//5278 
f 5277//5277 5279//5279 5276//5276 
f 5275//5275 5277//5277 5274//5274 
f 5273//5273 5275//5275 5272//5272 
f 5271//5271 5273//5273 5270//5270 
f 5269//5269 5271//5271 5267//5267 
o mesh72
v 0.00161679 0.10067 -0.007 
v 0.00175 0.1 -0.007 
v 0.00175 0.1 0 
v 0.00123744 0.101237 -0.007 
v 0.00161679 0.10067 0 
v 0.000669696 0.101617 -0.007 
v 0.00123744 0.101237 0 
v -3.2147e-19 0.10175 -0.007 
v 0.000669696 0.101617 0 
v -0.000669696 0.101617 -0.007 
v -3.2147e-19 0.10175 0 
v -0.00123744 0.101237 -0.007 
v -0.000669696 0.101617 0 
v -0.00161679 0.10067 -0.007 
v -0.00123744 0.101237 0 
v -0.00175 0.1 -0.007 
v -0.00161679 0.10067 0 
v -0.00161679 0.0993303 -0.007 
v -0.00175 0.1 0 
v -0.00123744 0.0987626 -0.007 
v -0.00161679 0.0993303 0 
v -0.000669696 0.0983832 -0.007 
v -0.00123744 0.0987626 0 
v 1.07157e-19 0.09825 -0.007 
v -0.000669696 0.0983832 0 
v 0.000669696 0.0983832 -0.007 
v 1.07157e-19 0.09825 0 
v 0.00123744 0.0987626 -0.007 
v 0.000669696 0.0983832 0 
v 0.00161679 0.0993303 -0.007 
v 0.00123744 0.0987626 0 
v 0.00161679 0.0993303 0 
vn -0.92388 -0.382683 0 
vn -1 0 0 
vn -1 0 0 
vn -0.707107 -0.707107 0 
vn -0.92388 -0.382683 0 
vn -0.382683 -0.92388 0 
vn -0.707107 -0.707107 0 
vn 1.83697e-16 -1 0 
vn -0.382683 -0.92388 0 
vn 0.382683 -0.92388 0 
vn 1.83697e-16 -1 0 
vn 0.707107 -0.707107 0 
vn 0.382683 -0.92388 0 
vn 0.92388 -0.382683 0 
vn 0.707107 -0.707107 0 
vn 1 1.22465e-16 0 
vn 0.92388 -0.382683 0 
vn 0.92388 0.382683 0 
vn 1 1.22465e-16 0 
vn 0.707107 0.707107 0 
vn 0.92388 0.382683 0 
vn 0.382683 0.92388 0 
vn 0.707107 0.707107 0 
vn -6.12323e-17 1 0 
vn 0.382683 0.92388 0 
vn -0.382683 0.92388 0 
vn -6.12323e-17 1 0 
vn -0.707107 0.707107 0 
vn -0.382683 0.92388 0 
vn -0.92388 0.382683 0 
vn -0.707107 0.707107 0 
vn -0.92388 0.382683 0 
f 5299//5299 5300//5300 5301//5301 
f 5302//5302 5299//5299 5303//5303 
f 5304//5304 5302//5302 5305//5305 
f 5306//5306 5304//5304 5307//5307 
f 5308//5308 5306//5306 5309//5309 
f 5310//5310 5308//5308 5311//5311 
f 5312//5312 5310//5310 5313//5313 
f 5314//5314 5312//5312 5315//5315 
f 5316//5316 5314//5314 5317//5317 
f 5318//5318 5316//5316 5319//5319 
f 5320//5320 5318//5318 5321//5321 
f 5322//5322 5320//5320 5323//5323 
f 5324//5324 5322//5322 5325//5325 
f 5326//5326 5324//5324 5327//5327 
f 5328//5328 5326//5326 5329//5329 
f 5300//5300 5328//5328 5330//5330 
f 5330//5330 5301//5301 5300//5300 
f 5329//5329 5330//5330 5328//5328 
f 5327//5327 5329//5329 5326//5326 
f 5325//5325 5327//5327 5324//5324 
f 5323//5323 5325//5325 5322//5322 
f 5321//5321 5323//5323 5320//5320 
f 5319//5319 5321//5321 5318//5318 
f 5317//5317 5319//5319 5316//5316 
f 5315//5315 5317//5317 5314//5314 
f 5313//5313 5315//5315 5312//5312 
f 5311//5311 5313//5313 5310//5310 
f 5309//5309 5311//5311 5308//5308 
f 5307//5307 5309//5309 5306//5306 
f 5305//5305 5307//5307 5304//5304 
f 5303//5303 5305//5305 5302//5302 
f 5301//5301 5303//5303 5299//5299 
o mesh73
v -0.0183832 0.0606697 -0.007 
v -0.01825 0.06 -0.007 
v -0.01825 0.06 0 
v -0.0187626 0.0612374 -0.007 
v -0.0183832 0.0606697 0 
v -0.0193303 0.0616168 -0.007 
v -0.0187626 0.0612374 0 
v -0.02 0.06175 -0.007 
v -0.0193303 0.0616168 0 
v -0.0206697 0.0616168 -0.007 
v -0.02 0.06175 0 
v -0.0212374 0.0612374 -0.007 
v -0.0206697 0.0616168 0 
v -0.0216168 0.0606697 -0.007 
v -0.0212374 0.0612374 0 
v -0.02175 0.06 -0.007 
v -0.0216168 0.0606697 0 
v -0.0216168 0.0593303 -0.007 
v -0.02175 0.06 0 
v -0.0212374 0.0587626 -0.007 
v -0.0216168 0.0593303 0 
v -0.0206697 0.0583832 -0.007 
v -0.0212374 0.0587626 0 
v -0.02 0.05825 -0.007 
v -0.0206697 0.0583832 0 
v -0.0193303 0.0583832 -0.007 
v -0.02 0.05825 0 
v -0.0187626 0.0587626 -0.007 
v -0.0193303 0.0583832 0 
v -0.0183832 0.0593303 -0.007 
v -0.0187626 0.0587626 0 
v -0.0183832 0.0593303 0 
vn -0.92388 -0.382683 0 
vn -1 0 0 
vn -1 0 0 
vn -0.707107 -0.707107 0 
vn -0.92388 -0.382683 0 
vn -0.382683 -0.92388 0 
vn -0.707107 -0.707107 0 
vn 1.83697e-16 -1 0 
vn -0.382683 -0.92388 0 
vn 0.382683 -0.92388 0 
vn 1.83697e-16 -1 0 
vn 0.707107 -0.707107 0 
vn 0.382683 -0.92388 0 
vn 0.92388 -0.382683 0 
vn 0.707107 -0.707107 0 
vn 1 1.22465e-16 0 
vn 0.92388 -0.382683 0 
vn 0.92388 0.382683 0 
vn 1 1.22465e-16 0 
vn 0.707107 0.707107 0 
vn 0.92388 0.382683 0 
vn 0.382683 0.92388 0 
vn 0.707107 0.707107 0 
vn -6.12323e-17 1 0 
vn 0.382683 0.92388 0 
vn -0.382683 0.92388 0 
vn -6.12323e-17 1 0 
vn -0.707107 0.707107 0 
vn -0.382683 0.92388 0 
vn -0.92388 0.382683 0 
vn -0.707107 0.707107 0 
vn -0.92388 0.382683 0 
f 5331//5331 5332//5332 5333//5333 
f 5334//5334 5331//5331 5335//5335 
f 5336//5336 5334//5334 5337//5337 
f 5338//5338 5336//5336 5339//5339 
f 5340//5340 5338//5338 5341//5341 
f 5342//5342 5340//5340 5343//5343 
f 5344//5344 5342//5342 5345//5345 
f 5346//5346 5344//5344 5347//5347 
f 5348//5348 5346//5346 5349//5349 
f 5350//5350 5348//5348 5351//5351 
f 5352//5352 5350//5350 5353//5353 
f 5354//5354 5352//5352 5355//5355 
f 5356//5356 5354//5354 5357//5357 
f 5358//5358 5356//5356 5359//5359 
f 5360//5360 5358//5358 5361//5361 
f 5332//5332 5360//5360 5362//5362 
f 5362//5362 5333//5333 5332//5332 
f 5361//5361 5362//5362 5360//5360 
f 5359//5359 5361//5361 5358//5358 
f 5357//5357 5359//5359 5356//5356 
f 5355//5355 5357//5357 5354//5354 
f 5353//5353 5355//5355 5352//5352 
f 5351//5351 5353//5353 5350//5350 
f 5349//5349 5351//5351 5348//5348 
f 5347//5347 5349//5349 5346//5346 
f 5345//5345 5347//5347 5344//5344 
f 5343//5343 5345//5345 5342//5342 
f 5341//5341 5343//5343 5340//5340 
f 5339//5339 5341//5341 5338//5338 
f 5337//5337 5339//5339 5336//5336 
f 5335//5335 5337//5337 5334//5334 
f 5333//5333 5335//5335 5331//5331 
o mesh74
v -0.0183832 0.0806697 -0.007 
v -0.01825 0.08 -0.007 
v -0.01825 0.08 0 
v -0.0187626 0.0812374 -0.007 
v -0.0183832 0.0806697 0 
v -0.0193303 0.0816168 -0.007 
v -0.0187626 0.0812374 0 
v -0.02 0.08175 -0.007 
v -0.0193303 0.0816168 0 
v -0.0206697 0.0816168 -0.007 
v -0.02 0.08175 0 
v -0.0212374 0.0812374 -0.007 
v -0.0206697 0.0816168 0 
v -0.0216168 0.0806697 -0.007 
v -0.0212374 0.0812374 0 
v -0.02175 0.08 -0.007 
v -0.0216168 0.0806697 0 
v -0.0216168 0.0793303 -0.007 
v -0.02175 0.08 0 
v -0.0212374 0.0787626 -0.007 
v -0.0216168 0.0793303 0 
v -0.0206697 0.0783832 -0.007 
v -0.0212374 0.0787626 0 
v -0.02 0.07825 -0.007 
v -0.0206697 0.0783832 0 
v -0.0193303 0.0783832 -0.007 
v -0.02 0.07825 0 
v -0.0187626 0.0787626 -0.007 
v -0.0193303 0.0783832 0 
v -0.0183832 0.0793303 -0.007 
v -0.0187626 0.0787626 0 
v -0.0183832 0.0793303 0 
vn -0.92388 -0.382683 0 
vn -1 0 0 
vn -1 0 0 
vn -0.707107 -0.707107 0 
vn -0.92388 -0.382683 0 
vn -0.382683 -0.92388 0 
vn -0.707107 -0.707107 0 
vn 1.83697e-16 -1 0 
vn -0.382683 -0.92388 0 
vn 0.382683 -0.92388 0 
vn 1.83697e-16 -1 0 
vn 0.707107 -0.707107 0 
vn 0.382683 -0.92388 0 
vn 0.92388 -0.382683 0 
vn 0.707107 -0.707107 0 
vn 1 1.22465e-16 0 
vn 0.92388 -0.382683 0 
vn 0.92388 0.382683 0 
vn 1 1.22465e-16 0 
vn 0.707107 0.707107 0 
vn 0.92388 0.382683 0 
vn 0.382683 0.92388 0 
vn 0.707107 0.707107 0 
vn -6.12323e-17 1 0 
vn 0.382683 0.92388 0 
vn -0.382683 0.92388 0 
vn -6.12323e-17 1 0 
vn -0.707107 0.707107 0 
vn -0.382683 0.92388 0 
vn -0.92388 0.382683 0 
vn -0.707107 0.707107 0 
vn -0.92388 0.382683 0 
f 5363//5363 5364//5364 5365//5365 
f 5366//5366 5363//5363 5367//5367 
f 5368//5368 5366//5366 5369//5369 
f 5370//5370 5368//5368 5371//5371 
f 5372//5372 5370//5370 5373//5373 
f 5374//5374 5372//5372 5375//5375 
f 5376//5376 5374//5374 5377//5377 
f 5378//5378 5376//5376 5379//5379 
f 5380//5380 5378//5378 5381//5381 
f 5382//5382 5380//5380 5383//5383 
f 5384//5384 5382//5382 5385//5385 
f 5386//5386 5384//5384 5387//5387 
f 5388//5388 5386//5386 5389//5389 
f 5390//5390 5388//5388 5391//5391 
f 5392//5392 5390//5390 5393//5393 
f 5364//5364 5392//5392 5394//5394 
f 5394//5394 5365//5365 5364//5364 
f 5393//5393 5394//5394 5392//5392 
f 5391//5391 5393//5393 5390//5390 
f 5389//5389 5391//5391 5388//5388 
f 5387//5387 5389//5389 5386//5386 
f 5385//5385 5387//5387 5384//5384 
f 5383//5383 5385//5385 5382//5382 
f 5381//5381 5383//5383 5380//5380 
f 5379//5379 5381//5381 5378//5378 
f 5377//5377 5379//5379 5376//5376 
f 5375//5375 5377//5377 5374//5374 
f 5373//5373 5375//5375 5372//5372 
f 5371//5371 5373//5373 5370//5370 
f 5369//5369 5371//5371 5368//5368 
f 5367//5367 5369//5369 5366//5366 
f 5365//5365 5367//5367 5363//5363 
o mesh75
v 0.00161679 0.0806697 -0.007 
v 0.00175 0.08 -0.007 
v 0.00175 0.08 0 
v 0.00123744 0.0812374 -0.007 
v 0.00161679 0.0806697 0 
v 0.000669696 0.0816168 -0.007 
v 0.00123744 0.0812374 0 
v -3.2147e-19 0.08175 -0.007 
v 0.000669696 0.0816168 0 
v -0.000669696 0.0816168 -0.007 
v -3.2147e-19 0.08175 0 
v -0.00123744 0.0812374 -0.007 
v -0.000669696 0.0816168 0 
v -0.00161679 0.0806697 -0.007 
v -0.00123744 0.0812374 0 
v -0.00175 0.08 -0.007 
v -0.00161679 0.0806697 0 
v -0.00161679 0.0793303 -0.007 
v -0.00175 0.08 0 
v -0.00123744 0.0787626 -0.007 
v -0.00161679 0.0793303 0 
v -0.000669696 0.0783832 -0.007 
v -0.00123744 0.0787626 0 
v 1.07157e-19 0.07825 -0.007 
v -0.000669696 0.0783832 0 
v 0.000669696 0.0783832 -0.007 
v 1.07157e-19 0.07825 0 
v 0.00123744 0.0787626 -0.007 
v 0.000669696 0.0783832 0 
v 0.00161679 0.0793303 -0.007 
v 0.00123744 0.0787626 0 
v 0.00161679 0.0793303 0 
vn -0.92388 -0.382683 0 
vn -1 0 0 
vn -1 0 0 
vn -0.707107 -0.707107 0 
vn -0.92388 -0.382683 0 
vn -0.382683 -0.92388 0 
vn -0.707107 -0.707107 0 
vn 1.83697e-16 -1 0 
vn -0.382683 -0.92388 0 
vn 0.382683 -0.92388 0 
vn 1.83697e-16 -1 0 
vn 0.707107 -0.707107 0 
vn 0.382683 -0.92388 0 
vn 0.92388 -0.382683 0 
vn 0.707107 -0.707107 0 
vn 1 1.22465e-16 0 
vn 0.92388 -0.382683 0 
vn 0.92388 0.382683 0 
vn 1 1.22465e-16 0 
vn 0.707107 0.707107 0 
vn 0.92388 0.382683 0 
vn 0.382683 0.92388 0 
vn 0.707107 0.707107 0 
vn -6.12323e-17 1 0 
vn 0.382683 0.92388 0 
vn -0.382683 0.92388 0 
vn -6.12323e-17 1 0 
vn -0.707107 0.707107 0 
vn -0.382683 0.92388 0 
vn -0.92388 0.382683 0 
vn -0.707107 0.707107 0 
vn -0.92388 0.382683 0 
f 5395//5395 5396//5396 5397//5397 
f 5398//5398 5395//5395 5399//5399 
f 5400//5400 5398//5398 5401//5401 
f 5402//5402 5400//5400 5403//5403 
f 5404//5404 5402//5402 5405//5405 
f 5406//5406 5404//5404 5407//5407 
f 5408//5408 5406//5406 5409//5409 
f 5410//5410 5408//5408 5411//5411 
f 5412//5412 5410//5410 5413//5413 
f 5414//5414 5412//5412 5415//5415 
f 5416//5416 5414//5414 5417//5417 
f 5418//5418 5416//5416 5419//5419 
f 5420//5420 5418//5418 5421//5421 
f 5422//5422 5420//5420 5423//5423 
f 5424//5424 5422//5422 5425//5425 
f 5396//5396 5424//5424 5426//5426 
f 5426//5426 5397//5397 5396//5396 
f 5425//5425 5426//5426 5424//5424 
f 5423//5423 5425//5425 5422//5422 
f 5421//5421 5423//5423 5420//5420 
f 5419//5419 5421//5421 5418//5418 
f 5417//5417 5419//5419 5416//5416 
f 5415//5415 5417//5417 5414//5414 
f 5413//5413 5415//5415 5412//5412 
f 5411//5411 5413//5413 5410//5410 
f 5409//5409 5411//5411 5408//5408 
f 5407//5407 5409//5409 5406//5406 
f 5405//5405 5407//5407 5404//5404 
f 5403//5403 5405//5405 5402//5402 
f 5401//5401 5403//5403 5400//5400 
f 5399//5399 5401//5401 5398//5398 
f 5397//5397 5399//5399 5395//5395 
o mesh76
v -0.0183832 0.0206697 -0.007 
v -0.01825 0.02 -0.007 
v -0.01825 0.02 0 
v -0.0187626 0.0212374 -0.007 
v -0.0183832 0.0206697 0 
v -0.0193303 0.0216168 -0.007 
v -0.0187626 0.0212374 0 
v -0.02 0.02175 -0.007 
v -0.0193303 0.0216168 0 
v -0.0206697 0.0216168 -0.007 
v -0.02 0.02175 0 
v -0.0212374 0.0212374 -0.007 
v -0.0206697 0.0216168 0 
v -0.0216168 0.0206697 -0.007 
v -0.0212374 0.0212374 0 
v -0.02175 0.02 -0.007 
v -0.0216168 0.0206697 0 
v -0.0216168 0.0193303 -0.007 
v -0.0216684 0.0195897 -0.007 
v -0.0216684 0.0195897 0 
v -0.02175 0.02 0 
v -0.0212374 0.0187626 -0.007 
v -0.0216168 0.0193303 0 
v -0.0206697 0.0183832 -0.007 
v -0.0212374 0.0187626 0 
v -0.02 0.01825 -0.007 
v -0.0206697 0.0183832 0 
v -0.0193303 0.0183832 -0.007 
v -0.02 0.01825 0 
v -0.0187626 0.0187626 -0.007 
v -0.0193303 0.0183832 0 
v -0.0183832 0.0193303 -0.007 
v -0.0187626 0.0187626 0 
v -0.0183316 0.0195897 -0.007 
v -0.0183316 0.0195897 0 
v -0.0183832 0.0193303 0 
vn -0.92388 -0.382683 0 
vn -1 0 0 
vn -1 0 0 
vn -0.707107 -0.707107 0 
vn -0.92388 -0.382683 0 
vn -0.382683 -0.92388 0 
vn -0.707107 -0.707107 0 
vn 1.83697e-16 -1 0 
vn -0.382683 -0.92388 0 
vn 0.382683 -0.92388 0 
vn 1.83697e-16 -1 0 
vn 0.707107 -0.707107 0 
vn 0.382683 -0.92388 0 
vn 0.92388 -0.382683 0 
vn 0.707107 -0.707107 0 
vn 1 1.22465e-16 0 
vn 0.92388 -0.382683 0 
vn 0.92388 0.382683 0 
vn 0.971073 0.238784 0 
vn 0.971073 0.238784 0 
vn 1 1.22465e-16 0 
vn 0.707107 0.707107 0 
vn 0.92388 0.382683 0 
vn 0.382683 0.92388 0 
vn 0.707107 0.707107 0 
vn -6.12323e-17 1 0 
vn 0.382683 0.92388 0 
vn -0.382683 0.92388 0 
vn -6.12323e-17 1 0 
vn -0.707107 0.707107 0 
vn -0.382683 0.92388 0 
vn -0.92388 0.382683 0 
vn -0.707107 0.707107 0 
vn -0.971073 0.238784 0 
vn -0.971073 0.238784 0 
vn -0.92388 0.382683 0 
f 5427//5427 5428//5428 5429//5429 
f 5430//5430 5427//5427 5431//5431 
f 5432//5432 5430//5430 5433//5433 
f 5434//5434 5432//5432 5435//5435 
f 5436//5436 5434//5434 5437//5437 
f 5438//5438 5436//5436 5439//5439 
f 5440//5440 5438//5438 5441//5441 
f 5442//5442 5440//5440 5443//5443 
f 5444//5444 5445//5445 5446//5446 
f 5447//5447 5446//5446 5445//5445 
f 5445//5445 5442//5442 5447//5447 
f 5448//5448 5444//5444 5449//5449 
f 5450//5450 5448//5448 5451//5451 
f 5452//5452 5450//5450 5453//5453 
f 5454//5454 5452//5452 5455//5455 
f 5456//5456 5454//5454 5457//5457 
f 5458//5458 5456//5456 5459//5459 
f 5428//5428 5460//5460 5461//5461 
f 5462//5462 5461//5461 5460//5460 
f 5460//5460 5458//5458 5462//5462 
f 5461//5461 5429//5429 5428//5428 
f 5459//5459 5462//5462 5458//5458 
f 5457//5457 5459//5459 5456//5456 
f 5455//5455 5457//5457 5454//5454 
f 5453//5453 5455//5455 5452//5452 
f 5451//5451 5453//5453 5450//5450 
f 5449//5449 5451//5451 5448//5448 
f 5446//5446 5449//5449 5444//5444 
f 5443//5443 5447//5447 5442//5442 
f 5441//5441 5443//5443 5440//5440 
f 5439//5439 5441//5441 5438//5438 
f 5437//5437 5439//5439 5436//5436 
f 5435//5435 5437//5437 5434//5434 
f 5433//5433 5435//5435 5432//5432 
f 5431//5431 5433//5433 5430//5430 
f 5429//5429 5431//5431 5427//5427 
o mesh77
v 0.0616168 0.0206697 -0.007 
v 0.06175 0.02 -0.007 
v 0.06175 0.02 0 
v 0.0612374 0.0212374 -0.007 
v 0.061391 0.0210076 -0.007 
v 0.061391 0.0210076 0 
v 0.0616168 0.0206697 0 
v 0.0606697 0.0216168 -0.007 
v 0.0612374 0.0212374 0 
v 0.06 0.02175 -0.007 
v 0.0606697 0.0216168 0 
v 0.0593303 0.0216168 -0.007 
v 0.06 0.02175 0 
v 0.0587626 0.0212374 -0.007 
v 0.0593303 0.0216168 0 
v 0.0583832 0.0206697 -0.007 
v 0.0587626 0.0212374 0 
v 0.05825 0.02 -0.007 
v 0.0583832 0.0206697 0 
v 0.0583832 0.0193303 -0.007 
v 0.0583316 0.0195897 -0.007 
v 0.0583316 0.0195897 0 
v 0.05825 0.02 0 
v 0.0587626 0.0187626 -0.007 
v 0.0583832 0.0193303 0 
v 0.0593303 0.0183832 -0.007 
v 0.0587626 0.0187626 0 
v 0.06 0.01825 -0.007 
v 0.0593303 0.0183832 0 
v 0.0606697 0.0183832 -0.007 
v 0.06 0.01825 0 
v 0.0612374 0.0187626 -0.007 
v 0.0606697 0.0183832 0 
v 0.0616168 0.0193303 -0.007 
v 0.061391 0.0189924 -0.007 
v 0.061391 0.0189924 0 
v 0.0612374 0.0187626 0 
v 0.0616684 0.0195897 -0.007 
v 0.0616684 0.0195897 0 
v 0.0616168 0.0193303 0 
vn -0.92388 -0.382683 0 
vn -1 0 0 
vn -1 0 0 
vn -0.707107 -0.707107 0 
vn -0.809859 -0.586625 0 
vn -0.809859 -0.586625 0 
vn -0.92388 -0.382683 0 
vn -0.382683 -0.92388 0 
vn -0.707107 -0.707107 0 
vn 1.83697e-16 -1 0 
vn -0.382683 -0.92388 0 
vn 0.382683 -0.92388 0 
vn 1.83697e-16 -1 0 
vn 0.707107 -0.707107 0 
vn 0.382683 -0.92388 0 
vn 0.92388 -0.382683 0 
vn 0.707107 -0.707107 0 
vn 1 1.22465e-16 0 
vn 0.92388 -0.382683 0 
vn 0.92388 0.382683 0 
vn 0.971073 0.238784 0 
vn 0.971073 0.238784 0 
vn 1 1.22465e-16 0 
vn 0.707107 0.707107 0 
vn 0.92388 0.382683 0 
vn 0.382683 0.92388 0 
vn 0.707107 0.707107 0 
vn -6.12323e-17 1 0 
vn 0.382683 0.92388 0 
vn -0.382683 0.92388 0 
vn -6.12323e-17 1 0 
vn -0.707107 0.707107 0 
vn -0.382683 0.92388 0 
vn -0.92388 0.382683 0 
vn -0.809859 0.586625 0 
vn -0.809859 0.586625 0 
vn -0.707107 0.707107 0 
vn -0.971073 0.238784 0 
vn -0.971073 0.238784 0 
vn -0.92388 0.382683 0 
f 5463//5463 5464//5464 5465//5465 
f 5466//5466 5467//5467 5468//5468 
f 5469//5469 5468//5468 5467//5467 
f 5467//5467 5463//5463 5469//5469 
f 5470//5470 5466//5466 5471//5471 
f 5472//5472 5470//5470 5473//5473 
f 5474//5474 5472//5472 5475//5475 
f 5476//5476 5474//5474 5477//5477 
f 5478//5478 5476//5476 5479//5479 
f 5480//5480 5478//5478 5481//5481 
f 5482//5482 5483//5483 5484//5484 
f 5485//5485 5484//5484 5483//5483 
f 5483//5483 5480//5480 5485//5485 
f 5486//5486 5482//5482 5487//5487 
f 5488//5488 5486//5486 5489//5489 
f 5490//5490 5488//5488 5491//5491 
f 5492//5492 5490//5490 5493//5493 
f 5494//5494 5492//5492 5495//5495 
f 5496//5496 5497//5497 5498//5498 
f 5499//5499 5498//5498 5497//5497 
f 5497//5497 5494//5494 5499//5499 
f 5464//5464 5500//5500 5501//5501 
f 5502//5502 5501//5501 5500//5500 
f 5500//5500 5496//5496 5502//5502 
f 5501//5501 5465//5465 5464//5464 
f 5498//5498 5502//5502 5496//5496 
f 5495//5495 5499//5499 5494//5494 
f 5493//5493 5495//5495 5492//5492 
f 5491//5491 5493//5493 5490//5490 
f 5489//5489 5491//5491 5488//5488 
f 5487//5487 5489//5489 5486//5486 
f 5484//5484 5487//5487 5482//5482 
f 5481//5481 5485//5485 5480//5480 
f 5479//5479 5481//5481 5478//5478 
f 5477//5477 5479//5479 5476//5476 
f 5475//5475 5477//5477 5474//5474 
f 5473//5473 5475//5475 5472//5472 
f 5471//5471 5473//5473 5470//5470 
f 5468//5468 5471//5471 5466//5466 
f 5465//5465 5469//5469 5463//5463 
o mesh78
v 0.0616168 -0.0793303 -0.007 
v 0.06175 -0.08 -0.007 
v 0.06175 -0.08 0 
v 0.0612374 -0.0787626 -0.007 
v 0.061391 -0.0789924 -0.007 
v 0.061391 -0.0789924 0 
v 0.0616168 -0.0793303 0 
v 0.0606697 -0.0783832 -0.007 
v 0.0612374 -0.0787626 0 
v 0.06 -0.07825 -0.007 
v 0.0606697 -0.0783832 0 
v 0.0593303 -0.0783832 -0.007 
v 0.06 -0.07825 0 
v 0.0587626 -0.0787626 -0.007 
v 0.0593303 -0.0783832 0 
v 0.0583832 -0.0793303 -0.007 
v 0.0587626 -0.0787626 0 
v 0.05825 -0.08 -0.007 
v 0.0583832 -0.0793303 0 
v 0.0583832 -0.0806697 -0.007 
v 0.05825 -0.08 0 
v 0.0587626 -0.0812374 -0.007 
v 0.0583832 -0.0806697 0 
v 0.0593303 -0.0816168 -0.007 
v 0.0587626 -0.0812374 0 
v 0.06 -0.08175 -0.007 
v 0.0593303 -0.0816168 0 
v 0.0606697 -0.0816168 -0.007 
v 0.06 -0.08175 0 
v 0.0612374 -0.0812374 -0.007 
v 0.0606697 -0.0816168 0 
v 0.0616168 -0.0806697 -0.007 
v 0.061391 -0.0810076 -0.007 
v 0.061391 -0.0810076 0 
v 0.0612374 -0.0812374 0 
v 0.0616168 -0.0806697 0 
vn -0.92388 -0.382683 0 
vn -1 0 0 
vn -1 0 0 
vn -0.707107 -0.707107 0 
vn -0.809859 -0.586625 0 
vn -0.809859 -0.586625 0 
vn -0.92388 -0.382683 0 
vn -0.382683 -0.92388 0 
vn -0.707107 -0.707107 0 
vn 1.83697e-16 -1 0 
vn -0.382683 -0.92388 0 
vn 0.382683 -0.92388 0 
vn 1.83697e-16 -1 0 
vn 0.707107 -0.707107 0 
vn 0.382683 -0.92388 0 
vn 0.92388 -0.382683 0 
vn 0.707107 -0.707107 0 
vn 1 1.22465e-16 0 
vn 0.92388 -0.382683 0 
vn 0.92388 0.382683 0 
vn 1 1.22465e-16 0 
vn 0.707107 0.707107 0 
vn 0.92388 0.382683 0 
vn 0.382683 0.92388 0 
vn 0.707107 0.707107 0 
vn -6.12323e-17 1 0 
vn 0.382683 0.92388 0 
vn -0.382683 0.92388 0 
vn -6.12323e-17 1 0 
vn -0.707107 0.707107 0 
vn -0.382683 0.92388 0 
vn -0.92388 0.382683 0 
vn -0.809859 0.586625 0 
vn -0.809859 0.586625 0 
vn -0.707107 0.707107 0 
vn -0.92388 0.382683 0 
f 5503//5503 5504//5504 5505//5505 
f 5506//5506 5507//5507 5508//5508 
f 5509//5509 5508//5508 5507//5507 
f 5507//5507 5503//5503 5509//5509 
f 5510//5510 5506//5506 5511//5511 
f 5512//5512 5510//5510 5513//5513 
f 5514//5514 5512//5512 5515//5515 
f 5516//5516 5514//5514 5517//5517 
f 5518//5518 5516//5516 5519//5519 
f 5520//5520 5518//5518 5521//5521 
f 5522//5522 5520//5520 5523//5523 
f 5524//5524 5522//5522 5525//5525 
f 5526//5526 5524//5524 5527//5527 
f 5528//5528 5526//5526 5529//5529 
f 5530//5530 5528//5528 5531//5531 
f 5532//5532 5530//5530 5533//5533 
f 5534//5534 5535//5535 5536//5536 
f 5537//5537 5536//5536 5535//5535 
f 5535//5535 5532//5532 5537//5537 
f 5504//5504 5534//5534 5538//5538 
f 5538//5538 5505//5505 5504//5504 
f 5536//5536 5538//5538 5534//5534 
f 5533//5533 5537//5537 5532//5532 
f 5531//5531 5533//5533 5530//5530 
f 5529//5529 5531//5531 5528//5528 
f 5527//5527 5529//5529 5526//5526 
f 5525//5525 5527//5527 5524//5524 
f 5523//5523 5525//5525 5522//5522 
f 5521//5521 5523//5523 5520//5520 
f 5519//5519 5521//5521 5518//5518 
f 5517//5517 5519//5519 5516//5516 
f 5515//5515 5517//5517 5514//5514 
f 5513//5513 5515//5515 5512//5512 
f 5511//5511 5513//5513 5510//5510 
f 5508//5508 5511//5511 5506//5506 
f 5505//5505 5509//5509 5503//5503 
o mesh79
v 0.0816168 -0.0393303 -0.007 
v 0.08175 -0.04 -0.007 
v 0.08175 -0.04 0 
v 0.0812374 -0.0387626 -0.007 
v 0.0816168 -0.0393303 0 
v 0.0806697 -0.0383832 -0.007 
v 0.0812374 -0.0387626 0 
v 0.08 -0.03825 -0.007 
v 0.0806697 -0.0383832 0 
v 0.0793303 -0.0383832 -0.007 
v 0.08 -0.03825 0 
v 0.0787626 -0.0387626 -0.007 
v 0.0793303 -0.0383832 0 
v 0.0783832 -0.0393303 -0.007 
v 0.0787626 -0.0387626 0 
v 0.07825 -0.04 -0.007 
v 0.0783832 -0.0393303 0 
v 0.0783832 -0.0406697 -0.007 
v 0.07825 -0.04 0 
v 0.0787626 -0.0412374 -0.007 
v 0.0783832 -0.0406697 0 
v 0.0793303 -0.0416168 -0.007 
v 0.0787626 -0.0412374 0 
v 0.08 -0.04175 -0.007 
v 0.0793303 -0.0416168 0 
v 0.0806697 -0.0416168 -0.007 
v 0.08 -0.04175 0 
v 0.0812374 -0.0412374 -0.007 
v 0.0806697 -0.0416168 0 
v 0.0816168 -0.0406697 -0.007 
v 0.0812374 -0.0412374 0 
v 0.0816168 -0.0406697 0 
vn -0.92388 -0.382683 0 
vn -1 0 0 
vn -1 0 0 
vn -0.707107 -0.707107 0 
vn -0.92388 -0.382683 0 
vn -0.382683 -0.92388 0 
vn -0.707107 -0.707107 0 
vn 1.83697e-16 -1 0 
vn -0.382683 -0.92388 0 
vn 0.382683 -0.92388 0 
vn 1.83697e-16 -1 0 
vn 0.707107 -0.707107 0 
vn 0.382683 -0.92388 0 
vn 0.92388 -0.382683 0 
vn 0.707107 -0.707107 0 
vn 1 1.22465e-16 0 
vn 0.92388 -0.382683 0 
vn 0.92388 0.382683 0 
vn 1 1.22465e-16 0 
vn 0.707107 0.707107 0 
vn 0.92388 0.382683 0 
vn 0.382683 0.92388 0 
vn 0.707107 0.707107 0 
vn -6.12323e-17 1 0 
vn 0.382683 0.92388 0 
vn -0.382683 0.92388 0 
vn -6.12323e-17 1 0 
vn -0.707107 0.707107 0 
vn -0.382683 0.92388 0 
vn -0.92388 0.382683 0 
vn -0.707107 0.707107 0 
vn -0.92388 0.382683 0 
f 5539//5539 5540//5540 5541//5541 
f 5542//5542 5539//5539 5543//5543 
f 5544//5544 5542//5542 5545//5545 
f 5546//5546 5544//5544 5547//5547 
f 5548//5548 5546//5546 5549//5549 
f 5550//5550 5548//5548 5551//5551 
f 5552//5552 5550//5550 5553//5553 
f 5554//5554 5552//5552 5555//5555 
f 5556//5556 5554//5554 5557//5557 
f 5558//5558 5556//5556 5559//5559 
f 5560//5560 5558//5558 5561//5561 
f 5562//5562 5560//5560 5563//5563 
f 5564//5564 5562//5562 5565//5565 
f 5566//5566 5564//5564 5567//5567 
f 5568//5568 5566//5566 5569//5569 
f 5540//5540 5568//5568 5570//5570 
f 5570//5570 5541//5541 5540//5540 
f 5569//5569 5570//5570 5568//5568 
f 5567//5567 5569//5569 5566//5566 
f 5565//5565 5567//5567 5564//5564 
f 5563//5563 5565//5565 5562//5562 
f 5561//5561 5563//5563 5560//5560 
f 5559//5559 5561//5561 5558//5558 
f 5557//5557 5559//5559 5556//5556 
f 5555//5555 5557//5557 5554//5554 
f 5553//5553 5555//5555 5552//5552 
f 5551//5551 5553//5553 5550//5550 
f 5549//5549 5551//5551 5548//5548 
f 5547//5547 5549//5549 5546//5546 
f 5545//5545 5547//5547 5544//5544 
f 5543//5543 5545//5545 5542//5542 
f 5541//5541 5543//5543 5539//5539 
o mesh80
v 0.00161679 -0.0193303 -0.007 
v 0.00175 -0.02 -0.007 
v 0.00175 -0.02 0 
v 0.00123744 -0.0187626 -0.007 
v 0.00161679 -0.0193303 0 
v 0.000669696 -0.0183832 -0.007 
v 0.00123744 -0.0187626 0 
v -3.2147e-19 -0.01825 -0.007 
v 0.000669696 -0.0183832 0 
v -0.000669696 -0.0183832 -0.007 
v -3.2147e-19 -0.01825 0 
v -0.00123744 -0.0187626 -0.007 
v -0.000669696 -0.0183832 0 
v -0.00161679 -0.0193303 -0.007 
v -0.00123744 -0.0187626 0 
v -0.00175 -0.02 -0.007 
v -0.00161679 -0.0193303 0 
v -0.00161679 -0.0206697 -0.007 
v -0.00175 -0.02 0 
v -0.00123744 -0.0212374 -0.007 
v -0.00161679 -0.0206697 0 
v -0.000669696 -0.0216168 -0.007 
v -0.00123744 -0.0212374 0 
v 1.07157e-19 -0.02175 -0.007 
v -0.000669696 -0.0216168 0 
v 0.000669696 -0.0216168 -0.007 
v 1.07157e-19 -0.02175 0 
v 0.00123744 -0.0212374 -0.007 
v 0.000669696 -0.0216168 0 
v 0.00161679 -0.0206697 -0.007 
v 0.00123744 -0.0212374 0 
v 0.00161679 -0.0206697 0 
vn -0.92388 -0.382683 0 
vn -1 0 0 
vn -1 0 0 
vn -0.707107 -0.707107 0 
vn -0.92388 -0.382683 0 
vn -0.382683 -0.92388 0 
vn -0.707107 -0.707107 0 
vn 1.83697e-16 -1 0 
vn -0.382683 -0.92388 0 
vn 0.382683 -0.92388 0 
vn 1.83697e-16 -1 0 
vn 0.707107 -0.707107 0 
vn 0.382683 -0.92388 0 
vn 0.92388 -0.382683 0 
vn 0.707107 -0.707107 0 
vn 1 1.22465e-16 0 
vn 0.92388 -0.382683 0 
vn 0.92388 0.382683 0 
vn 1 1.22465e-16 0 
vn 0.707107 0.707107 0 
vn 0.92388 0.382683 0 
vn 0.382683 0.92388 0 
vn 0.707107 0.707107 0 
vn -6.12323e-17 1 0 
vn 0.382683 0.92388 0 
vn -0.382683 0.92388 0 
vn -6.12323e-17 1 0 
vn -0.707107 0.707107 0 
vn -0.382683 0.92388 0 
vn -0.92388 0.382683 0 
vn -0.707107 0.707107 0 
vn -0.92388 0.382683 0 
f 5571//5571 5572//5572 5573//5573 
f 5574//5574 5571//5571 5575//5575 
f 5576//5576 5574//5574 5577//5577 
f 5578//5578 5576//5576 5579//5579 
f 5580//5580 5578//5578 5581//5581 
f 5582//5582 5580//5580 5583//5583 
f 5584//5584 5582//5582 5585//5585 
f 5586//5586 5584//5584 5587//5587 
f 5588//5588 5586//5586 5589//5589 
f 5590//5590 5588//5588 5591//5591 
f 5592//5592 5590//5590 5593//5593 
f 5594//5594 5592//5592 5595//5595 
f 5596//5596 5594//5594 5597//5597 
f 5598//5598 5596//5596 5599//5599 
f 5600//5600 5598//5598 5601//5601 
f 5572//5572 5600//5600 5602//5602 
f 5602//5602 5573//5573 5572//5572 
f 5601//5601 5602//5602 5600//5600 
f 5599//5599 5601//5601 5598//5598 
f 5597//5597 5599//5599 5596//5596 
f 5595//5595 5597//5597 5594//5594 
f 5593//5593 5595//5595 5592//5592 
f 5591//5591 5593//5593 5590//5590 
f 5589//5589 5591//5591 5588//5588 
f 5587//5587 5589//5589 5586//5586 
f 5585//5585 5587//5587 5584//5584 
f 5583//5583 5585//5585 5582//5582 
f 5581//5581 5583//5583 5580//5580 
f 5579//5579 5581//5581 5578//5578 
f 5577//5577 5579//5579 5576//5576 
f 5575//5575 5577//5577 5574//5574 
f 5573//5573 5575//5575 5571//5571 
o mesh81
v 0.0616168 0.000669696 -0.007 
v 0.06175 4.28626e-19 -0.007 
v 0.06175 0 0 
v 0.0612374 0.00123744 -0.007 
v 0.061391 0.00100759 -0.007 
v 0.061391 0.00100759 0 
v 0.0616168 0.000669696 0 
v 0.0606697 0.00161679 -0.007 
v 0.0612374 0.00123744 0 
v 0.06 0.00175 -0.007 
v 0.0606697 0.00161679 0 
v 0.0593303 0.00161679 -0.007 
v 0.06 0.00175 0 
v 0.0587626 0.00123744 -0.007 
v 0.0593303 0.00161679 0 
v 0.0583832 0.000669696 -0.007 
v 0.0587626 0.00123744 0 
v 0.05825 -2.14313e-19 -0.007 
v 0.0583832 0.000669696 0 
v 0.0583832 -0.000669696 -0.007 
v 0.05825 -2.14313e-19 0 
v 0.0587626 -0.00123744 -0.007 
v 0.0583832 -0.000669696 0 
v 0.0593303 -0.00161679 -0.007 
v 0.0587626 -0.00123744 0 
v 0.06 -0.00175 -0.007 
v 0.0593303 -0.00161679 0 
v 0.0606697 -0.00161679 -0.007 
v 0.06 -0.00175 0 
v 0.0612374 -0.00123744 -0.007 
v 0.0606697 -0.00161679 0 
v 0.0616168 -0.000669696 -0.007 
v 0.061391 -0.00100759 -0.007 
v 0.061391 -0.00100759 0 
v 0.0612374 -0.00123744 0 
v 0.0616168 -0.000669696 0 
vn -0.92388 -0.382683 0 
vn -1 0 0 
vn -1 0 0 
vn -0.707107 -0.707107 0 
vn -0.809859 -0.586625 0 
vn -0.809859 -0.586625 0 
vn -0.92388 -0.382683 0 
vn -0.382683 -0.92388 0 
vn -0.707107 -0.707107 0 
vn 1.83697e-16 -1 0 
vn -0.382683 -0.92388 0 
vn 0.382683 -0.92388 0 
vn 1.83697e-16 -1 0 
vn 0.707107 -0.707107 0 
vn 0.382683 -0.92388 0 
vn 0.92388 -0.382683 0 
vn 0.707107 -0.707107 0 
vn 1 1.22465e-16 0 
vn 0.92388 -0.382683 0 
vn 0.92388 0.382683 0 
vn 1 1.22465e-16 0 
vn 0.707107 0.707107 0 
vn 0.92388 0.382683 0 
vn 0.382683 0.92388 0 
vn 0.707107 0.707107 0 
vn -6.12323e-17 1 0 
vn 0.382683 0.92388 0 
vn -0.382683 0.92388 0 
vn -6.12323e-17 1 0 
vn -0.707107 0.707107 0 
vn -0.382683 0.92388 0 
vn -0.92388 0.382683 0 
vn -0.809859 0.586625 0 
vn -0.809859 0.586625 0 
vn -0.707107 0.707107 0 
vn -0.92388 0.382683 0 
f 5603//5603 5604//5604 5605//5605 
f 5606//5606 5607//5607 5608//5608 
f 5609//5609 5608//5608 5607//5607 
f 5607//5607 5603//5603 5609//5609 
f 5610//5610 5606//5606 5611//5611 
f 5612//5612 5610//5610 5613//5613 
f 5614//5614 5612//5612 5615//5615 
f 5616//5616 5614//5614 5617//5617 
f 5618//5618 5616//5616 5619//5619 
f 5620//5620 5618//5618 5621//5621 
f 5622//5622 5620//5620 5623//5623 
f 5624//5624 5622//5622 5625//5625 
f 5626//5626 5624//5624 5627//5627 
f 5628//5628 5626//5626 5629//5629 
f 5630//5630 5628//5628 5631//5631 
f 5632//5632 5630//5630 5633//5633 
f 5634//5634 5635//5635 5636//5636 
f 5637//5637 5636//5636 5635//5635 
f 5635//5635 5632//5632 5637//5637 
f 5604//5604 5634//5634 5638//5638 
f 5638//5638 5605//5605 5604//5604 
f 5636//5636 5638//5638 5634//5634 
f 5633//5633 5637//5637 5632//5632 
f 5631//5631 5633//5633 5630//5630 
f 5629//5629 5631//5631 5628//5628 
f 5627//5627 5629//5629 5626//5626 
f 5625//5625 5627//5627 5624//5624 
f 5623//5623 5625//5625 5622//5622 
f 5621//5621 5623//5623 5620//5620 
f 5619//5619 5621//5621 5618//5618 
f 5617//5617 5619//5619 5616//5616 
f 5615//5615 5617//5617 5614//5614 
f 5613//5613 5615//5615 5612//5612 
f 5611//5611 5613//5613 5610//5610 
f 5608//5608 5611//5611 5606//5606 
f 5605//5605 5609//5609 5603//5603 
o mesh82
v -0.0783832 -0.0193303 -0.007 
v -0.07825 -0.02 -0.007 
v -0.07825 -0.02 0 
v -0.0787626 -0.0187626 -0.007 
v -0.0783832 -0.0193303 0 
v -0.0793303 -0.0183832 -0.007 
v -0.0787626 -0.0187626 0 
v -0.08 -0.01825 -0.007 
v -0.0793303 -0.0183832 0 
v -0.0806697 -0.0183832 -0.007 
v -0.08 -0.01825 0 
v -0.0812374 -0.0187626 -0.007 
v -0.0806697 -0.0183832 0 
v -0.0816168 -0.0193303 -0.007 
v -0.0812374 -0.0187626 0 
v -0.08175 -0.02 -0.007 
v -0.0816168 -0.0193303 0 
v -0.0816168 -0.0206697 -0.007 
v -0.08175 -0.02 0 
v -0.0812374 -0.0212374 -0.007 
v -0.0816168 -0.0206697 0 
v -0.0806697 -0.0216168 -0.007 
v -0.0812374 -0.0212374 0 
v -0.08 -0.02175 -0.007 
v -0.0806697 -0.0216168 0 
v -0.0793303 -0.0216168 -0.007 
v -0.08 -0.02175 0 
v -0.0787626 -0.0212374 -0.007 
v -0.0793303 -0.0216168 0 
v -0.0783832 -0.0206697 -0.007 
v -0.0787626 -0.0212374 0 
v -0.0783832 -0.0206697 0 
vn -0.92388 -0.382683 0 
vn -1 0 0 
vn -1 0 0 
vn -0.707107 -0.707107 0 
vn -0.92388 -0.382683 0 
vn -0.382683 -0.92388 0 
vn -0.707107 -0.707107 0 
vn 1.83697e-16 -1 0 
vn -0.382683 -0.92388 0 
vn 0.382683 -0.92388 0 
vn 1.83697e-16 -1 0 
vn 0.707107 -0.707107 0 
vn 0.382683 -0.92388 0 
vn 0.92388 -0.382683 0 
vn 0.707107 -0.707107 0 
vn 1 1.22465e-16 0 
vn 0.92388 -0.382683 0 
vn 0.92388 0.382683 0 
vn 1 1.22465e-16 0 
vn 0.707107 0.707107 0 
vn 0.92388 0.382683 0 
vn 0.382683 0.92388 0 
vn 0.707107 0.707107 0 
vn -6.12323e-17 1 0 
vn 0.382683 0.92388 0 
vn -0.382683 0.92388 0 
vn -6.12323e-17 1 0 
vn -0.707107 0.707107 0 
vn -0.382683 0.92388 0 
vn -0.92388 0.382683 0 
vn -0.707107 0.707107 0 
vn -0.92388 0.382683 0 
f 5639//5639 5640//5640 5641//5641 
f 5642//5642 5639//5639 5643//5643 
f 5644//5644 5642//5642 5645//5645 
f 5646//5646 5644//5644 5647//5647 
f 5648//5648 5646//5646 5649//5649 
f 5650//5650 5648//5648 5651//5651 
f 5652//5652 5650//5650 5653//5653 
f 5654//5654 5652//5652 5655//5655 
f 5656//5656 5654//5654 5657//5657 
f 5658//5658 5656//5656 5659//5659 
f 5660//5660 5658//5658 5661//5661 
f 5662//5662 5660//5660 5663//5663 
f 5664//5664 5662//5662 5665//5665 
f 5666//5666 5664//5664 5667//5667 
f 5668//5668 5666//5666 5669//5669 
f 5640//5640 5668//5668 5670//5670 
f 5670//5670 5641//5641 5640//5640 
f 5669//5669 5670//5670 5668//5668 
f 5667//5667 5669//5669 5666//5666 
f 5665//5665 5667//5667 5664//5664 
f 5663//5663 5665//5665 5662//5662 
f 5661//5661 5663//5663 5660//5660 
f 5659//5659 5661//5661 5658//5658 
f 5657//5657 5659//5659 5656//5656 
f 5655//5655 5657//5657 5654//5654 
f 5653//5653 5655//5655 5652//5652 
f 5651//5651 5653//5653 5650//5650 
f 5649//5649 5651//5651 5648//5648 
f 5647//5647 5649//5649 5646//5646 
f 5645//5645 5647//5647 5644//5644 
f 5643//5643 5645//5645 5642//5642 
f 5641//5641 5643//5643 5639//5639 
o mesh83
v -0.0583832 -0.0193303 -0.007 
v -0.05825 -0.02 -0.007 
v -0.05825 -0.02 0 
v -0.0587626 -0.0187626 -0.007 
v -0.0583832 -0.0193303 0 
v -0.0593303 -0.0183832 -0.007 
v -0.0587626 -0.0187626 0 
v -0.06 -0.01825 -0.007 
v -0.0593303 -0.0183832 0 
v -0.0606697 -0.0183832 -0.007 
v -0.06 -0.01825 0 
v -0.0612374 -0.0187626 -0.007 
v -0.0606697 -0.0183832 0 
v -0.0616168 -0.0193303 -0.007 
v -0.0612374 -0.0187626 0 
v -0.06175 -0.02 -0.007 
v -0.0616168 -0.0193303 0 
v -0.0616168 -0.0206697 -0.007 
v -0.06175 -0.02 0 
v -0.0612374 -0.0212374 -0.007 
v -0.0616168 -0.0206697 0 
v -0.0606697 -0.0216168 -0.007 
v -0.0612374 -0.0212374 0 
v -0.06 -0.02175 -0.007 
v -0.0606697 -0.0216168 0 
v -0.0593303 -0.0216168 -0.007 
v -0.06 -0.02175 0 
v -0.0587626 -0.0212374 -0.007 
v -0.0593303 -0.0216168 0 
v -0.0583832 -0.0206697 -0.007 
v -0.0587626 -0.0212374 0 
v -0.0583832 -0.0206697 0 
vn -0.92388 -0.382683 0 
vn -1 0 0 
vn -1 0 0 
vn -0.707107 -0.707107 0 
vn -0.92388 -0.382683 0 
vn -0.382683 -0.92388 0 
vn -0.707107 -0.707107 0 
vn 1.83697e-16 -1 0 
vn -0.382683 -0.92388 0 
vn 0.382683 -0.92388 0 
vn 1.83697e-16 -1 0 
vn 0.707107 -0.707107 0 
vn 0.382683 -0.92388 0 
vn 0.92388 -0.382683 0 
vn 0.707107 -0.707107 0 
vn 1 1.22465e-16 0 
vn 0.92388 -0.382683 0 
vn 0.92388 0.382683 0 
vn 1 1.22465e-16 0 
vn 0.707107 0.707107 0 
vn 0.92388 0.382683 0 
vn 0.382683 0.92388 0 
vn 0.707107 0.707107 0 
vn -6.12323e-17 1 0 
vn 0.382683 0.92388 0 
vn -0.382683 0.92388 0 
vn -6.12323e-17 1 0 
vn -0.707107 0.707107 0 
vn -0.382683 0.92388 0 
vn -0.92388 0.382683 0 
vn -0.707107 0.707107 0 
vn -0.92388 0.382683 0 
f 5671//5671 5672//5672 5673//5673 
f 5674//5674 5671//5671 5675//5675 
f 5676//5676 5674//5674 5677//5677 
f 5678//5678 5676//5676 5679//5679 
f 5680//5680 5678//5678 5681//5681 
f 5682//5682 5680//5680 5683//5683 
f 5684//5684 5682//5682 5685//5685 
f 5686//5686 5684//5684 5687//5687 
f 5688//5688 5686//5686 5689//5689 
f 5690//5690 5688//5688 5691//5691 
f 5692//5692 5690//5690 5693//5693 
f 5694//5694 5692//5692 5695//5695 
f 5696//5696 5694//5694 5697//5697 
f 5698//5698 5696//5696 5699//5699 
f 5700//5700 5698//5698 5701//5701 
f 5672//5672 5700//5700 5702//5702 
f 5702//5702 5673//5673 5672//5672 
f 5701//5701 5702//5702 5700//5700 
f 5699//5699 5701//5701 5698//5698 
f 5697//5697 5699//5699 5696//5696 
f 5695//5695 5697//5697 5694//5694 
f 5693//5693 5695//5695 5692//5692 
f 5691//5691 5693//5693 5690//5690 
f 5689//5689 5691//5691 5688//5688 
f 5687//5687 5689//5689 5686//5686 
f 5685//5685 5687//5687 5684//5684 
f 5683//5683 5685//5685 5682//5682 
f 5681//5681 5683//5683 5680//5680 
f 5679//5679 5681//5681 5678//5678 
f 5677//5677 5679//5679 5676//5676 
f 5675//5675 5677//5677 5674//5674 
f 5673//5673 5675//5675 5671//5671 
o mesh84
v -0.0183832 -0.0193303 -0.007 
v -0.01825 -0.02 -0.007 
v -0.01825 -0.02 0 
v -0.0187626 -0.0187626 -0.007 
v -0.0183832 -0.0193303 0 
v -0.0193303 -0.0183832 -0.007 
v -0.0187626 -0.0187626 0 
v -0.02 -0.01825 -0.007 
v -0.0193303 -0.0183832 0 
v -0.0206697 -0.0183832 -0.007 
v -0.02 -0.01825 0 
v -0.0212374 -0.0187626 -0.007 
v -0.0206697 -0.0183832 0 
v -0.0216168 -0.0193303 -0.007 
v -0.0212374 -0.0187626 0 
v -0.02175 -0.02 -0.007 
v -0.0216168 -0.0193303 0 
v -0.0216168 -0.0206697 -0.007 
v -0.02175 -0.02 0 
v -0.0212374 -0.0212374 -0.007 
v -0.0216168 -0.0206697 0 
v -0.0206697 -0.0216168 -0.007 
v -0.0212374 -0.0212374 0 
v -0.02 -0.02175 -0.007 
v -0.0206697 -0.0216168 0 
v -0.0193303 -0.0216168 -0.007 
v -0.02 -0.02175 0 
v -0.0187626 -0.0212374 -0.007 
v -0.0193303 -0.0216168 0 
v -0.0183832 -0.0206697 -0.007 
v -0.0187626 -0.0212374 0 
v -0.0183832 -0.0206697 0 
vn -0.92388 -0.382683 0 
vn -1 0 0 
vn -1 0 0 
vn -0.707107 -0.707107 0 
vn -0.92388 -0.382683 0 
vn -0.382683 -0.92388 0 
vn -0.707107 -0.707107 0 
vn 1.83697e-16 -1 0 
vn -0.382683 -0.92388 0 
vn 0.382683 -0.92388 0 
vn 1.83697e-16 -1 0 
vn 0.707107 -0.707107 0 
vn 0.382683 -0.92388 0 
vn 0.92388 -0.382683 0 
vn 0.707107 -0.707107 0 
vn 1 1.22465e-16 0 
vn 0.92388 -0.382683 0 
vn 0.92388 0.382683 0 
vn 1 1.22465e-16 0 
vn 0.707107 0.707107 0 
vn 0.92388 0.382683 0 
vn 0.382683 0.92388 0 
vn 0.707107 0.707107 0 
vn -6.12323e-17 1 0 
vn 0.382683 0.92388 0 
vn -0.382683 0.92388 0 
vn -6.12323e-17 1 0 
vn -0.707107 0.707107 0 
vn -0.382683 0.92388 0 
vn -0.92388 0.382683 0 
vn -0.707107 0.707107 0 
vn -0.92388 0.382683 0 
f 5703//5703 5704//5704 5705//5705 
f 5706//5706 5703//5703 5707//5707 
f 5708//5708 5706//5706 5709//5709 
f 5710//5710 5708//5708 5711//5711 
f 5712//5712 5710//5710 5713//5713 
f 5714//5714 5712//5712 5715//5715 
f 5716//5716 5714//5714 5717//5717 
f 5718//5718 5716//5716 5719//5719 
f 5720//5720 5718//5718 5721//5721 
f 5722//5722 5720//5720 5723//5723 
f 5724//5724 5722//5722 5725//5725 
f 5726//5726 5724//5724 5727//5727 
f 5728//5728 5726//5726 5729//5729 
f 5730//5730 5728//5728 5731//5731 
f 5732//5732 5730//5730 5733//5733 
f 5704//5704 5732//5732 5734//5734 
f 5734//5734 5705//5705 5704//5704 
f 5733//5733 5734//5734 5732//5732 
f 5731//5731 5733//5733 5730//5730 
f 5729//5729 5731//5731 5728//5728 
f 5727//5727 5729//5729 5726//5726 
f 5725//5725 5727//5727 5724//5724 
f 5723//5723 5725//5725 5722//5722 
f 5721//5721 5723//5723 5720//5720 
f 5719//5719 5721//5721 5718//5718 
f 5717//5717 5719//5719 5716//5716 
f 5715//5715 5717//5717 5714//5714 
f 5713//5713 5715//5715 5712//5712 
f 5711//5711 5713//5713 5710//5710 
f 5709//5709 5711//5711 5708//5708 
f 5707//5707 5709//5709 5706//5706 
f 5705//5705 5707//5707 5703//5703 
o mesh85
v -0.0183832 0.000669696 -0.007 
v -0.01825 4.28626e-19 -0.007 
v -0.01825 0 0 
v -0.0187626 0.00123744 -0.007 
v -0.0183832 0.000669696 0 
v -0.0193303 0.00161679 -0.007 
v -0.0187626 0.00123744 0 
v -0.02 0.00175 -0.007 
v -0.0193303 0.00161679 0 
v -0.0206697 0.00161679 -0.007 
v -0.02 0.00175 0 
v -0.0212374 0.00123744 -0.007 
v -0.0206697 0.00161679 0 
v -0.0216168 0.000669696 -0.007 
v -0.0212374 0.00123744 0 
v -0.02175 -2.14313e-19 -0.007 
v -0.0216168 0.000669696 0 
v -0.0216168 -0.000669696 -0.007 
v -0.02175 -2.14313e-19 0 
v -0.0212374 -0.00123744 -0.007 
v -0.0216168 -0.000669696 0 
v -0.0206697 -0.00161679 -0.007 
v -0.0212374 -0.00123744 0 
v -0.02 -0.00175 -0.007 
v -0.0206697 -0.00161679 0 
v -0.0193303 -0.00161679 -0.007 
v -0.02 -0.00175 0 
v -0.0187626 -0.00123744 -0.007 
v -0.0193303 -0.00161679 0 
v -0.0183832 -0.000669696 -0.007 
v -0.0187626 -0.00123744 0 
v -0.0183832 -0.000669696 0 
vn -0.92388 -0.382683 0 
vn -1 0 0 
vn -1 0 0 
vn -0.707107 -0.707107 0 
vn -0.92388 -0.382683 0 
vn -0.382683 -0.92388 0 
vn -0.707107 -0.707107 0 
vn 1.83697e-16 -1 0 
vn -0.382683 -0.92388 0 
vn 0.382683 -0.92388 0 
vn 1.83697e-16 -1 0 
vn 0.707107 -0.707107 0 
vn 0.382683 -0.92388 0 
vn 0.92388 -0.382683 0 
vn 0.707107 -0.707107 0 
vn 1 1.22465e-16 0 
vn 0.92388 -0.382683 0 
vn 0.92388 0.382683 0 
vn 1 1.22465e-16 0 
vn 0.707107 0.707107 0 
vn 0.92388 0.382683 0 
vn 0.382683 0.92388 0 
vn 0.707107 0.707107 0 
vn -6.12323e-17 1 0 
vn 0.382683 0.92388 0 
vn -0.382683 0.92388 0 
vn -6.12323e-17 1 0 
vn -0.707107 0.707107 0 
vn -0.382683 0.92388 0 
vn -0.92388 0.382683 0 
vn -0.707107 0.707107 0 
vn -0.92388 0.382683 0 
f 5735//5735 5736//5736 5737//5737 
f 5738//5738 5735//5735 5739//5739 
f 5740//5740 5738//5738 5741//5741 
f 5742//5742 5740//5740 5743//5743 
f 5744//5744 5742//5742 5745//5745 
f 5746//5746 5744//5744 5747//5747 
f 5748//5748 5746//5746 5749//5749 
f 5750//5750 5748//5748 5751//5751 
f 5752//5752 5750//5750 5753//5753 
f 5754//5754 5752//5752 5755//5755 
f 5756//5756 5754//5754 5757//5757 
f 5758//5758 5756//5756 5759//5759 
f 5760//5760 5758//5758 5761//5761 
f 5762//5762 5760//5760 5763//5763 
f 5764//5764 5762//5762 5765//5765 
f 5736//5736 5764//5764 5766//5766 
f 5766//5766 5737//5737 5736//5736 
f 5765//5765 5766//5766 5764//5764 
f 5763//5763 5765//5765 5762//5762 
f 5761//5761 5763//5763 5760//5760 
f 5759//5759 5761//5761 5758//5758 
f 5757//5757 5759//5759 5756//5756 
f 5755//5755 5757//5757 5754//5754 
f 5753//5753 5755//5755 5752//5752 
f 5751//5751 5753//5753 5750//5750 
f 5749//5749 5751//5751 5748//5748 
f 5747//5747 5749//5749 5746//5746 
f 5745//5745 5747//5747 5744//5744 
f 5743//5743 5745//5745 5742//5742 
f 5741//5741 5743//5743 5740//5740 
f 5739//5739 5741//5741 5738//5738 
f 5737//5737 5739//5739 5735//5735 
o mesh86
v 0.0416168 -0.0593303 -0.007 
v 0.04175 -0.06 -0.007 
v 0.04175 -0.06 0 
v 0.0412374 -0.0587626 -0.007 
v 0.0416168 -0.0593303 0 
v 0.0406697 -0.0583832 -0.007 
v 0.0412374 -0.0587626 0 
v 0.04 -0.05825 -0.007 
v 0.0406697 -0.0583832 0 
v 0.0393303 -0.0583832 -0.007 
v 0.039375 -0.0583743 -0.007 
v 0.039375 -0.0583743 0 
v 0.04 -0.05825 0 
v 0.0387626 -0.0587626 -0.007 
v 0.0393303 -0.0583832 0 
v 0.0383832 -0.0593303 -0.007 
v 0.0387626 -0.0587626 0 
v 0.03825 -0.06 -0.007 
v 0.0383832 -0.0593303 0 
v 0.0383832 -0.0606697 -0.007 
v 0.03825 -0.06 0 
v 0.0387626 -0.0612374 -0.007 
v 0.0383832 -0.0606697 0 
v 0.0393303 -0.0616168 -0.007 
v 0.0387626 -0.0612374 0 
v 0.04 -0.06175 -0.007 
v 0.039375 -0.0616257 -0.007 
v 0.039375 -0.0616257 0 
v 0.0393303 -0.0616168 0 
v 0.0406697 -0.0616168 -0.007 
v 0.04 -0.06175 0 
v 0.0412374 -0.0612374 -0.007 
v 0.0406697 -0.0616168 0 
v 0.0416168 -0.0606697 -0.007 
v 0.0412374 -0.0612374 0 
v 0.0416168 -0.0606697 0 
vn -0.92388 -0.382683 0 
vn -1 0 0 
vn -1 0 0 
vn -0.707107 -0.707107 0 
vn -0.92388 -0.382683 0 
vn -0.382683 -0.92388 0 
vn -0.707107 -0.707107 0 
vn 1.83697e-16 -1 0 
vn -0.382683 -0.92388 0 
vn 0.382683 -0.92388 0 
vn 0.358848 -0.933396 0 
vn 0.358848 -0.933396 0 
vn 1.83697e-16 -1 0 
vn 0.707107 -0.707107 0 
vn 0.382683 -0.92388 0 
vn 0.92388 -0.382683 0 
vn 0.707107 -0.707107 0 
vn 1 1.22465e-16 0 
vn 0.92388 -0.382683 0 
vn 0.92388 0.382683 0 
vn 1 1.22465e-16 0 
vn 0.707107 0.707107 0 
vn 0.92388 0.382683 0 
vn 0.382683 0.92388 0 
vn 0.707107 0.707107 0 
vn -6.12323e-17 1 0 
vn 0.358848 0.933396 0 
vn 0.358848 0.933396 0 
vn 0.382683 0.92388 0 
vn -0.382683 0.92388 0 
vn -6.12323e-17 1 0 
vn -0.707107 0.707107 0 
vn -0.382683 0.92388 0 
vn -0.92388 0.382683 0 
vn -0.707107 0.707107 0 
vn -0.92388 0.382683 0 
f 5767//5767 5768//5768 5769//5769 
f 5770//5770 5767//5767 5771//5771 
f 5772//5772 5770//5770 5773//5773 
f 5774//5774 5772//5772 5775//5775 
f 5776//5776 5777//5777 5778//5778 
f 5779//5779 5778//5778 5777//5777 
f 5777//5777 5774//5774 5779//5779 
f 5780//5780 5776//5776 5781//5781 
f 5782//5782 5780//5780 5783//5783 
f 5784//5784 5782//5782 5785//5785 
f 5786//5786 5784//5784 5787//5787 
f 5788//5788 5786//5786 5789//5789 
f 5790//5790 5788//5788 5791//5791 
f 5792//5792 5793//5793 5794//5794 
f 5795//5795 5794//5794 5793//5793 
f 5793//5793 5790//5790 5795//5795 
f 5796//5796 5792//5792 5797//5797 
f 5798//5798 5796//5796 5799//5799 
f 5800//5800 5798//5798 5801//5801 
f 5768//5768 5800//5800 5802//5802 
f 5802//5802 5769//5769 5768//5768 
f 5801//5801 5802//5802 5800//5800 
f 5799//5799 5801//5801 5798//5798 
f 5797//5797 5799//5799 5796//5796 
f 5794//5794 5797//5797 5792//5792 
f 5791//5791 5795//5795 5790//5790 
f 5789//5789 5791//5791 5788//5788 
f 5787//5787 5789//5789 5786//5786 
f 5785//5785 5787//5787 5784//5784 
f 5783//5783 5785//5785 5782//5782 
f 5781//5781 5783//5783 5780//5780 
f 5778//5778 5781//5781 5776//5776 
f 5775//5775 5779//5779 5774//5774 
f 5773//5773 5775//5775 5772//5772 
f 5771//5771 5773//5773 5770//5770 
f 5769//5769 5771//5771 5767//5767 
o mesh87
v 0.00161679 -0.0393303 -0.007 
v 0.00175 -0.04 -0.007 
v 0.00175 -0.04 0 
v 0.00123744 -0.0387626 -0.007 
v 0.00161679 -0.0393303 0 
v 0.000669696 -0.0383832 -0.007 
v 0.00123744 -0.0387626 0 
v -3.2147e-19 -0.03825 -0.007 
v 0.000669696 -0.0383832 0 
v -0.000669696 -0.0383832 -0.007 
v -3.2147e-19 -0.03825 0 
v -0.00123744 -0.0387626 -0.007 
v -0.000669696 -0.0383832 0 
v -0.00161679 -0.0393303 -0.007 
v -0.00123744 -0.0387626 0 
v -0.00175 -0.04 -0.007 
v -0.00161679 -0.0393303 0 
v -0.00161679 -0.0406697 -0.007 
v -0.00175 -0.04 0 
v -0.00123744 -0.0412374 -0.007 
v -0.00161679 -0.0406697 0 
v -0.000669696 -0.0416168 -0.007 
v -0.00123744 -0.0412374 0 
v 1.07157e-19 -0.04175 -0.007 
v -0.000669696 -0.0416168 0 
v 0.000669696 -0.0416168 -0.007 
v 1.07157e-19 -0.04175 0 
v 0.00123744 -0.0412374 -0.007 
v 0.000669696 -0.0416168 0 
v 0.00161679 -0.0406697 -0.007 
v 0.00123744 -0.0412374 0 
v 0.00161679 -0.0406697 0 
vn -0.92388 -0.382683 0 
vn -1 0 0 
vn -1 0 0 
vn -0.707107 -0.707107 0 
vn -0.92388 -0.382683 0 
vn -0.382683 -0.92388 0 
vn -0.707107 -0.707107 0 
vn 1.83697e-16 -1 0 
vn -0.382683 -0.92388 0 
vn 0.382683 -0.92388 0 
vn 1.83697e-16 -1 0 
vn 0.707107 -0.707107 0 
vn 0.382683 -0.92388 0 
vn 0.92388 -0.382683 0 
vn 0.707107 -0.707107 0 
vn 1 1.22465e-16 0 
vn 0.92388 -0.382683 0 
vn 0.92388 0.382683 0 
vn 1 1.22465e-16 0 
vn 0.707107 0.707107 0 
vn 0.92388 0.382683 0 
vn 0.382683 0.92388 0 
vn 0.707107 0.707107 0 
vn -6.12323e-17 1 0 
vn 0.382683 0.92388 0 
vn -0.382683 0.92388 0 
vn -6.12323e-17 1 0 
vn -0.707107 0.707107 0 
vn -0.382683 0.92388 0 
vn -0.92388 0.382683 0 
vn -0.707107 0.707107 0 
vn -0.92388 0.382683 0 
f 5803//5803 5804//5804 5805//5805 
f 5806//5806 5803//5803 5807//5807 
f 5808//5808 5806//5806 5809//5809 
f 5810//5810 5808//5808 5811//5811 
f 5812//5812 5810//5810 5813//5813 
f 5814//5814 5812//5812 5815//5815 
f 5816//5816 5814//5814 5817//5817 
f 5818//5818 5816//5816 5819//5819 
f 5820//5820 5818//5818 5821//5821 
f 5822//5822 5820//5820 5823//5823 
f 5824//5824 5822//5822 5825//5825 
f 5826//5826 5824//5824 5827//5827 
f 5828//5828 5826//5826 5829//5829 
f 5830//5830 5828//5828 5831//5831 
f 5832//5832 5830//5830 5833//5833 
f 5804//5804 5832//5832 5834//5834 
f 5834//5834 5805//5805 5804//5804 
f 5833//5833 5834//5834 5832//5832 
f 5831//5831 5833//5833 5830//5830 
f 5829//5829 5831//5831 5828//5828 
f 5827//5827 5829//5829 5826//5826 
f 5825//5825 5827//5827 5824//5824 
f 5823//5823 5825//5825 5822//5822 
f 5821//5821 5823//5823 5820//5820 
f 5819//5819 5821//5821 5818//5818 
f 5817//5817 5819//5819 5816//5816 
f 5815//5815 5817//5817 5814//5814 
f 5813//5813 5815//5815 5812//5812 
f 5811//5811 5813//5813 5810//5810 
f 5809//5809 5811//5811 5808//5808 
f 5807//5807 5809//5809 5806//5806 
f 5805//5805 5807//5807 5803//5803 
o mesh88
v 0.0816168 -0.0593303 -0.007 
v 0.08175 -0.06 -0.007 
v 0.08175 -0.06 0 
v 0.0812374 -0.0587626 -0.007 
v 0.0816168 -0.0593303 0 
v 0.0806697 -0.0583832 -0.007 
v 0.0812374 -0.0587626 0 
v 0.08 -0.05825 -0.007 
v 0.0806697 -0.0583832 0 
v 0.0793303 -0.0583832 -0.007 
v 0.08 -0.05825 0 
v 0.0787626 -0.0587626 -0.007 
v 0.0793303 -0.0583832 0 
v 0.0783832 -0.0593303 -0.007 
v 0.0787626 -0.0587626 0 
v 0.07825 -0.06 -0.007 
v 0.0783832 -0.0593303 0 
v 0.0783832 -0.0606697 -0.007 
v 0.07825 -0.06 0 
v 0.0787626 -0.0612374 -0.007 
v 0.0783832 -0.0606697 0 
v 0.0793303 -0.0616168 -0.007 
v 0.0787626 -0.0612374 0 
v 0.08 -0.06175 -0.007 
v 0.0793303 -0.0616168 0 
v 0.0806697 -0.0616168 -0.007 
v 0.08 -0.06175 0 
v 0.0812374 -0.0612374 -0.007 
v 0.0806697 -0.0616168 0 
v 0.0816168 -0.0606697 -0.007 
v 0.0812374 -0.0612374 0 
v 0.0816168 -0.0606697 0 
vn -0.92388 -0.382683 0 
vn -1 0 0 
vn -1 0 0 
vn -0.707107 -0.707107 0 
vn -0.92388 -0.382683 0 
vn -0.382683 -0.92388 0 
vn -0.707107 -0.707107 0 
vn 1.83697e-16 -1 0 
vn -0.382683 -0.92388 0 
vn 0.382683 -0.92388 0 
vn 1.83697e-16 -1 0 
vn 0.707107 -0.707107 0 
vn 0.382683 -0.92388 0 
vn 0.92388 -0.382683 0 
vn 0.707107 -0.707107 0 
vn 1 1.22465e-16 0 
vn 0.92388 -0.382683 0 
vn 0.92388 0.382683 0 
vn 1 1.22465e-16 0 
vn 0.707107 0.707107 0 
vn 0.92388 0.382683 0 
vn 0.382683 0.92388 0 
vn 0.707107 0.707107 0 
vn -6.12323e-17 1 0 
vn 0.382683 0.92388 0 
vn -0.382683 0.92388 0 
vn -6.12323e-17 1 0 
vn -0.707107 0.707107 0 
vn -0.382683 0.92388 0 
vn -0.92388 0.382683 0 
vn -0.707107 0.707107 0 
vn -0.92388 0.382683 0 
f 5835//5835 5836//5836 5837//5837 
f 5838//5838 5835//5835 5839//5839 
f 5840//5840 5838//5838 5841//5841 
f 5842//5842 5840//5840 5843//5843 
f 5844//5844 5842//5842 5845//5845 
f 5846//5846 5844//5844 5847//5847 
f 5848//5848 5846//5846 5849//5849 
f 5850//5850 5848//5848 5851//5851 
f 5852//5852 5850//5850 5853//5853 
f 5854//5854 5852//5852 5855//5855 
f 5856//5856 5854//5854 5857//5857 
f 5858//5858 5856//5856 5859//5859 
f 5860//5860 5858//5858 5861//5861 
f 5862//5862 5860//5860 5863//5863 
f 5864//5864 5862//5862 5865//5865 
f 5836//5836 5864//5864 5866//5866 
f 5866//5866 5837//5837 5836//5836 
f 5865//5865 5866//5866 5864//5864 
f 5863//5863 5865//5865 5862//5862 
f 5861//5861 5863//5863 5860//5860 
f 5859//5859 5861//5861 5858//5858 
f 5857//5857 5859//5859 5856//5856 
f 5855//5855 5857//5857 5854//5854 
f 5853//5853 5855//5855 5852//5852 
f 5851//5851 5853//5853 5850//5850 
f 5849//5849 5851//5851 5848//5848 
f 5847//5847 5849//5849 5846//5846 
f 5845//5845 5847//5847 5844//5844 
f 5843//5843 5845//5845 5842//5842 
f 5841//5841 5843//5843 5840//5840 
f 5839//5839 5841//5841 5838//5838 
f 5837//5837 5839//5839 5835//5835 
o mesh89
v 0.0216168 -0.0593303 -0.007 
v 0.02175 -0.06 -0.007 
v 0.02175 -0.06 0 
v 0.0212374 -0.0587626 -0.007 
v 0.0216168 -0.0593303 0 
v 0.0206697 -0.0583832 -0.007 
v 0.0212374 -0.0587626 0 
v 0.02 -0.05825 -0.007 
v 0.0206697 -0.0583832 0 
v 0.0193303 -0.0583832 -0.007 
v 0.02 -0.05825 0 
v 0.0187626 -0.0587626 -0.007 
v 0.0193303 -0.0583832 0 
v 0.0183832 -0.0593303 -0.007 
v 0.0187626 -0.0587626 0 
v 0.01825 -0.06 -0.007 
v 0.0183832 -0.0593303 0 
v 0.0183832 -0.0606697 -0.007 
v 0.01825 -0.06 0 
v 0.0187626 -0.0612374 -0.007 
v 0.0183832 -0.0606697 0 
v 0.0193303 -0.0616168 -0.007 
v 0.0187626 -0.0612374 0 
v 0.02 -0.06175 -0.007 
v 0.0193303 -0.0616168 0 
v 0.0206697 -0.0616168 -0.007 
v 0.02 -0.06175 0 
v 0.0212374 -0.0612374 -0.007 
v 0.0206697 -0.0616168 0 
v 0.0216168 -0.0606697 -0.007 
v 0.0212374 -0.0612374 0 
v 0.0216168 -0.0606697 0 
vn -0.92388 -0.382683 0 
vn -1 0 0 
vn -1 0 0 
vn -0.707107 -0.707107 0 
vn -0.92388 -0.382683 0 
vn -0.382683 -0.92388 0 
vn -0.707107 -0.707107 0 
vn 1.83697e-16 -1 0 
vn -0.382683 -0.92388 0 
vn 0.382683 -0.92388 0 
vn 1.83697e-16 -1 0 
vn 0.707107 -0.707107 0 
vn 0.382683 -0.92388 0 
vn 0.92388 -0.382683 0 
vn 0.707107 -0.707107 0 
vn 1 1.22465e-16 0 
vn 0.92388 -0.382683 0 
vn 0.92388 0.382683 0 
vn 1 1.22465e-16 0 
vn 0.707107 0.707107 0 
vn 0.92388 0.382683 0 
vn 0.382683 0.92388 0 
vn 0.707107 0.707107 0 
vn -6.12323e-17 1 0 
vn 0.382683 0.92388 0 
vn -0.382683 0.92388 0 
vn -6.12323e-17 1 0 
vn -0.707107 0.707107 0 
vn -0.382683 0.92388 0 
vn -0.92388 0.382683 0 
vn -0.707107 0.707107 0 
vn -0.92388 0.382683 0 
f 5867//5867 5868//5868 5869//5869 
f 5870//5870 5867//5867 5871//5871 
f 5872//5872 5870//5870 5873//5873 
f 5874//5874 5872//5872 5875//5875 
f 5876//5876 5874//5874 5877//5877 
f 5878//5878 5876//5876 5879//5879 
f 5880//5880 5878//5878 5881//5881 
f 5882//5882 5880//5880 5883//5883 
f 5884//5884 5882//5882 5885//5885 
f 5886//5886 5884//5884 5887//5887 
f 5888//5888 5886//5886 5889//5889 
f 5890//5890 5888//5888 5891//5891 
f 5892//5892 5890//5890 5893//5893 
f 5894//5894 5892//5892 5895//5895 
f 5896//5896 5894//5894 5897//5897 
f 5868//5868 5896//5896 5898//5898 
f 5898//5898 5869//5869 5868//5868 
f 5897//5897 5898//5898 5896//5896 
f 5895//5895 5897//5897 5894//5894 
f 5893//5893 5895//5895 5892//5892 
f 5891//5891 5893//5893 5890//5890 
f 5889//5889 5891//5891 5888//5888 
f 5887//5887 5889//5889 5886//5886 
f 5885//5885 5887//5887 5884//5884 
f 5883//5883 5885//5885 5882//5882 
f 5881//5881 5883//5883 5880//5880 
f 5879//5879 5881//5881 5878//5878 
f 5877//5877 5879//5879 5876//5876 
f 5875//5875 5877//5877 5874//5874 
f 5873//5873 5875//5875 5872//5872 
f 5871//5871 5873//5873 5870//5870 
f 5869//5869 5871//5871 5867//5867 
o mesh90
v 0.101617 -0.0193303 -0.007 
v 0.10175 -0.02 -0.007 
v 0.10175 -0.02 0 
v 0.101237 -0.0187626 -0.007 
v 0.101617 -0.0193303 0 
v 0.10067 -0.0183832 -0.007 
v 0.101237 -0.0187626 0 
v 0.1 -0.01825 -0.007 
v 0.10067 -0.0183832 0 
v 0.0993303 -0.0183832 -0.007 
v 0.1 -0.01825 0 
v 0.0987626 -0.0187626 -0.007 
v 0.0993303 -0.0183832 0 
v 0.0983832 -0.0193303 -0.007 
v 0.0987626 -0.0187626 0 
v 0.09825 -0.02 -0.007 
v 0.0983832 -0.0193303 0 
v 0.0983832 -0.0206697 -0.007 
v 0.09825 -0.02 0 
v 0.0987626 -0.0212374 -0.007 
v 0.0983832 -0.0206697 0 
v 0.0993303 -0.0216168 -0.007 
v 0.0987626 -0.0212374 0 
v 0.1 -0.02175 -0.007 
v 0.0993303 -0.0216168 0 
v 0.10067 -0.0216168 -0.007 
v 0.1 -0.02175 0 
v 0.101237 -0.0212374 -0.007 
v 0.10067 -0.0216168 0 
v 0.101617 -0.0206697 -0.007 
v 0.101237 -0.0212374 0 
v 0.101617 -0.0206697 0 
vn -0.92388 -0.382683 0 
vn -1 0 0 
vn -1 0 0 
vn -0.707107 -0.707107 0 
vn -0.92388 -0.382683 0 
vn -0.382683 -0.92388 0 
vn -0.707107 -0.707107 0 
vn 1.83697e-16 -1 0 
vn -0.382683 -0.92388 0 
vn 0.382683 -0.92388 0 
vn 1.83697e-16 -1 0 
vn 0.707107 -0.707107 0 
vn 0.382683 -0.92388 0 
vn 0.92388 -0.382683 0 
vn 0.707107 -0.707107 0 
vn 1 1.22465e-16 0 
vn 0.92388 -0.382683 0 
vn 0.92388 0.382683 0 
vn 1 1.22465e-16 0 
vn 0.707107 0.707107 0 
vn 0.92388 0.382683 0 
vn 0.382683 0.92388 0 
vn 0.707107 0.707107 0 
vn -6.12323e-17 1 0 
vn 0.382683 0.92388 0 
vn -0.382683 0.92388 0 
vn -6.12323e-17 1 0 
vn -0.707107 0.707107 0 
vn -0.382683 0.92388 0 
vn -0.92388 0.382683 0 
vn -0.707107 0.707107 0 
vn -0.92388 0.382683 0 
f 5899//5899 5900//5900 5901//5901 
f 5902//5902 5899//5899 5903//5903 
f 5904//5904 5902//5902 5905//5905 
f 5906//5906 5904//5904 5907//5907 
f 5908//5908 5906//5906 5909//5909 
f 5910//5910 5908//5908 5911//5911 
f 5912//5912 5910//5910 5913//5913 
f 5914//5914 5912//5912 5915//5915 
f 5916//5916 5914//5914 5917//5917 
f 5918//5918 5916//5916 5919//5919 
f 5920//5920 5918//5918 5921//5921 
f 5922//5922 5920//5920 5923//5923 
f 5924//5924 5922//5922 5925//5925 
f 5926//5926 5924//5924 5927//5927 
f 5928//5928 5926//5926 5929//5929 
f 5900//5900 5928//5928 5930//5930 
f 5930//5930 5901//5901 5900//5900 
f 5929//5929 5930//5930 5928//5928 
f 5927//5927 5929//5929 5926//5926 
f 5925//5925 5927//5927 5924//5924 
f 5923//5923 5925//5925 5922//5922 
f 5921//5921 5923//5923 5920//5920 
f 5919//5919 5921//5921 5918//5918 
f 5917//5917 5919//5919 5916//5916 
f 5915//5915 5917//5917 5914//5914 
f 5913//5913 5915//5915 5912//5912 
f 5911//5911 5913//5913 5910//5910 
f 5909//5909 5911//5911 5908//5908 
f 5907//5907 5909//5909 5906//5906 
f 5905//5905 5907//5907 5904//5904 
f 5903//5903 5905//5905 5902//5902 
f 5901//5901 5903//5903 5899//5899 
o mesh91
v 0.0816168 -0.0193303 -0.007 
v 0.08175 -0.02 -0.007 
v 0.08175 -0.02 0 
v 0.0812374 -0.0187626 -0.007 
v 0.0816168 -0.0193303 0 
v 0.0806697 -0.0183832 -0.007 
v 0.0812374 -0.0187626 0 
v 0.08 -0.01825 -0.007 
v 0.0806697 -0.0183832 0 
v 0.0793303 -0.0183832 -0.007 
v 0.08 -0.01825 0 
v 0.0787626 -0.0187626 -0.007 
v 0.0793303 -0.0183832 0 
v 0.0783832 -0.0193303 -0.007 
v 0.0787626 -0.0187626 0 
v 0.07825 -0.02 -0.007 
v 0.0783832 -0.0193303 0 
v 0.0783832 -0.0206697 -0.007 
v 0.07825 -0.02 0 
v 0.0787626 -0.0212374 -0.007 
v 0.0783832 -0.0206697 0 
v 0.0793303 -0.0216168 -0.007 
v 0.0787626 -0.0212374 0 
v 0.08 -0.02175 -0.007 
v 0.0793303 -0.0216168 0 
v 0.0806697 -0.0216168 -0.007 
v 0.08 -0.02175 0 
v 0.0812374 -0.0212374 -0.007 
v 0.0806697 -0.0216168 0 
v 0.0816168 -0.0206697 -0.007 
v 0.0812374 -0.0212374 0 
v 0.0816168 -0.0206697 0 
vn -0.92388 -0.382683 0 
vn -1 0 0 
vn -1 0 0 
vn -0.707107 -0.707107 0 
vn -0.92388 -0.382683 0 
vn -0.382683 -0.92388 0 
vn -0.707107 -0.707107 0 
vn 1.83697e-16 -1 0 
vn -0.382683 -0.92388 0 
vn 0.382683 -0.92388 0 
vn 1.83697e-16 -1 0 
vn 0.707107 -0.707107 0 
vn 0.382683 -0.92388 0 
vn 0.92388 -0.382683 0 
vn 0.707107 -0.707107 0 
vn 1 1.22465e-16 0 
vn 0.92388 -0.382683 0 
vn 0.92388 0.382683 0 
vn 1 1.22465e-16 0 
vn 0.707107 0.707107 0 
vn 0.92388 0.382683 0 
vn 0.382683 0.92388 0 
vn 0.707107 0.707107 0 
vn -6.12323e-17 1 0 
vn 0.382683 0.92388 0 
vn -0.382683 0.92388 0 
vn -6.12323e-17 1 0 
vn -0.707107 0.707107 0 
vn -0.382683 0.92388 0 
vn -0.92388 0.382683 0 
vn -0.707107 0.707107 0 
vn -0.92388 0.382683 0 
f 5931//5931 5932//5932 5933//5933 
f 5934//5934 5931//5931 5935//5935 
f 5936//5936 5934//5934 5937//5937 
f 5938//5938 5936//5936 5939//5939 
f 5940//5940 5938//5938 5941//5941 
f 5942//5942 5940//5940 5943//5943 
f 5944//5944 5942//5942 5945//5945 
f 5946//5946 5944//5944 5947//5947 
f 5948//5948 5946//5946 5949//5949 
f 5950//5950 5948//5948 5951//5951 
f 5952//5952 5950//5950 5953//5953 
f 5954//5954 5952//5952 5955//5955 
f 5956//5956 5954//5954 5957//5957 
f 5958//5958 5956//5956 5959//5959 
f 5960//5960 5958//5958 5961//5961 
f 5932//5932 5960//5960 5962//5962 
f 5962//5962 5933//5933 5932//5932 
f 5961//5961 5962//5962 5960//5960 
f 5959//5959 5961//5961 5958//5958 
f 5957//5957 5959//5959 5956//5956 
f 5955//5955 5957//5957 5954//5954 
f 5953//5953 5955//5955 5952//5952 
f 5951//5951 5953//5953 5950//5950 
f 5949//5949 5951//5951 5948//5948 
f 5947//5947 5949//5949 5946//5946 
f 5945//5945 5947//5947 5944//5944 
f 5943//5943 5945//5945 5942//5942 
f 5941//5941 5943//5943 5940//5940 
f 5939//5939 5941//5941 5938//5938 
f 5937//5937 5939//5939 5936//5936 
f 5935//5935 5937//5937 5934//5934 
f 5933//5933 5935//5935 5931//5931 
o mesh92
v -0.0783832 0.000669696 -0.007 
v -0.07825 4.28626e-19 -0.007 
v -0.07825 0 0 
v -0.0787626 0.00123744 -0.007 
v -0.0783832 0.000669696 0 
v -0.0793303 0.00161679 -0.007 
v -0.0787626 0.00123744 0 
v -0.08 0.00175 -0.007 
v -0.0793303 0.00161679 0 
v -0.0806697 0.00161679 -0.007 
v -0.08 0.00175 0 
v -0.0812374 0.00123744 -0.007 
v -0.0806697 0.00161679 0 
v -0.0816168 0.000669696 -0.007 
v -0.0812374 0.00123744 0 
v -0.08175 -2.14313e-19 -0.007 
v -0.0816168 0.000669696 0 
v -0.0816168 -0.000669696 -0.007 
v -0.08175 -2.14313e-19 0 
v -0.0812374 -0.00123744 -0.007 
v -0.0816168 -0.000669696 0 
v -0.0806697 -0.00161679 -0.007 
v -0.0812374 -0.00123744 0 
v -0.08 -0.00175 -0.007 
v -0.0806697 -0.00161679 0 
v -0.0793303 -0.00161679 -0.007 
v -0.08 -0.00175 0 
v -0.0787626 -0.00123744 -0.007 
v -0.0793303 -0.00161679 0 
v -0.0783832 -0.000669696 -0.007 
v -0.0787626 -0.00123744 0 
v -0.0783832 -0.000669696 0 
vn -0.92388 -0.382683 0 
vn -1 0 0 
vn -1 0 0 
vn -0.707107 -0.707107 0 
vn -0.92388 -0.382683 0 
vn -0.382683 -0.92388 0 
vn -0.707107 -0.707107 0 
vn 1.83697e-16 -1 0 
vn -0.382683 -0.92388 0 
vn 0.382683 -0.92388 0 
vn 1.83697e-16 -1 0 
vn 0.707107 -0.707107 0 
vn 0.382683 -0.92388 0 
vn 0.92388 -0.382683 0 
vn 0.707107 -0.707107 0 
vn 1 1.22465e-16 0 
vn 0.92388 -0.382683 0 
vn 0.92388 0.382683 0 
vn 1 1.22465e-16 0 
vn 0.707107 0.707107 0 
vn 0.92388 0.382683 0 
vn 0.382683 0.92388 0 
vn 0.707107 0.707107 0 
vn -6.12323e-17 1 0 
vn 0.382683 0.92388 0 
vn -0.382683 0.92388 0 
vn -6.12323e-17 1 0 
vn -0.707107 0.707107 0 
vn -0.382683 0.92388 0 
vn -0.92388 0.382683 0 
vn -0.707107 0.707107 0 
vn -0.92388 0.382683 0 
f 5963//5963 5964//5964 5965//5965 
f 5966//5966 5963//5963 5967//5967 
f 5968//5968 5966//5966 5969//5969 
f 5970//5970 5968//5968 5971//5971 
f 5972//5972 5970//5970 5973//5973 
f 5974//5974 5972//5972 5975//5975 
f 5976//5976 5974//5974 5977//5977 
f 5978//5978 5976//5976 5979//5979 
f 5980//5980 5978//5978 5981//5981 
f 5982//5982 5980//5980 5983//5983 
f 5984//5984 5982//5982 5985//5985 
f 5986//5986 5984//5984 5987//5987 
f 5988//5988 5986//5986 5989//5989 
f 5990//5990 5988//5988 5991//5991 
f 5992//5992 5990//5990 5993//5993 
f 5964//5964 5992//5992 5994//5994 
f 5994//5994 5965//5965 5964//5964 
f 5993//5993 5994//5994 5992//5992 
f 5991//5991 5993//5993 5990//5990 
f 5989//5989 5991//5991 5988//5988 
f 5987//5987 5989//5989 5986//5986 
f 5985//5985 5987//5987 5984//5984 
f 5983//5983 5985//5985 5982//5982 
f 5981//5981 5983//5983 5980//5980 
f 5979//5979 5981//5981 5978//5978 
f 5977//5977 5979//5979 5976//5976 
f 5975//5975 5977//5977 5974//5974 
f 5973//5973 5975//5975 5972//5972 
f 5971//5971 5973//5973 5970//5970 
f 5969//5969 5971//5971 5968//5968 
f 5967//5967 5969//5969 5966//5966 
f 5965//5965 5967//5967 5963//5963 
o mesh93
v -0.0983832 0.000669696 -0.007 
v -0.09825 4.28626e-19 -0.007 
v -0.09825 0 0 
v -0.0987626 0.00123744 -0.007 
v -0.0983832 0.000669696 0 
v -0.0993303 0.00161679 -0.007 
v -0.0987626 0.00123744 0 
v -0.1 0.00175 -0.007 
v -0.0993303 0.00161679 0 
v -0.10067 0.00161679 -0.007 
v -0.1 0.00175 0 
v -0.101237 0.00123744 -0.007 
v -0.10067 0.00161679 0 
v -0.101617 0.000669696 -0.007 
v -0.101237 0.00123744 0 
v -0.10175 -2.14313e-19 -0.007 
v -0.101617 0.000669696 0 
v -0.101617 -0.000669696 -0.007 
v -0.10175 -2.14313e-19 0 
v -0.101237 -0.00123744 -0.007 
v -0.101617 -0.000669696 0 
v -0.10067 -0.00161679 -0.007 
v -0.101237 -0.00123744 0 
v -0.1 -0.00175 -0.007 
v -0.10067 -0.00161679 0 
v -0.0993303 -0.00161679 -0.007 
v -0.1 -0.00175 0 
v -0.0987626 -0.00123744 -0.007 
v -0.0993303 -0.00161679 0 
v -0.0983832 -0.000669696 -0.007 
v -0.0987626 -0.00123744 0 
v -0.0983832 -0.000669696 0 
vn -0.92388 -0.382683 0 
vn -1 0 0 
vn -1 0 0 
vn -0.707107 -0.707107 0 
vn -0.92388 -0.382683 0 
vn -0.382683 -0.92388 0 
vn -0.707107 -0.707107 0 
vn 1.83697e-16 -1 0 
vn -0.382683 -0.92388 0 
vn 0.382683 -0.92388 0 
vn 1.83697e-16 -1 0 
vn 0.707107 -0.707107 0 
vn 0.382683 -0.92388 0 
vn 0.92388 -0.382683 0 
vn 0.707107 -0.707107 0 
vn 1 1.22465e-16 0 
vn 0.92388 -0.382683 0 
vn 0.92388 0.382683 0 
vn 1 1.22465e-16 0 
vn 0.707107 0.707107 0 
vn 0.92388 0.382683 0 
vn 0.382683 0.92388 0 
vn 0.707107 0.707107 0 
vn -6.12323e-17 1 0 
vn 0.382683 0.92388 0 
vn -0.382683 0.92388 0 
vn -6.12323e-17 1 0 
vn -0.707107 0.707107 0 
vn -0.382683 0.92388 0 
vn -0.92388 0.382683 0 
vn -0.707107 0.707107 0 
vn -0.92388 0.382683 0 
f 5995//5995 5996//5996 5997//5997 
f 5998//5998 5995//5995 5999//5999 
f 6000//6000 5998//5998 6001//6001 
f 6002//6002 6000//6000 6003//6003 
f 6004//6004 6002//6002 6005//6005 
f 6006//6006 6004//6004 6007//6007 
f 6008//6008 6006//6006 6009//6009 
f 6010//6010 6008//6008 6011//6011 
f 6012//6012 6010//6010 6013//6013 
f 6014//6014 6012//6012 6015//6015 
f 6016//6016 6014//6014 6017//6017 
f 6018//6018 6016//6016 6019//6019 
f 6020//6020 6018//6018 6021//6021 
f 6022//6022 6020//6020 6023//6023 
f 6024//6024 6022//6022 6025//6025 
f 5996//5996 6024//6024 6026//6026 
f 6026//6026 5997//5997 5996//5996 
f 6025//6025 6026//6026 6024//6024 
f 6023//6023 6025//6025 6022//6022 
f 6021//6021 6023//6023 6020//6020 
f 6019//6019 6021//6021 6018//6018 
f 6017//6017 6019//6019 6016//6016 
f 6015//6015 6017//6017 6014//6014 
f 6013//6013 6015//6015 6012//6012 
f 6011//6011 6013//6013 6010//6010 
f 6009//6009 6011//6011 6008//6008 
f 6007//6007 6009//6009 6006//6006 
f 6005//6005 6007//6007 6004//6004 
f 6003//6003 6005//6005 6002//6002 
f 6001//6001 6003//6003 6000//6000 
f 5999//5999 6001//6001 5998//5998 
f 5997//5997 5999//5999 5995//5995 
o mesh94
v -0.0783832 -0.0393303 -0.007 
v -0.07825 -0.04 -0.007 
v -0.07825 -0.04 0 
v -0.0787626 -0.0387626 -0.007 
v -0.0783832 -0.0393303 0 
v -0.0793303 -0.0383832 -0.007 
v -0.0787626 -0.0387626 0 
v -0.08 -0.03825 -0.007 
v -0.0793303 -0.0383832 0 
v -0.0806697 -0.0383832 -0.007 
v -0.08 -0.03825 0 
v -0.0812374 -0.0387626 -0.007 
v -0.0806697 -0.0383832 0 
v -0.0816168 -0.0393303 -0.007 
v -0.0812374 -0.0387626 0 
v -0.08175 -0.04 -0.007 
v -0.0816168 -0.0393303 0 
v -0.0816168 -0.0406697 -0.007 
v -0.08175 -0.04 0 
v -0.0812374 -0.0412374 -0.007 
v -0.0816168 -0.0406697 0 
v -0.0806697 -0.0416168 -0.007 
v -0.0812374 -0.0412374 0 
v -0.08 -0.04175 -0.007 
v -0.0806697 -0.0416168 0 
v -0.0793303 -0.0416168 -0.007 
v -0.08 -0.04175 0 
v -0.0787626 -0.0412374 -0.007 
v -0.0793303 -0.0416168 0 
v -0.0783832 -0.0406697 -0.007 
v -0.0787626 -0.0412374 0 
v -0.0783832 -0.0406697 0 
vn -0.92388 -0.382683 0 
vn -1 0 0 
vn -1 0 0 
vn -0.707107 -0.707107 0 
vn -0.92388 -0.382683 0 
vn -0.382683 -0.92388 0 
vn -0.707107 -0.707107 0 
vn 1.83697e-16 -1 0 
vn -0.382683 -0.92388 0 
vn 0.382683 -0.92388 0 
vn 1.83697e-16 -1 0 
vn 0.707107 -0.707107 0 
vn 0.382683 -0.92388 0 
vn 0.92388 -0.382683 0 
vn 0.707107 -0.707107 0 
vn 1 1.22465e-16 0 
vn 0.92388 -0.382683 0 
vn 0.92388 0.382683 0 
vn 1 1.22465e-16 0 
vn 0.707107 0.707107 0 
vn 0.92388 0.382683 0 
vn 0.382683 0.92388 0 
vn 0.707107 0.707107 0 
vn -6.12323e-17 1 0 
vn 0.382683 0.92388 0 
vn -0.382683 0.92388 0 
vn -6.12323e-17 1 0 
vn -0.707107 0.707107 0 
vn -0.382683 0.92388 0 
vn -0.92388 0.382683 0 
vn -0.707107 0.707107 0 
vn -0.92388 0.382683 0 
f 6027//6027 6028//6028 6029//6029 
f 6030//6030 6027//6027 6031//6031 
f 6032//6032 6030//6030 6033//6033 
f 6034//6034 6032//6032 6035//6035 
f 6036//6036 6034//6034 6037//6037 
f 6038//6038 6036//6036 6039//6039 
f 6040//6040 6038//6038 6041//6041 
f 6042//6042 6040//6040 6043//6043 
f 6044//6044 6042//6042 6045//6045 
f 6046//6046 6044//6044 6047//6047 
f 6048//6048 6046//6046 6049//6049 
f 6050//6050 6048//6048 6051//6051 
f 6052//6052 6050//6050 6053//6053 
f 6054//6054 6052//6052 6055//6055 
f 6056//6056 6054//6054 6057//6057 
f 6028//6028 6056//6056 6058//6058 
f 6058//6058 6029//6029 6028//6028 
f 6057//6057 6058//6058 6056//6056 
f 6055//6055 6057//6057 6054//6054 
f 6053//6053 6055//6055 6052//6052 
f 6051//6051 6053//6053 6050//6050 
f 6049//6049 6051//6051 6048//6048 
f 6047//6047 6049//6049 6046//6046 
f 6045//6045 6047//6047 6044//6044 
f 6043//6043 6045//6045 6042//6042 
f 6041//6041 6043//6043 6040//6040 
f 6039//6039 6041//6041 6038//6038 
f 6037//6037 6039//6039 6036//6036 
f 6035//6035 6037//6037 6034//6034 
f 6033//6033 6035//6035 6032//6032 
f 6031//6031 6033//6033 6030//6030 
f 6029//6029 6031//6031 6027//6027 
o mesh95
v 0.0816168 0.000669696 -0.007 
v 0.08175 4.28626e-19 -0.007 
v 0.08175 0 0 
v 0.0812374 0.00123744 -0.007 
v 0.0816168 0.000669696 0 
v 0.0806697 0.00161679 -0.007 
v 0.0812374 0.00123744 0 
v 0.08 0.00175 -0.007 
v 0.0806697 0.00161679 0 
v 0.0793303 0.00161679 -0.007 
v 0.08 0.00175 0 
v 0.0787626 0.00123744 -0.007 
v 0.0793303 0.00161679 0 
v 0.0783832 0.000669696 -0.007 
v 0.0787626 0.00123744 0 
v 0.07825 -2.14313e-19 -0.007 
v 0.0783832 0.000669696 0 
v 0.0783832 -0.000669696 -0.007 
v 0.07825 -2.14313e-19 0 
v 0.0787626 -0.00123744 -0.007 
v 0.0783832 -0.000669696 0 
v 0.0793303 -0.00161679 -0.007 
v 0.0787626 -0.00123744 0 
v 0.08 -0.00175 -0.007 
v 0.0793303 -0.00161679 0 
v 0.0806697 -0.00161679 -0.007 
v 0.08 -0.00175 0 
v 0.0812374 -0.00123744 -0.007 
v 0.0806697 -0.00161679 0 
v 0.0816168 -0.000669696 -0.007 
v 0.0812374 -0.00123744 0 
v 0.0816168 -0.000669696 0 
vn -0.92388 -0.382683 0 
vn -1 0 0 
vn -1 0 0 
vn -0.707107 -0.707107 0 
vn -0.92388 -0.382683 0 
vn -0.382683 -0.92388 0 
vn -0.707107 -0.707107 0 
vn 1.83697e-16 -1 0 
vn -0.382683 -0.92388 0 
vn 0.382683 -0.92388 0 
vn 1.83697e-16 -1 0 
vn 0.707107 -0.707107 0 
vn 0.382683 -0.92388 0 
vn 0.92388 -0.382683 0 
vn 0.707107 -0.707107 0 
vn 1 1.22465e-16 0 
vn 0.92388 -0.382683 0 
vn 0.92388 0.382683 0 
vn 1 1.22465e-16 0 
vn 0.707107 0.707107 0 
vn 0.92388 0.382683 0 
vn 0.382683 0.92388 0 
vn 0.707107 0.707107 0 
vn -6.12323e-17 1 0 
vn 0.382683 0.92388 0 
vn -0.382683 0.92388 0 
vn -6.12323e-17 1 0 
vn -0.707107 0.707107 0 
vn -0.382683 0.92388 0 
vn -0.92388 0.382683 0 
vn -0.707107 0.707107 0 
vn -0.92388 0.382683 0 
f 6059//6059 6060//6060 6061//6061 
f 6062//6062 6059//6059 6063//6063 
f 6064//6064 6062//6062 6065//6065 
f 6066//6066 6064//6064 6067//6067 
f 6068//6068 6066//6066 6069//6069 
f 6070//6070 6068//6068 6071//6071 
f 6072//6072 6070//6070 6073//6073 
f 6074//6074 6072//6072 6075//6075 
f 6076//6076 6074//6074 6077//6077 
f 6078//6078 6076//6076 6079//6079 
f 6080//6080 6078//6078 6081//6081 
f 6082//6082 6080//6080 6083//6083 
f 6084//6084 6082//6082 6085//6085 
f 6086//6086 6084//6084 6087//6087 
f 6088//6088 6086//6086 6089//6089 
f 6060//6060 6088//6088 6090//6090 
f 6090//6090 6061//6061 6060//6060 
f 6089//6089 6090//6090 6088//6088 
f 6087//6087 6089//6089 6086//6086 
f 6085//6085 6087//6087 6084//6084 
f 6083//6083 6085//6085 6082//6082 
f 6081//6081 6083//6083 6080//6080 
f 6079//6079 6081//6081 6078//6078 
f 6077//6077 6079//6079 6076//6076 
f 6075//6075 6077//6077 6074//6074 
f 6073//6073 6075//6075 6072//6072 
f 6071//6071 6073//6073 6070//6070 
f 6069//6069 6071//6071 6068//6068 
f 6067//6067 6069//6069 6066//6066 
f 6065//6065 6067//6067 6064//6064 
f 6063//6063 6065//6065 6062//6062 
f 6061//6061 6063//6063 6059//6059 
o mesh96
v 0.0616168 -0.0393303 -0.007 
v 0.06175 -0.04 -0.007 
v 0.06175 -0.04 0 
v 0.0612374 -0.0387626 -0.007 
v 0.061391 -0.0389924 -0.007 
v 0.061391 -0.0389924 0 
v 0.0616168 -0.0393303 0 
v 0.0606697 -0.0383832 -0.007 
v 0.0612374 -0.0387626 0 
v 0.06 -0.03825 -0.007 
v 0.0606697 -0.0383832 0 
v 0.0593303 -0.0383832 -0.007 
v 0.06 -0.03825 0 
v 0.0587626 -0.0387626 -0.007 
v 0.0593303 -0.0383832 0 
v 0.0583832 -0.0393303 -0.007 
v 0.0587626 -0.0387626 0 
v 0.05825 -0.04 -0.007 
v 0.0583832 -0.0393303 0 
v 0.0583832 -0.0406697 -0.007 
v 0.05825 -0.04 0 
v 0.0587626 -0.0412374 -0.007 
v 0.0583832 -0.0406697 0 
v 0.0593303 -0.0416168 -0.007 
v 0.0587626 -0.0412374 0 
v 0.06 -0.04175 -0.007 
v 0.0593303 -0.0416168 0 
v 0.0606697 -0.0416168 -0.007 
v 0.06 -0.04175 0 
v 0.0612374 -0.0412374 -0.007 
v 0.0606697 -0.0416168 0 
v 0.0616168 -0.0406697 -0.007 
v 0.061391 -0.0410076 -0.007 
v 0.061391 -0.0410076 0 
v 0.0612374 -0.0412374 0 
v 0.0616168 -0.0406697 0 
vn -0.92388 -0.382683 0 
vn -1 0 0 
vn -1 0 0 
vn -0.707107 -0.707107 0 
vn -0.809859 -0.586625 0 
vn -0.809859 -0.586625 0 
vn -0.92388 -0.382683 0 
vn -0.382683 -0.92388 0 
vn -0.707107 -0.707107 0 
vn 1.83697e-16 -1 0 
vn -0.382683 -0.92388 0 
vn 0.382683 -0.92388 0 
vn 1.83697e-16 -1 0 
vn 0.707107 -0.707107 0 
vn 0.382683 -0.92388 0 
vn 0.92388 -0.382683 0 
vn 0.707107 -0.707107 0 
vn 1 1.22465e-16 0 
vn 0.92388 -0.382683 0 
vn 0.92388 0.382683 0 
vn 1 1.22465e-16 0 
vn 0.707107 0.707107 0 
vn 0.92388 0.382683 0 
vn 0.382683 0.92388 0 
vn 0.707107 0.707107 0 
vn -6.12323e-17 1 0 
vn 0.382683 0.92388 0 
vn -0.382683 0.92388 0 
vn -6.12323e-17 1 0 
vn -0.707107 0.707107 0 
vn -0.382683 0.92388 0 
vn -0.92388 0.382683 0 
vn -0.809859 0.586625 0 
vn -0.809859 0.586625 0 
vn -0.707107 0.707107 0 
vn -0.92388 0.382683 0 
f 6091//6091 6092//6092 6093//6093 
f 6094//6094 6095//6095 6096//6096 
f 6097//6097 6096//6096 6095//6095 
f 6095//6095 6091//6091 6097//6097 
f 6098//6098 6094//6094 6099//6099 
f 6100//6100 6098//6098 6101//6101 
f 6102//6102 6100//6100 6103//6103 
f 6104//6104 6102//6102 6105//6105 
f 6106//6106 6104//6104 6107//6107 
f 6108//6108 6106//6106 6109//6109 
f 6110//6110 6108//6108 6111//6111 
f 6112//6112 6110//6110 6113//6113 
f 6114//6114 6112//6112 6115//6115 
f 6116//6116 6114//6114 6117//6117 
f 6118//6118 6116//6116 6119//6119 
f 6120//6120 6118//6118 6121//6121 
f 6122//6122 6123//6123 6124//6124 
f 6125//6125 6124//6124 6123//6123 
f 6123//6123 6120//6120 6125//6125 
f 6092//6092 6122//6122 6126//6126 
f 6126//6126 6093//6093 6092//6092 
f 6124//6124 6126//6126 6122//6122 
f 6121//6121 6125//6125 6120//6120 
f 6119//6119 6121//6121 6118//6118 
f 6117//6117 6119//6119 6116//6116 
f 6115//6115 6117//6117 6114//6114 
f 6113//6113 6115//6115 6112//6112 
f 6111//6111 6113//6113 6110//6110 
f 6109//6109 6111//6111 6108//6108 
f 6107//6107 6109//6109 6106//6106 
f 6105//6105 6107//6107 6104//6104 
f 6103//6103 6105//6105 6102//6102 
f 6101//6101 6103//6103 6100//6100 
f 6099//6099 6101//6101 6098//6098 
f 6096//6096 6099//6099 6094//6094 
f 6093//6093 6097//6097 6091//6091 
o mesh97
v -0.0383832 -0.0793303 -0.007 
v -0.03825 -0.08 -0.007 
v -0.03825 -0.08 0 
v -0.0387626 -0.0787626 -0.007 
v -0.0383832 -0.0793303 0 
v -0.0393303 -0.0783832 -0.007 
v -0.0387626 -0.0787626 0 
v -0.04 -0.07825 -0.007 
v -0.0393303 -0.0783832 0 
v -0.0406697 -0.0783832 -0.007 
v -0.04 -0.07825 0 
v -0.0412374 -0.0787626 -0.007 
v -0.0406697 -0.0783832 0 
v -0.0416168 -0.0793303 -0.007 
v -0.0412374 -0.0787626 0 
v -0.04175 -0.08 -0.007 
v -0.0416168 -0.0793303 0 
v -0.0416168 -0.0806697 -0.007 
v -0.04175 -0.08 0 
v -0.0412374 -0.0812374 -0.007 
v -0.0416168 -0.0806697 0 
v -0.0406697 -0.0816168 -0.007 
v -0.0412374 -0.0812374 0 
v -0.04 -0.08175 -0.007 
v -0.0406697 -0.0816168 0 
v -0.0393303 -0.0816168 -0.007 
v -0.04 -0.08175 0 
v -0.0387626 -0.0812374 -0.007 
v -0.0393303 -0.0816168 0 
v -0.0383832 -0.0806697 -0.007 
v -0.0387626 -0.0812374 0 
v -0.0383832 -0.0806697 0 
vn -0.92388 -0.382683 0 
vn -1 0 0 
vn -1 0 0 
vn -0.707107 -0.707107 0 
vn -0.92388 -0.382683 0 
vn -0.382683 -0.92388 0 
vn -0.707107 -0.707107 0 
vn 1.83697e-16 -1 0 
vn -0.382683 -0.92388 0 
vn 0.382683 -0.92388 0 
vn 1.83697e-16 -1 0 
vn 0.707107 -0.707107 0 
vn 0.382683 -0.92388 0 
vn 0.92388 -0.382683 0 
vn 0.707107 -0.707107 0 
vn 1 1.22465e-16 0 
vn 0.92388 -0.382683 0 
vn 0.92388 0.382683 0 
vn 1 1.22465e-16 0 
vn 0.707107 0.707107 0 
vn 0.92388 0.382683 0 
vn 0.382683 0.92388 0 
vn 0.707107 0.707107 0 
vn -6.12323e-17 1 0 
vn 0.382683 0.92388 0 
vn -0.382683 0.92388 0 
vn -6.12323e-17 1 0 
vn -0.707107 0.707107 0 
vn -0.382683 0.92388 0 
vn -0.92388 0.382683 0 
vn -0.707107 0.707107 0 
vn -0.92388 0.382683 0 
f 6127//6127 6128//6128 6129//6129 
f 6130//6130 6127//6127 6131//6131 
f 6132//6132 6130//6130 6133//6133 
f 6134//6134 6132//6132 6135//6135 
f 6136//6136 6134//6134 6137//6137 
f 6138//6138 6136//6136 6139//6139 
f 6140//6140 6138//6138 6141//6141 
f 6142//6142 6140//6140 6143//6143 
f 6144//6144 6142//6142 6145//6145 
f 6146//6146 6144//6144 6147//6147 
f 6148//6148 6146//6146 6149//6149 
f 6150//6150 6148//6148 6151//6151 
f 6152//6152 6150//6150 6153//6153 
f 6154//6154 6152//6152 6155//6155 
f 6156//6156 6154//6154 6157//6157 
f 6128//6128 6156//6156 6158//6158 
f 6158//6158 6129//6129 6128//6128 
f 6157//6157 6158//6158 6156//6156 
f 6155//6155 6157//6157 6154//6154 
f 6153//6153 6155//6155 6152//6152 
f 6151//6151 6153//6153 6150//6150 
f 6149//6149 6151//6151 6148//6148 
f 6147//6147 6149//6149 6146//6146 
f 6145//6145 6147//6147 6144//6144 
f 6143//6143 6145//6145 6142//6142 
f 6141//6141 6143//6143 6140//6140 
f 6139//6139 6141//6141 6138//6138 
f 6137//6137 6139//6139 6136//6136 
f 6135//6135 6137//6137 6134//6134 
f 6133//6133 6135//6135 6132//6132 
f 6131//6131 6133//6133 6130//6130 
f 6129//6129 6131//6131 6127//6127 
o mesh98
v 0.0416168 0.0206697 -0.007 
v 0.04175 0.02 -0.007 
v 0.04175 0.02 0 
v 0.0412374 0.0212374 -0.007 
v 0.0416168 0.0206697 0 
v 0.0406697 0.0216168 -0.007 
v 0.0412374 0.0212374 0 
v 0.04 0.02175 -0.007 
v 0.0406697 0.0216168 0 
v 0.0393303 0.0216168 -0.007 
v 0.039375 0.0216257 -0.007 
v 0.039375 0.0216257 0 
v 0.04 0.02175 0 
v 0.0387626 0.0212374 -0.007 
v 0.0393303 0.0216168 0 
v 0.0383832 0.0206697 -0.007 
v 0.0387626 0.0212374 0 
v 0.03825 0.02 -0.007 
v 0.0383832 0.0206697 0 
v 0.0383832 0.0193303 -0.007 
v 0.0383316 0.0195897 -0.007 
v 0.0383316 0.0195897 0 
v 0.03825 0.02 0 
v 0.0387626 0.0187626 -0.007 
v 0.0383832 0.0193303 0 
v 0.0393303 0.0183832 -0.007 
v 0.0387626 0.0187626 0 
v 0.04 0.01825 -0.007 
v 0.039375 0.0183743 -0.007 
v 0.039375 0.0183743 0 
v 0.0393303 0.0183832 0 
v 0.0406697 0.0183832 -0.007 
v 0.04 0.01825 0 
v 0.0412374 0.0187626 -0.007 
v 0.0406697 0.0183832 0 
v 0.0416168 0.0193303 -0.007 
v 0.0412374 0.0187626 0 
v 0.0416684 0.0195897 -0.007 
v 0.0416684 0.0195897 0 
v 0.0416168 0.0193303 0 
vn -0.92388 -0.382683 0 
vn -1 0 0 
vn -1 0 0 
vn -0.707107 -0.707107 0 
vn -0.92388 -0.382683 0 
vn -0.382683 -0.92388 0 
vn -0.707107 -0.707107 0 
vn 1.83697e-16 -1 0 
vn -0.382683 -0.92388 0 
vn 0.382683 -0.92388 0 
vn 0.358848 -0.933396 0 
vn 0.358848 -0.933396 0 
vn 1.83697e-16 -1 0 
vn 0.707107 -0.707107 0 
vn 0.382683 -0.92388 0 
vn 0.92388 -0.382683 0 
vn 0.707107 -0.707107 0 
vn 1 1.22465e-16 0 
vn 0.92388 -0.382683 0 
vn 0.92388 0.382683 0 
vn 0.971073 0.238784 0 
vn 0.971073 0.238784 0 
vn 1 1.22465e-16 0 
vn 0.707107 0.707107 0 
vn 0.92388 0.382683 0 
vn 0.382683 0.92388 0 
vn 0.707107 0.707107 0 
vn -6.12323e-17 1 0 
vn 0.358848 0.933396 0 
vn 0.358848 0.933396 0 
vn 0.382683 0.92388 0 
vn -0.382683 0.92388 0 
vn -6.12323e-17 1 0 
vn -0.707107 0.707107 0 
vn -0.382683 0.92388 0 
vn -0.92388 0.382683 0 
vn -0.707107 0.707107 0 
vn -0.971073 0.238784 0 
vn -0.971073 0.238784 0 
vn -0.92388 0.382683 0 
f 6159//6159 6160//6160 6161//6161 
f 6162//6162 6159//6159 6163//6163 
f 6164//6164 6162//6162 6165//6165 
f 6166//6166 6164//6164 6167//6167 
f 6168//6168 6169//6169 6170//6170 
f 6171//6171 6170//6170 6169//6169 
f 6169//6169 6166//6166 6171//6171 
f 6172//6172 6168//6168 6173//6173 
f 6174//6174 6172//6172 6175//6175 
f 6176//6176 6174//6174 6177//6177 
f 6178//6178 6179//6179 6180//6180 
f 6181//6181 6180//6180 6179//6179 
f 6179//6179 6176//6176 6181//6181 
f 6182//6182 6178//6178 6183//6183 
f 6184//6184 6182//6182 6185//6185 
f 6186//6186 6187//6187 6188//6188 
f 6189//6189 6188//6188 6187//6187 
f 6187//6187 6184//6184 6189//6189 
f 6190//6190 6186//6186 6191//6191 
f 6192//6192 6190//6190 6193//6193 
f 6194//6194 6192//6192 6195//6195 
f 6160//6160 6196//6196 6197//6197 
f 6198//6198 6197//6197 6196//6196 
f 6196//6196 6194//6194 6198//6198 
f 6197//6197 6161//6161 6160//6160 
f 6195//6195 6198//6198 6194//6194 
f 6193//6193 6195//6195 6192//6192 
f 6191//6191 6193//6193 6190//6190 
f 6188//6188 6191//6191 6186//6186 
f 6185//6185 6189//6189 6184//6184 
f 6183//6183 6185//6185 6182//6182 
f 6180//6180 6183//6183 6178//6178 
f 6177//6177 6181//6181 6176//6176 
f 6175//6175 6177//6177 6174//6174 
f 6173//6173 6175//6175 6172//6172 
f 6170//6170 6173//6173 6168//6168 
f 6167//6167 6171//6171 6166//6166 
f 6165//6165 6167//6167 6164//6164 
f 6163//6163 6165//6165 6162//6162 
f 6161//6161 6163//6163 6159//6159 
o mesh99
v -0.0383832 0.0206697 -0.007 
v -0.03825 0.02 -0.007 
v -0.03825 0.02 0 
v -0.0387626 0.0212374 -0.007 
v -0.0383832 0.0206697 0 
v -0.0393303 0.0216168 -0.007 
v -0.0387626 0.0212374 0 
v -0.04 0.02175 -0.007 
v -0.0393303 0.0216168 0 
v -0.0406697 0.0216168 -0.007 
v -0.04 0.02175 0 
v -0.0412374 0.0212374 -0.007 
v -0.0406697 0.0216168 0 
v -0.0416168 0.0206697 -0.007 
v -0.0412374 0.0212374 0 
v -0.04175 0.02 -0.007 
v -0.0416168 0.0206697 0 
v -0.0416168 0.0193303 -0.007 
v -0.0416684 0.0195897 -0.007 
v -0.0416684 0.0195897 0 
v -0.04175 0.02 0 
v -0.0412374 0.0187626 -0.007 
v -0.0416168 0.0193303 0 
v -0.0406697 0.0183832 -0.007 
v -0.0412374 0.0187626 0 
v -0.04 0.01825 -0.007 
v -0.0406697 0.0183832 0 
v -0.0393303 0.0183832 -0.007 
v -0.04 0.01825 0 
v -0.0387626 0.0187626 -0.007 
v -0.0393303 0.0183832 0 
v -0.0383832 0.0193303 -0.007 
v -0.0387626 0.0187626 0 
v -0.0383316 0.0195897 -0.007 
v -0.0383316 0.0195897 0 
v -0.0383832 0.0193303 0 
vn -0.92388 -0.382683 0 
vn -1 0 0 
vn -1 0 0 
vn -0.707107 -0.707107 0 
vn -0.92388 -0.382683 0 
vn -0.382683 -0.92388 0 
vn -0.707107 -0.707107 0 
vn 1.83697e-16 -1 0 
vn -0.382683 -0.92388 0 
vn 0.382683 -0.92388 0 
vn 1.83697e-16 -1 0 
vn 0.707107 -0.707107 0 
vn 0.382683 -0.92388 0 
vn 0.92388 -0.382683 0 
vn 0.707107 -0.707107 0 
vn 1 1.22465e-16 0 
vn 0.92388 -0.382683 0 
vn 0.92388 0.382683 0 
vn 0.971073 0.238784 0 
vn 0.971073 0.238784 0 
vn 1 1.22465e-16 0 
vn 0.707107 0.707107 0 
vn 0.92388 0.382683 0 
vn 0.382683 0.92388 0 
vn 0.707107 0.707107 0 
vn -6.12323e-17 1 0 
vn 0.382683 0.92388 0 
vn -0.382683 0.92388 0 
vn -6.12323e-17 1 0 
vn -0.707107 0.707107 0 
vn -0.382683 0.92388 0 
vn -0.92388 0.382683 0 
vn -0.707107 0.707107 0 
vn -0.971073 0.238784 0 
vn -0.971073 0.238784 0 
vn -0.92388 0.382683 0 
f 6199//6199 6200//6200 6201//6201 
f 6202//6202 6199//6199 6203//6203 
f 6204//6204 6202//6202 6205//6205 
f 6206//6206 6204//6204 6207//6207 
f 6208//6208 6206//6206 6209//6209 
f 6210//6210 6208//6208 6211//6211 
f 6212//6212 6210//6210 6213//6213 
f 6214//6214 6212//6212 6215//6215 
f 6216//6216 6217//6217 6218//6218 
f 6219//6219 6218//6218 6217//6217 
f 6217//6217 6214//6214 6219//6219 
f 6220//6220 6216//6216 6221//6221 
f 6222//6222 6220//6220 6223//6223 
f 6224//6224 6222//6222 6225//6225 
f 6226//6226 6224//6224 6227//6227 
f 6228//6228 6226//6226 6229//6229 
f 6230//6230 6228//6228 6231//6231 
f 6200//6200 6232//6232 6233//6233 
f 6234//6234 6233//6233 6232//6232 
f 6232//6232 6230//6230 6234//6234 
f 6233//6233 6201//6201 6200//6200 
f 6231//6231 6234//6234 6230//6230 
f 6229//6229 6231//6231 6228//6228 
f 6227//6227 6229//6229 6226//6226 
f 6225//6225 6227//6227 6224//6224 
f 6223//6223 6225//6225 6222//6222 
f 6221//6221 6223//6223 6220//6220 
f 6218//6218 6221//6221 6216//6216 
f 6215//6215 6219//6219 6214//6214 
f 6213//6213 6215//6215 6212//6212 
f 6211//6211 6213//6213 6210//6210 
f 6209//6209 6211//6211 6208//6208 
f 6207//6207 6209//6209 6206//6206 
f 6205//6205 6207//6207 6204//6204 
f 6203//6203 6205//6205 6202//6202 
f 6201//6201 6203//6203 6199//6199 
o mesh100
v -0.0383832 0.0606697 -0.007 
v -0.03825 0.06 -0.007 
v -0.03825 0.06 0 
v -0.0387626 0.0612374 -0.007 
v -0.0383832 0.0606697 0 
v -0.0393303 0.0616168 -0.007 
v -0.0387626 0.0612374 0 
v -0.04 0.06175 -0.007 
v -0.0393303 0.0616168 0 
v -0.0406697 0.0616168 -0.007 
v -0.04 0.06175 0 
v -0.0412374 0.0612374 -0.007 
v -0.0406697 0.0616168 0 
v -0.0416168 0.0606697 -0.007 
v -0.0412374 0.0612374 0 
v -0.04175 0.06 -0.007 
v -0.0416168 0.0606697 0 
v -0.0416168 0.0593303 -0.007 
v -0.04175 0.06 0 
v -0.0412374 0.0587626 -0.007 
v -0.0416168 0.0593303 0 
v -0.0406697 0.0583832 -0.007 
v -0.0412374 0.0587626 0 
v -0.04 0.05825 -0.007 
v -0.0406697 0.0583832 0 
v -0.0393303 0.0583832 -0.007 
v -0.04 0.05825 0 
v -0.0387626 0.0587626 -0.007 
v -0.0393303 0.0583832 0 
v -0.0383832 0.0593303 -0.007 
v -0.0387626 0.0587626 0 
v -0.0383832 0.0593303 0 
vn -0.92388 -0.382683 0 
vn -1 0 0 
vn -1 0 0 
vn -0.707107 -0.707107 0 
vn -0.92388 -0.382683 0 
vn -0.382683 -0.92388 0 
vn -0.707107 -0.707107 0 
vn 1.83697e-16 -1 0 
vn -0.382683 -0.92388 0 
vn 0.382683 -0.92388 0 
vn 1.83697e-16 -1 0 
vn 0.707107 -0.707107 0 
vn 0.382683 -0.92388 0 
vn 0.92388 -0.382683 0 
vn 0.707107 -0.707107 0 
vn 1 1.22465e-16 0 
vn 0.92388 -0.382683 0 
vn 0.92388 0.382683 0 
vn 1 1.22465e-16 0 
vn 0.707107 0.707107 0 
vn 0.92388 0.382683 0 
vn 0.382683 0.92388 0 
vn 0.707107 0.707107 0 
vn -6.12323e-17 1 0 
vn 0.382683 0.92388 0 
vn -0.382683 0.92388 0 
vn -6.12323e-17 1 0 
vn -0.707107 0.707107 0 
vn -0.382683 0.92388 0 
vn -0.92388 0.382683 0 
vn -0.707107 0.707107 0 
vn -0.92388 0.382683 0 
f 6235//6235 6236//6236 6237//6237 
f 6238//6238 6235//6235 6239//6239 
f 6240//6240 6238//6238 6241//6241 
f 6242//6242 6240//6240 6243//6243 
f 6244//6244 6242//6242 6245//6245 
f 6246//6246 6244//6244 6247//6247 
f 6248//6248 6246//6246 6249//6249 
f 6250//6250 6248//6248 6251//6251 
f 6252//6252 6250//6250 6253//6253 
f 6254//6254 6252//6252 6255//6255 
f 6256//6256 6254//6254 6257//6257 
f 6258//6258 6256//6256 6259//6259 
f 6260//6260 6258//6258 6261//6261 
f 6262//6262 6260//6260 6263//6263 
f 6264//6264 6262//6262 6265//6265 
f 6236//6236 6264//6264 6266//6266 
f 6266//6266 6237//6237 6236//6236 
f 6265//6265 6266//6266 6264//6264 
f 6263//6263 6265//6265 6262//6262 
f 6261//6261 6263//6263 6260//6260 
f 6259//6259 6261//6261 6258//6258 
f 6257//6257 6259//6259 6256//6256 
f 6255//6255 6257//6257 6254//6254 
f 6253//6253 6255//6255 6252//6252 
f 6251//6251 6253//6253 6250//6250 
f 6249//6249 6251//6251 6248//6248 
f 6247//6247 6249//6249 6246//6246 
f 6245//6245 6247//6247 6244//6244 
f 6243//6243 6245//6245 6242//6242 
f 6241//6241 6243//6243 6240//6240 
f 6239//6239 6241//6241 6238//6238 
f 6237//6237 6239//6239 6235//6235 
o mesh101
v 0.0216168 0.0606697 -0.007 
v 0.02175 0.06 -0.007 
v 0.02175 0.06 0 
v 0.0212374 0.0612374 -0.007 
v 0.0216168 0.0606697 0 
v 0.0206697 0.0616168 -0.007 
v 0.0212374 0.0612374 0 
v 0.02 0.06175 -0.007 
v 0.0206697 0.0616168 0 
v 0.0193303 0.0616168 -0.007 
v 0.02 0.06175 0 
v 0.0187626 0.0612374 -0.007 
v 0.0193303 0.0616168 0 
v 0.0183832 0.0606697 -0.007 
v 0.0187626 0.0612374 0 
v 0.01825 0.06 -0.007 
v 0.0183832 0.0606697 0 
v 0.0183832 0.0593303 -0.007 
v 0.01825 0.06 0 
v 0.0187626 0.0587626 -0.007 
v 0.0183832 0.0593303 0 
v 0.0193303 0.0583832 -0.007 
v 0.0187626 0.0587626 0 
v 0.02 0.05825 -0.007 
v 0.0193303 0.0583832 0 
v 0.0206697 0.0583832 -0.007 
v 0.02 0.05825 0 
v 0.0212374 0.0587626 -0.007 
v 0.0206697 0.0583832 0 
v 0.0216168 0.0593303 -0.007 
v 0.0212374 0.0587626 0 
v 0.0216168 0.0593303 0 
vn -0.92388 -0.382683 0 
vn -1 0 0 
vn -1 0 0 
vn -0.707107 -0.707107 0 
vn -0.92388 -0.382683 0 
vn -0.382683 -0.92388 0 
vn -0.707107 -0.707107 0 
vn 1.83697e-16 -1 0 
vn -0.382683 -0.92388 0 
vn 0.382683 -0.92388 0 
vn 1.83697e-16 -1 0 
vn 0.707107 -0.707107 0 
vn 0.382683 -0.92388 0 
vn 0.92388 -0.382683 0 
vn 0.707107 -0.707107 0 
vn 1 1.22465e-16 0 
vn 0.92388 -0.382683 0 
vn 0.92388 0.382683 0 
vn 1 1.22465e-16 0 
vn 0.707107 0.707107 0 
vn 0.92388 0.382683 0 
vn 0.382683 0.92388 0 
vn 0.707107 0.707107 0 
vn -6.12323e-17 1 0 
vn 0.382683 0.92388 0 
vn -0.382683 0.92388 0 
vn -6.12323e-17 1 0 
vn -0.707107 0.707107 0 
vn -0.382683 0.92388 0 
vn -0.92388 0.382683 0 
vn -0.707107 0.707107 0 
vn -0.92388 0.382683 0 
f 6267//6267 6268//6268 6269//6269 
f 6270//6270 6267//6267 6271//6271 
f 6272//6272 6270//6270 6273//6273 
f 6274//6274 6272//6272 6275//6275 
f 6276//6276 6274//6274 6277//6277 
f 6278//6278 6276//6276 6279//6279 
f 6280//6280 6278//6278 6281//6281 
f 6282//6282 6280//6280 6283//6283 
f 6284//6284 6282//6282 6285//6285 
f 6286//6286 6284//6284 6287//6287 
f 6288//6288 6286//6286 6289//6289 
f 6290//6290 6288//6288 6291//6291 
f 6292//6292 6290//6290 6293//6293 
f 6294//6294 6292//6292 6295//6295 
f 6296//6296 6294//6294 6297//6297 
f 6268//6268 6296//6296 6298//6298 
f 6298//6298 6269//6269 6268//6268 
f 6297//6297 6298//6298 6296//6296 
f 6295//6295 6297//6297 6294//6294 
f 6293//6293 6295//6295 6292//6292 
f 6291//6291 6293//6293 6290//6290 
f 6289//6289 6291//6291 6288//6288 
f 6287//6287 6289//6289 6286//6286 
f 6285//6285 6287//6287 6284//6284 
f 6283//6283 6285//6285 6282//6282 
f 6281//6281 6283//6283 6280//6280 
f 6279//6279 6281//6281 6278//6278 
f 6277//6277 6279//6279 6276//6276 
f 6275//6275 6277//6277 6274//6274 
f 6273//6273 6275//6275 6272//6272 
f 6271//6271 6273//6273 6270//6270 
f 6269//6269 6271//6271 6267//6267 
o mesh102
v 0.0416168 0.0606697 -0.007 
v 0.04175 0.06 -0.007 
v 0.04175 0.06 0 
v 0.0412374 0.0612374 -0.007 
v 0.0416168 0.0606697 0 
v 0.0406697 0.0616168 -0.007 
v 0.0412374 0.0612374 0 
v 0.04 0.06175 -0.007 
v 0.0406697 0.0616168 0 
v 0.0393303 0.0616168 -0.007 
v 0.039375 0.0616257 -0.007 
v 0.039375 0.0616257 0 
v 0.04 0.06175 0 
v 0.0387626 0.0612374 -0.007 
v 0.0393303 0.0616168 0 
v 0.0383832 0.0606697 -0.007 
v 0.0387626 0.0612374 0 
v 0.03825 0.06 -0.007 
v 0.0383832 0.0606697 0 
v 0.0383832 0.0593303 -0.007 
v 0.03825 0.06 0 
v 0.0387626 0.0587626 -0.007 
v 0.0383832 0.0593303 0 
v 0.0393303 0.0583832 -0.007 
v 0.0387626 0.0587626 0 
v 0.04 0.05825 -0.007 
v 0.039375 0.0583743 -0.007 
v 0.039375 0.0583743 0 
v 0.0393303 0.0583832 0 
v 0.0406697 0.0583832 -0.007 
v 0.04 0.05825 0 
v 0.0412374 0.0587626 -0.007 
v 0.0406697 0.0583832 0 
v 0.0416168 0.0593303 -0.007 
v 0.0412374 0.0587626 0 
v 0.0416168 0.0593303 0 
vn -0.92388 -0.382683 0 
vn -1 0 0 
vn -1 0 0 
vn -0.707107 -0.707107 0 
vn -0.92388 -0.382683 0 
vn -0.382683 -0.92388 0 
vn -0.707107 -0.707107 0 
vn 1.83697e-16 -1 0 
vn -0.382683 -0.92388 0 
vn 0.382683 -0.92388 0 
vn 0.358848 -0.933396 0 
vn 0.358848 -0.933396 0 
vn 1.83697e-16 -1 0 
vn 0.707107 -0.707107 0 
vn 0.382683 -0.92388 0 
vn 0.92388 -0.382683 0 
vn 0.707107 -0.707107 0 
vn 1 1.22465e-16 0 
vn 0.92388 -0.382683 0 
vn 0.92388 0.382683 0 
vn 1 1.22465e-16 0 
vn 0.707107 0.707107 0 
vn 0.92388 0.382683 0 
vn 0.382683 0.92388 0 
vn 0.707107 0.707107 0 
vn -6.12323e-17 1 0 
vn 0.358848 0.933396 0 
vn 0.358848 0.933396 0 
vn 0.382683 0.92388 0 
vn -0.382683 0.92388 0 
vn -6.12323e-17 1 0 
vn -0.707107 0.707107 0 
vn -0.382683 0.92388 0 
vn -0.92388 0.382683 0 
vn -0.707107 0.707107 0 
vn -0.92388 0.382683 0 
f 6299//6299 6300//6300 6301//6301 
f 6302//6302 6299//6299 6303//6303 
f 6304//6304 6302//6302 6305//6305 
f 6306//6306 6304//6304 6307//6307 
f 6308//6308 6309//6309 6310//6310 
f 6311//6311 6310//6310 6309//6309 
f 6309//6309 6306//6306 6311//6311 
f 6312//6312 6308//6308 6313//6313 
f 6314//6314 6312//6312 6315//6315 
f 6316//6316 6314//6314 6317//6317 
f 6318//6318 6316//6316 6319//6319 
f 6320//6320 6318//6318 6321//6321 
f 6322//6322 6320//6320 6323//6323 
f 6324//6324 6325//6325 6326//6326 
f 6327//6327 6326//6326 6325//6325 
f 6325//6325 6322//6322 6327//6327 
f 6328//6328 6324//6324 6329//6329 
f 6330//6330 6328//6328 6331//6331 
f 6332//6332 6330//6330 6333//6333 
f 6300//6300 6332//6332 6334//6334 
f 6334//6334 6301//6301 6300//6300 
f 6333//6333 6334//6334 6332//6332 
f 6331//6331 6333//6333 6330//6330 
f 6329//6329 6331//6331 6328//6328 
f 6326//6326 6329//6329 6324//6324 
f 6323//6323 6327//6327 6322//6322 
f 6321//6321 6323//6323 6320//6320 
f 6319//6319 6321//6321 6318//6318 
f 6317//6317 6319//6319 6316//6316 
f 6315//6315 6317//6317 6314//6314 
f 6313//6313 6315//6315 6312//6312 
f 6310//6310 6313//6313 6308//6308 
f 6307//6307 6311//6311 6306//6306 
f 6305//6305 6307//6307 6304//6304 
f 6303//6303 6305//6305 6302//6302 
f 6301//6301 6303//6303 6299//6299 
o mesh103
v 0.0216168 0.10067 -0.007 
v 0.02175 0.1 -0.007 
v 0.02175 0.1 0 
v 0.0212374 0.101237 -0.007 
v 0.0216168 0.10067 0 
v 0.0206697 0.101617 -0.007 
v 0.0212374 0.101237 0 
v 0.02 0.10175 -0.007 
v 0.0206697 0.101617 0 
v 0.0193303 0.101617 -0.007 
v 0.02 0.10175 0 
v 0.0187626 0.101237 -0.007 
v 0.0193303 0.101617 0 
v 0.0183832 0.10067 -0.007 
v 0.0187626 0.101237 0 
v 0.01825 0.1 -0.007 
v 0.0183832 0.10067 0 
v 0.0183832 0.0993303 -0.007 
v 0.01825 0.1 0 
v 0.0187626 0.0987626 -0.007 
v 0.0183832 0.0993303 0 
v 0.0193303 0.0983832 -0.007 
v 0.0187626 0.0987626 0 
v 0.02 0.09825 -0.007 
v 0.0193303 0.0983832 0 
v 0.0206697 0.0983832 -0.007 
v 0.02 0.09825 0 
v 0.0212374 0.0987626 -0.007 
v 0.0206697 0.0983832 0 
v 0.0216168 0.0993303 -0.007 
v 0.0212374 0.0987626 0 
v 0.0216168 0.0993303 0 
vn -0.92388 -0.382683 0 
vn -1 0 0 
vn -1 0 0 
vn -0.707107 -0.707107 0 
vn -0.92388 -0.382683 0 
vn -0.382683 -0.92388 0 
vn -0.707107 -0.707107 0 
vn 1.83697e-16 -1 0 
vn -0.382683 -0.92388 0 
vn 0.382683 -0.92388 0 
vn 1.83697e-16 -1 0 
vn 0.707107 -0.707107 0 
vn 0.382683 -0.92388 0 
vn 0.92388 -0.382683 0 
vn 0.707107 -0.707107 0 
vn 1 1.22465e-16 0 
vn 0.92388 -0.382683 0 
vn 0.92388 0.382683 0 
vn 1 1.22465e-16 0 
vn 0.707107 0.707107 0 
vn 0.92388 0.382683 0 
vn 0.382683 0.92388 0 
vn 0.707107 0.707107 0 
vn -6.12323e-17 1 0 
vn 0.382683 0.92388 0 
vn -0.382683 0.92388 0 
vn -6.12323e-17 1 0 
vn -0.707107 0.707107 0 
vn -0.382683 0.92388 0 
vn -0.92388 0.382683 0 
vn -0.707107 0.707107 0 
vn -0.92388 0.382683 0 
f 6335//6335 6336//6336 6337//6337 
f 6338//6338 6335//6335 6339//6339 
f 6340//6340 6338//6338 6341//6341 
f 6342//6342 6340//6340 6343//6343 
f 6344//6344 6342//6342 6345//6345 
f 6346//6346 6344//6344 6347//6347 
f 6348//6348 6346//6346 6349//6349 
f 6350//6350 6348//6348 6351//6351 
f 6352//6352 6350//6350 6353//6353 
f 6354//6354 6352//6352 6355//6355 
f 6356//6356 6354//6354 6357//6357 
f 6358//6358 6356//6356 6359//6359 
f 6360//6360 6358//6358 6361//6361 
f 6362//6362 6360//6360 6363//6363 
f 6364//6364 6362//6362 6365//6365 
f 6336//6336 6364//6364 6366//6366 
f 6366//6366 6337//6337 6336//6336 
f 6365//6365 6366//6366 6364//6364 
f 6363//6363 6365//6365 6362//6362 
f 6361//6361 6363//6363 6360//6360 
f 6359//6359 6361//6361 6358//6358 
f 6357//6357 6359//6359 6356//6356 
f 6355//6355 6357//6357 6354//6354 
f 6353//6353 6355//6355 6352//6352 
f 6351//6351 6353//6353 6350//6350 
f 6349//6349 6351//6351 6348//6348 
f 6347//6347 6349//6349 6346//6346 
f 6345//6345 6347//6347 6344//6344 
f 6343//6343 6345//6345 6342//6342 
f 6341//6341 6343//6343 6340//6340 
f 6339//6339 6341//6341 6338//6338 
f 6337//6337 6339//6339 6335//6335 
o mesh104
v -0.0406142 0.0826174 0 
v -0.0405 0.0831914 0 
v -0.0405 0.0831914 -0.007 
v -0.0409393 0.0821308 0 
v -0.0406142 0.0826174 -0.007 
v -0.041426 0.0818056 0 
v -0.0409393 0.0821308 -0.007 
v -0.042 0.0816914 0 
v -0.041426 0.0818056 -0.007 
v -0.042574 0.0818056 0 
v -0.042 0.0816914 -0.007 
v -0.0430607 0.0821308 0 
v -0.042574 0.0818056 -0.007 
v -0.0433858 0.0826174 0 
v -0.0430607 0.0821308 -0.007 
v -0.0435 0.0831914 0 
v -0.0433858 0.0826174 -0.007 
v -0.0433858 0.0837655 0 
v -0.0435 0.0831914 -0.007 
v -0.0430607 0.0842521 0 
v -0.0433858 0.0837655 -0.007 
v -0.042574 0.0845773 0 
v -0.0430607 0.0842521 -0.007 
v -0.042 0.0846914 0 
v -0.042574 0.0845773 -0.007 
v -0.041426 0.0845773 0 
v -0.042 0.0846914 -0.007 
v -0.0409393 0.0842521 0 
v -0.041426 0.0845773 -0.007 
v -0.0406142 0.0837655 0 
v -0.0409393 0.0842521 -0.007 
v -0.0406142 0.0837655 -0.007 
vn -0.92388 0.382683 0 
vn -1 0 0 
vn -1 0 0 
vn -0.707107 0.707107 0 
vn -0.92388 0.382683 0 
vn -0.382683 0.92388 0 
vn -0.707107 0.707107 0 
vn 1.83697e-16 1 0 
vn -0.382683 0.92388 0 
vn 0.382683 0.92388 0 
vn 1.83697e-16 1 0 
vn 0.707107 0.707107 0 
vn 0.382683 0.92388 0 
vn 0.92388 0.382683 0 
vn 0.707107 0.707107 0 
vn 1 -1.22465e-16 0 
vn 0.92388 0.382683 0 
vn 0.92388 -0.382683 0 
vn 1 -1.22465e-16 0 
vn 0.707107 -0.707107 0 
vn 0.92388 -0.382683 0 
vn 0.382683 -0.92388 0 
vn 0.707107 -0.707107 0 
vn -6.12323e-17 -1 0 
vn 0.382683 -0.92388 0 
vn -0.382683 -0.92388 0 
vn -6.12323e-17 -1 0 
vn -0.707107 -0.707107 0 
vn -0.382683 -0.92388 0 
vn -0.92388 -0.382683 0 
vn -0.707107 -0.707107 0 
vn -0.92388 -0.382683 0 
f 6367//6367 6368//6368 6369//6369 
f 6370//6370 6367//6367 6371//6371 
f 6372//6372 6370//6370 6373//6373 
f 6374//6374 6372//6372 6375//6375 
f 6376//6376 6374//6374 6377//6377 
f 6378//6378 6376//6376 6379//6379 
f 6380//6380 6378//6378 6381//6381 
f 6382//6382 6380//6380 6383//6383 
f 6384//6384 6382//6382 6385//6385 
f 6386//6386 6384//6384 6387//6387 
f 6388//6388 6386//6386 6389//6389 
f 6390//6390 6388//6388 6391//6391 
f 6392//6392 6390//6390 6393//6393 
f 6394//6394 6392//6392 6395//6395 
f 6396//6396 6394//6394 6397//6397 
f 6368//6368 6396//6396 6398//6398 
f 6398//6398 6369//6369 6368//6368 
f 6397//6397 6398//6398 6396//6396 
f 6395//6395 6397//6397 6394//6394 
f 6393//6393 6395//6395 6392//6392 
f 6391//6391 6393//6393 6390//6390 
f 6389//6389 6391//6391 6388//6388 
f 6387//6387 6389//6389 6386//6386 
f 6385//6385 6387//6387 6384//6384 
f 6383//6383 6385//6385 6382//6382 
f 6381//6381 6383//6383 6380//6380 
f 6379//6379 6381//6381 6378//6378 
f 6377//6377 6379//6379 6376//6376 
f 6375//6375 6377//6377 6374//6374 
f 6373//6373 6375//6375 6372//6372 
f 6371//6371 6373//6373 6370//6370 
f 6369//6369 6371//6371 6367//6367 
o mesh105
v -0.0276142 0.037926 0 
v -0.0275 0.0385 0 
v -0.0275 0.0385 -0.007 
v -0.0279393 0.0374393 0 
v -0.0276142 0.037926 -0.007 
v -0.028426 0.0371142 0 
v -0.0279393 0.0374393 -0.007 
v -0.029 0.037 0 
v -0.028426 0.0371142 -0.007 
v -0.029574 0.0371142 0 
v -0.029 0.037 -0.007 
v -0.0300607 0.0374393 0 
v -0.029574 0.0371142 -0.007 
v -0.0303858 0.037926 0 
v -0.0300607 0.0374393 -0.007 
v -0.0305 0.0385 0 
v -0.0303858 0.037926 -0.007 
v -0.0303858 0.039074 0 
v -0.0305 0.0385 -0.007 
v -0.0300607 0.0395607 0 
v -0.0303858 0.039074 -0.007 
v -0.029574 0.0398858 0 
v -0.0300607 0.0395607 -0.007 
v -0.029 0.04 0 
v -0.029574 0.0398858 -0.007 
v -0.028426 0.0398858 0 
v -0.029 0.04 -0.007 
v -0.0279393 0.0395607 0 
v -0.028426 0.0398858 -0.007 
v -0.0276142 0.039074 0 
v -0.0279393 0.0395607 -0.007 
v -0.0276142 0.039074 -0.007 
vn -0.92388 0.382683 0 
vn -1 0 0 
vn -1 0 0 
vn -0.707107 0.707107 0 
vn -0.92388 0.382683 0 
vn -0.382683 0.92388 0 
vn -0.707107 0.707107 0 
vn 1.83697e-16 1 0 
vn -0.382683 0.92388 0 
vn 0.382683 0.92388 0 
vn 1.83697e-16 1 0 
vn 0.707107 0.707107 0 
vn 0.382683 0.92388 0 
vn 0.92388 0.382683 0 
vn 0.707107 0.707107 0 
vn 1 -1.22465e-16 0 
vn 0.92388 0.382683 0 
vn 0.92388 -0.382683 0 
vn 1 -1.22465e-16 0 
vn 0.707107 -0.707107 0 
vn 0.92388 -0.382683 0 
vn 0.382683 -0.92388 0 
vn 0.707107 -0.707107 0 
vn -6.12323e-17 -1 0 
vn 0.382683 -0.92388 0 
vn -0.382683 -0.92388 0 
vn -6.12323e-17 -1 0 
vn -0.707107 -0.707107 0 
vn -0.382683 -0.92388 0 
vn -0.92388 -0.382683 0 
vn -0.707107 -0.707107 0 
vn -0.92388 -0.382683 0 
f 6399//6399 6400//6400 6401//6401 
f 6402//6402 6399//6399 6403//6403 
f 6404//6404 6402//6402 6405//6405 
f 6406//6406 6404//6404 6407//6407 
f 6408//6408 6406//6406 6409//6409 
f 6410//6410 6408//6408 6411//6411 
f 6412//6412 6410//6410 6413//6413 
f 6414//6414 6412//6412 6415//6415 
f 6416//6416 6414//6414 6417//6417 
f 6418//6418 6416//6416 6419//6419 
f 6420//6420 6418//6418 6421//6421 
f 6422//6422 6420//6420 6423//6423 
f 6424//6424 6422//6422 6425//6425 
f 6426//6426 6424//6424 6427//6427 
f 6428//6428 6426//6426 6429//6429 
f 6400//6400 6428//6428 6430//6430 
f 6430//6430 6401//6401 6400//6400 
f 6429//6429 6430//6430 6428//6428 
f 6427//6427 6429//6429 6426//6426 
f 6425//6425 6427//6427 6424//6424 
f 6423//6423 6425//6425 6422//6422 
f 6421//6421 6423//6423 6420//6420 
f 6419//6419 6421//6421 6418//6418 
f 6417//6417 6419//6419 6416//6416 
f 6415//6415 6417//6417 6414//6414 
f 6413//6413 6415//6415 6412//6412 
f 6411//6411 6413//6413 6410//6410 
f 6409//6409 6411//6411 6408//6408 
f 6407//6407 6409//6409 6406//6406 
f 6405//6405 6407//6407 6404//6404 
f 6403//6403 6405//6405 6402//6402 
f 6401//6401 6403//6403 6399//6399 
o mesh106
v 0.0433858 0.0826174 0 
v 0.0435 0.0831914 0 
v 0.0435 0.0831914 -0.007 
v 0.0430607 0.0821308 0 
v 0.0433858 0.0826174 -0.007 
v 0.042574 0.0818056 0 
v 0.042625 0.0818397 0 
v 0.042625 0.0818397 -0.007 
v 0.0430607 0.0821308 -0.007 
v 0.042 0.0816914 0 
v 0.042574 0.0818056 -0.007 
v 0.041426 0.0818056 0 
v 0.042 0.0816914 -0.007 
v 0.0409393 0.0821308 0 
v 0.041426 0.0818056 -0.007 
v 0.0406142 0.0826174 0 
v 0.0409393 0.0821308 -0.007 
v 0.0405 0.0831914 0 
v 0.0406142 0.0826174 -0.007 
v 0.0406142 0.0837655 0 
v 0.0405 0.0831914 -0.007 
v 0.0409393 0.0842521 0 
v 0.0406142 0.0837655 -0.007 
v 0.041426 0.0845773 0 
v 0.0409393 0.0842521 -0.007 
v 0.042 0.0846914 0 
v 0.041426 0.0845773 -0.007 
v 0.042574 0.0845773 0 
v 0.042 0.0846914 -0.007 
v 0.0430607 0.0842521 0 
v 0.042625 0.0845432 0 
v 0.042625 0.0845432 -0.007 
v 0.042574 0.0845773 -0.007 
v 0.0433858 0.0837655 0 
v 0.0430607 0.0842521 -0.007 
v 0.0433858 0.0837655 -0.007 
vn -0.92388 0.382683 0 
vn -1 0 0 
vn -1 0 0 
vn -0.707107 0.707107 0 
vn -0.92388 0.382683 0 
vn -0.382683 0.92388 0 
vn -0.419673 0.907675 0 
vn -0.419673 0.907675 0 
vn -0.707107 0.707107 0 
vn 1.83697e-16 1 0 
vn -0.382683 0.92388 0 
vn 0.382683 0.92388 0 
vn 1.83697e-16 1 0 
vn 0.707107 0.707107 0 
vn 0.382683 0.92388 0 
vn 0.92388 0.382683 0 
vn 0.707107 0.707107 0 
vn 1 -1.22465e-16 0 
vn 0.92388 0.382683 0 
vn 0.92388 -0.382683 0 
vn 1 -1.22465e-16 0 
vn 0.707107 -0.707107 0 
vn 0.92388 -0.382683 0 
vn 0.382683 -0.92388 0 
vn 0.707107 -0.707107 0 
vn -6.12323e-17 -1 0 
vn 0.382683 -0.92388 0 
vn -0.382683 -0.92388 0 
vn -6.12323e-17 -1 0 
vn -0.707107 -0.707107 0 
vn -0.419673 -0.907675 0 
vn -0.419673 -0.907675 0 
vn -0.382683 -0.92388 0 
vn -0.92388 -0.382683 0 
vn -0.707107 -0.707107 0 
vn -0.92388 -0.382683 0 
f 6431//6431 6432//6432 6433//6433 
f 6434//6434 6431//6431 6435//6435 
f 6436//6436 6437//6437 6438//6438 
f 6439//6439 6438//6438 6437//6437 
f 6437//6437 6434//6434 6439//6439 
f 6440//6440 6436//6436 6441//6441 
f 6442//6442 6440//6440 6443//6443 
f 6444//6444 6442//6442 6445//6445 
f 6446//6446 6444//6444 6447//6447 
f 6448//6448 6446//6446 6449//6449 
f 6450//6450 6448//6448 6451//6451 
f 6452//6452 6450//6450 6453//6453 
f 6454//6454 6452//6452 6455//6455 
f 6456//6456 6454//6454 6457//6457 
f 6458//6458 6456//6456 6459//6459 
f 6460//6460 6461//6461 6462//6462 
f 6463//6463 6462//6462 6461//6461 
f 6461//6461 6458//6458 6463//6463 
f 6464//6464 6460//6460 6465//6465 
f 6432//6432 6464//6464 6466//6466 
f 6466//6466 6433//6433 6432//6432 
f 6465//6465 6466//6466 6464//6464 
f 6462//6462 6465//6465 6460//6460 
f 6459//6459 6463//6463 6458//6458 
f 6457//6457 6459//6459 6456//6456 
f 6455//6455 6457//6457 6454//6454 
f 6453//6453 6455//6455 6452//6452 
f 6451//6451 6453//6453 6450//6450 
f 6449//6449 6451//6451 6448//6448 
f 6447//6447 6449//6449 6446//6446 
f 6445//6445 6447//6447 6444//6444 
f 6443//6443 6445//6445 6442//6442 
f 6441//6441 6443//6443 6440//6440 
f 6438//6438 6441//6441 6436//6436 
f 6435//6435 6439//6439 6434//6434 
f 6433//6433 6435//6435 6431//6431 
o mesh107
v 0.0303858 0.037926 0 
v 0.0305 0.0385 0 
v 0.0305 0.0385 -0.007 
v 0.0300607 0.0374393 0 
v 0.0303858 0.037926 -0.007 
v 0.029574 0.0371142 0 
v 0.0300607 0.0374393 -0.007 
v 0.029 0.037 0 
v 0.029574 0.0371142 -0.007 
v 0.028426 0.0371142 0 
v 0.029 0.037 -0.007 
v 0.0279393 0.0374393 0 
v 0.028426 0.0371142 -0.007 
v 0.0276142 0.037926 0 
v 0.0279393 0.0374393 -0.007 
v 0.0275 0.0385 0 
v 0.0276142 0.037926 -0.007 
v 0.0276142 0.039074 0 
v 0.0275 0.0385 -0.007 
v 0.0279393 0.0395607 0 
v 0.0276142 0.039074 -0.007 
v 0.028426 0.0398858 0 
v 0.0279393 0.0395607 -0.007 
v 0.029 0.04 0 
v 0.028426 0.0398858 -0.007 
v 0.029574 0.0398858 0 
v 0.029 0.04 -0.007 
v 0.0300607 0.0395607 0 
v 0.029574 0.0398858 -0.007 
v 0.0303858 0.039074 0 
v 0.0300607 0.0395607 -0.007 
v 0.0303858 0.039074 -0.007 
vn -0.92388 0.382683 0 
vn -1 0 0 
vn -1 0 0 
vn -0.707107 0.707107 0 
vn -0.92388 0.382683 0 
vn -0.382683 0.92388 0 
vn -0.707107 0.707107 0 
vn 1.83697e-16 1 0 
vn -0.382683 0.92388 0 
vn 0.382683 0.92388 0 
vn 1.83697e-16 1 0 
vn 0.707107 0.707107 0 
vn 0.382683 0.92388 0 
vn 0.92388 0.382683 0 
vn 0.707107 0.707107 0 
vn 1 -1.22465e-16 0 
vn 0.92388 0.382683 0 
vn 0.92388 -0.382683 0 
vn 1 -1.22465e-16 0 
vn 0.707107 -0.707107 0 
vn 0.92388 -0.382683 0 
vn 0.382683 -0.92388 0 
vn 0.707107 -0.707107 0 
vn -6.12323e-17 -1 0 
vn 0.382683 -0.92388 0 
vn -0.382683 -0.92388 0 
vn -6.12323e-17 -1 0 
vn -0.707107 -0.707107 0 
vn -0.382683 -0.92388 0 
vn -0.92388 -0.382683 0 
vn -0.707107 -0.707107 0 
vn -0.92388 -0.382683 0 
f 6467//6467 6468//6468 6469//6469 
f 6470//6470 6467//6467 6471//6471 
f 6472//6472 6470//6470 6473//6473 
f 6474//6474 6472//6472 6475//6475 
f 6476//6476 6474//6474 6477//6477 
f 6478//6478 6476//6476 6479//6479 
f 6480//6480 6478//6478 6481//6481 
f 6482//6482 6480//6480 6483//6483 
f 6484//6484 6482//6482 6485//6485 
f 6486//6486 6484//6484 6487//6487 
f 6488//6488 6486//6486 6489//6489 
f 6490//6490 6488//6488 6491//6491 
f 6492//6492 6490//6490 6493//6493 
f 6494//6494 6492//6492 6495//6495 
f 6496//6496 6494//6494 6497//6497 
f 6468//6468 6496//6496 6498//6498 
f 6498//6498 6469//6469 6468//6468 
f 6497//6497 6498//6498 6496//6496 
f 6495//6495 6497//6497 6494//6494 
f 6493//6493 6495//6495 6492//6492 
f 6491//6491 6493//6493 6490//6490 
f 6489//6489 6491//6491 6488//6488 
f 6487//6487 6489//6489 6486//6486 
f 6485//6485 6487//6487 6484//6484 
f 6483//6483 6485//6485 6482//6482 
f 6481//6481 6483//6483 6480//6480 
f 6479//6479 6481//6481 6478//6478 
f 6477//6477 6479//6479 6476//6476 
f 6475//6475 6477//6477 6474//6474 
f 6473//6473 6475//6475 6472//6472 
f 6471//6471 6473//6473 6470//6470 
f 6469//6469 6471//6471 6467//6467 
