# OBJ generated by ONSHAPE BY PTC INC, 1.214 Units = meters
mtllib materials.mtl
g wheel
usemtl 0.749020_0.749020_0.749020_0.000000_0.000000
o mesh108
v 0.0110741 0.050436 0.00483829 
v 0.0110741 0.0498866 0.00634767 
v 0.0108838 0.0489876 0.00602045 
v 0.0108838 0.049537 0.00451108 
v 0.0103418 0.0482255 0.00574305 
v 0.0103418 0.0487748 0.00423368 
v 0.00953078 0.0477162 0.0055577 
v 0.00953078 0.0482656 0.00404833 
v 0.00857407 0.0475374 0.00549262 
v 0.00857407 0.0480868 0.00398324 
v 0.00761737 0.0477162 0.0055577 
v 0.00761737 0.0482656 0.00404833 
v 0.00680631 0.0482255 0.00574305 
v 0.00680631 0.0487748 0.00423368 
v 0.00626438 0.0489876 0.00602045 
v 0.00626438 0.049537 0.00451108 
v 0.00607407 0.0498866 0.00634767 
v 0.00607407 0.050436 0.00483829 
v 0.00626438 0.0507856 0.00667488 
v 0.00626438 0.051335 0.0051655 
v 0.00680631 0.0515478 0.00695228 
v 0.00680631 0.0520971 0.0054429 
v 0.00761737 0.052057 0.00713763 
v 0.00761737 0.0526064 0.00562825 
v 0.00857407 0.0522359 0.00720272 
v 0.00857407 0.0527852 0.00569334 
v 0.00953078 0.052057 0.00713763 
v 0.00953078 0.0526064 0.00562825 
v 0.0103418 0.0515478 0.00695228 
v 0.0103418 0.0520971 0.0054429 
v 0.0108838 0.0507856 0.00667488 
v 0.0108838 0.051335 0.0051655 
vn 1 3.1572e-14 6.93889e-15 
vn 1 3.1572e-14 6.93889e-15 
vn 0.92388 -0.359605 -0.130885 
vn 0.92388 -0.359605 -0.130885 
vn 0.707107 -0.664463 -0.241845 
vn 0.707107 -0.664463 -0.241845 
vn 0.382683 -0.868163 -0.315985 
vn 0.382683 -0.868163 -0.315985 
vn 6.12323e-17 -0.939693 -0.34202 
vn 6.12323e-17 -0.939693 -0.34202 
vn -0.382683 -0.868163 -0.315985 
vn -0.382683 -0.868163 -0.315985 
vn -0.707107 -0.664463 -0.241845 
vn -0.707107 -0.664463 -0.241845 
vn -0.92388 -0.359605 -0.130885 
vn -0.92388 -0.359605 -0.130885 
vn -1 3.02228e-16 1.10002e-16 
vn -1 3.02228e-16 1.10002e-16 
vn -0.92388 0.359605 0.130885 
vn -0.92388 0.359605 0.130885 
vn -0.707107 0.664463 0.241845 
vn -0.707107 0.664463 0.241845 
vn -0.382683 0.868163 0.315985 
vn -0.382683 0.868163 0.315985 
vn -1.38778e-15 0.939693 0.34202 
vn -1.38778e-15 0.939693 0.34202 
vn 0.382683 0.868163 0.315985 
vn 0.382683 0.868163 0.315985 
vn 0.707107 0.664463 0.241845 
vn 0.707107 0.664463 0.241845 
vn 0.92388 0.359605 0.130885 
vn 0.92388 0.359605 0.130885 
f 1//1 2//2 3//3 
f 4//4 3//3 5//5 
f 6//6 5//5 7//7 
f 8//8 7//7 9//9 
f 10//10 9//9 11//11 
f 12//12 11//11 13//13 
f 14//14 13//13 15//15 
f 16//16 15//15 17//17 
f 18//18 17//17 19//19 
f 20//20 19//19 21//21 
f 22//22 21//21 23//23 
f 24//24 23//23 25//25 
f 26//26 25//25 27//27 
f 28//28 27//27 29//29 
f 30//30 29//29 31//31 
f 32//32 31//31 2//2 
f 2//2 1//1 32//32 
f 31//31 32//32 30//30 
f 29//29 30//30 28//28 
f 27//27 28//28 26//26 
f 25//25 26//26 24//24 
f 23//23 24//24 22//22 
f 21//21 22//22 20//20 
f 19//19 20//20 18//18 
f 17//17 18//18 16//16 
f 15//15 16//16 14//14 
f 13//13 14//14 12//12 
f 11//11 12//12 10//10 
f 9//9 10//10 8//8 
f 7//7 8//8 6//6 
f 5//5 6//6 4//4 
f 3//3 4//4 1//1 
usemtl 0.250980_0.250980_0.250980_0.000000_0.000000
o mesh109
v 0.0175234 0.0485098 0.00584655 
v 0.0163174 0.0454514 0.00473337 
v 0.0108838 0.0489876 0.00602045 
v 0.0139771 0.0430427 0.00385668 
v 0.0103418 0.0482255 0.00574305 
v 0.0135263 0.0570254 0.00894595 
v 0.0160175 0.0547542 0.00811933 
v 0.0103418 0.0515478 0.00695228 
v 0.0174183 0.05177 0.00703315 
v 0.0108838 0.0507856 0.00667488 
v 0.0110741 0.0498866 0.00634767 
v 0.0111445 0.0417145 0.00337327 
v 0.00953078 0.0477162 0.0055577 
v 0.00600364 0.0417145 0.00337327 
v 0.00857407 0.0475374 0.00549262 
v 0.00317106 0.0430427 0.00385668 
v 0.00680631 0.0482255 0.00574305 
v 0.00761737 0.0477162 0.0055577 
v 0.00683859 0.0582507 0.00939194 
v 0.00857407 0.0522359 0.00720272 
v 0.00761737 0.052057 0.00713763 
v -0.000270139 0.05177 0.00703315 
v 0.00626438 0.0507856 0.00667488 
v 0.00607407 0.0498866 0.00634767 
v 0.00113064 0.0547542 0.00811933 
v 0.00680631 0.0515478 0.00695228 
v 0.00362187 0.0570254 0.00894595 
v 0.000830711 0.0454514 0.00473337 
v 0.00626438 0.0489876 0.00602045 
v -0.000375247 0.0485098 0.00584655 
v 0.0103096 0.0582507 0.00939194 
v 0.00953078 0.052057 0.00713763 
vn 0 0.34202 -0.939693 
vn 0 0.34202 -0.939693 
vn 0 0.34202 -0.939693 
vn 0 0.34202 -0.939693 
vn 0 0.34202 -0.939693 
vn 0 0.34202 -0.939693 
vn 0 0.34202 -0.939693 
vn 0 0.34202 -0.939693 
vn 0 0.34202 -0.939693 
vn 0 0.34202 -0.939693 
vn 0 0.34202 -0.939693 
vn 0 0.34202 -0.939693 
vn 0 0.34202 -0.939693 
vn 0 0.34202 -0.939693 
vn 0 0.34202 -0.939693 
vn 0 0.34202 -0.939693 
vn 0 0.34202 -0.939693 
vn 0 0.34202 -0.939693 
vn 0 0.34202 -0.939693 
vn 0 0.34202 -0.939693 
vn 0 0.34202 -0.939693 
vn 0 0.34202 -0.939693 
vn 0 0.34202 -0.939693 
vn 0 0.34202 -0.939693 
vn 0 0.34202 -0.939693 
vn 0 0.34202 -0.939693 
vn 0 0.34202 -0.939693 
vn 0 0.34202 -0.939693 
vn 0 0.34202 -0.939693 
vn 0 0.34202 -0.939693 
vn 0 0.34202 -0.939693 
vn 0 0.34202 -0.939693 
f 33//33 34//34 35//35 
f 34//34 36//36 37//37 
f 38//38 39//39 40//40 
f 39//39 41//41 42//42 
f 41//41 33//33 43//43 
f 37//37 35//35 34//34 
f 36//36 44//44 45//45 
f 44//44 46//46 47//47 
f 48//48 49//49 50//50 
f 51//51 52//52 53//53 
f 42//42 40//40 39//39 
f 35//35 43//43 33//33 
f 47//47 45//45 44//44 
f 50//50 46//46 48//48 
f 54//54 55//55 56//56 
f 57//57 58//58 55//55 
f 59//59 53//53 58//58 
f 53//53 59//59 51//51 
f 43//43 42//42 41//41 
f 50//50 47//47 46//46 
f 60//60 61//61 49//49 
f 62//62 56//56 61//61 
f 55//55 54//54 57//57 
f 51//51 63//63 52//52 
f 63//63 38//38 64//64 
f 45//45 37//37 36//36 
f 61//61 60//60 62//62 
f 58//58 57//57 59//59 
f 40//40 64//64 38//38 
f 56//56 62//62 54//54 
f 49//49 48//48 60//60 
f 64//64 52//52 63//63 
usemtl 0.749020_0.749020_0.749020_0.000000_0.000000
o mesh110
v 0.0103418 0.0520971 0.0054429 
v 0.0108838 0.051335 0.0051655 
v 0.0140741 0.0536839 0.00602043 
v 0.00680631 0.0520971 0.0054429 
v 0.00761737 0.0526064 0.00562825 
v 0.00507407 0.0556043 0.0067194 
v 0.00319068 0.0543305 0.00625576 
v 0.00307407 0.0536839 0.00602043 
v 0.0138964 0.0544085 0.00628418 
v 0.0137499 0.0547325 0.00640209 
v 0.0140158 0.0541445 0.00618807 
v 0.0127258 0.0554996 0.00668128 
v 0.0120741 0.0556043 0.0067194 
v 0.00431884 0.0554331 0.0066571 
v 0.0040477 0.0553324 0.00662042 
v 0.00467609 0.0555659 0.00670543 
v 0.003239 0.0544123 0.00628555 
v 0.00367543 0.0550248 0.00650849 
v 0.00352938 0.0549042 0.00646457 
v 0.0128317 0.0554445 0.00666122 
v 0.0134695 0.0550256 0.00650877 
v 0.0133041 0.0551985 0.0065717 
v 0.00307407 0.0423919 0.00191047 
v 0.00626438 0.049537 0.00451108 
v 0.00607407 0.050436 0.00483829 
v 0.00857407 0.0527852 0.00569334 
v 0.00626438 0.051335 0.0051655 
v 0.00680631 0.0487748 0.00423368 
v 0.0140741 0.0423919 0.00191047 
v 0.00857407 0.0480868 0.00398324 
v 0.0103418 0.0487748 0.00423368 
v 0.00953078 0.0482656 0.00404833 
v 0.00953078 0.0526064 0.00562825 
v 0.00761737 0.0482656 0.00404833 
v 0.0108838 0.049537 0.00451108 
v 0.0110741 0.050436 0.00483829 
vn 0 -0.34202 0.939693 
vn 0 -0.34202 0.939693 
vn 0 -0.34202 0.939693 
vn 0 -0.34202 0.939693 
vn 0 -0.34202 0.939693 
vn 0 -0.34202 0.939693 
vn 0 -0.34202 0.939693 
vn 0 -0.34202 0.939693 
vn 0 -0.34202 0.939693 
vn 0 -0.34202 0.939693 
vn 0 -0.34202 0.939693 
vn 0 -0.34202 0.939693 
vn 0 -0.34202 0.939693 
vn 0 -0.34202 0.939693 
vn 0 -0.34202 0.939693 
vn 0 -0.34202 0.939693 
vn 0 -0.34202 0.939693 
vn 0 -0.34202 0.939693 
vn 0 -0.34202 0.939693 
vn 0 -0.34202 0.939693 
vn 0 -0.34202 0.939693 
vn 0 -0.34202 0.939693 
vn 0 -0.34202 0.939693 
vn 0 -0.34202 0.939693 
vn 0 -0.34202 0.939693 
vn 0 -0.34202 0.939693 
vn 0 -0.34202 0.939693 
vn 0 -0.34202 0.939693 
vn 0 -0.34202 0.939693 
vn 0 -0.34202 0.939693 
vn 0 -0.34202 0.939693 
vn 0 -0.34202 0.939693 
vn 0 -0.34202 0.939693 
vn 0 -0.34202 0.939693 
vn 0 -0.34202 0.939693 
vn 0 -0.34202 0.939693 
f 65//65 66//66 67//67 
f 68//68 69//69 70//70 
f 68//68 71//71 72//72 
f 65//65 73//73 74//74 
f 67//67 75//75 65//65 
f 65//65 76//76 77//77 
f 68//68 78//78 79//79 
f 70//70 80//80 68//68 
f 68//68 81//81 71//71 
f 68//68 82//82 83//83 
f 75//75 73//73 65//65 
f 65//65 84//84 76//76 
f 65//65 85//85 86//86 
f 80//80 78//78 68//68 
f 83//83 81//81 68//68 
f 87//87 88//88 89//89 
f 74//74 85//85 65//65 
f 86//86 84//84 65//65 
f 77//77 70//70 90//90 
f 79//79 82//82 68//68 
f 72//72 89//89 91//91 
f 87//87 92//92 88//88 
f 87//87 93//93 94//94 
f 93//93 95//95 96//96 
f 77//77 97//97 65//65 
f 69//69 90//90 70//70 
f 89//89 72//72 87//87 
f 94//94 98//98 87//87 
f 93//93 99//99 95//95 
f 93//93 67//67 100//100 
f 90//90 97//97 77//77 
f 98//98 92//92 87//87 
f 100//100 99//99 93//93 
f 72//72 91//91 68//68 
f 66//66 100//100 67//67 
f 96//96 94//94 93//93 
o mesh111
v 0.00319068 0.0543305 0.00625576 
v 0.00313236 0.0541445 -0.00618807 
v 0.00307407 0.0536839 -0.00602043 
v 0.00307407 0.0536839 0.00602043 
v 0.003239 0.0544123 0.00628555 
v 0.00325176 0.0544085 -0.00628418 
v 0.00352938 0.0549042 0.00646457 
v 0.00339824 0.0547325 -0.00640209 
v 0.00367543 0.0550248 0.00650849 
v 0.00367865 0.0550256 -0.00650877 
v 0.0040477 0.0553324 0.00662042 
v 0.00384409 0.0551985 -0.0065717 
v 0.00431884 0.0554331 0.0066571 
v 0.00431649 0.0554445 -0.00666122 
v 0.00467609 0.0555659 0.00670543 
v 0.0044223 0.0554996 -0.00668128 
v 0.00507407 0.0556043 -0.0067194 
v 0.00507407 0.0556043 0.0067194 
vn -0.941695 0.333153 0.0471173 
vn -0.970856 0.237334 -0.0333428 
vn -1 3.46945e-14 -4.77049e-15 
vn -1 3.46945e-14 -4.77049e-15 
vn -0.924228 0.378057 0.0536234 
vn -0.923986 0.378637 -0.0536985 
vn -0.772349 0.628689 0.0907057 
vn -0.837917 0.540268 -0.0774921 
vn -0.70775 0.699165 0.101286 
vn -0.706734 0.70017 -0.101435 
vn -0.513185 0.849231 0.124291 
vn -0.614994 0.780292 -0.113697 
vn -0.382989 0.913952 0.134206 
vn -0.381895 0.914393 -0.13432 
vn -0.198992 0.969515 0.142979 
vn -0.325888 0.935335 -0.137643 
vn 0 0.989274 -0.146074 
vn 0 0.989274 0.146074 
f 101//101 102//102 103//103 
f 103//103 104//104 101//101 
f 105//105 106//106 102//102 
f 107//107 108//108 106//106 
f 106//106 105//105 107//107 
f 109//109 110//110 108//108 
f 111//111 112//112 110//110 
f 110//110 109//109 111//111 
f 113//113 114//114 112//112 
f 115//115 116//116 114//114 
f 115//115 117//117 116//116 
f 114//114 113//113 115//115 
f 115//115 118//118 117//117 
f 111//111 113//113 112//112 
f 107//107 109//109 108//108 
f 101//101 105//105 102//102 
o mesh112
v 0.00507407 0.0556043 0.0067194 
v 0.0120741 0.0556043 0.0067194 
v 0.0120741 0.0556043 -0.0067194 
v 0.00507407 0.0556043 -0.0067194 
vn 0 0.989274 0.146074 
vn 0 0.989274 0.146074 
vn 0 0.989274 -0.146074 
vn 0 0.989274 -0.146074 
f 119//119 120//120 121//121 
f 121//121 122//122 119//119 
o mesh113
v 0.0139575 0.0543305 -0.00625576 
v 0.0140158 0.0541445 0.00618807 
v 0.0140741 0.0536839 0.00602043 
v 0.0140741 0.0536839 -0.00602043 
v 0.0139091 0.0544123 -0.00628555 
v 0.0138964 0.0544085 0.00628418 
v 0.0136188 0.0549042 -0.00646457 
v 0.0137499 0.0547325 0.00640209 
v 0.0134727 0.0550248 -0.00650849 
v 0.0134695 0.0550256 0.00650877 
v 0.0131004 0.0553324 -0.00662042 
v 0.0133041 0.0551985 0.0065717 
v 0.0128293 0.0554331 -0.0066571 
v 0.0128317 0.0554445 0.00666122 
v 0.0124721 0.0555659 -0.00670543 
v 0.0127258 0.0554996 0.00668128 
v 0.0120741 0.0556043 0.0067194 
v 0.0120741 0.0556043 -0.0067194 
vn 0.941695 0.333153 -0.0471173 
vn 0.970856 0.237334 0.0333428 
vn 1 2.08167e-14 3.03577e-15 
vn 1 2.08167e-14 3.03577e-15 
vn 0.924228 0.378057 -0.0536234 
vn 0.923986 0.378637 0.0536985 
vn 0.772349 0.628689 -0.0907057 
vn 0.837917 0.540268 0.0774921 
vn 0.70775 0.699165 -0.101286 
vn 0.706734 0.70017 0.101435 
vn 0.513185 0.849231 -0.124291 
vn 0.614994 0.780292 0.113697 
vn 0.382989 0.913952 -0.134206 
vn 0.381895 0.914393 0.13432 
vn 0.198992 0.969515 -0.142979 
vn 0.325888 0.935335 0.137643 
vn 0 0.989274 0.146074 
vn 0 0.989274 -0.146074 
f 123//123 124//124 125//125 
f 125//125 126//126 123//123 
f 127//127 128//128 124//124 
f 129//129 130//130 128//128 
f 128//128 127//127 129//129 
f 131//131 132//132 130//130 
f 133//133 134//134 132//132 
f 132//132 131//131 133//133 
f 135//135 136//136 134//134 
f 137//137 138//138 136//136 
f 137//137 139//139 138//138 
f 136//136 135//135 137//137 
f 137//137 140//140 139//139 
f 133//133 135//135 134//134 
f 129//129 131//131 130//130 
f 123//123 127//127 124//124 
usemtl 0.250980_0.250980_0.250980_0.000000_0.000000
o mesh114
v 0.00307407 0.0536839 -0.00602043 
v -0.00041483 0.0493097 -0.00442835 
v 0.000664419 0.0462679 -0.00332123 
v 0.00507407 0.0556043 -0.0067194 
v 0.0120741 0.0556043 -0.0067194 
v 0.0102802 0.0588054 -0.0078845 
v -0.000221455 0.0525109 -0.0055935 
v 0.0140741 0.0536839 -0.00602043 
v 0.0164837 0.0462679 -0.00332123 
v 0.017563 0.0493097 -0.00442835 
v 0.00686799 0.0588054 -0.0078845 
v 0.00313236 0.0541445 -0.00618807 
v 0.0028635 0.0438162 -0.0024289 
v 0.0142847 0.0438162 -0.0024289 
v 0.0134508 0.0576205 -0.00745323 
v 0.00121717 0.0554184 -0.00665174 
v 0.00367865 0.0550256 -0.00650877 
v 0.00384409 0.0551985 -0.0065717 
v 0.00325176 0.0544085 -0.00628418 
v 0.00307407 0.0436606 -0.00237225 
v 0.0140741 0.0436606 -0.00237225 
v 0.015931 0.0554184 -0.00665174 
v 0.0139575 0.0543305 -0.00625576 
v 0.00369736 0.0576205 -0.00745323 
v 0.00339824 0.0547325 -0.00640209 
v 0.0173696 0.0525109 -0.0055935 
v 0.0136188 0.0549042 -0.00646457 
v 0.0139091 0.0544123 -0.00628555 
v 0.0131004 0.0553324 -0.00662042 
v 0.0134727 0.0550248 -0.00650849 
v 0.0124721 0.0555659 -0.00670543 
v 0.0128293 0.0554331 -0.0066571 
v 0.0044223 0.0554996 -0.00668128 
v 0.00431649 0.0554445 -0.00666122 
vn 0 0.34202 0.939693 
vn 0 0.34202 0.939693 
vn 0 0.34202 0.939693 
vn 0 0.34202 0.939693 
vn 0 0.34202 0.939693 
vn 0 0.34202 0.939693 
vn 0 0.34202 0.939693 
vn 0 0.34202 0.939693 
vn 0 0.34202 0.939693 
vn 0 0.34202 0.939693 
vn 0 0.34202 0.939693 
vn 0 0.34202 0.939693 
vn 0 0.34202 0.939693 
vn 0 0.34202 0.939693 
vn 0 0.34202 0.939693 
vn 0 0.34202 0.939693 
vn 0 0.34202 0.939693 
vn 0 0.34202 0.939693 
vn 0 0.34202 0.939693 
vn 0 0.34202 0.939693 
vn 0 0.34202 0.939693 
vn 0 0.34202 0.939693 
vn 0 0.34202 0.939693 
vn 0 0.34202 0.939693 
vn 0 0.34202 0.939693 
vn 0 0.34202 0.939693 
vn 0 0.34202 0.939693 
vn 0 0.34202 0.939693 
vn 0 0.34202 0.939693 
vn 0 0.34202 0.939693 
vn 0 0.34202 0.939693 
vn 0 0.34202 0.939693 
vn 0 0.34202 0.939693 
vn 0 0.34202 0.939693 
f 141//141 142//142 143//143 
f 144//144 145//145 146//146 
f 141//141 147//147 142//142 
f 148//148 149//149 150//150 
f 146//146 151//151 144//144 
f 147//147 141//141 152//152 
f 143//143 153//153 141//141 
f 148//148 154//154 149//149 
f 145//145 155//155 146//146 
f 156//156 157//157 158//158 
f 156//156 152//152 159//159 
f 153//153 160//160 141//141 
f 148//148 161//161 154//154 
f 162//162 163//163 148//148 
f 151//151 164//164 144//144 
f 156//156 165//165 157//157 
f 152//152 156//156 147//147 
f 148//148 166//166 162//162 
f 162//162 167//167 168//168 
f 155//155 169//169 170//170 
f 155//155 171//171 172//172 
f 164//164 173//173 144//144 
f 164//164 158//158 174//174 
f 159//159 165//165 156//156 
f 168//168 163//163 162//162 
f 170//170 162//162 155//155 
f 145//145 171//171 155//155 
f 158//158 164//164 156//156 
f 170//170 167//167 162//162 
f 174//174 173//173 164//164 
f 172//172 169//169 155//155 
f 150//150 166//166 148//148 
usemtl 0.749020_0.749020_0.749020_0.000000_0.000000
o mesh115
v 0.0140741 0.0423919 0.00191047 
v 0.0140741 0.0423919 -0.00191047 
v 0.0140741 0.0436606 -0.00237225 
v 0.0140741 0.0392974 0.00918582 
v 0.0140741 0.0396651 0.00792257 
v 0.0140741 0.0536839 0.00602043 
v 0.0140741 0.0536839 -0.00602043 
v 0.0140741 0.0404463 -0.00399547 
v 0.0140741 0.0392974 -0.00918582 
vn 1 0 0 
vn 1 0 0 
vn 1 0 0 
vn 1 0 0 
vn 1 0 0 
vn 1 0 0 
vn 1 0 0 
vn 1 0 0 
vn 1 0 0 
f 175//175 176//176 177//177 
f 175//175 178//178 179//179 
f 177//177 180//180 175//175 
f 177//177 181//181 180//180 
f 176//176 179//179 182//182 
f 182//182 183//183 176//176 
f 179//179 176//176 175//175 
o mesh116
v 0.0140741 0.0436606 -0.00237225 
v 0.0140741 0.0423919 -0.00191047 
v 0.0115669 0.0423919 -0.00191047 
vn 0 -0.34202 -0.939693 
vn 0 -0.34202 -0.939693 
vn 0 -0.34202 -0.939693 
f 184//184 185//185 186//186 
o mesh117
v 0.0115669 0.0423919 -0.00191047 
v 0.0140741 0.0423919 -0.00191047 
v 0.0140741 0.0392974 -0.00918582 
v 0.0127968 0.0388282 -0.0104481 
v 0.0115669 0.0360645 -0.0192948 
v 0.0140741 0.0383705 -0.0117324 
v 0.0140741 0.0388253 -0.010456 
v 0.0140741 0.0360645 -0.0192948 
vn 0 0.904027 -0.427475 
vn 0 0.904027 -0.427475 
vn 0 0.934972 -0.354722 
vn 0 0.939664 -0.342099 
vn 0 0.967301 -0.253632 
vn 0 0.944241 -0.329256 
vn 0 0.939693 -0.34202 
vn 0 0.967301 -0.253632 
f 187//187 188//188 189//189 
f 189//189 190//190 187//187 
f 191//191 190//190 192//192 
f 190//190 193//193 192//192 
f 192//192 194//194 191//191 
f 189//189 193//193 190//190 
o mesh118
v 0.0140741 0.0373332 -0.0197566 
v 0.0115669 0.0360645 -0.0192948 
v 0.0140741 0.0360645 -0.0192948 
vn 0 0.34202 0.939693 
vn 0 0.34202 0.939693 
vn 0 0.34202 0.939693 
f 195//195 196//196 197//197 
o mesh119
v 0.0140741 0.0388621 -0.0104694 
v 0.0140741 0.0383705 -0.0117324 
v 0.0140741 0.0388253 -0.010456 
v 0.0140741 0.0392974 -0.00918582 
vn -1 0 0 
vn -1 0 0 
vn -1 0 0 
vn -1 0 0 
f 198//198 199//199 200//200 
f 200//200 201//201 198//198 
o mesh120
v 0.0123193 0.0360645 0.0192948 
v 0.0140741 0.0360645 0.0192948 
v 0.0140741 0.0383705 0.0117324 
v 0.0127856 0.0385708 0.0111635 
v 0.0111445 0.0417145 0.00337327 
v 0.0140741 0.0392974 0.00918582 
v 0.0140741 0.0388253 0.010456 
v 0.0140741 0.0423919 0.00191047 
v 0.00307407 0.0423919 0.00191047 
v 0.00600364 0.0417145 0.00337327 
v 0.00307407 0.0360645 0.0192948 
v 0.00482884 0.0360645 0.0192948 
v 0.00436302 0.0385738 0.011155 
vn 0 0.967301 0.253632 
vn 0 0.967301 0.253632 
vn 0 0.944241 0.329256 
vn 0 0.942238 0.334946 
vn 0 0.9108 0.412847 
vn 0 0.934972 0.354722 
vn 0 0.939693 0.34202 
vn 0 0.904027 0.427475 
vn 0 0.904027 0.427475 
vn 0 0.9108 0.412847 
vn 0 0.967301 0.253632 
vn 0 0.967301 0.253632 
vn 0 0.942208 0.33503 
f 202//202 203//203 204//204 
f 204//204 205//205 202//202 
f 206//206 205//205 207//207 
f 205//205 208//208 207//207 
f 207//207 209//209 206//206 
f 209//209 210//210 211//211 
f 212//212 213//213 214//214 
f 214//214 210//210 212//212 
f 214//214 211//211 210//210 
f 211//211 206//206 209//209 
f 204//204 208//208 205//205 
o mesh121
v 0.00482884 0.0360645 0.0192948 
v 0.00307407 0.0360645 0.0192948 
v 0.00307407 0.0370106 0.0196391 
vn 0 0.34202 -0.939693 
vn 0 0.34202 -0.939693 
vn 0 0.34202 -0.939693 
f 215//215 216//216 217//217 
o mesh122
v 0.0140741 0.0370106 0.0196391 
v 0.0140741 0.0360645 0.0192948 
v 0.0123193 0.0360645 0.0192948 
vn 0 0.34202 -0.939693 
vn 0 0.34202 -0.939693 
vn 0 0.34202 -0.939693 
f 218//218 219//219 220//220 
o mesh123
v 0.0140741 0.0388621 0.0104694 
v 0.0140741 0.0392974 0.00918582 
v 0.0140741 0.0388253 0.010456 
v 0.0140741 0.0383705 0.0117324 
vn -1 0 0 
vn -1 0 0 
vn -1 0 0 
vn -1 0 0 
f 221//221 222//222 223//223 
f 223//223 224//224 221//221 
usemtl 0.250980_0.250980_0.250980_0.000000_0.000000
o mesh124
v 0.000830711 0.0454514 0.00473337 
v 0.000830711 0.039124 0.0221177 
v -0.000375247 0.0421825 0.0232309 
v -0.000375247 0.0485098 0.00584655 
v -0.000270139 0.0454426 0.0244175 
v -0.000270139 0.05177 0.00703315 
v 0.00113064 0.0484268 0.0255036 
v 0.00113064 0.0547542 0.00811933 
v 0.00362187 0.050698 0.0263303 
v 0.00362187 0.0570254 0.00894595 
v 0.00683859 0.0519233 0.0267762 
v 0.00683859 0.0582507 0.00939194 
v 0.0103096 0.0519233 0.0267762 
v 0.0103096 0.0582507 0.00939194 
v 0.0135263 0.050698 0.0263303 
v 0.0135263 0.0570254 0.00894595 
v 0.0160175 0.0484268 0.0255036 
v 0.0160175 0.0547542 0.00811933 
v 0.0174183 0.0454426 0.0244175 
v 0.0174183 0.05177 0.00703315 
v 0.0175234 0.0421825 0.0232309 
v 0.0175234 0.0485098 0.00584655 
v 0.0163174 0.039124 0.0221177 
v 0.00307407 0.0370106 0.0196391 
v 0.00317106 0.0430427 0.00385668 
v 0.00436302 0.0385738 0.011155 
v 0.00600364 0.0417145 0.00337327 
v 0.00482884 0.0360645 0.0192948 
v 0.00307407 0.03692 0.0202893 
v 0.0163174 0.0454514 0.00473337 
v 0.0140741 0.03692 0.0202893 
v 0.0140741 0.0367839 0.0212659 
v 0.0139771 0.0430427 0.00385668 
v 0.0140741 0.0370106 0.0196391 
v 0.0111445 0.0417145 0.00337327 
v 0.0127856 0.0385708 0.0111635 
v 0.0123193 0.0360645 0.0192948 
v 0.00307407 0.0367839 0.0212659 
vn -0.839139 -0.417368 -0.348783 
vn -0.839139 -0.543916 -0.00109633 
vn -0.969827 -0.212475 0.119538 
vn -0.969827 -0.0859279 -0.228148 
vn -0.958437 0.140823 0.248128 
vn -0.958437 0.267371 -0.099558 
vn -0.806637 0.464222 0.365836 
vn -0.806637 0.590769 0.0181495 
vn -0.536665 0.710343 0.455416 
vn -0.536665 0.83689 0.10773 
vn -0.188072 0.84313 0.503747 
vn -0.188072 0.969677 0.156061 
vn 0.188072 0.84313 0.503747 
vn 0.188072 0.969677 0.156061 
vn 0.536665 0.710343 0.455416 
vn 0.536665 0.83689 0.10773 
vn 0.806637 0.464222 0.365836 
vn 0.806637 0.590769 0.0181495 
vn 0.958437 0.140823 0.248128 
vn 0.958437 0.267371 -0.099558 
vn 0.969827 -0.212475 0.119538 
vn 0.969827 -0.0859279 -0.228148 
vn 0.839139 -0.543916 -0.00109633 
vn -0.581706 -0.803011 -0.129586 
vn -0.585518 -0.678396 -0.443789 
vn -0.424263 -0.844868 -0.325881 
vn -0.278555 -0.822325 -0.496175 
vn -0.396114 -0.90307 -0.166005 
vn -0.587437 -0.801032 -0.115178 
vn 0.839139 -0.417368 -0.348783 
vn 0.587437 -0.801032 -0.115178 
vn 0.596028 -0.797513 -0.0933981 
vn 0.585518 -0.678396 -0.443789 
vn 0.581706 -0.803011 -0.129586 
vn 0.278555 -0.822325 -0.496175 
vn 0.424309 -0.844912 -0.325708 
vn 0.396114 -0.90307 -0.166005 
vn -0.596028 -0.797513 -0.0933981 
f 225//225 226//226 227//227 
f 228//228 227//227 229//229 
f 230//230 229//229 231//231 
f 232//232 231//231 233//233 
f 234//234 233//233 235//235 
f 236//236 235//235 237//237 
f 238//238 237//237 239//239 
f 240//240 239//239 241//241 
f 242//242 241//241 243//243 
f 244//244 243//243 245//245 
f 246//246 245//245 247//247 
f 248//248 249//249 250//250 
f 249//249 251//251 250//250 
f 250//250 252//252 248//248 
f 225//225 249//249 253//253 
f 253//253 226//226 225//225 
f 254//254 247//247 255//255 
f 247//247 256//256 255//255 
f 257//257 255//255 258//258 
f 258//258 259//259 257//257 
f 258//258 260//260 259//259 
f 258//258 261//261 260//260 
f 255//255 257//257 254//254 
f 253//253 262//262 226//226 
f 248//248 253//253 249//249 
f 247//247 254//254 246//246 
f 245//245 246//246 244//244 
f 243//243 244//244 242//242 
f 241//241 242//242 240//240 
f 239//239 240//240 238//238 
f 237//237 238//238 236//236 
f 235//235 236//236 234//234 
f 233//233 234//234 232//232 
f 231//231 232//232 230//230 
f 229//229 230//230 228//228 
f 227//227 228//228 225//225 
o mesh125
v 0.00507407 0.0483895 0.02549 
v 0.0120741 0.0483895 0.02549 
v 0.0103096 0.0519233 0.0267762 
v 0.0140741 0.0464528 0.0247852 
v 0.0163174 0.039124 0.0221177 
v 0.0175234 0.0421825 0.0232309 
v 0.0135263 0.050698 0.0263303 
v 0.00362187 0.050698 0.0263303 
v 0.00474907 0.0483638 0.0254807 
v 0.0140741 0.0367839 0.0212659 
v 0.0174183 0.0454426 0.0244175 
v 0.0160175 0.0484268 0.0255036 
v 0.0139773 0.0470486 0.025002 
v 0.00683859 0.0519233 0.0267762 
v 0.0136716 0.0476187 0.0252095 
v 0.0139039 0.0471855 0.0250518 
v 0.0131989 0.0480546 0.0253681 
v 0.00411261 0.0481513 0.0254033 
v 0.00431683 0.0482195 0.0254282 
v 0.0134702 0.0478044 0.0252771 
v 0.0126069 0.0483196 0.0254646 
v 0.0128289 0.0482202 0.0254284 
v 0.00113064 0.0484268 0.0255036 
v 0.00367076 0.0478096 0.025279 
v 0.00357537 0.0477358 0.0252521 
v 0.00321236 0.0471611 0.0250429 
v 0.00323156 0.0471915 0.025054 
v 0.00307407 0.0464528 0.0247852 
v -0.000270139 0.0454426 0.0244175 
v -0.000375247 0.0421825 0.0232309 
v 0.000830711 0.039124 0.0221177 
v 0.00307407 0.0367839 0.0212659 
vn 0 -0.34202 0.939693 
vn 0 -0.34202 0.939693 
vn 0 -0.34202 0.939693 
vn 0 -0.34202 0.939693 
vn 0 -0.34202 0.939693 
vn 0 -0.34202 0.939693 
vn 0 -0.34202 0.939693 
vn 0 -0.34202 0.939693 
vn 0 -0.34202 0.939693 
vn 0 -0.34202 0.939693 
vn 0 -0.34202 0.939693 
vn 0 -0.34202 0.939693 
vn 0 -0.34202 0.939693 
vn 0 -0.34202 0.939693 
vn 0 -0.34202 0.939693 
vn 0 -0.34202 0.939693 
vn 0 -0.34202 0.939693 
vn 0 -0.34202 0.939693 
vn 0 -0.34202 0.939693 
vn 0 -0.34202 0.939693 
vn 0 -0.34202 0.939693 
vn 0 -0.34202 0.939693 
vn 0 -0.34202 0.939693 
vn 0 -0.34202 0.939693 
vn 0 -0.34202 0.939693 
vn 0 -0.34202 0.939693 
vn 0 -0.34202 0.939693 
vn 0 -0.34202 0.939693 
vn 0 -0.34202 0.939693 
vn 0 -0.34202 0.939693 
vn 0 -0.34202 0.939693 
vn 0 -0.34202 0.939693 
f 263//263 264//264 265//265 
f 266//266 267//267 268//268 
f 264//264 269//269 265//265 
f 270//270 271//271 263//263 
f 266//266 272//272 267//267 
f 273//273 274//274 275//275 
f 263//263 276//276 270//270 
f 275//275 266//266 273//273 
f 274//274 277//277 278//278 
f 274//274 269//269 279//279 
f 265//265 276//276 263//263 
f 270//270 280//280 281//281 
f 278//278 275//275 274//274 
f 279//279 282//282 274//274 
f 269//269 283//283 284//284 
f 281//281 271//271 270//270 
f 270//270 285//285 286//286 
f 282//282 277//277 274//274 
f 264//264 283//283 269//269 
f 285//285 287//287 286//286 
f 285//285 288//288 289//289 
f 290//290 291//291 292//292 
f 284//284 279//279 269//269 
f 289//289 287//287 285//285 
f 285//285 291//291 290//290 
f 292//292 293//293 290//290 
f 286//286 280//280 270//270 
f 293//293 294//294 290//290 
f 290//290 288//288 285//285 
f 268//268 273//273 266//266 
usemtl 0.749020_0.749020_0.749020_0.000000_0.000000
o mesh126
v 0.00319068 0.0399608 0.0332245 
v 0.00321236 0.0471611 0.0250429 
v 0.00307407 0.0464528 0.0247852 
v 0.00323156 0.0471915 0.025054 
v 0.00307407 0.0396168 0.0326286 
v 0.00352938 0.0402661 0.0337532 
v 0.00357537 0.0477358 0.0252521 
v 0.00367076 0.0478096 0.025279 
v 0.003239 0.0400044 0.0332999 
v 0.0040477 0.0404939 0.0341478 
v 0.00411261 0.0481513 0.0254033 
v 0.00431683 0.0482195 0.0254282 
v 0.00367543 0.0403303 0.0338644 
v 0.00467609 0.0406182 0.0343631 
v 0.00474907 0.0483638 0.0254807 
v 0.00507407 0.0483895 0.02549 
v 0.00431884 0.0405476 0.0342407 
v 0.00507407 0.0406386 0.0343984 
vn -0.941695 0.224924 0.250241 
vn -0.930855 0.302757 0.204566 
vn -1 2.77556e-14 1.73472e-14 
vn -0.924064 0.316754 0.213943 
vn -1 2.77556e-14 1.73472e-14 
vn -0.772349 0.423299 0.473598 
vn -0.749354 0.549877 0.368923 
vn -0.7078 0.58678 0.39333 
vn -0.924228 0.25514 0.284088 
vn -0.513185 0.570656 0.641087 
vn -0.480732 0.729295 0.486854 
vn -0.383387 0.768345 0.512505 
vn -0.70775 0.470486 0.527004 
vn -0.198992 0.650786 0.732721 
vn -0.1625 0.821288 0.546881 
vn 0 0.832429 0.554131 
vn -0.382989 0.613862 0.690285 
vn 0 0.663933 0.747792 
f 295//295 296//296 297//297 
f 295//295 298//298 296//296 
f 297//297 299//299 295//295 
f 300//300 301//301 298//298 
f 300//300 302//302 301//301 
f 298//298 303//303 300//300 
f 304//304 305//305 302//302 
f 304//304 306//306 305//305 
f 302//302 307//307 304//304 
f 308//308 309//309 306//306 
f 308//308 310//310 309//309 
f 306//306 311//311 308//308 
f 308//308 312//312 310//310 
f 304//304 311//311 306//306 
f 300//300 307//307 302//302 
f 295//295 303//303 298//298 
o mesh127
v 0.00507407 0.0406386 0.0343984 
v 0.0120741 0.0406386 0.0343984 
v 0.0120741 0.0483895 0.02549 
v 0.00507407 0.0483895 0.02549 
vn 0 0.663933 0.747792 
vn 0 0.663933 0.747792 
vn 0 0.832429 0.554131 
vn 0 0.832429 0.554131 
f 313//313 314//314 315//315 
f 315//315 316//316 313//313 
o mesh128
v 0.0126069 0.0483196 0.0254646 
v 0.0127258 0.0405829 0.0343019 
v 0.0128317 0.0405536 0.0342511 
v 0.0120741 0.0406386 0.0343984 
v 0.0128289 0.0482202 0.0254284 
v 0.0133041 0.0404227 0.0340244 
v 0.0134695 0.0403307 0.0338651 
v 0.0134702 0.0478044 0.0252771 
v 0.0131989 0.0480546 0.0253681 
v 0.0137499 0.0401748 0.033595 
v 0.0138964 0.0400024 0.0332964 
v 0.0139039 0.0471855 0.0250518 
v 0.0136716 0.0476187 0.0252095 
v 0.0140158 0.0398619 0.0330531 
v 0.0140741 0.0396168 0.0326286 
v 0.0140741 0.0464528 0.0247852 
v 0.0139773 0.0470486 0.025002 
v 0.0120741 0.0483895 0.02549 
vn 0.266421 0.802138 0.53441 
vn 0.325888 0.628033 0.706662 
vn 0.381895 0.614126 0.690655 
vn 0 0.663933 0.747792 
vn 0.38221 0.768752 0.512772 
vn 0.614994 0.524655 0.588659 
vn 0.706734 0.47116 0.527764 
vn 0.707348 0.587144 0.393599 
vn 0.562389 0.687468 0.459463 
vn 0.837917 0.364058 0.40664 
vn 0.923986 0.255536 0.284519 
vn 0.924227 0.316422 0.213735 
vn 0.798752 0.499407 0.33554 
vn 0.970856 0.160376 0.178098 
vn 1 5.20417e-15 6.93889e-15 
vn 1 5.20417e-15 6.93889e-15 
vn 0.951606 0.254531 0.172223 
vn 0 0.832429 0.554131 
f 317//317 318//318 319//319 
f 317//317 320//320 318//318 
f 319//319 321//321 317//317 
f 322//322 323//323 324//324 
f 324//324 325//325 322//322 
f 321//321 319//319 322//322 
f 326//326 327//327 328//328 
f 328//328 329//329 326//326 
f 324//324 323//323 326//326 
f 330//330 331//331 332//332 
f 332//332 333//333 330//330 
f 328//328 327//327 330//330 
f 333//333 328//328 330//330 
f 329//329 324//324 326//326 
f 325//325 321//321 322//322 
f 317//317 334//334 320//320 
usemtl 0.250980_0.250980_0.250980_0.000000_0.000000
o mesh129
v 0.0140741 0.0396168 0.0326286 
v 0.017563 0.0372893 0.0285973 
v 0.0164837 0.0356708 0.025794 
v 0.00507407 0.0406386 0.0343984 
v 0.00686799 0.0423419 0.0373486 
v 0.0102802 0.0423419 0.0373486 
v 0.0173696 0.0389927 0.0315476 
v 0.00307407 0.0396168 0.0326286 
v 0.0028635 0.0343663 0.0235345 
v 0.000664419 0.0356708 0.025794 
v 0.0120741 0.0406386 0.0343984 
v 0.0140158 0.0398619 0.0330531 
v 0.0142847 0.0343663 0.0235345 
v -0.00041483 0.0372893 0.0285973 
v 0.00369736 0.0417114 0.0362565 
v 0.015931 0.0405397 0.0342271 
v 0.0134695 0.0403307 0.0338651 
v 0.0133041 0.0404227 0.0340244 
v 0.0138964 0.0400024 0.0332964 
v 0.0140741 0.0342835 0.0233911 
v 0.00307407 0.0342835 0.0233911 
v 0.00121717 0.0405397 0.0342271 
v 0.00319068 0.0399608 0.0332245 
v 0.0134508 0.0417114 0.0362565 
v 0.0137499 0.0401748 0.033595 
v -0.000221455 0.0389927 0.0315476 
v 0.00352938 0.0402661 0.0337532 
v 0.003239 0.0400044 0.0332999 
v 0.0040477 0.0404939 0.0341478 
v 0.00367543 0.0403303 0.0338644 
v 0.00467609 0.0406182 0.0343631 
v 0.00431884 0.0405476 0.0342407 
v 0.0127258 0.0405829 0.0343019 
v 0.0128317 0.0405536 0.0342511 
vn 0 0.866025 -0.5 
vn 0 0.866025 -0.5 
vn 0 0.866025 -0.5 
vn 0 0.866025 -0.5 
vn 0 0.866025 -0.5 
vn 0 0.866025 -0.5 
vn 0 0.866025 -0.5 
vn 0 0.866025 -0.5 
vn 0 0.866025 -0.5 
vn 0 0.866025 -0.5 
vn 0 0.866025 -0.5 
vn 0 0.866025 -0.5 
vn 0 0.866025 -0.5 
vn 0 0.866025 -0.5 
vn 0 0.866025 -0.5 
vn 0 0.866025 -0.5 
vn 0 0.866025 -0.5 
vn 0 0.866025 -0.5 
vn 0 0.866025 -0.5 
vn 0 0.866025 -0.5 
vn 0 0.866025 -0.5 
vn 0 0.866025 -0.5 
vn 0 0.866025 -0.5 
vn 0 0.866025 -0.5 
vn 0 0.866025 -0.5 
vn 0 0.866025 -0.5 
vn 0 0.866025 -0.5 
vn 0 0.866025 -0.5 
vn 0 0.866025 -0.5 
vn 0 0.866025 -0.5 
vn 0 0.866025 -0.5 
vn 0 0.866025 -0.5 
vn 0 0.866025 -0.5 
vn 0 0.866025 -0.5 
f 335//335 336//336 337//337 
f 338//338 339//339 340//340 
f 335//335 341//341 336//336 
f 342//342 343//343 344//344 
f 340//340 345//345 338//338 
f 341//341 335//335 346//346 
f 337//337 347//347 335//335 
f 344//344 348//348 342//342 
f 338//338 349//349 339//339 
f 350//350 351//351 352//352 
f 350//350 346//346 353//353 
f 347//347 354//354 335//335 
f 342//342 355//355 343//343 
f 356//356 357//357 342//342 
f 340//340 358//358 345//345 
f 350//350 359//359 351//351 
f 346//346 350//350 341//341 
f 342//342 360//360 356//356 
f 356//356 361//361 362//362 
f 349//349 363//363 364//364 
f 349//349 365//365 366//366 
f 358//358 367//367 345//345 
f 358//358 352//352 368//368 
f 353//353 359//359 350//350 
f 362//362 357//357 356//356 
f 364//364 356//356 349//349 
f 338//338 365//365 349//349 
f 352//352 358//358 350//350 
f 364//364 361//361 356//356 
f 368//368 367//367 358//358 
f 366//366 363//363 349//349 
f 348//348 360//360 342//342 
usemtl 0.749020_0.749020_0.749020_0.000000_0.000000
o mesh130
v 0.0140741 0.0336084 0.0222218 
v 0.0140741 0.03692 0.0202893 
v 0.0140741 0.0367839 0.0212659 
v 0.0140741 0.0360645 0.0192948 
v 0.0140741 0.0370106 0.0196391 
v 0.0140741 0.0396168 0.0326286 
v 0.0140741 0.0342835 0.0233911 
v 0.0140741 0.0464528 0.0247852 
v 0.0140741 0.0265614 0.0258059 
v 0.0140741 0.0343826 0.0186345 
v 0.0140741 0.0383705 0.0117324 
vn 1 0 0 
vn 1 0 0 
vn 1 0 0 
vn 1 0 0 
vn 1 0 0 
vn 1 0 0 
vn 1 0 0 
vn 1 0 0 
vn 1 0 0 
vn 1 0 0 
vn 1 0 0 
f 369//369 370//370 371//371 
f 372//372 373//373 370//370 
f 374//374 375//375 371//371 
f 370//370 369//369 372//372 
f 371//371 375//375 369//369 
f 371//371 376//376 374//374 
f 372//372 377//377 378//378 
f 378//378 379//379 372//372 
f 369//369 377//377 372//372 
o mesh131
v 0.0140741 0.0342835 0.0233911 
v 0.0115669 0.0336084 0.0222218 
v 0.0140741 0.0336084 0.0222218 
vn 0 -0.866025 0.5 
vn 0 -0.866025 0.5 
vn 0 -0.866025 0.5 
f 380//380 381//381 382//382 
o mesh132
v 0.0115669 0.017587 0.0314718 
v 0.0140741 0.017587 0.0314718 
v 0.0140741 0.0242144 0.027161 
v 0.0127968 0.0253761 0.0264797 
v 0.0115669 0.0336084 0.0222218 
v 0.0140741 0.0265614 0.0258059 
v 0.0140741 0.0253833 0.0264755 
v 0.0140741 0.0336084 0.0222218 
vn 0 0.577964 0.816062 
vn 0 0.577964 0.816062 
vn 0 0.511689 0.859171 
vn 0 0.500073 0.865984 
vn 0 0.417749 0.908562 
vn 0 0.488219 0.872721 
vn 0 0.5 0.866025 
vn 0 0.417749 0.908562 
f 383//383 384//384 385//385 
f 385//385 386//386 383//383 
f 387//387 386//386 388//388 
f 386//386 389//389 388//388 
f 388//388 390//390 387//387 
f 385//385 389//389 386//386 
o mesh133
v 0.0140741 0.0182621 0.0326411 
v 0.0140741 0.017587 0.0314718 
v 0.0115669 0.017587 0.0314718 
vn 0 0.866025 -0.5 
vn 0 0.866025 -0.5 
vn 0 0.866025 -0.5 
f 391//391 392//392 393//393 
o mesh134
v 0.0140741 0.0254029 0.0265094 
v 0.0140741 0.0265614 0.0258059 
v 0.0140741 0.0253833 0.0264755 
v 0.0140741 0.0242144 0.027161 
vn -1 0 0 
vn -1 0 0 
vn -1 0 0 
vn -1 0 0 
f 394//394 395//395 396//396 
f 396//396 397//397 394//394 
usemtl 0.250980_0.250980_0.250980_0.000000_0.000000
o mesh135
v 0.0028635 0.0374889 -0.0198132 
v 0.0028635 0.0438162 -0.0024289 
v 0.000664419 0.0462679 -0.00332123 
v 0.000664419 0.0399405 -0.0207055 
v -0.00041483 0.0493097 -0.00442835 
v -0.00041483 0.0429823 -0.0218127 
v -0.000221455 0.0525109 -0.0055935 
v -0.000221455 0.0461836 -0.0229778 
v 0.00121717 0.0554184 -0.00665174 
v 0.00121717 0.049091 -0.024036 
v 0.00369736 0.0576205 -0.00745323 
v 0.00369736 0.0512931 -0.0248375 
v 0.00686799 0.0588054 -0.0078845 
v 0.00686799 0.052478 -0.0252688 
v 0.0102802 0.0588054 -0.0078845 
v 0.0102802 0.052478 -0.0252688 
v 0.0134508 0.0576205 -0.00745323 
v 0.0134508 0.0512931 -0.0248375 
v 0.015931 0.0554184 -0.00665174 
v 0.015931 0.049091 -0.024036 
v 0.0173696 0.0525109 -0.0055935 
v 0.0173696 0.0461836 -0.0229778 
v 0.017563 0.0493097 -0.00442835 
v 0.017563 0.0429823 -0.0218127 
v 0.0164837 0.0462679 -0.00332123 
v 0.0164837 0.0399405 -0.0207055 
v 0.0142847 0.0438162 -0.0024289 
v 0.0140741 0.0373332 -0.0197566 
v 0.0127968 0.0388282 -0.0104481 
v 0.0115669 0.0360645 -0.0192948 
v 0.0140741 0.0436606 -0.00237225 
v 0.0115669 0.0423919 -0.00191047 
v 0.00307407 0.0436606 -0.00237225 
v 0.00435135 0.0388224 -0.0104639 
v 0.00558125 0.0423919 -0.00191047 
v 0.00307407 0.0373332 -0.0197566 
v 0.00558125 0.0360645 -0.0192948 
v 0.0142847 0.0374889 -0.0198132 
vn -0.618848 -0.780649 0.08726 
vn -0.618848 -0.654101 0.434946 
vn -0.85716 -0.388416 0.338245 
vn -0.85716 -0.514964 -0.00944136 
vn -0.974117 -0.0587826 0.218268 
vn -0.974117 -0.18533 -0.129418 
vn -0.953161 0.288132 0.0920015 
vn -0.953161 0.161584 -0.255685 
vn -0.797259 0.603211 -0.022678 
vn -0.797259 0.476664 -0.370364 
vn -0.528483 0.841848 -0.109535 
vn -0.528483 0.7153 -0.457221 
vn -0.184886 0.970256 -0.156271 
vn -0.184886 0.843708 -0.503958 
vn 0.184886 0.970256 -0.156271 
vn 0.184886 0.843708 -0.503958 
vn 0.528483 0.841848 -0.109535 
vn 0.528483 0.7153 -0.457221 
vn 0.797259 0.603211 -0.022678 
vn 0.797259 0.476664 -0.370364 
vn 0.953161 0.288132 0.0920015 
vn 0.953161 0.161584 -0.255685 
vn 0.974117 -0.0587826 0.218268 
vn 0.974117 -0.18533 -0.129418 
vn 0.85716 -0.388416 0.338245 
vn 0.85716 -0.514964 -0.00944136 
vn 0.618848 -0.654101 0.434946 
vn 0.596028 -0.797513 0.0933981 
vn 0.425183 -0.850465 0.309723 
vn 0.324329 -0.935006 0.143441 
vn 0.596028 -0.670965 0.441084 
vn 0.324329 -0.808458 0.491128 
vn -0.596028 -0.670965 0.441084 
vn -0.425183 -0.85058 0.309407 
vn -0.324329 -0.808458 0.491128 
vn -0.596028 -0.797513 0.0933981 
vn -0.324329 -0.935006 0.143441 
vn 0.618848 -0.780649 0.08726 
f 398//398 399//399 400//400 
f 401//401 400//400 402//402 
f 403//403 402//402 404//404 
f 405//405 404//404 406//406 
f 407//407 406//406 408//408 
f 409//409 408//408 410//410 
f 411//411 410//410 412//412 
f 413//413 412//412 414//414 
f 415//415 414//414 416//416 
f 417//417 416//416 418//418 
f 419//419 418//418 420//420 
f 421//421 420//420 422//422 
f 423//423 422//422 424//424 
f 425//425 424//424 426//426 
f 426//426 427//427 425//425 
f 426//426 424//424 428//428 
f 428//428 429//429 426//426 
f 430//430 398//398 431//431 
f 431//431 432//432 430//430 
f 431//431 398//398 433//433 
f 433//433 434//434 431//431 
f 430//430 399//399 398//398 
f 425//425 435//435 424//424 
f 424//424 435//435 423//423 
f 422//422 423//423 421//421 
f 420//420 421//421 419//419 
f 418//418 419//419 417//417 
f 416//416 417//417 415//415 
f 414//414 415//415 413//413 
f 412//412 413//413 411//411 
f 410//410 411//411 409//409 
f 408//408 409//409 407//407 
f 406//406 407//407 405//405 
f 404//404 405//405 403//403 
f 402//402 403//403 401//401 
f 400//400 401//401 398//398 
usemtl 0.749020_0.749020_0.749020_0.000000_0.000000
o mesh136
v 0.00307407 0.0423919 -0.00191047 
v 0.00558125 0.0423919 -0.00191047 
v 0.00435135 0.0388224 -0.0104639 
v 0.00307407 0.0360645 -0.0192948 
v 0.00558125 0.0360645 -0.0192948 
vn 0 0.904027 -0.427475 
vn 0 0.904027 -0.427475 
vn 0 0.939721 -0.341941 
vn 0 0.967301 -0.253632 
vn 0 0.967301 -0.253632 
f 436//436 437//437 438//438 
f 438//438 439//439 436//436 
f 438//438 440//440 439//439 
o mesh137
v 0.00558125 0.0360645 -0.0192948 
v 0.00307407 0.0373332 -0.0197566 
v 0.00307407 0.0360645 -0.0192948 
vn 0 0.34202 0.939693 
vn 0 0.34202 0.939693 
vn 0 0.34202 0.939693 
f 441//441 442//442 443//443 
o mesh138
v 0.00558125 0.0423919 -0.00191047 
v 0.00307407 0.0423919 -0.00191047 
v 0.00307407 0.0436606 -0.00237225 
vn 0 -0.34202 -0.939693 
vn 0 -0.34202 -0.939693 
vn 0 -0.34202 -0.939693 
f 444//444 445//445 446//446 
usemtl 0.250980_0.250980_0.250980_0.000000_0.000000
o mesh139
v 0.0140741 0.0473565 -0.0234047 
v 0.0173696 0.0461836 -0.0229778 
v 0.017563 0.0429823 -0.0218127 
v 0.0120741 0.0492769 -0.0241037 
v 0.00507407 0.0492769 -0.0241037 
v 0.00686799 0.052478 -0.0252688 
v 0.0164837 0.0399405 -0.0207055 
v 0.00307407 0.0473565 -0.0234047 
v 0.0028635 0.0374889 -0.0198132 
v 0.000664419 0.0399405 -0.0207055 
v 0.0102802 0.052478 -0.0252688 
v 0.0140158 0.0478171 -0.0235724 
v 0.0142847 0.0374889 -0.0198132 
v -0.00041483 0.0429823 -0.0218127 
v 0.00369736 0.0512931 -0.0248375 
v 0.015931 0.049091 -0.024036 
v 0.0134695 0.0486982 -0.0238931 
v 0.0133041 0.0488711 -0.023956 
v 0.0138964 0.0480812 -0.0236685 
v 0.0140741 0.0373332 -0.0197566 
v 0.00307407 0.0373332 -0.0197566 
v 0.00121717 0.049091 -0.024036 
v 0.00319068 0.0480031 -0.0236401 
v 0.0134508 0.0512931 -0.0248375 
v 0.0137499 0.0484051 -0.0237864 
v -0.000221455 0.0461836 -0.0229778 
v 0.00352938 0.0485768 -0.0238489 
v 0.003239 0.0480849 -0.0236699 
v 0.0040477 0.049005 -0.0240047 
v 0.00367543 0.0486974 -0.0238928 
v 0.00467609 0.0492386 -0.0240897 
v 0.00431884 0.0491058 -0.0240414 
v 0.0127258 0.0491722 -0.0240656 
v 0.0128317 0.0491171 -0.0240455 
vn 0 -0.34202 -0.939693 
vn 0 -0.34202 -0.939693 
vn 0 -0.34202 -0.939693 
vn 0 -0.34202 -0.939693 
vn 0 -0.34202 -0.939693 
vn 0 -0.34202 -0.939693 
vn 0 -0.34202 -0.939693 
vn 0 -0.34202 -0.939693 
vn 0 -0.34202 -0.939693 
vn 0 -0.34202 -0.939693 
vn 0 -0.34202 -0.939693 
vn 0 -0.34202 -0.939693 
vn 0 -0.34202 -0.939693 
vn 0 -0.34202 -0.939693 
vn 0 -0.34202 -0.939693 
vn 0 -0.34202 -0.939693 
vn 0 -0.34202 -0.939693 
vn 0 -0.34202 -0.939693 
vn 0 -0.34202 -0.939693 
vn 0 -0.34202 -0.939693 
vn 0 -0.34202 -0.939693 
vn 0 -0.34202 -0.939693 
vn 0 -0.34202 -0.939693 
vn 0 -0.34202 -0.939693 
vn 0 -0.34202 -0.939693 
vn 0 -0.34202 -0.939693 
vn 0 -0.34202 -0.939693 
vn 0 -0.34202 -0.939693 
vn 0 -0.34202 -0.939693 
vn 0 -0.34202 -0.939693 
vn 0 -0.34202 -0.939693 
vn 0 -0.34202 -0.939693 
vn 0 -0.34202 -0.939693 
vn 0 -0.34202 -0.939693 
f 447//447 448//448 449//449 
f 450//450 451//451 452//452 
f 449//449 453//453 447//447 
f 454//454 455//455 456//456 
f 452//452 457//457 450//450 
f 448//448 447//447 458//458 
f 453//453 459//459 447//447 
f 456//456 460//460 454//454 
f 451//451 461//461 452//452 
f 462//462 463//463 464//464 
f 462//462 458//458 465//465 
f 459//459 466//466 447//447 
f 454//454 467//467 455//455 
f 468//468 469//469 454//454 
f 457//457 470//470 450//450 
f 462//462 471//471 463//463 
f 458//458 462//462 448//448 
f 454//454 472//472 468//468 
f 468//468 473//473 474//474 
f 461//461 475//475 476//476 
f 461//461 477//477 478//478 
f 470//470 479//479 450//450 
f 470//470 464//464 480//480 
f 465//465 471//471 462//462 
f 474//474 469//469 468//468 
f 476//476 468//468 461//461 
f 451//451 477//477 461//461 
f 464//464 470//470 462//462 
f 476//476 473//473 468//468 
f 480//480 479//479 470//470 
f 478//478 475//475 461//461 
f 460//460 472//472 454//454 
usemtl 0.749020_0.749020_0.749020_0.000000_0.000000
o mesh140
v 0.00319068 0.0480031 -0.0236401 
v 0.00313236 0.0398619 -0.0330531 
v 0.00307407 0.0396168 -0.0326286 
v 0.00307407 0.0473565 -0.0234047 
v 0.003239 0.0480849 -0.0236699 
v 0.00325176 0.0400024 -0.0332964 
v 0.00352938 0.0485768 -0.0238489 
v 0.00339824 0.0401748 -0.033595 
v 0.00367543 0.0486974 -0.0238928 
v 0.00367865 0.0403307 -0.0338651 
v 0.0040477 0.049005 -0.0240047 
v 0.00384409 0.0404227 -0.0340244 
v 0.00431884 0.0491058 -0.0240414 
v 0.00431649 0.0405536 -0.0342511 
v 0.00467609 0.0492386 -0.0240897 
v 0.0044223 0.0405829 -0.0343019 
v 0.00507407 0.0406386 -0.0343984 
v 0.00507407 0.0492769 -0.0241037 
vn -0.941695 0.285496 -0.178053 
vn -0.970856 0.160376 -0.178098 
vn -1 1.73472e-14 -2.08167e-14 
vn -1 1.73472e-14 -2.08167e-14 
vn -0.924228 0.324077 -0.201933 
vn -0.923986 0.255536 -0.284519 
vn -0.772349 0.539908 -0.334629 
vn -0.837917 0.364058 -0.40664 
vn -0.70775 0.600697 -0.371825 
vn -0.706734 0.47116 -0.527764 
vn -0.513185 0.730441 -0.450662 
vn -0.614994 0.524655 -0.588659 
vn -0.382989 0.786394 -0.48467 
vn -0.381895 0.614126 -0.690655 
vn -0.198992 0.834597 -0.513664 
vn -0.325888 0.628033 -0.706662 
vn 0 0.663933 -0.747792 
vn 0 0.851722 -0.523994 
f 481//481 482//482 483//483 
f 483//483 484//484 481//481 
f 485//485 486//486 482//482 
f 487//487 488//488 486//486 
f 486//486 485//485 487//487 
f 489//489 490//490 488//488 
f 491//491 492//492 490//490 
f 490//490 489//489 491//491 
f 493//493 494//494 492//492 
f 495//495 496//496 494//494 
f 495//495 497//497 496//496 
f 494//494 493//493 495//495 
f 495//495 498//498 497//497 
f 491//491 493//493 492//492 
f 487//487 489//489 488//488 
f 481//481 485//485 482//482 
o mesh141
v 0.00507407 0.0492769 -0.0241037 
v 0.0120741 0.0492769 -0.0241037 
v 0.0120741 0.0406386 -0.0343984 
v 0.00507407 0.0406386 -0.0343984 
vn 0 0.851722 -0.523994 
vn 0 0.851722 -0.523994 
vn 0 0.663933 -0.747792 
vn 0 0.663933 -0.747792 
f 499//499 500//500 501//501 
f 501//501 502//502 499//499 
o mesh142
v 0.0139575 0.0399608 -0.0332245 
v 0.0140158 0.0478171 -0.0235724 
v 0.0140741 0.0473565 -0.0234047 
v 0.0140741 0.0396168 -0.0326286 
v 0.0139091 0.0400044 -0.0332999 
v 0.0138964 0.0480812 -0.0236685 
v 0.0136188 0.0402661 -0.0337532 
v 0.0137499 0.0484051 -0.0237864 
v 0.0134727 0.0403303 -0.0338644 
v 0.0134695 0.0486982 -0.0238931 
v 0.0131004 0.0404939 -0.0341478 
v 0.0133041 0.0488711 -0.023956 
v 0.0128293 0.0405476 -0.0342407 
v 0.0128317 0.0491171 -0.0240455 
v 0.0124721 0.0406182 -0.0343631 
v 0.0127258 0.0491722 -0.0240656 
v 0.0120741 0.0492769 -0.0241037 
v 0.0120741 0.0406386 -0.0343984 
vn 0.941695 0.224924 -0.250241 
vn 0.970856 0.203241 -0.127013 
vn 1 -3.46945e-15 1.73472e-15 
vn 1 -3.46945e-15 1.73472e-15 
vn 0.924228 0.25514 -0.284088 
vn 0.923986 0.32457 -0.202248 
vn 0.772349 0.423299 -0.473598 
vn 0.837917 0.46368 -0.287915 
vn 0.70775 0.470486 -0.527004 
vn 0.706734 0.601562 -0.372357 
vn 0.513185 0.570656 -0.641087 
vn 0.614994 0.670822 -0.414465 
vn 0.382989 0.613862 -0.690285 
vn 0.381895 0.786805 -0.484865 
vn 0.198992 0.650786 -0.732721 
vn 0.325888 0.804983 -0.495781 
vn 0 0.851722 -0.523994 
vn 0 0.663933 -0.747792 
f 503//503 504//504 505//505 
f 505//505 506//506 503//503 
f 507//507 508//508 504//504 
f 509//509 510//510 508//508 
f 508//508 507//507 509//509 
f 511//511 512//512 510//510 
f 513//513 514//514 512//512 
f 512//512 511//511 513//513 
f 515//515 516//516 514//514 
f 517//517 518//518 516//516 
f 517//517 519//519 518//518 
f 516//516 515//515 517//517 
f 517//517 520//520 519//519 
f 513//513 515//515 514//514 
f 509//509 511//511 510//510 
f 503//503 507//507 504//504 
usemtl 0.250980_0.250980_0.250980_0.000000_0.000000
o mesh143
v 0.00307407 0.0396168 -0.0326286 
v -0.00041483 0.0372893 -0.0285973 
v 0.000664419 0.0356708 -0.025794 
v 0.00507407 0.0406386 -0.0343984 
v 0.0120741 0.0406386 -0.0343984 
v 0.0102802 0.0423419 -0.0373486 
v -0.000221455 0.0389927 -0.0315476 
v 0.0140741 0.0396168 -0.0326286 
v 0.0142847 0.0343663 -0.0235345 
v 0.0164837 0.0356708 -0.025794 
v 0.00686799 0.0423419 -0.0373486 
v 0.00313236 0.0398619 -0.0330531 
v 0.0028635 0.0343663 -0.0235345 
v 0.017563 0.0372893 -0.0285973 
v 0.0134508 0.0417114 -0.0362565 
v 0.00121717 0.0405397 -0.0342271 
v 0.00367865 0.0403307 -0.0338651 
v 0.00384409 0.0404227 -0.0340244 
v 0.00325176 0.0400024 -0.0332964 
v 0.00307407 0.0342835 -0.0233911 
v 0.0140741 0.0342835 -0.0233911 
v 0.015931 0.0405397 -0.0342271 
v 0.0139575 0.0399608 -0.0332245 
v 0.00369736 0.0417114 -0.0362565 
v 0.00339824 0.0401748 -0.033595 
v 0.0173696 0.0389927 -0.0315476 
v 0.0136188 0.0402661 -0.0337532 
v 0.0139091 0.0400044 -0.0332999 
v 0.0131004 0.0404939 -0.0341478 
v 0.0134727 0.0403303 -0.0338644 
v 0.0124721 0.0406182 -0.0343631 
v 0.0128293 0.0405476 -0.0342407 
v 0.0044223 0.0405829 -0.0343019 
v 0.00431649 0.0405536 -0.0342511 
vn 0 0.866025 0.5 
vn 0 0.866025 0.5 
vn 0 0.866025 0.5 
vn 0 0.866025 0.5 
vn 0 0.866025 0.5 
vn 0 0.866025 0.5 
vn 0 0.866025 0.5 
vn 0 0.866025 0.5 
vn 0 0.866025 0.5 
vn 0 0.866025 0.5 
vn 0 0.866025 0.5 
vn 0 0.866025 0.5 
vn 0 0.866025 0.5 
vn 0 0.866025 0.5 
vn 0 0.866025 0.5 
vn 0 0.866025 0.5 
vn 0 0.866025 0.5 
vn 0 0.866025 0.5 
vn 0 0.866025 0.5 
vn 0 0.866025 0.5 
vn 0 0.866025 0.5 
vn 0 0.866025 0.5 
vn 0 0.866025 0.5 
vn 0 0.866025 0.5 
vn 0 0.866025 0.5 
vn 0 0.866025 0.5 
vn 0 0.866025 0.5 
vn 0 0.866025 0.5 
vn 0 0.866025 0.5 
vn 0 0.866025 0.5 
vn 0 0.866025 0.5 
vn 0 0.866025 0.5 
vn 0 0.866025 0.5 
vn 0 0.866025 0.5 
f 521//521 522//522 523//523 
f 524//524 525//525 526//526 
f 521//521 527//527 522//522 
f 528//528 529//529 530//530 
f 526//526 531//531 524//524 
f 527//527 521//521 532//532 
f 523//523 533//533 521//521 
f 530//530 534//534 528//528 
f 525//525 535//535 526//526 
f 536//536 537//537 538//538 
f 536//536 532//532 539//539 
f 533//533 540//540 521//521 
f 528//528 541//541 529//529 
f 542//542 543//543 528//528 
f 531//531 544//544 524//524 
f 536//536 545//545 537//537 
f 532//532 536//536 527//527 
f 528//528 546//546 542//542 
f 542//542 547//547 548//548 
f 535//535 549//549 550//550 
f 535//535 551//551 552//552 
f 544//544 553//553 524//524 
f 544//544 538//538 554//554 
f 539//539 545//545 536//536 
f 548//548 543//543 542//542 
f 550//550 542//542 535//535 
f 525//525 551//551 535//535 
f 538//538 544//544 536//536 
f 550//550 547//547 542//542 
f 554//554 553//553 544//544 
f 552//552 549//549 535//535 
f 534//534 546//546 528//528 
usemtl 0.749020_0.749020_0.749020_0.000000_0.000000
o mesh144
v 0.0140741 0.0373332 -0.0197566 
v 0.0140741 0.0360645 -0.0192948 
v 0.0140741 0.0336084 -0.0222218 
v 0.0140741 0.0396168 -0.0326286 
v 0.0140741 0.0473565 -0.0234047 
v 0.0140741 0.0383705 -0.0117324 
v 0.0140741 0.0366071 -0.0153052 
v 0.0140741 0.0342835 -0.0233911 
v 0.0140741 0.0287322 -0.0242849 
v 0.0140741 0.0265614 -0.0258059 
vn 1 0 0 
vn 1 0 0 
vn 1 0 0 
vn 1 0 0 
vn 1 0 0 
vn 1 0 0 
vn 1 0 0 
vn 1 0 0 
vn 1 0 0 
vn 1 0 0 
f 555//555 556//556 557//557 
f 558//558 559//559 555//555 
f 556//556 560//560 561//561 
f 555//555 562//562 558//558 
f 557//557 562//562 555//555 
f 557//557 561//561 563//563 
f 563//563 564//564 557//557 
f 561//561 557//557 556//556 
o mesh145
v 0.0140741 0.0342835 -0.0233911 
v 0.0140741 0.0336084 -0.0222218 
v 0.0115669 0.0336084 -0.0222218 
vn 0 -0.866025 -0.5 
vn 0 -0.866025 -0.5 
vn 0 -0.866025 -0.5 
f 565//565 566//566 567//567 
o mesh146
v 0.0115669 0.0336084 -0.0222218 
v 0.0140741 0.0336084 -0.0222218 
v 0.0140741 0.0265614 -0.0258059 
v 0.0127968 0.0253906 -0.0264713 
v 0.0115669 0.017587 -0.0314718 
v 0.0140741 0.0242144 -0.027161 
v 0.0140741 0.0253833 -0.0264755 
v 0.0140741 0.017587 -0.0314718 
vn 0 0.417749 -0.908562 
vn 0 0.417749 -0.908562 
vn 0 0.488219 -0.872721 
vn 0 0.499927 -0.866067 
vn 0 0.577964 -0.816062 
vn 0 0.511689 -0.859171 
vn 0 0.5 -0.866025 
vn 0 0.577964 -0.816062 
f 568//568 569//569 570//570 
f 570//570 571//571 568//568 
f 572//572 571//571 573//573 
f 571//571 574//574 573//573 
f 573//573 575//575 572//572 
f 570//570 574//574 571//571 
o mesh147
v 0.0140741 0.0182621 -0.0326411 
v 0.0115669 0.017587 -0.0314718 
v 0.0140741 0.017587 -0.0314718 
vn 0 0.866025 0.5 
vn 0 0.866025 0.5 
vn 0 0.866025 0.5 
f 576//576 577//577 578//578 
o mesh148
v 0.0140741 0.0254029 -0.0265094 
v 0.0140741 0.0242144 -0.027161 
v 0.0140741 0.0253833 -0.0264755 
v 0.0140741 0.0265614 -0.0258059 
vn -1 0 0 
vn -1 0 0 
vn -1 0 0 
vn -1 0 0 
f 579//579 580//580 581//581 
f 581//581 582//582 579//579 
usemtl 0.250980_0.250980_0.250980_0.000000_0.000000
o mesh149
v 0.0028635 0.0183449 -0.0327845 
v 0.0028635 0.0343663 -0.0235345 
v 0.000664419 0.0356708 -0.025794 
v 0.000664419 0.0196494 -0.035044 
v -0.00041483 0.0372893 -0.0285973 
v -0.00041483 0.0212679 -0.0378473 
v -0.000221455 0.0389927 -0.0315476 
v -0.000221455 0.0229712 -0.0407976 
v 0.00121717 0.0405397 -0.0342271 
v 0.00121717 0.0245182 -0.0434771 
v 0.00369736 0.0417114 -0.0362565 
v 0.00369736 0.0256899 -0.0455065 
v 0.00686799 0.0423419 -0.0373486 
v 0.00686799 0.0263204 -0.0465986 
v 0.0102802 0.0423419 -0.0373486 
v 0.0102802 0.0263204 -0.0465986 
v 0.0134508 0.0417114 -0.0362565 
v 0.0134508 0.0256899 -0.0455065 
v 0.015931 0.0405397 -0.0342271 
v 0.015931 0.0245182 -0.0434771 
v 0.0173696 0.0389927 -0.0315476 
v 0.0173696 0.0229712 -0.0407976 
v 0.017563 0.0372893 -0.0285973 
v 0.017563 0.0212679 -0.0378473 
v 0.0164837 0.0356708 -0.025794 
v 0.0164837 0.0196494 -0.035044 
v 0.0142847 0.0343663 -0.0235345 
v 0.0140741 0.0182621 -0.0326411 
v 0.0127968 0.0253906 -0.0264713 
v 0.0115669 0.017587 -0.0314718 
v 0.0140741 0.0342835 -0.0233911 
v 0.0115669 0.0336084 -0.0222218 
v 0.00307407 0.0342835 -0.0233911 
v 0.00435135 0.0253761 -0.0264797 
v 0.00558125 0.0336084 -0.0222218 
v 0.00307407 0.0182621 -0.0326411 
v 0.00558125 0.017587 -0.0314718 
v 0.0142847 0.0183449 -0.0327845 
vn -0.618848 -0.541922 0.568636 
vn -0.618848 -0.221493 0.753636 
vn -0.85716 -0.0801246 0.50878 
vn -0.85716 -0.400554 0.32378 
vn -0.974117 0.0952699 0.204988 
vn -0.974117 -0.22516 0.0199877 
vn -0.953161 0.279859 -0.11473 
vn -0.953161 -0.0405703 -0.29973 
vn -0.797259 0.447509 -0.405109 
vn -0.797259 0.12708 -0.590109 
vn -0.528483 0.574485 -0.625038 
vn -0.528483 0.254056 -0.810038 
vn -0.184886 0.64281 -0.743379 
vn -0.184886 0.32238 -0.928379 
vn 0.184886 0.64281 -0.743379 
vn 0.184886 0.32238 -0.928379 
vn 0.528483 0.574485 -0.625038 
vn 0.528483 0.254056 -0.810038 
vn 0.797259 0.447509 -0.405109 
vn 0.797259 0.12708 -0.590109 
vn 0.953161 0.279859 -0.11473 
vn 0.953161 -0.0405703 -0.29973 
vn 0.974117 0.0952699 0.204988 
vn 0.974117 -0.22516 0.0199877 
vn 0.85716 -0.0801246 0.50878 
vn 0.85716 -0.400554 0.32378 
vn 0.618848 -0.221493 0.753636 
vn 0.596028 -0.550895 0.584179 
vn 0.425183 -0.452409 0.78393 
vn 0.324329 -0.624054 0.710893 
vn 0.596028 -0.230466 0.769179 
vn 0.324329 -0.303624 0.895893 
vn -0.596028 -0.230466 0.769179 
vn -0.425183 -0.452699 0.783762 
vn -0.324329 -0.303624 0.895893 
vn -0.596028 -0.550895 0.584179 
vn -0.324329 -0.624054 0.710893 
vn 0.618848 -0.541922 0.568636 
f 583//583 584//584 585//585 
f 586//586 585//585 587//587 
f 588//588 587//587 589//589 
f 590//590 589//589 591//591 
f 592//592 591//591 593//593 
f 594//594 593//593 595//595 
f 596//596 595//595 597//597 
f 598//598 597//597 599//599 
f 600//600 599//599 601//601 
f 602//602 601//601 603//603 
f 604//604 603//603 605//605 
f 606//606 605//605 607//607 
f 608//608 607//607 609//609 
f 610//610 609//609 611//611 
f 611//611 612//612 610//610 
f 611//611 609//609 613//613 
f 613//613 614//614 611//611 
f 615//615 583//583 616//616 
f 616//616 617//617 615//615 
f 616//616 583//583 618//618 
f 618//618 619//619 616//616 
f 615//615 584//584 583//583 
f 610//610 620//620 609//609 
f 609//609 620//620 608//608 
f 607//607 608//608 606//606 
f 605//605 606//606 604//604 
f 603//603 604//604 602//602 
f 601//601 602//602 600//600 
f 599//599 600//600 598//598 
f 597//597 598//598 596//596 
f 595//595 596//596 594//594 
f 593//593 594//594 592//592 
f 591//591 592//592 590//590 
f 589//589 590//590 588//588 
f 587//587 588//588 586//586 
f 585//585 586//586 583//583 
usemtl 0.749020_0.749020_0.749020_0.000000_0.000000
o mesh150
v 0.00307407 0.0336084 -0.0222218 
v 0.00558125 0.0336084 -0.0222218 
v 0.00435135 0.0253761 -0.0264797 
v 0.00307407 0.017587 -0.0314718 
v 0.00558125 0.017587 -0.0314718 
vn 0 0.417749 -0.908562 
vn 0 0.417749 -0.908562 
vn 0 0.500073 -0.865984 
vn 0 0.577964 -0.816062 
vn 0 0.577964 -0.816062 
f 621//621 622//622 623//623 
f 623//623 624//624 621//621 
f 623//623 625//625 624//624 
o mesh151
v 0.00558125 0.017587 -0.0314718 
v 0.00307407 0.0182621 -0.0326411 
v 0.00307407 0.017587 -0.0314718 
vn 0 0.866025 0.5 
vn 0 0.866025 0.5 
vn 0 0.866025 0.5 
f 626//626 627//627 628//628 
o mesh152
v 0.00558125 0.0336084 -0.0222218 
v 0.00307407 0.0336084 -0.0222218 
v 0.00307407 0.0342835 -0.0233911 
vn 0 -0.866025 -0.5 
vn 0 -0.866025 -0.5 
vn 0 -0.866025 -0.5 
f 629//629 630//630 631//631 
usemtl 0.250980_0.250980_0.250980_0.000000_0.000000
o mesh153
v 0.0140741 0.0235953 -0.0418786 
v 0.017563 0.0212679 -0.0378473 
v 0.0164837 0.0196494 -0.035044 
v 0.00507407 0.0246172 -0.0436484 
v 0.00686799 0.0263204 -0.0465986 
v 0.0102802 0.0263204 -0.0465986 
v 0.0173696 0.0229712 -0.0407976 
v 0.00307407 0.0235953 -0.0418786 
v 0.0028635 0.0183449 -0.0327845 
v 0.000664419 0.0196494 -0.035044 
v 0.0120741 0.0246172 -0.0436484 
v 0.0140158 0.0238404 -0.0423031 
v 0.0142847 0.0183449 -0.0327845 
v -0.00041483 0.0212679 -0.0378473 
v 0.00369736 0.0256899 -0.0455065 
v 0.015931 0.0245182 -0.0434771 
v 0.0134695 0.0243092 -0.0431151 
v 0.0133041 0.0244012 -0.0432744 
v 0.0138964 0.0239809 -0.0425464 
v 0.0140741 0.0182621 -0.0326411 
v 0.00307407 0.0182621 -0.0326411 
v 0.00121717 0.0245182 -0.0434771 
v 0.00319068 0.0239394 -0.0424745 
v 0.0134508 0.0256899 -0.0455065 
v 0.0137499 0.0241533 -0.042845 
v -0.000221455 0.0229712 -0.0407976 
v 0.00352938 0.0242446 -0.0430032 
v 0.003239 0.0239829 -0.0425499 
v 0.0040477 0.0244725 -0.0433978 
v 0.00367543 0.0243088 -0.0431144 
v 0.00467609 0.0245967 -0.0436131 
v 0.00431884 0.0245261 -0.0434907 
v 0.0127258 0.0245614 -0.0435519 
v 0.0128317 0.0245321 -0.0435011 
vn 0 -0.866025 -0.5 
vn 0 -0.866025 -0.5 
vn 0 -0.866025 -0.5 
vn 0 -0.866025 -0.5 
vn 0 -0.866025 -0.5 
vn 0 -0.866025 -0.5 
vn 0 -0.866025 -0.5 
vn 0 -0.866025 -0.5 
vn 0 -0.866025 -0.5 
vn 0 -0.866025 -0.5 
vn 0 -0.866025 -0.5 
vn 0 -0.866025 -0.5 
vn 0 -0.866025 -0.5 
vn 0 -0.866025 -0.5 
vn 0 -0.866025 -0.5 
vn 0 -0.866025 -0.5 
vn 0 -0.866025 -0.5 
vn 0 -0.866025 -0.5 
vn 0 -0.866025 -0.5 
vn 0 -0.866025 -0.5 
vn 0 -0.866025 -0.5 
vn 0 -0.866025 -0.5 
vn 0 -0.866025 -0.5 
vn 0 -0.866025 -0.5 
vn 0 -0.866025 -0.5 
vn 0 -0.866025 -0.5 
vn 0 -0.866025 -0.5 
vn 0 -0.866025 -0.5 
vn 0 -0.866025 -0.5 
vn 0 -0.866025 -0.5 
vn 0 -0.866025 -0.5 
vn 0 -0.866025 -0.5 
vn 0 -0.866025 -0.5 
vn 0 -0.866025 -0.5 
f 632//632 633//633 634//634 
f 635//635 636//636 637//637 
f 632//632 638//638 633//633 
f 639//639 640//640 641//641 
f 637//637 642//642 635//635 
f 638//638 632//632 643//643 
f 634//634 644//644 632//632 
f 641//641 645//645 639//639 
f 635//635 646//646 636//636 
f 647//647 648//648 649//649 
f 647//647 643//643 650//650 
f 644//644 651//651 632//632 
f 639//639 652//652 640//640 
f 653//653 654//654 639//639 
f 637//637 655//655 642//642 
f 647//647 656//656 648//648 
f 643//643 647//647 638//638 
f 639//639 657//657 653//653 
f 653//653 658//658 659//659 
f 646//646 660//660 661//661 
f 646//646 662//662 663//663 
f 655//655 664//664 642//642 
f 655//655 649//649 665//665 
f 650//650 656//656 647//647 
f 659//659 654//654 653//653 
f 661//661 653//653 646//646 
f 635//635 662//662 646//646 
f 649//649 655//655 647//647 
f 661//661 658//658 653//653 
f 665//665 664//664 655//655 
f 663//663 660//660 646//646 
f 645//645 657//657 639//639 
usemtl 0.749020_0.749020_0.749020_0.000000_0.000000
o mesh154
v 0.00319068 0.0239394 -0.0424745 
v 0.00313236 0.0116523 -0.0444522 
v 0.00307407 0.0117374 -0.0439694 
v 0.00307407 0.0235953 -0.0418786 
v 0.003239 0.0239829 -0.0425499 
v 0.00325176 0.0116035 -0.0447289 
v 0.00352938 0.0242446 -0.0430032 
v 0.00339824 0.0115436 -0.0450684 
v 0.00367543 0.0243088 -0.0431144 
v 0.00367865 0.0114895 -0.0453756 
v 0.0040477 0.0244725 -0.0433978 
v 0.00384409 0.0114575 -0.0455568 
v 0.00431884 0.0245261 -0.0434907 
v 0.00431649 0.0114121 -0.0458145 
v 0.00467609 0.0245967 -0.0436131 
v 0.0044223 0.0114019 -0.0458723 
v 0.00507407 0.0113825 -0.0459821 
v 0.00507407 0.0246172 -0.0436484 
vn -0.941695 0.104253 -0.31991 
vn -0.970856 0.00837645 -0.239519 
vn -1 -7.58942e-16 2.08167e-14 
vn -1 -7.58942e-16 2.08167e-14 
vn -0.924228 0.118458 -0.363002 
vn -0.923986 0.012867 -0.38221 
vn -0.772349 0.198498 -0.603387 
vn -0.837917 0.0175017 -0.545516 
vn -0.70775 0.221156 -0.670955 
vn -0.706734 0.0216896 -0.707147 
vn -0.513185 0.26987 -0.814746 
vn -0.614994 0.0235261 -0.788181 
vn -0.382989 0.290873 -0.876763 
vn -0.381895 0.0265033 -0.923826 
vn -0.198992 0.309162 -0.929958 
vn -0.325888 0.0268676 -0.945027 
vn 0 0.0279309 -0.99961 
vn 0 0.31564 -0.948879 
f 666//666 667//667 668//668 
f 668//668 669//669 666//666 
f 670//670 671//671 667//667 
f 672//672 673//673 671//671 
f 671//671 670//670 672//672 
f 674//674 675//675 673//673 
f 676//676 677//677 675//675 
f 675//675 674//674 676//676 
f 678//678 679//679 677//677 
f 680//680 681//681 679//679 
f 680//680 682//682 681//681 
f 679//679 678//678 680//680 
f 680//680 683//683 682//682 
f 676//676 678//678 677//677 
f 672//672 674//674 673//673 
f 666//666 670//670 667//667 
o mesh155
v 0.00507407 0.0246172 -0.0436484 
v 0.0120741 0.0246172 -0.0436484 
v 0.0120741 0.0113825 -0.0459821 
v 0.00507407 0.0113825 -0.0459821 
vn 0 0.31564 -0.948879 
vn 0 0.31564 -0.948879 
vn 0 0.0279309 -0.99961 
vn 0 0.0279309 -0.99961 
f 684//684 685//685 686//686 
f 686//686 687//687 684//684 
o mesh156
v 0.0139575 0.0116179 -0.0446471 
v 0.0140158 0.0238404 -0.0423031 
v 0.0140741 0.0235953 -0.0418786 
v 0.0140741 0.0117374 -0.0439694 
v 0.0139091 0.0116028 -0.0447328 
v 0.0138964 0.0239809 -0.0425464 
v 0.0136188 0.0115119 -0.0452483 
v 0.0137499 0.0241533 -0.042845 
v 0.0134727 0.0114896 -0.0453748 
v 0.0134695 0.0243092 -0.0431151 
v 0.0131004 0.0114328 -0.0456971 
v 0.0133041 0.0244012 -0.0432744 
v 0.0128293 0.0114142 -0.0458027 
v 0.0128317 0.0245321 -0.0435011 
v 0.0124721 0.0113896 -0.0459418 
v 0.0127258 0.0245614 -0.0435519 
v 0.0120741 0.0246172 -0.0436484 
v 0.0120741 0.0113825 -0.0459821 
vn 0.941695 0.01145 -0.336274 
vn 0.970856 0.0740489 -0.227939 
vn 1 4.33681e-15 -1.38778e-14 
vn 1 4.33681e-15 -1.38778e-14 
vn 0.924228 0.0128402 -0.381625 
vn 0.923986 0.118632 -0.36356 
vn 0.772349 0.0198429 -0.634888 
vn 0.837917 0.170131 -0.518604 
vn 0.70775 0.0216611 -0.706131 
vn 0.706734 0.221477 -0.671919 
vn 0.513185 0.0250645 -0.857912 
vn 0.614994 0.247466 -0.748694 
vn 0.382989 0.0265393 -0.923372 
vn 0.381895 0.291062 -0.877177 
vn 0.198992 0.0275473 -0.979614 
vn 0.325888 0.297971 -0.897224 
vn -1.04083e-14 0.31564 -0.948879 
vn 0 0.0279309 -0.99961 
f 688//688 689//689 690//690 
f 690//690 691//691 688//688 
f 692//692 693//693 689//689 
f 694//694 695//695 693//693 
f 693//693 692//692 694//694 
f 696//696 697//697 695//695 
f 698//698 699//699 697//697 
f 697//697 696//696 698//698 
f 700//700 701//701 699//699 
f 702//702 703//703 701//701 
f 702//702 704//704 703//703 
f 701//701 700//700 702//702 
f 702//702 705//705 704//704 
f 698//698 700//700 699//699 
f 694//694 696//696 695//695 
f 688//688 692//692 689//689 
usemtl 0.250980_0.250980_0.250980_0.000000_0.000000
o mesh157
v 0.00307407 0.0117374 -0.0439694 
v -0.00041483 0.0125457 -0.0393852 
v 0.000664419 0.0131078 -0.0361974 
v 0.00507407 0.0113825 -0.0459821 
v 0.0120741 0.0113825 -0.0459821 
v 0.0102802 0.010791 -0.0493368 
v -0.000221455 0.0119542 -0.0427402 
v 0.0140741 0.0117374 -0.0439694 
v 0.0164837 0.0131078 -0.0361974 
v 0.017563 0.0125457 -0.0393852 
v 0.00686799 0.010791 -0.0493368 
v 0.00313236 0.0116523 -0.0444522 
v 0.0028635 0.0135609 -0.033628 
v 0.0142847 0.0135609 -0.033628 
v 0.0134508 0.01101 -0.048095 
v 0.00121717 0.0114169 -0.0457872 
v 0.00367865 0.0114895 -0.0453756 
v 0.00384409 0.0114575 -0.0455568 
v 0.00325176 0.0116035 -0.0447289 
v 0.00307407 0.0135896 -0.0334649 
v 0.0140741 0.0135896 -0.0334649 
v 0.015931 0.0114169 -0.0457872 
v 0.0139575 0.0116179 -0.0446471 
v 0.00369736 0.01101 -0.048095 
v 0.00339824 0.0115436 -0.0450684 
v 0.0173696 0.0119542 -0.0427402 
v 0.0136188 0.0115119 -0.0452483 
v 0.0139091 0.0116028 -0.0447328 
v 0.0131004 0.0114328 -0.0456971 
v 0.0134727 0.0114896 -0.0453748 
v 0.0124721 0.0113896 -0.0459418 
v 0.0128293 0.0114142 -0.0458027 
v 0.0044223 0.0114019 -0.0458723 
v 0.00431649 0.0114121 -0.0458145 
vn 0 0.984808 -0.173648 
vn 0 0.984808 -0.173648 
vn 0 0.984808 -0.173648 
vn 0 0.984808 -0.173648 
vn 0 0.984808 -0.173648 
vn 0 0.984808 -0.173648 
vn 0 0.984808 -0.173648 
vn 0 0.984808 -0.173648 
vn 0 0.984808 -0.173648 
vn 0 0.984808 -0.173648 
vn 0 0.984808 -0.173648 
vn 0 0.984808 -0.173648 
vn 0 0.984808 -0.173648 
vn 0 0.984808 -0.173648 
vn 0 0.984808 -0.173648 
vn 0 0.984808 -0.173648 
vn 0 0.984808 -0.173648 
vn 0 0.984808 -0.173648 
vn 0 0.984808 -0.173648 
vn 0 0.984808 -0.173648 
vn 0 0.984808 -0.173648 
vn 0 0.984808 -0.173648 
vn 0 0.984808 -0.173648 
vn 0 0.984808 -0.173648 
vn 0 0.984808 -0.173648 
vn 0 0.984808 -0.173648 
vn 0 0.984808 -0.173648 
vn 0 0.984808 -0.173648 
vn 0 0.984808 -0.173648 
vn 0 0.984808 -0.173648 
vn 0 0.984808 -0.173648 
vn 0 0.984808 -0.173648 
vn 0 0.984808 -0.173648 
vn 0 0.984808 -0.173648 
f 706//706 707//707 708//708 
f 709//709 710//710 711//711 
f 706//706 712//712 707//707 
f 713//713 714//714 715//715 
f 711//711 716//716 709//709 
f 712//712 706//706 717//717 
f 708//708 718//718 706//706 
f 713//713 719//719 714//714 
f 710//710 720//720 711//711 
f 721//721 722//722 723//723 
f 721//721 717//717 724//724 
f 718//718 725//725 706//706 
f 713//713 726//726 719//719 
f 727//727 728//728 713//713 
f 716//716 729//729 709//709 
f 721//721 730//730 722//722 
f 717//717 721//721 712//712 
f 713//713 731//731 727//727 
f 727//727 732//732 733//733 
f 720//720 734//734 735//735 
f 720//720 736//736 737//737 
f 729//729 738//738 709//709 
f 729//729 723//723 739//739 
f 724//724 730//730 721//721 
f 733//733 728//728 727//727 
f 735//735 727//727 720//720 
f 710//710 736//736 720//720 
f 723//723 729//729 721//721 
f 735//735 732//732 727//727 
f 739//739 738//738 729//729 
f 737//737 734//734 720//720 
f 715//715 731//731 713//713 
usemtl 0.749020_0.749020_0.749020_0.000000_0.000000
o mesh158
v 0.0140741 0.0135896 -0.0334649 
v 0.0140741 0.0182621 -0.0326411 
v 0.0140741 0.017587 -0.0314718 
v 0.0140741 0.0117374 -0.0439694 
v 0.0140741 0.0235953 -0.0418786 
v 0.0140741 0.0242144 -0.027161 
v 0.0140741 0.0180203 -0.0295674 
v 0.0140741 0.00612192 -0.0303512 
v 0.0140741 0.0138241 -0.0321353 
vn 1 0 0 
vn 1 0 0 
vn 1 0 0 
vn 1 0 0 
vn 1 0 0 
vn 1 0 0 
vn 1 0 0 
vn 1 0 0 
vn 1 0 0 
f 740//740 741//741 742//742 
f 743//743 744//744 741//741 
f 741//741 740//740 743//743 
f 742//742 745//745 746//746 
f 742//742 747//747 748//748 
f 742//742 748//748 740//740 
f 746//746 747//747 742//742 
o mesh159
v 0.0115669 0.0138241 -0.0321353 
v 0.0140741 0.0135896 -0.0334649 
v 0.0140741 0.0138241 -0.0321353 
vn 0 -0.984808 0.173648 
vn 0 -0.984808 0.173648 
vn 0 -0.984808 0.173648 
f 749//749 750//750 751//751 
o mesh160
v 0.0115669 0.0138241 -0.0321353 
v 0.0140741 0.0138241 -0.0321353 
v 0.0140741 0.00612192 -0.0303512 
v 0.0127968 0.00479733 -0.0301083 
v 0.0115669 -0.00439485 -0.0289228 
v 0.0140741 0.00345302 -0.0298806 
v 0.0140741 0.00478907 -0.0301068 
v 0.0140741 -0.00439485 -0.0289228 
vn 0 -0.263998 -0.964523 
vn 0 -0.263998 -0.964523 
vn 0 -0.186977 -0.982364 
vn 0 -0.173731 -0.984793 
vn 0 -0.081809 -0.996648 
vn 0 -0.160288 -0.98707 
vn 0 -0.173648 -0.984808 
vn 0 -0.081809 -0.996648 
f 752//752 753//753 754//754 
f 754//754 755//755 752//752 
f 756//756 755//755 757//757 
f 755//755 758//758 757//757 
f 757//757 759//759 756//756 
f 754//754 758//758 755//755 
o mesh161
v 0.0115669 -0.00439485 -0.0289228 
v 0.0140741 -0.00439485 -0.0289228 
v 0.0140741 -0.00462931 -0.0302525 
vn 0 0.984808 -0.173648 
vn 0 0.984808 -0.173648 
vn 0 0.984808 -0.173648 
f 760//760 761//761 762//762 
o mesh162
v 0.0140741 0.00610224 -0.0303486 
v 0.0140741 0.00345302 -0.0298806 
v 0.0140741 0.00478907 -0.0301068 
v 0.0140741 0.00612192 -0.0303512 
vn -1 0 0 
vn -1 0 0 
vn -1 0 0 
vn -1 0 0 
f 763//763 764//764 765//765 
f 765//765 766//766 763//763 
usemtl 0.250980_0.250980_0.250980_0.000000_0.000000
o mesh163
v 0.0142847 0.0135609 -0.033628 
v 0.0142847 -0.00465807 -0.0304155 
v 0.0164837 -0.00511112 -0.0329849 
v 0.0164837 0.0131078 -0.0361974 
v 0.017563 -0.00567322 -0.0361727 
v 0.017563 0.0125457 -0.0393852 
v 0.0173696 -0.00626478 -0.0395277 
v 0.0173696 0.0119542 -0.0427402 
v 0.015931 -0.00680206 -0.0425747 
v 0.015931 0.0114169 -0.0457872 
v 0.0134508 -0.00720899 -0.0448825 
v 0.0134508 0.01101 -0.048095 
v 0.0102802 -0.00742795 -0.0461243 
v 0.0102802 0.010791 -0.0493368 
v 0.00686799 -0.00742795 -0.0461243 
v 0.00686799 0.010791 -0.0493368 
v 0.00369736 -0.00720899 -0.0448825 
v 0.00369736 0.01101 -0.048095 
v 0.00121717 -0.00680206 -0.0425747 
v 0.00121717 0.0114169 -0.0457872 
v -0.000221455 -0.00626478 -0.0395277 
v -0.000221455 0.0119542 -0.0427402 
v -0.00041483 -0.00567322 -0.0361727 
v -0.00041483 0.0125457 -0.0393852 
v 0.000664419 -0.00511112 -0.0329849 
v 0.000664419 0.0131078 -0.0361974 
v 0.0028635 -0.00465807 -0.0304155 
v 0.0140741 -0.00462931 -0.0302525 
v 0.0127968 0.00479733 -0.0301083 
v 0.0115669 -0.00439485 -0.0289228 
v 0.0140741 0.0135896 -0.0334649 
v 0.0115669 0.0138241 -0.0321353 
v 0.00307407 0.0135896 -0.0334649 
v 0.00435135 0.00478081 -0.0301054 
v 0.00558125 0.0138241 -0.0321353 
v 0.00307407 -0.00462931 -0.0302525 
v 0.00558125 -0.00439485 -0.0289228 
v 0.0028635 0.0135609 -0.033628 
vn 0.618848 0.314755 0.719692 
vn 0.618848 -0.0496239 0.783941 
vn 0.85716 -0.0987205 0.505501 
vn 0.85716 0.265658 0.441251 
vn 0.974117 -0.159634 0.160041 
vn 0.974117 0.204745 0.0957914 
vn 0.953161 -0.223742 -0.203529 
vn 0.953161 0.140637 -0.267778 
vn 0.797259 -0.281966 -0.533735 
vn 0.797259 0.082413 -0.597985 
vn 0.528483 -0.326064 -0.783829 
vn 0.528483 0.0383148 -0.848079 
vn 0.184886 -0.349793 -0.918402 
vn 0.184886 0.0145859 -0.982652 
vn -0.184886 -0.349793 -0.918402 
vn -0.184886 0.0145859 -0.982652 
vn -0.528483 -0.326064 -0.783829 
vn -0.528483 0.0383148 -0.848079 
vn -0.797259 -0.281966 -0.533735 
vn -0.797259 0.082413 -0.597985 
vn -0.953161 -0.223742 -0.203529 
vn -0.953161 0.140637 -0.267778 
vn -0.974117 -0.159634 0.160041 
vn -0.974117 0.204745 0.0957914 
vn -0.85716 -0.0987205 0.505501 
vn -0.85716 0.265658 0.441251 
vn -0.618848 -0.0496239 0.783941 
vn 0.596028 -0.0465075 0.801615 
vn 0.425183 0.157335 0.891328 
vn 0.324329 -0.0210999 0.945709 
vn 0.596028 0.317871 0.737366 
vn 0.324329 0.343279 0.881459 
vn -0.596028 0.317871 0.737366 
vn -0.425183 0.157005 0.891386 
vn -0.324329 0.343279 0.881459 
vn -0.596028 -0.0465075 0.801615 
vn -0.324329 -0.0210999 0.945709 
vn -0.618848 0.314755 0.719692 
f 767//767 768//768 769//769 
f 770//770 769//769 771//771 
f 772//772 771//771 773//773 
f 774//774 773//773 775//775 
f 776//776 775//775 777//777 
f 778//778 777//777 779//779 
f 780//780 779//779 781//781 
f 782//782 781//781 783//783 
f 784//784 783//783 785//785 
f 786//786 785//785 787//787 
f 788//788 787//787 789//789 
f 790//790 789//789 791//791 
f 792//792 791//791 793//793 
f 794//794 767//767 795//795 
f 795//795 796//796 794//794 
f 795//795 767//767 797//797 
f 797//797 798//798 795//795 
f 799//799 793//793 800//800 
f 800//800 801//801 799//799 
f 800//800 793//793 802//802 
f 802//802 803//803 800//800 
f 799//799 804//804 793//793 
f 794//794 768//768 767//767 
f 793//793 804//804 792//792 
f 791//791 792//792 790//790 
f 789//789 790//790 788//788 
f 787//787 788//788 786//786 
f 785//785 786//786 784//784 
f 783//783 784//784 782//782 
f 781//781 782//782 780//780 
f 779//779 780//780 778//778 
f 777//777 778//778 776//776 
f 775//775 776//776 774//774 
f 773//773 774//774 772//772 
f 771//771 772//772 770//770 
f 769//769 770//770 767//767 
usemtl 0.749020_0.749020_0.749020_0.000000_0.000000
o mesh164
v 0.00307407 0.0138241 -0.0321353 
v 0.00558125 0.0138241 -0.0321353 
v 0.00435135 0.00478081 -0.0301054 
v 0.00307407 -0.00439485 -0.0289228 
v 0.00558125 -0.00439485 -0.0289228 
vn 0 -0.263998 -0.964523 
vn 0 -0.263998 -0.964523 
vn 0 -0.173566 -0.984822 
vn 0 -0.081809 -0.996648 
vn 0 -0.081809 -0.996648 
f 805//805 806//806 807//807 
f 807//807 808//808 805//805 
f 807//807 809//809 808//808 
o mesh165
v 0.00307407 0.0135896 -0.0334649 
v 0.00558125 0.0138241 -0.0321353 
v 0.00307407 0.0138241 -0.0321353 
vn 0 -0.984808 0.173648 
vn 0 -0.984808 0.173648 
vn 0 -0.984808 0.173648 
f 810//810 811//811 812//812 
o mesh166
v 0.00307407 -0.00462931 -0.0302525 
v 0.00307407 -0.00439485 -0.0289228 
v 0.00558125 -0.00439485 -0.0289228 
vn 0 0.984808 -0.173648 
vn 0 0.984808 -0.173648 
vn 0 0.984808 -0.173648 
f 813//813 814//814 815//815 
usemtl 0.250980_0.250980_0.250980_0.000000_0.000000
o mesh167
v 0.0140741 -0.00648153 -0.0407569 
v 0.0173696 -0.00626478 -0.0395277 
v 0.017563 -0.00567322 -0.0361727 
v 0.0120741 -0.00683641 -0.0427696 
v 0.00507407 -0.00683641 -0.0427696 
v 0.00686799 -0.00742795 -0.0461243 
v 0.0164837 -0.00511112 -0.0329849 
v 0.00307407 -0.00648153 -0.0407569 
v 0.0028635 -0.00465807 -0.0304155 
v 0.000664419 -0.00511112 -0.0329849 
v 0.00369736 -0.00720899 -0.0448825 
v 0.0140158 -0.00656665 -0.0412397 
v 0.0142847 -0.00465807 -0.0304155 
v -0.00041483 -0.00567322 -0.0361727 
v 0.0102802 -0.00742795 -0.0461243 
v 0.015931 -0.00680206 -0.0425747 
v 0.0134695 -0.00672947 -0.0421631 
v 0.0133041 -0.00676143 -0.0423443 
v 0.0138964 -0.00661545 -0.0415164 
v 0.0140741 -0.00462931 -0.0302525 
v 0.00307407 -0.00462931 -0.0302525 
v 0.00121717 -0.00680206 -0.0425747 
v 0.00319068 -0.00660102 -0.0414346 
v 0.0134508 -0.00720899 -0.0448825 
v 0.0137499 -0.00667531 -0.0418559 
v -0.000221455 -0.00626478 -0.0395277 
v 0.00352938 -0.00670703 -0.0420358 
v 0.003239 -0.00661614 -0.0415203 
v 0.0040477 -0.00678616 -0.0424846 
v 0.00367543 -0.00672933 -0.0421623 
v 0.00467609 -0.00682932 -0.0427294 
v 0.00431884 -0.00680478 -0.0425902 
v 0.0127258 -0.00681706 -0.0426598 
v 0.0128317 -0.00680688 -0.0426021 
vn 0 -0.984808 0.173648 
vn 0 -0.984808 0.173648 
vn 0 -0.984808 0.173648 
vn 0 -0.984808 0.173648 
vn 0 -0.984808 0.173648 
vn 0 -0.984808 0.173648 
vn 0 -0.984808 0.173648 
vn 0 -0.984808 0.173648 
vn 0 -0.984808 0.173648 
vn 0 -0.984808 0.173648 
vn 0 -0.984808 0.173648 
vn 0 -0.984808 0.173648 
vn 0 -0.984808 0.173648 
vn 0 -0.984808 0.173648 
vn 0 -0.984808 0.173648 
vn 0 -0.984808 0.173648 
vn 0 -0.984808 0.173648 
vn 0 -0.984808 0.173648 
vn 0 -0.984808 0.173648 
vn 0 -0.984808 0.173648 
vn 0 -0.984808 0.173648 
vn 0 -0.984808 0.173648 
vn 0 -0.984808 0.173648 
vn 0 -0.984808 0.173648 
vn 0 -0.984808 0.173648 
vn 0 -0.984808 0.173648 
vn 0 -0.984808 0.173648 
vn 0 -0.984808 0.173648 
vn 0 -0.984808 0.173648 
vn 0 -0.984808 0.173648 
vn 0 -0.984808 0.173648 
vn 0 -0.984808 0.173648 
vn 0 -0.984808 0.173648 
vn 0 -0.984808 0.173648 
f 816//816 817//817 818//818 
f 819//819 820//820 821//821 
f 818//818 822//822 816//816 
f 823//823 824//824 825//825 
f 820//820 826//826 821//821 
f 817//817 816//816 827//827 
f 822//822 828//828 816//816 
f 825//825 829//829 823//823 
f 821//821 830//830 819//819 
f 831//831 832//832 833//833 
f 831//831 827//827 834//834 
f 828//828 835//835 816//816 
f 823//823 836//836 824//824 
f 837//837 838//838 823//823 
f 830//830 839//839 819//819 
f 831//831 840//840 832//832 
f 827//827 831//831 817//817 
f 823//823 841//841 837//837 
f 837//837 842//842 843//843 
f 826//826 844//844 845//845 
f 826//826 846//846 847//847 
f 839//839 848//848 819//819 
f 839//839 833//833 849//849 
f 834//834 840//840 831//831 
f 843//843 838//838 837//837 
f 845//845 837//837 826//826 
f 820//820 846//846 826//826 
f 833//833 839//839 831//831 
f 845//845 842//842 837//837 
f 849//849 848//848 839//839 
f 847//847 844//844 826//826 
f 829//829 841//841 823//823 
usemtl 0.749020_0.749020_0.749020_0.000000_0.000000
o mesh168
v 0.00319068 -0.00660102 -0.0414346 
v 0.00313236 -0.0172847 -0.0350516 
v 0.00307407 -0.0169092 -0.0347365 
v 0.00307407 -0.00648153 -0.0407569 
v 0.003239 -0.00661614 -0.0415203 
v 0.00325176 -0.0175 -0.0352322 
v 0.00352938 -0.00670703 -0.0420358 
v 0.00339824 -0.0177641 -0.0354538 
v 0.00367543 -0.00672933 -0.0421623 
v 0.00367865 -0.018003 -0.0356543 
v 0.0040477 -0.00678616 -0.0424846 
v 0.00384409 -0.0181439 -0.0357726 
v 0.00431884 -0.00680478 -0.0425902 
v 0.00431649 -0.0183445 -0.0359408 
v 0.00467609 -0.00682932 -0.0427294 
v 0.0044223 -0.0183894 -0.0359785 
v 0.00507407 -0.0184748 -0.0360502 
v 0.00507407 -0.00683641 -0.0427696 
vn -0.941695 -0.125772 -0.312078 
vn -0.970856 -0.147543 -0.188866 
vn -1 -2.42861e-14 -3.1225e-14 
vn -1 -2.42861e-14 -3.1225e-14 
vn -0.924228 -0.142589 -0.354219 
vn -0.923986 -0.235823 -0.30106 
vn -0.772349 -0.235791 -0.589813 
vn -0.837917 -0.337244 -0.42914 
vn -0.70775 -0.261866 -0.656138 
vn -0.706734 -0.43793 -0.555648 
vn -0.513185 -0.316976 -0.797601 
vn -0.614994 -0.488611 -0.618904 
vn -0.382989 -0.340751 -0.858609 
vn -0.381895 -0.573521 -0.724727 
vn -0.198992 -0.360934 -0.911114 
vn -0.325888 -0.58687 -0.741203 
vn 0 -0.621141 -0.783699 
vn 0 -0.368133 -0.929773 
f 850//850 851//851 852//852 
f 852//852 853//853 850//850 
f 854//854 855//855 851//851 
f 856//856 857//857 855//855 
f 855//855 854//854 856//856 
f 858//858 859//859 857//857 
f 860//860 861//861 859//859 
f 859//859 858//858 860//860 
f 862//862 863//863 861//861 
f 864//864 865//865 863//863 
f 864//864 866//866 865//865 
f 863//863 862//862 864//864 
f 864//864 867//867 866//866 
f 860//860 862//862 861//861 
f 856//856 858//858 857//857 
f 850//850 854//854 851//851 
o mesh169
v 0.00507407 -0.00683641 -0.0427696 
v 0.0120741 -0.00683641 -0.0427696 
v 0.0120741 -0.0184748 -0.0360502 
v 0.00507407 -0.0184748 -0.0360502 
vn 0 -0.368133 -0.929773 
vn 0 -0.368133 -0.929773 
vn 0 -0.621141 -0.783699 
vn 0 -0.621141 -0.783699 
f 868//868 869//869 870//870 
f 870//870 871//871 868//868 
o mesh170
v 0.0139575 -0.0174363 -0.0351788 
v 0.0140158 -0.00656665 -0.0412397 
v 0.0140741 -0.00648153 -0.0407569 
v 0.0140741 -0.0169092 -0.0347365 
v 0.0139091 -0.017503 -0.0352348 
v 0.0138964 -0.00661545 -0.0415164 
v 0.0136188 -0.017904 -0.0355712 
v 0.0137499 -0.00667531 -0.0418559 
v 0.0134727 -0.0180024 -0.0356538 
v 0.0134695 -0.00672947 -0.0421631 
v 0.0131004 -0.0182531 -0.0358641 
v 0.0133041 -0.00676143 -0.0423443 
v 0.0128293 -0.0183352 -0.0359331 
v 0.0128317 -0.00680688 -0.0426021 
v 0.0124721 -0.0184435 -0.0360239 
v 0.0127258 -0.00681706 -0.0426598 
v 0.0120741 -0.00683641 -0.0427696 
v 0.0120741 -0.0184748 -0.0360502 
vn 0.941695 -0.207381 -0.26496 
vn 0.970856 -0.0897915 -0.222209 
vn 1 -6.93889e-15 -1.73472e-14 
vn 1 -6.93889e-15 -1.73472e-14 
vn 0.924228 -0.235468 -0.300595 
vn 0.923986 -0.142814 -0.354759 
vn 0.772349 -0.392898 -0.499108 
vn 0.837917 -0.203024 -0.506632 
vn 0.70775 -0.437299 -0.554851 
vn 0.706734 -0.26224 -0.657082 
vn 0.513185 -0.532255 -0.67331 
vn 0.614994 -0.291681 -0.732602 
vn 0.382989 -0.573202 -0.724403 
vn 0.381895 -0.340872 -0.859047 
vn 0.198992 -0.608581 -0.768135 
vn 0.325888 -0.348465 -0.878845 
vn 0 -0.368133 -0.929773 
vn -1.04083e-14 -0.621141 -0.783699 
f 872//872 873//873 874//874 
f 874//874 875//875 872//872 
f 876//876 877//877 873//873 
f 878//878 879//879 877//877 
f 877//877 876//876 878//878 
f 880//880 881//881 879//879 
f 882//882 883//883 881//881 
f 881//881 880//880 882//882 
f 884//884 885//885 883//883 
f 886//886 887//887 885//885 
f 886//886 888//888 887//887 
f 885//885 884//884 886//886 
f 886//886 889//889 888//888 
f 882//882 884//884 883//883 
f 878//878 880//880 879//879 
f 872//872 876//876 873//873 
usemtl 0.250980_0.250980_0.250980_0.000000_0.000000
o mesh171
v 0.00307407 -0.0169092 -0.0347365 
v -0.000221455 -0.015953 -0.0339342 
v -0.00041483 -0.0133433 -0.0317444 
v 0.0120741 -0.0184748 -0.0360502 
v 0.0102802 -0.0210843 -0.0382398 
v 0.00686799 -0.0210843 -0.0382398 
v 0.000664419 -0.0108637 -0.0296637 
v 0.0140741 -0.0169092 -0.0347365 
v 0.0142847 -0.00886504 -0.0279867 
v 0.0164837 -0.0108637 -0.0296637 
v 0.0134508 -0.0201184 -0.0374293 
v 0.00313236 -0.0172847 -0.0350516 
v 0.0028635 -0.00886504 -0.0279867 
v 0.017563 -0.0133433 -0.0317444 
v 0.00507407 -0.0184748 -0.0360502 
v 0.00121717 -0.0183232 -0.035923 
v 0.00367865 -0.018003 -0.0356543 
v 0.00384409 -0.0181439 -0.0357726 
v 0.00325176 -0.0175 -0.0352322 
v 0.00307407 -0.00873817 -0.0278802 
v 0.0140741 -0.00873817 -0.0278802 
v 0.015931 -0.0183232 -0.035923 
v 0.0139575 -0.0174363 -0.0351788 
v 0.00369736 -0.0201184 -0.0374293 
v 0.00339824 -0.0177641 -0.0354538 
v 0.0173696 -0.015953 -0.0339342 
v 0.0136188 -0.017904 -0.0355712 
v 0.0139091 -0.017503 -0.0352348 
v 0.0131004 -0.0182531 -0.0358641 
v 0.0134727 -0.0180024 -0.0356538 
v 0.0124721 -0.0184435 -0.0360239 
v 0.0128293 -0.0183352 -0.0359331 
v 0.0044223 -0.0183894 -0.0359785 
v 0.00431649 -0.0183445 -0.0359408 
vn 0 0.642788 -0.766044 
vn 0 0.642788 -0.766044 
vn 0 0.642788 -0.766044 
vn 0 0.642788 -0.766044 
vn 0 0.642788 -0.766044 
vn 0 0.642788 -0.766044 
vn 0 0.642788 -0.766044 
vn 0 0.642788 -0.766044 
vn 0 0.642788 -0.766044 
vn 0 0.642788 -0.766044 
vn 0 0.642788 -0.766044 
vn 0 0.642788 -0.766044 
vn 0 0.642788 -0.766044 
vn 0 0.642788 -0.766044 
vn 0 0.642788 -0.766044 
vn 0 0.642788 -0.766044 
vn 0 0.642788 -0.766044 
vn 0 0.642788 -0.766044 
vn 0 0.642788 -0.766044 
vn 0 0.642788 -0.766044 
vn 0 0.642788 -0.766044 
vn 0 0.642788 -0.766044 
vn 0 0.642788 -0.766044 
vn 0 0.642788 -0.766044 
vn 0 0.642788 -0.766044 
vn 0 0.642788 -0.766044 
vn 0 0.642788 -0.766044 
vn 0 0.642788 -0.766044 
vn 0 0.642788 -0.766044 
vn 0 0.642788 -0.766044 
vn 0 0.642788 -0.766044 
vn 0 0.642788 -0.766044 
vn 0 0.642788 -0.766044 
vn 0 0.642788 -0.766044 
f 890//890 891//891 892//892 
f 893//893 894//894 895//895 
f 892//892 896//896 890//890 
f 897//897 898//898 899//899 
f 893//893 900//900 894//894 
f 891//891 890//890 901//901 
f 896//896 902//902 890//890 
f 899//899 903//903 897//897 
f 895//895 904//904 893//893 
f 905//905 906//906 907//907 
f 905//905 901//901 908//908 
f 902//902 909//909 890//890 
f 897//897 910//910 898//898 
f 911//911 912//912 897//897 
f 895//895 913//913 904//904 
f 905//905 914//914 906//906 
f 901//901 905//905 891//891 
f 897//897 915//915 911//911 
f 911//911 916//916 917//917 
f 900//900 918//918 919//919 
f 900//900 920//920 921//921 
f 913//913 922//922 904//904 
f 913//913 907//907 923//923 
f 908//908 914//914 905//905 
f 917//917 912//912 911//911 
f 919//919 911//911 900//900 
f 893//893 920//920 900//900 
f 907//907 913//913 905//905 
f 919//919 916//916 911//911 
f 923//923 922//922 913//913 
f 921//921 918//918 900//900 
f 903//903 915//915 897//897 
usemtl 0.749020_0.749020_0.749020_0.000000_0.000000
o mesh172
v 0.0140741 -0.00462931 -0.0302525 
v 0.0140741 -0.00439485 -0.0289228 
v 0.0140741 -0.00770388 -0.0270123 
v 0.0140741 -0.00648153 -0.0407569 
v 0.0140741 -0.00873817 -0.0278802 
v 0.0140741 -0.0169092 -0.0347365 
v 0.0140741 0.00345302 -0.0298806 
v 0.0140741 -0.00520752 -0.0265094 
v 0.0140741 -0.0124573 -0.0206947 
vn 1 0 0 
vn 1 0 0 
vn 1 0 0 
vn 1 0 0 
vn 1 0 0 
vn 1 0 0 
vn 1 0 0 
vn 1 0 0 
vn 1 0 0 
f 924//924 925//925 926//926 
f 927//927 924//924 928//928 
f 928//928 929//929 927//927 
f 926//926 928//928 924//924 
f 926//926 930//930 931//931 
f 931//931 932//932 926//926 
f 925//925 930//930 926//926 
o mesh173
v 0.0115669 -0.00770388 -0.0270123 
v 0.0140741 -0.00873817 -0.0278802 
v 0.0140741 -0.00770388 -0.0270123 
vn 0 -0.642788 0.766044 
vn 0 -0.642788 0.766044 
vn 0 -0.642788 0.766044 
f 933//933 934//934 935//935 
o mesh174
v 0.0115669 -0.00770388 -0.0270123 
v 0.0140741 -0.00770388 -0.0270123 
v 0.0140741 -0.0124573 -0.0206947 
v 0.0127968 -0.0133159 -0.0196572 
v 0.0115669 -0.0195955 -0.0128405 
v 0.0140741 -0.0141993 -0.0186187 
v 0.0140741 -0.0133212 -0.0196508 
v 0.0140741 -0.0195955 -0.0128405 
vn 0 -0.822218 -0.569173 
vn 0 -0.822218 -0.569173 
vn 0 -0.774684 -0.632348 
vn 0 -0.766098 -0.642724 
vn 0 -0.703302 -0.710891 
vn 0 -0.757264 -0.653109 
vn 0 -0.766044 -0.642788 
vn 0 -0.703302 -0.710891 
f 936//936 937//937 938//938 
f 938//938 939//939 936//936 
f 940//940 939//939 941//941 
f 939//939 942//942 941//941 
f 941//941 943//943 940//940 
f 938//938 942//942 939//939 
o mesh175
v 0.0115669 -0.0195955 -0.0128405 
v 0.0140741 -0.0195955 -0.0128405 
v 0.0140741 -0.0206297 -0.0137084 
vn 0 0.642788 -0.766044 
vn 0 0.642788 -0.766044 
vn 0 0.642788 -0.766044 
f 944//944 945//945 946//946 
o mesh176
v 0.0140741 -0.0141872 -0.0186345 
v 0.0140741 -0.0141993 -0.0186187 
v 0.0140741 -0.0133212 -0.0196508 
v 0.0140741 -0.0124573 -0.0206947 
vn -1 0 0 
vn -1 0 0 
vn -1 0 0 
vn -1 0 0 
f 947//947 948//948 949//949 
f 949//949 950//950 947//947 
usemtl 0.250980_0.250980_0.250980_0.000000_0.000000
o mesh177
v 0.0028635 0.0343663 0.0235345 
v 0.0028635 0.0183449 0.0327845 
v 0.000664419 0.0196494 0.035044 
v 0.000664419 0.0356708 0.025794 
v -0.00041483 0.0212679 0.0378473 
v -0.00041483 0.0372893 0.0285973 
v -0.000221455 0.0229712 0.0407976 
v -0.000221455 0.0389927 0.0315476 
v 0.00121717 0.0245182 0.0434771 
v 0.00121717 0.0405397 0.0342271 
v 0.00369736 0.0256899 0.0455065 
v 0.00369736 0.0417114 0.0362565 
v 0.00686799 0.0263204 0.0465986 
v 0.00686799 0.0423419 0.0373486 
v 0.0102802 0.0263204 0.0465986 
v 0.0102802 0.0423419 0.0373486 
v 0.0134508 0.0256899 0.0455065 
v 0.0134508 0.0417114 0.0362565 
v 0.015931 0.0245182 0.0434771 
v 0.015931 0.0405397 0.0342271 
v 0.0173696 0.0229712 0.0407976 
v 0.0173696 0.0389927 0.0315476 
v 0.017563 0.0212679 0.0378473 
v 0.017563 0.0372893 0.0285973 
v 0.0164837 0.0196494 0.035044 
v 0.0164837 0.0356708 0.025794 
v 0.0142847 0.0183449 0.0327845 
v 0.00307407 0.0182621 0.0326411 
v 0.00435135 0.0253906 0.0264713 
v 0.00558125 0.017587 0.0314718 
v 0.00307407 0.0342835 0.0233911 
v 0.00558125 0.0336084 0.0222218 
v 0.0140741 0.0342835 0.0233911 
v 0.0127968 0.0253761 0.0264797 
v 0.0115669 0.0336084 0.0222218 
v 0.0140741 0.0182621 0.0326411 
v 0.0115669 0.017587 0.0314718 
v 0.0142847 0.0343663 0.0235345 
vn -0.618848 -0.221493 -0.753636 
vn -0.618848 -0.541922 -0.568636 
vn -0.85716 -0.400554 -0.32378 
vn -0.85716 -0.0801246 -0.50878 
vn -0.974117 -0.22516 -0.0199877 
vn -0.974117 0.0952699 -0.204988 
vn -0.953161 -0.0405703 0.29973 
vn -0.953161 0.279859 0.11473 
vn -0.797259 0.12708 0.590109 
vn -0.797259 0.447509 0.405109 
vn -0.528483 0.254056 0.810038 
vn -0.528483 0.574485 0.625038 
vn -0.184886 0.32238 0.928379 
vn -0.184886 0.64281 0.743379 
vn 0.184886 0.32238 0.928379 
vn 0.184886 0.64281 0.743379 
vn 0.528483 0.254056 0.810038 
vn 0.528483 0.574485 0.625038 
vn 0.797259 0.12708 0.590109 
vn 0.797259 0.447509 0.405109 
vn 0.953161 -0.0405703 0.29973 
vn 0.953161 0.279859 0.11473 
vn 0.974117 -0.22516 -0.0199877 
vn 0.974117 0.0952699 -0.204988 
vn 0.85716 -0.400554 -0.32378 
vn 0.85716 -0.0801246 -0.50878 
vn 0.618848 -0.541922 -0.568636 
vn -0.596028 -0.550895 -0.584179 
vn -0.425183 -0.452409 -0.78393 
vn -0.324329 -0.624054 -0.710893 
vn -0.596028 -0.230466 -0.769179 
vn -0.324329 -0.303624 -0.895893 
vn 0.596028 -0.230466 -0.769179 
vn 0.425183 -0.452699 -0.783762 
vn 0.324329 -0.303624 -0.895893 
vn 0.596028 -0.550895 -0.584179 
vn 0.324329 -0.624054 -0.710893 
vn 0.618848 -0.221493 -0.753636 
f 951//951 952//952 953//953 
f 954//954 953//953 955//955 
f 956//956 955//955 957//957 
f 958//958 957//957 959//959 
f 960//960 959//959 961//961 
f 962//962 961//961 963//963 
f 964//964 963//963 965//965 
f 966//966 965//965 967//967 
f 968//968 967//967 969//969 
f 970//970 969//969 971//971 
f 972//972 971//971 973//973 
f 974//974 973//973 975//975 
f 976//976 975//975 977//977 
f 978//978 951//951 979//979 
f 979//979 980//980 978//978 
f 979//979 951//951 981//981 
f 981//981 982//982 979//979 
f 983//983 977//977 984//984 
f 984//984 985//985 983//983 
f 984//984 977//977 986//986 
f 986//986 987//987 984//984 
f 983//983 988//988 977//977 
f 978//978 952//952 951//951 
f 977//977 988//988 976//976 
f 975//975 976//976 974//974 
f 973//973 974//974 972//972 
f 971//971 972//972 970//970 
f 969//969 970//970 968//968 
f 967//967 968//968 966//966 
f 965//965 966//966 964//964 
f 963//963 964//964 962//962 
f 961//961 962//962 960//960 
f 959//959 960//960 958//958 
f 957//957 958//958 956//956 
f 955//955 956//956 954//954 
f 953//953 954//954 951//951 
usemtl 0.749020_0.749020_0.749020_0.000000_0.000000
o mesh178
v 0.00307407 0.017587 0.0314718 
v 0.00558125 0.017587 0.0314718 
v 0.00435135 0.0253906 0.0264713 
v 0.00307407 0.0336084 0.0222218 
v 0.00558125 0.0336084 0.0222218 
vn 0 0.577964 0.816062 
vn 0 0.577964 0.816062 
vn 0 0.499927 0.866067 
vn 0 0.417749 0.908562 
vn 0 0.417749 0.908562 
f 989//989 990//990 991//991 
f 991//991 992//992 989//989 
f 991//991 993//993 992//992 
o mesh179
v 0.00558125 0.0336084 0.0222218 
v 0.00307407 0.0342835 0.0233911 
v 0.00307407 0.0336084 0.0222218 
vn 0 -0.866025 0.5 
vn 0 -0.866025 0.5 
vn 0 -0.866025 0.5 
f 994//994 995//995 996//996 
o mesh180
v 0.00558125 0.017587 0.0314718 
v 0.00307407 0.017587 0.0314718 
v 0.00307407 0.0182621 0.0326411 
vn 0 0.866025 -0.5 
vn 0 0.866025 -0.5 
vn 0 0.866025 -0.5 
f 997//997 998//998 999//999 
usemtl 0.250980_0.250980_0.250980_0.000000_0.000000
o mesh181
v 0.00307407 0.0235953 0.0418786 
v -0.00041483 0.0212679 0.0378473 
v 0.000664419 0.0196494 0.035044 
v 0.00507407 0.0246172 0.0436484 
v 0.0120741 0.0246172 0.0436484 
v 0.0102802 0.0263204 0.0465986 
v -0.000221455 0.0229712 0.0407976 
v 0.0140741 0.0235953 0.0418786 
v 0.0142847 0.0183449 0.0327845 
v 0.0164837 0.0196494 0.035044 
v 0.0134508 0.0256899 0.0455065 
v 0.00313236 0.0238404 0.0423031 
v 0.0028635 0.0183449 0.0327845 
v 0.017563 0.0212679 0.0378473 
v 0.00686799 0.0263204 0.0465986 
v 0.00121717 0.0245182 0.0434771 
v 0.00367865 0.0243092 0.0431151 
v 0.00384409 0.0244012 0.0432744 
v 0.00325176 0.0239809 0.0425464 
v 0.00307407 0.0182621 0.0326411 
v 0.0140741 0.0182621 0.0326411 
v 0.015931 0.0245182 0.0434771 
v 0.0139575 0.0239394 0.0424745 
v 0.00369736 0.0256899 0.0455065 
v 0.00339824 0.0241533 0.042845 
v 0.0173696 0.0229712 0.0407976 
v 0.0136188 0.0242446 0.0430032 
v 0.0139091 0.0239829 0.0425499 
v 0.0131004 0.0244725 0.0433978 
v 0.0134727 0.0243088 0.0431144 
v 0.0124721 0.0245967 0.0436131 
v 0.0128293 0.0245261 0.0434907 
v 0.0044223 0.0245614 0.0435519 
v 0.00431649 0.0245321 0.0435011 
vn 0 -0.866025 0.5 
vn 0 -0.866025 0.5 
vn 0 -0.866025 0.5 
vn 0 -0.866025 0.5 
vn 0 -0.866025 0.5 
vn 0 -0.866025 0.5 
vn 0 -0.866025 0.5 
vn 0 -0.866025 0.5 
vn 0 -0.866025 0.5 
vn 0 -0.866025 0.5 
vn 0 -0.866025 0.5 
vn 0 -0.866025 0.5 
vn 0 -0.866025 0.5 
vn 0 -0.866025 0.5 
vn 0 -0.866025 0.5 
vn 0 -0.866025 0.5 
vn 0 -0.866025 0.5 
vn 0 -0.866025 0.5 
vn 0 -0.866025 0.5 
vn 0 -0.866025 0.5 
vn 0 -0.866025 0.5 
vn 0 -0.866025 0.5 
vn 0 -0.866025 0.5 
vn 0 -0.866025 0.5 
vn 0 -0.866025 0.5 
vn 0 -0.866025 0.5 
vn 0 -0.866025 0.5 
vn 0 -0.866025 0.5 
vn 0 -0.866025 0.5 
vn 0 -0.866025 0.5 
vn 0 -0.866025 0.5 
vn 0 -0.866025 0.5 
vn 0 -0.866025 0.5 
vn 0 -0.866025 0.5 
f 1000//1000 1001//1001 1002//1002 
f 1003//1003 1004//1004 1005//1005 
f 1000//1000 1006//1006 1001//1001 
f 1007//1007 1008//1008 1009//1009 
f 1004//1004 1010//1010 1005//1005 
f 1006//1006 1000//1000 1011//1011 
f 1002//1002 1012//1012 1000//1000 
f 1009//1009 1013//1013 1007//1007 
f 1005//1005 1014//1014 1003//1003 
f 1015//1015 1016//1016 1017//1017 
f 1015//1015 1011//1011 1018//1018 
f 1012//1012 1019//1019 1000//1000 
f 1007//1007 1020//1020 1008//1008 
f 1021//1021 1022//1022 1007//1007 
f 1014//1014 1023//1023 1003//1003 
f 1015//1015 1024//1024 1016//1016 
f 1011//1011 1015//1015 1006//1006 
f 1007//1007 1025//1025 1021//1021 
f 1021//1021 1026//1026 1027//1027 
f 1010//1010 1028//1028 1029//1029 
f 1010//1010 1030//1030 1031//1031 
f 1023//1023 1032//1032 1003//1003 
f 1023//1023 1017//1017 1033//1033 
f 1018//1018 1024//1024 1015//1015 
f 1027//1027 1022//1022 1021//1021 
f 1029//1029 1021//1021 1010//1010 
f 1004//1004 1030//1030 1010//1010 
f 1017//1017 1023//1023 1015//1015 
f 1029//1029 1026//1026 1021//1021 
f 1033//1033 1032//1032 1023//1023 
f 1031//1031 1028//1028 1010//1010 
f 1013//1013 1025//1025 1007//1007 
usemtl 0.749020_0.749020_0.749020_0.000000_0.000000
o mesh182
v 0.00507407 0.0113825 0.0459821 
v 0.0120741 0.0113825 0.0459821 
v 0.0120741 0.0246172 0.0436484 
v 0.00507407 0.0246172 0.0436484 
vn 0 0.0279309 0.99961 
vn 0 0.0279309 0.99961 
vn 0 0.31564 0.948879 
vn 0 0.31564 0.948879 
f 1034//1034 1035//1035 1036//1036 
f 1036//1036 1037//1037 1034//1034 
o mesh183
v 0.00319068 0.0116179 0.0446471 
v 0.00313236 0.0238404 0.0423031 
v 0.00307407 0.0235953 0.0418786 
v 0.00307407 0.0117374 0.0439694 
v 0.003239 0.0116028 0.0447328 
v 0.00325176 0.0239809 0.0425464 
v 0.00352938 0.0115119 0.0452483 
v 0.00339824 0.0241533 0.042845 
v 0.00367543 0.0114896 0.0453748 
v 0.00367865 0.0243092 0.0431151 
v 0.0040477 0.0114328 0.0456971 
v 0.00384409 0.0244012 0.0432744 
v 0.00431884 0.0114142 0.0458027 
v 0.00431649 0.0245321 0.0435011 
v 0.00467609 0.0113896 0.0459418 
v 0.0044223 0.0245614 0.0435519 
v 0.00507407 0.0246172 0.0436484 
v 0.00507407 0.0113825 0.0459821 
vn -0.941695 0.01145 0.336274 
vn -0.970856 0.0740489 0.227939 
vn -1 9.54098e-15 3.1225e-14 
vn -1 9.54098e-15 3.1225e-14 
vn -0.924228 0.0128402 0.381625 
vn -0.923986 0.118632 0.36356 
vn -0.772349 0.0198429 0.634888 
vn -0.837917 0.170131 0.518604 
vn -0.70775 0.0216611 0.706131 
vn -0.706734 0.221477 0.671919 
vn -0.513185 0.0250645 0.857912 
vn -0.614994 0.247466 0.748694 
vn -0.382989 0.0265393 0.923372 
vn -0.381895 0.291062 0.877177 
vn -0.198992 0.0275473 0.979614 
vn -0.325888 0.297971 0.897224 
vn 0 0.31564 0.948879 
vn 0 0.0279309 0.99961 
f 1038//1038 1039//1039 1040//1040 
f 1040//1040 1041//1041 1038//1038 
f 1042//1042 1043//1043 1039//1039 
f 1044//1044 1045//1045 1043//1043 
f 1043//1043 1042//1042 1044//1044 
f 1046//1046 1047//1047 1045//1045 
f 1048//1048 1049//1049 1047//1047 
f 1047//1047 1046//1046 1048//1048 
f 1050//1050 1051//1051 1049//1049 
f 1052//1052 1053//1053 1051//1051 
f 1052//1052 1054//1054 1053//1053 
f 1051//1051 1050//1050 1052//1052 
f 1052//1052 1055//1055 1054//1054 
f 1048//1048 1050//1050 1049//1049 
f 1044//1044 1046//1046 1045//1045 
f 1038//1038 1042//1042 1039//1039 
o mesh184
v 0.0139575 0.0239394 0.0424745 
v 0.0140158 0.0116523 0.0444522 
v 0.0140741 0.0117374 0.0439694 
v 0.0140741 0.0235953 0.0418786 
v 0.0139091 0.0239829 0.0425499 
v 0.0138964 0.0116035 0.0447289 
v 0.0136188 0.0242446 0.0430032 
v 0.0137499 0.0115436 0.0450684 
v 0.0134727 0.0243088 0.0431144 
v 0.0134695 0.0114895 0.0453756 
v 0.0131004 0.0244725 0.0433978 
v 0.0133041 0.0114575 0.0455568 
v 0.0128293 0.0245261 0.0434907 
v 0.0128317 0.0114121 0.0458145 
v 0.0124721 0.0245967 0.0436131 
v 0.0127258 0.0114019 0.0458723 
v 0.0120741 0.0113825 0.0459821 
v 0.0120741 0.0246172 0.0436484 
vn 0.941695 0.104253 0.31991 
vn 0.970856 0.00837645 0.239519 
vn 1 8.67362e-16 2.08167e-14 
vn 1 8.67362e-16 2.08167e-14 
vn 0.924228 0.118458 0.363002 
vn 0.923986 0.012867 0.38221 
vn 0.772349 0.198498 0.603387 
vn 0.837917 0.0175017 0.545516 
vn 0.70775 0.221156 0.670955 
vn 0.706734 0.0216896 0.707147 
vn 0.513185 0.26987 0.814746 
vn 0.614994 0.0235261 0.788181 
vn 0.382989 0.290873 0.876763 
vn 0.381895 0.0265033 0.923826 
vn 0.198992 0.309162 0.929958 
vn 0.325888 0.0268676 0.945027 
vn -1.04083e-14 0.0279309 0.99961 
vn 0 0.31564 0.948879 
f 1056//1056 1057//1057 1058//1058 
f 1058//1058 1059//1059 1056//1056 
f 1060//1060 1061//1061 1057//1057 
f 1062//1062 1063//1063 1061//1061 
f 1061//1061 1060//1060 1062//1062 
f 1064//1064 1065//1065 1063//1063 
f 1066//1066 1067//1067 1065//1065 
f 1065//1065 1064//1064 1066//1066 
f 1068//1068 1069//1069 1067//1067 
f 1070//1070 1071//1071 1069//1069 
f 1070//1070 1072//1072 1071//1071 
f 1069//1069 1068//1068 1070//1070 
f 1070//1070 1073//1073 1072//1072 
f 1066//1066 1068//1068 1067//1067 
f 1062//1062 1064//1064 1063//1063 
f 1056//1056 1060//1060 1057//1057 
usemtl 0.250980_0.250980_0.250980_0.000000_0.000000
o mesh185
v 0.0140741 0.0117374 0.0439694 
v 0.0173696 0.0119542 0.0427402 
v 0.017563 0.0125457 0.0393852 
v 0.0120741 0.0113825 0.0459821 
v 0.00507407 0.0113825 0.0459821 
v 0.00686799 0.010791 0.0493368 
v 0.0164837 0.0131078 0.0361974 
v 0.00307407 0.0117374 0.0439694 
v 0.0028635 0.0135609 0.033628 
v 0.000664419 0.0131078 0.0361974 
v 0.0102802 0.010791 0.0493368 
v 0.0140158 0.0116523 0.0444522 
v 0.0142847 0.0135609 0.033628 
v -0.00041483 0.0125457 0.0393852 
v 0.00369736 0.01101 0.048095 
v 0.015931 0.0114169 0.0457872 
v 0.0134695 0.0114895 0.0453756 
v 0.0133041 0.0114575 0.0455568 
v 0.0138964 0.0116035 0.0447289 
v 0.0140741 0.0135896 0.0334649 
v 0.00307407 0.0135896 0.0334649 
v 0.00121717 0.0114169 0.0457872 
v 0.00319068 0.0116179 0.0446471 
v 0.0134508 0.01101 0.048095 
v 0.0137499 0.0115436 0.0450684 
v -0.000221455 0.0119542 0.0427402 
v 0.00352938 0.0115119 0.0452483 
v 0.003239 0.0116028 0.0447328 
v 0.0040477 0.0114328 0.0456971 
v 0.00367543 0.0114896 0.0453748 
v 0.00467609 0.0113896 0.0459418 
v 0.00431884 0.0114142 0.0458027 
v 0.0127258 0.0114019 0.0458723 
v 0.0128317 0.0114121 0.0458145 
vn 0 0.984808 0.173648 
vn 0 0.984808 0.173648 
vn 0 0.984808 0.173648 
vn 0 0.984808 0.173648 
vn 0 0.984808 0.173648 
vn 0 0.984808 0.173648 
vn 0 0.984808 0.173648 
vn 0 0.984808 0.173648 
vn 0 0.984808 0.173648 
vn 0 0.984808 0.173648 
vn 0 0.984808 0.173648 
vn 0 0.984808 0.173648 
vn 0 0.984808 0.173648 
vn 0 0.984808 0.173648 
vn 0 0.984808 0.173648 
vn 0 0.984808 0.173648 
vn 0 0.984808 0.173648 
vn 0 0.984808 0.173648 
vn 0 0.984808 0.173648 
vn 0 0.984808 0.173648 
vn 0 0.984808 0.173648 
vn 0 0.984808 0.173648 
vn 0 0.984808 0.173648 
vn 0 0.984808 0.173648 
vn 0 0.984808 0.173648 
vn 0 0.984808 0.173648 
vn 0 0.984808 0.173648 
vn 0 0.984808 0.173648 
vn 0 0.984808 0.173648 
vn 0 0.984808 0.173648 
vn 0 0.984808 0.173648 
vn 0 0.984808 0.173648 
vn 0 0.984808 0.173648 
vn 0 0.984808 0.173648 
f 1074//1074 1075//1075 1076//1076 
f 1077//1077 1078//1078 1079//1079 
f 1076//1076 1080//1080 1074//1074 
f 1081//1081 1082//1082 1083//1083 
f 1079//1079 1084//1084 1077//1077 
f 1075//1075 1074//1074 1085//1085 
f 1080//1080 1086//1086 1074//1074 
f 1083//1083 1087//1087 1081//1081 
f 1078//1078 1088//1088 1079//1079 
f 1089//1089 1090//1090 1091//1091 
f 1089//1089 1085//1085 1092//1092 
f 1086//1086 1093//1093 1074//1074 
f 1081//1081 1094//1094 1082//1082 
f 1095//1095 1096//1096 1081//1081 
f 1084//1084 1097//1097 1077//1077 
f 1089//1089 1098//1098 1090//1090 
f 1085//1085 1089//1089 1075//1075 
f 1081//1081 1099//1099 1095//1095 
f 1095//1095 1100//1100 1101//1101 
f 1088//1088 1102//1102 1103//1103 
f 1088//1088 1104//1104 1105//1105 
f 1097//1097 1106//1106 1077//1077 
f 1097//1097 1091//1091 1107//1107 
f 1092//1092 1098//1098 1089//1089 
f 1101//1101 1096//1096 1095//1095 
f 1103//1103 1095//1095 1088//1088 
f 1078//1078 1104//1104 1088//1088 
f 1091//1091 1097//1097 1089//1089 
f 1103//1103 1100//1100 1095//1095 
f 1107//1107 1106//1106 1097//1097 
f 1105//1105 1102//1102 1088//1088 
f 1087//1087 1099//1099 1081//1081 
usemtl 0.749020_0.749020_0.749020_0.000000_0.000000
o mesh186
v 0.0140741 0.0117374 0.0439694 
v 0.0140741 0.0135896 0.0334649 
v 0.0140741 0.0182621 0.0326411 
v 0.0140741 0.0138241 0.0321353 
v 0.0140741 0.017587 0.0314718 
v 0.0140741 0.00612192 0.0303512 
v 0.0140741 0.0140932 0.0303486 
v 0.0140741 0.0242144 0.027161 
v 0.0140741 0.0235953 0.0418786 
vn 1 0 0 
vn 1 0 0 
vn 1 0 0 
vn 1 0 0 
vn 1 0 0 
vn 1 0 0 
vn 1 0 0 
vn 1 0 0 
vn 1 0 0 
f 1108//1108 1109//1109 1110//1110 
f 1110//1110 1109//1109 1111//1111 
f 1111//1111 1112//1112 1110//1110 
f 1111//1111 1113//1113 1114//1114 
f 1111//1111 1115//1115 1112//1112 
f 1110//1110 1116//1116 1108//1108 
f 1114//1114 1115//1115 1111//1111 
o mesh187
v 0.0115669 0.0138241 0.0321353 
v 0.0140741 0.0138241 0.0321353 
v 0.0140741 0.0135896 0.0334649 
vn 0 -0.984808 -0.173648 
vn 0 -0.984808 -0.173648 
vn 0 -0.984808 -0.173648 
f 1117//1117 1118//1118 1119//1119 
o mesh188
v 0.0115669 -0.00439485 0.0289228 
v 0.0140741 -0.00439485 0.0289228 
v 0.0140741 0.00345302 0.0298806 
v 0.0127968 0.00478081 0.0301054 
v 0.0115669 0.0138241 0.0321353 
v 0.0140741 0.00612192 0.0303512 
v 0.0140741 0.00478907 0.0301068 
v 0.0140741 0.0138241 0.0321353 
vn 0 -0.081809 0.996648 
vn 0 -0.081809 0.996648 
vn 0 -0.160288 0.98707 
vn 0 -0.173566 0.984822 
vn 0 -0.263998 0.964523 
vn 0 -0.186977 0.982364 
vn 0 -0.173648 0.984808 
vn 0 -0.263998 0.964523 
f 1120//1120 1121//1121 1122//1122 
f 1122//1122 1123//1123 1120//1120 
f 1124//1124 1123//1123 1125//1125 
f 1123//1123 1126//1126 1125//1125 
f 1125//1125 1127//1127 1124//1124 
f 1122//1122 1126//1126 1123//1123 
o mesh189
v 0.0115669 -0.00439485 0.0289228 
v 0.0140741 -0.00462931 0.0302525 
v 0.0140741 -0.00439485 0.0289228 
vn 0 0.984808 0.173648 
vn 0 0.984808 0.173648 
vn 0 0.984808 0.173648 
f 1128//1128 1129//1129 1130//1130 
o mesh190
v 0.0140741 0.00478226 0.0301454 
v 0.0140741 0.00612192 0.0303512 
v 0.0140741 0.00478907 0.0301068 
v 0.0140741 0.00345302 0.0298806 
vn -1 0 0 
vn -1 0 0 
vn -1 0 0 
vn -1 0 0 
f 1131//1131 1132//1132 1133//1133 
f 1133//1133 1134//1134 1131//1131 
o mesh191
v 0.0170741 -0.0164117 0.0153052 
v 0.0140741 -0.0164117 0.0153052 
v 0.0140741 -0.0202509 0.00399547 
v 0.0170741 -0.0194697 -0.00792257 
v 0.0170741 -0.0202509 0.00399547 
v 0.0140741 -0.0204827 -0.00135503 
v 0.0140741 -0.0205127 4.47201e-17 
v 0.0140741 -0.0204827 0.00135503 
v 0.0140741 -0.0194697 -0.00792257 
v 0.0140741 -0.0141993 -0.0186187 
v 0.0170741 -0.0141872 -0.0186345 
v 0.0170741 -0.00520752 -0.0265094 
v 0.0140741 -0.0124573 -0.0206947 
v 0.0140741 -0.0141872 -0.0186345 
v 0.0140741 -0.00520752 -0.0265094 
v 0.0140741 0.00345302 -0.0298806 
v 0.0170741 0.00610224 -0.0303486 
v 0.0170741 0.0180203 -0.0295674 
v 0.0140741 0.00612192 -0.0303512 
v 0.0140741 0.00610224 -0.0303486 
v 0.0170741 0.0287322 -0.0242849 
v 0.0140741 0.0254029 -0.0265094 
v 0.0140741 0.0265614 -0.0258059 
v 0.0140741 0.0242144 -0.027161 
v 0.0140741 0.0180203 -0.0295674 
v 0.0140741 0.0287322 -0.0242849 
v 0.0140741 0.0366071 -0.0153052 
v 0.0170741 0.0404463 -0.00399547 
v 0.0170741 0.0366071 -0.0153052 
v 0.0140741 0.0388621 -0.0104694 
v 0.0140741 0.0392974 -0.00918582 
v 0.0140741 0.0383705 -0.0117324 
v 0.0140741 0.0404463 -0.00399547 
v 0.0140741 0.0396651 0.00792257 
v 0.0170741 0.0343826 0.0186345 
v 0.0170741 0.0396651 0.00792257 
v 0.0140741 0.0383705 0.0117324 
v 0.0140741 0.0388621 0.0104694 
v 0.0140741 0.0392974 0.00918582 
v 0.0140741 0.0343826 0.0186345 
v 0.0140741 0.0265614 0.0258059 
v 0.0170741 0.0254029 0.0265094 
v 0.0170741 0.0140932 0.0303486 
v 0.0140741 0.0242144 0.027161 
v 0.0140741 0.0254029 0.0265094 
v 0.0170741 0.00217514 0.0295674 
v 0.0140741 0.00478226 0.0301454 
v 0.0140741 0.00345302 0.0298806 
v 0.0140741 0.00612192 0.0303512 
v 0.0140741 0.0140932 0.0303486 
v 0.0140741 0.00217514 0.0295674 
v 0.0140741 -0.00853675 0.0242849 
v 0.0140741 -0.0133513 0.019676 
v 0.0140741 -0.0141993 0.0186187 
v 0.0170741 -0.00853675 0.0242849 
v 0.0140741 -0.0124573 0.0206947 
vn 0 -0.866025 0.5 
vn 0 -0.866025 0.5 
vn 0 -0.991445 0.130526 
vn 0 -0.965926 -0.258819 
vn 0 -0.991445 0.130526 
vn 0 -0.99902 -0.044267 
vn 0 -1 1.11022e-15 
vn 0 -0.99902 0.044267 
vn 0 -0.965926 -0.258819 
vn 0 -0.793748 -0.608247 
vn 0 -0.793353 -0.608761 
vn 0 -0.5 -0.866025 
vn 0 -0.736839 -0.676068 
vn 0 -0.793353 -0.608761 
vn 0 -0.5 -0.866025 
vn 0 -0.217072 -0.976156 
vn 0 -0.130526 -0.991445 
vn 0 0.258819 -0.965926 
vn 0 -0.129883 -0.991529 
vn 0 -0.130526 -0.991445 
vn 0 0.608761 -0.793353 
vn 0 0.5 -0.866025 
vn 0 0.537846 -0.843043 
vn 0 0.461174 -0.88731 
vn 0 0.258819 -0.965926 
vn 0 0.608761 -0.793353 
vn 0 0.866025 -0.5 
vn 0 0.991445 -0.130526 
vn 0 0.866025 -0.5 
vn 0 0.939693 -0.34202 
vn 0 0.953912 -0.300088 
vn 0 0.923631 -0.383282 
vn 0 0.991445 -0.130526 
vn 0 0.965926 0.258819 
vn 0 0.793353 0.608761 
vn 0 0.965926 0.258819 
vn 0 0.923631 0.383282 
vn 0 0.939693 0.34202 
vn 0 0.953912 0.300088 
vn 0 0.793353 0.608761 
vn 0 0.537846 0.843043 
vn 0 0.5 0.866025 
vn 0 0.130526 0.991445 
vn 0 0.461174 0.88731 
vn 0 0.5 0.866025 
vn 0 -0.258819 0.965926 
vn 0 -0.173648 0.984808 
vn 0 -0.217072 0.976156 
vn 0 -0.129883 0.991529 
vn 0 0.130526 0.991445 
vn 0 -0.258819 0.965926 
vn 0 -0.608761 0.793353 
vn 0 -0.766044 0.642788 
vn 0 -0.793748 0.608247 
vn 0 -0.608761 0.793353 
vn 0 -0.736839 0.676068 
f 1135//1135 1136//1136 1137//1137 
f 1138//1138 1139//1139 1140//1140 
f 1139//1139 1141//1141 1140//1140 
f 1139//1139 1142//1142 1141//1141 
f 1139//1139 1137//1137 1142//1142 
f 1138//1138 1143//1143 1144//1144 
f 1144//1144 1145//1145 1138//1138 
f 1146//1146 1145//1145 1147//1147 
f 1145//1145 1148//1148 1147//1147 
f 1146//1146 1149//1149 1150//1150 
f 1150//1150 1151//1151 1146//1146 
f 1152//1152 1151//1151 1153//1153 
f 1151//1151 1154//1154 1153//1153 
f 1155//1155 1156//1156 1157//1157 
f 1155//1155 1158//1158 1156//1156 
f 1152//1152 1159//1159 1158//1158 
f 1158//1158 1155//1155 1152//1152 
f 1155//1155 1160//1160 1161//1161 
f 1162//1162 1163//1163 1164//1164 
f 1164//1164 1165//1165 1162//1162 
f 1163//1163 1166//1166 1164//1164 
f 1163//1163 1161//1161 1166//1166 
f 1162//1162 1167//1167 1168//1168 
f 1169//1169 1170//1170 1171//1171 
f 1170//1170 1172//1172 1171//1171 
f 1170//1170 1173//1173 1172//1172 
f 1170//1170 1168//1168 1173//1173 
f 1169//1169 1174//1174 1175//1175 
f 1175//1175 1176//1176 1169//1169 
f 1177//1177 1176//1176 1178//1178 
f 1176//1176 1179//1179 1178//1178 
f 1180//1180 1181//1181 1182//1182 
f 1180//1180 1183//1183 1181//1181 
f 1177//1177 1184//1184 1183//1183 
f 1183//1183 1180//1180 1177//1177 
f 1180//1180 1185//1185 1186//1186 
f 1135//1135 1187//1187 1188//1188 
f 1189//1189 1190//1190 1187//1187 
f 1187//1187 1135//1135 1189//1189 
f 1189//1189 1186//1186 1190//1190 
f 1188//1188 1136//1136 1135//1135 
f 1186//1186 1189//1189 1180//1180 
f 1182//1182 1185//1185 1180//1180 
f 1178//1178 1184//1184 1177//1177 
f 1175//1175 1179//1179 1176//1176 
f 1171//1171 1174//1174 1169//1169 
f 1168//1168 1170//1170 1162//1162 
f 1165//1165 1167//1167 1162//1162 
f 1161//1161 1163//1163 1155//1155 
f 1157//1157 1160//1160 1155//1155 
f 1153//1153 1159//1159 1152//1152 
f 1150//1150 1154//1154 1151//1151 
f 1147//1147 1149//1149 1146//1146 
f 1144//1144 1148//1148 1145//1145 
f 1140//1140 1143//1143 1138//1138 
f 1137//1137 1139//1139 1135//1135 
o mesh192
v 0.0170741 -0.0164117 0.0153052 
v 0.0170741 -0.0144974 0.0142 
v 0.0170741 -0.00719111 0.0225312 
v 0.0170741 -0.0202509 0.00399547 
v 0.0170741 -0.0180593 0.00370694 
v 0.0170741 0.0180203 -0.0295674 
v 0.0170741 0.0287322 -0.0242849 
v 0.0170741 0.0273865 -0.0225312 
v 0.0170741 0.0366071 -0.0153052 
v 0.0170741 0.0346928 -0.0142 
v 0.0170741 0.0404463 -0.00399547 
v 0.0170741 0.0382547 -0.00370694 
v 0.0170741 0.0396651 0.00792257 
v 0.0170741 0.03753 0.00735046 
v 0.0170741 0.00217514 0.0295674 
v 0.0170741 -0.00853675 0.0242849 
v 0.0170741 0.0140932 0.0303486 
v 0.0170741 0.0138047 0.028157 
v 0.0170741 0.0242977 0.0245951 
v 0.0170741 0.00274725 0.0274323 
v 0.0170741 -0.0194697 -0.00792257 
v 0.0170741 -0.0173346 -0.00735046 
v 0.0170741 -0.0141872 -0.0186345 
v 0.0170741 -0.0124335 -0.0172888 
v 0.0170741 -0.00520752 -0.0265094 
v 0.0170741 -0.00410229 -0.0245951 
v 0.0170741 0.00610224 -0.0303486 
v 0.0170741 0.0174482 -0.0274323 
v 0.0170741 0.0343826 0.0186345 
v 0.0170741 0.0326289 0.0172888 
v 0.0170741 0.0254029 0.0265094 
v 0.0170741 0.00639077 -0.028157 
vn 1 0 0 
vn 1 0 0 
vn 1 0 0 
vn 1 0 0 
vn 1 0 0 
vn 1 0 0 
vn 1 0 0 
vn 1 0 0 
vn 1 0 0 
vn 1 0 0 
vn 1 0 0 
vn 1 0 0 
vn 1 0 0 
vn 1 0 0 
vn 1 0 0 
vn 1 0 0 
vn 1 0 0 
vn 1 0 0 
vn 1 0 0 
vn 1 0 0 
vn 1 0 0 
vn 1 0 0 
vn 1 0 0 
vn 1 0 0 
vn 1 0 0 
vn 1 0 0 
vn 1 0 0 
vn 1 0 0 
vn 1 0 0 
vn 1 0 0 
vn 1 0 0 
vn 1 0 0 
f 1191//1191 1192//1192 1193//1193 
f 1191//1191 1194//1194 1195//1195 
f 1196//1196 1197//1197 1198//1198 
f 1199//1199 1200//1200 1198//1198 
f 1199//1199 1201//1201 1202//1202 
f 1201//1201 1203//1203 1204//1204 
f 1205//1205 1206//1206 1193//1193 
f 1195//1195 1192//1192 1191//1191 
f 1198//1198 1197//1197 1199//1199 
f 1204//1204 1202//1202 1201//1201 
f 1207//1207 1208//1208 1209//1209 
f 1207//1207 1205//1205 1210//1210 
f 1193//1193 1206//1206 1191//1191 
f 1194//1194 1211//1211 1212//1212 
f 1211//1211 1213//1213 1214//1214 
f 1213//1213 1215//1215 1216//1216 
f 1217//1217 1196//1196 1218//1218 
f 1202//1202 1200//1200 1199//1199 
f 1203//1203 1219//1219 1220//1220 
f 1221//1221 1209//1209 1220//1220 
f 1210//1210 1208//1208 1207//1207 
f 1212//1212 1195//1195 1194//1194 
f 1216//1216 1214//1214 1213//1213 
f 1215//1215 1217//1217 1222//1222 
f 1198//1198 1218//1218 1196//1196 
f 1220//1220 1219//1219 1221//1221 
f 1193//1193 1210//1210 1205//1205 
f 1222//1222 1216//1216 1215//1215 
f 1220//1220 1204//1204 1203//1203 
f 1214//1214 1212//1212 1211//1211 
f 1209//1209 1221//1221 1207//1207 
f 1218//1218 1222//1222 1217//1217 
o mesh193
v 0.0140741 -0.0205127 4.47201e-17 
v 0.0140741 -0.0204827 0.00135503 
v 0.0140741 -0.0204736 3.4972e-17 
v 0.0140741 -0.0204827 -0.00135503 
vn -1 0 0 
vn -1 0 0 
vn -1 0 0 
vn -1 0 0 
f 1223//1223 1224//1224 1225//1225 
f 1225//1225 1226//1226 1223//1223 
o mesh194
v 0.0170741 0.0382547 -0.00370694 
v 0.0140741 0.0382547 -0.00370694 
v 0.0140741 0.0363643 -0.00927604 
v 0.0170741 0.0346928 -0.0142 
v 0.0140741 0.0379021 0.00167294 
v 0.0140741 0.0379549 0.000867485 
v 0.0170741 0.03753 0.00735046 
v 0.0140741 0.03753 0.00735046 
v 0.0170741 0.0326289 0.0172888 
v 0.0140741 0.0344102 0.0136768 
v 0.0140741 0.0352229 0.0120288 
v 0.0140741 0.0326289 0.0172888 
v 0.0170741 0.0242977 0.0245951 
v 0.0140741 0.0242977 0.0245951 
v 0.0140741 0.0287154 0.0207209 
v 0.0170741 0.0138047 0.028157 
v 0.0140741 0.0187336 0.0264839 
v 0.0140741 0.0138047 0.028157 
v 0.0170741 0.00274725 0.0274323 
v 0.0140741 0.00795241 0.0277735 
v 0.0140741 0.0102862 0.0279264 
v 0.0140741 0.00274725 0.0274323 
v 0.0140741 0.00726563 0.0277284 
v 0.0170741 -0.00719111 0.0225312 
v 0.0140741 -0.00235569 0.0249158 
v 0.0140741 -0.00719111 0.0225312 
v 0.0140741 -0.00307963 0.0245588 
v 0.0170741 -0.0144974 0.0142 
v 0.0140741 -0.0110689 0.0181095 
v 0.0140741 -0.0144974 0.0142 
v 0.0170741 -0.0180593 0.00370694 
v 0.0140741 -0.0180593 0.00370694 
v 0.0140741 -0.0161689 0.00927604 
v 0.0140741 -0.0177067 -0.00167294 
v 0.0140741 -0.0177595 -0.000867485 
v 0.0170741 -0.0173346 -0.00735046 
v 0.0140741 -0.0173346 -0.00735046 
v 0.0140741 -0.0150275 -0.0120288 
v 0.0140741 -0.0153319 -0.0114116 
v 0.0170741 -0.0124335 -0.0172888 
v 0.0140741 -0.013993 -0.0141264 
v 0.0140741 -0.0124335 -0.0172888 
v 0.0170741 -0.00410229 -0.0245951 
v 0.0140741 -0.00410229 -0.0245951 
v 0.0140741 -0.00852002 -0.0207209 
v 0.0170741 0.00639077 -0.028157 
v 0.0140741 0.00146177 -0.0264839 
v 0.0140741 0.00639077 -0.028157 
v 0.0170741 0.0174482 -0.0274323 
v 0.0140741 0.012243 -0.0277735 
v 0.0140741 0.0104096 -0.0278936 
v 0.0140741 0.0174482 -0.0274323 
v 0.0170741 0.0273865 -0.0225312 
v 0.0140741 0.0225511 -0.0249158 
v 0.0140741 0.0273865 -0.0225312 
v 0.0140741 0.0232751 -0.0245588 
v 0.0140741 0.0312643 -0.0181095 
v 0.0140741 0.0346928 -0.0142 
vn 0 -0.991445 0.130526 
vn 0 -0.991445 0.130526 
vn 0 -0.942929 0.332995 
vn 0 -0.866025 0.5 
vn 0 -0.998195 -0.0600596 
vn 0 -0.999515 -0.0311253 
vn 0 -0.965926 -0.258819 
vn 0 -0.965926 -0.258819 
vn 0 -0.793353 -0.608761 
vn 0 -0.871561 -0.490287 
vn 0 -0.90196 -0.431819 
vn 0 -0.793353 -0.608761 
vn 0 -0.5 -0.866025 
vn 0 -0.5 -0.866025 
vn 0 -0.668349 -0.743848 
vn 0 -0.130526 -0.991445 
vn 0 -0.310017 -0.950731 
vn 0 -0.130526 -0.991445 
vn 0 0.258819 -0.965926 
vn 0 0.0770134 -0.99703 
vn 0 -0.00674825 -0.999977 
vn 0 0.258819 -0.965926 
vn 0 0.101608 -0.994825 
vn 0 0.608761 -0.793353 
vn 0 0.447084 -0.894492 
vn 0 0.608761 -0.793353 
vn 0 0.472802 -0.881168 
vn 0 0.866025 -0.5 
vn 0 0.759847 -0.650102 
vn 0 0.866025 -0.5 
vn 0 0.991445 -0.130526 
vn 0 0.991445 -0.130526 
vn 0 0.942929 -0.332995 
vn 0 0.998195 0.0600596 
vn 0 0.999515 0.0311253 
vn 0 0.965926 0.258819 
vn 0 0.965926 0.258819 
vn 0 0.90196 0.431819 
vn 0 0.912347 0.409417 
vn 0 0.793353 0.608761 
vn 0 0.862632 0.505833 
vn 0 0.793353 0.608761 
vn 0 0.5 0.866025 
vn 0 0.5 0.866025 
vn 0 0.668349 0.743848 
vn 0 0.130526 0.991445 
vn 0 0.310017 0.950731 
vn 0 0.130526 0.991445 
vn 0 -0.258819 0.965926 
vn 0 -0.0770134 0.99703 
vn 0 -0.011179 0.999938 
vn 0 -0.258819 0.965926 
vn 0 -0.608761 0.793353 
vn 0 -0.447084 0.894492 
vn 0 -0.608761 0.793353 
vn 0 -0.472802 0.881168 
vn 0 -0.759847 0.650102 
vn 0 -0.866025 0.5 
f 1227//1227 1228//1228 1229//1229 
f 1229//1229 1230//1230 1227//1227 
f 1227//1227 1231//1231 1232//1232 
f 1233//1233 1234//1234 1231//1231 
f 1231//1231 1227//1227 1233//1233 
f 1235//1235 1236//1236 1237//1237 
f 1235//1235 1238//1238 1236//1236 
f 1237//1237 1233//1233 1235//1235 
f 1239//1239 1240//1240 1241//1241 
f 1241//1241 1235//1235 1239//1239 
f 1239//1239 1242//1242 1243//1243 
f 1242//1242 1244//1244 1243//1243 
f 1242//1242 1245//1245 1246//1246 
f 1246//1246 1247//1247 1242//1242 
f 1245//1245 1248//1248 1249//1249 
f 1249//1249 1246//1246 1245//1245 
f 1245//1245 1250//1250 1251//1251 
f 1250//1250 1252//1252 1253//1253 
f 1253//1253 1251//1251 1250//1250 
f 1250//1250 1254//1254 1255//1255 
f 1254//1254 1256//1256 1255//1255 
f 1257//1257 1258//1258 1259//1259 
f 1259//1259 1254//1254 1257//1257 
f 1257//1257 1260//1260 1261//1261 
f 1262//1262 1263//1263 1260//1260 
f 1260//1260 1257//1257 1262//1262 
f 1262//1262 1264//1264 1265//1265 
f 1266//1266 1267//1267 1264//1264 
f 1266//1266 1268//1268 1267//1267 
f 1264//1264 1262//1262 1266//1266 
f 1269//1269 1270//1270 1271//1271 
f 1271//1271 1266//1266 1269//1269 
f 1269//1269 1272//1272 1273//1273 
f 1272//1272 1274//1274 1273//1273 
f 1272//1272 1275//1275 1276//1276 
f 1276//1276 1277//1277 1272//1272 
f 1275//1275 1278//1278 1276//1276 
f 1275//1275 1279//1279 1280//1280 
f 1279//1279 1281//1281 1282//1282 
f 1282//1282 1280//1280 1279//1279 
f 1279//1279 1230//1230 1283//1283 
f 1230//1230 1284//1284 1283//1283 
f 1283//1283 1281//1281 1279//1279 
f 1280//1280 1278//1278 1275//1275 
f 1277//1277 1274//1274 1272//1272 
f 1273//1273 1270//1270 1269//1269 
f 1271//1271 1268//1268 1266//1266 
f 1265//1265 1263//1263 1262//1262 
f 1261//1261 1258//1258 1257//1257 
f 1259//1259 1256//1256 1254//1254 
f 1255//1255 1252//1252 1250//1250 
f 1251//1251 1248//1248 1245//1245 
f 1247//1247 1244//1244 1242//1242 
f 1243//1243 1240//1240 1239//1239 
f 1241//1241 1238//1238 1235//1235 
f 1237//1237 1234//1234 1233//1233 
f 1232//1232 1228//1228 1227//1227 
f 1229//1229 1284//1284 1230//1230 
o mesh195
v 0.0140741 -0.0133513 0.019676 
v 0.0140741 -0.0124573 0.0206947 
v 0.0140741 -0.0133212 0.0196508 
v 0.0140741 -0.0141993 0.0186187 
vn -1 0 0 
vn -1 0 0 
vn -1 0 0 
vn -1 0 0 
f 1285//1285 1286//1286 1287//1287 
f 1287//1287 1288//1288 1285//1285 
o mesh196
v 0.0115669 -0.0195955 0.0128405 
v 0.0140741 -0.0195955 0.0128405 
v 0.0140741 -0.0141993 0.0186187 
v 0.0127968 -0.0133266 0.0196444 
v 0.0115669 -0.00770388 0.0270123 
v 0.0140741 -0.0124573 0.0206947 
v 0.0140741 -0.0133212 0.0196508 
v 0.0140741 -0.00770388 0.0270123 
vn 0 -0.703302 0.710891 
vn 0 -0.703302 0.710891 
vn 0 -0.757264 0.653109 
vn 0 -0.765991 0.642852 
vn 0 -0.822218 0.569173 
vn 0 -0.774684 0.632348 
vn 0 -0.766044 0.642788 
vn 0 -0.822218 0.569173 
f 1289//1289 1290//1290 1291//1291 
f 1291//1291 1292//1292 1289//1289 
f 1293//1293 1292//1292 1294//1294 
f 1292//1292 1295//1295 1294//1294 
f 1294//1294 1296//1296 1293//1293 
f 1291//1291 1295//1295 1292//1292 
o mesh197
v 0.0115669 -0.0195955 0.0128405 
v 0.0140741 -0.0206297 0.0137084 
v 0.0140741 -0.0195955 0.0128405 
vn 0 0.642788 0.766044 
vn 0 0.642788 0.766044 
vn 0 0.642788 0.766044 
f 1297//1297 1298//1298 1299//1299 
o mesh198
v 0.0115669 -0.00770388 0.0270123 
v 0.0140741 -0.00770388 0.0270123 
v 0.0140741 -0.00873817 0.0278802 
vn 0 -0.642788 -0.766044 
vn 0 -0.642788 -0.766044 
vn 0 -0.642788 -0.766044 
f 1300//1300 1301//1301 1302//1302 
o mesh199
v 0.0140741 -0.00648153 0.0407569 
v 0.0140741 -0.0169092 0.0347365 
v 0.0140741 -0.00873817 0.0278802 
v 0.0140741 -0.00462931 0.0302525 
v 0.0140741 -0.00770388 0.0270123 
v 0.0140741 -0.0124573 0.0206947 
v 0.0140741 -0.00853675 0.0242849 
v 0.0140741 -0.00439485 0.0289228 
v 0.0140741 0.00217514 0.0295674 
v 0.0140741 0.00345302 0.0298806 
vn 1 0 0 
vn 1 0 0 
vn 1 0 0 
vn 1 0 0 
vn 1 0 0 
vn 1 0 0 
vn 1 0 0 
vn 1 0 0 
vn 1 0 0 
vn 1 0 0 
f 1303//1303 1304//1304 1305//1305 
f 1306//1306 1305//1305 1307//1307 
f 1307//1307 1308//1308 1309//1309 
f 1307//1307 1310//1310 1306//1306 
f 1305//1305 1306//1306 1303//1303 
f 1310//1310 1309//1309 1311//1311 
f 1311//1311 1312//1312 1310//1310 
f 1309//1309 1310//1310 1307//1307 
o mesh200
v 0.0139575 -0.00660102 0.0414346 
v 0.0140158 -0.0172847 0.0350516 
v 0.0140741 -0.0169092 0.0347365 
v 0.0140741 -0.00648153 0.0407569 
v 0.0139091 -0.00661614 0.0415203 
v 0.0138964 -0.0175 0.0352322 
v 0.0136188 -0.00670703 0.0420358 
v 0.0137499 -0.0177641 0.0354538 
v 0.0134727 -0.00672933 0.0421623 
v 0.0134695 -0.018003 0.0356543 
v 0.0131004 -0.00678616 0.0424846 
v 0.0133041 -0.0181439 0.0357726 
v 0.0128293 -0.00680478 0.0425902 
v 0.0128317 -0.0183445 0.0359408 
v 0.0124721 -0.00682932 0.0427294 
v 0.0127258 -0.0183894 0.0359785 
v 0.0120741 -0.0184748 0.0360502 
v 0.0120741 -0.00683641 0.0427696 
vn 0.941695 -0.125772 0.312078 
vn 0.970856 -0.147543 0.188866 
vn 1 -5.20417e-15 6.93889e-15 
vn 1 -5.20417e-15 6.93889e-15 
vn 0.924228 -0.142589 0.354219 
vn 0.923986 -0.235823 0.30106 
vn 0.772349 -0.235791 0.589813 
vn 0.837917 -0.337244 0.42914 
vn 0.70775 -0.261866 0.656138 
vn 0.706734 -0.43793 0.555648 
vn 0.513185 -0.316976 0.797601 
vn 0.614994 -0.488611 0.618904 
vn 0.382989 -0.340751 0.858609 
vn 0.381895 -0.573521 0.724727 
vn 0.198992 -0.360934 0.911114 
vn 0.325888 -0.58687 0.741203 
vn 0 -0.621141 0.783699 
vn 0 -0.368133 0.929773 
f 1313//1313 1314//1314 1315//1315 
f 1315//1315 1316//1316 1313//1313 
f 1317//1317 1318//1318 1314//1314 
f 1319//1319 1320//1320 1318//1318 
f 1318//1318 1317//1317 1319//1319 
f 1321//1321 1322//1322 1320//1320 
f 1323//1323 1324//1324 1322//1322 
f 1322//1322 1321//1321 1323//1323 
f 1325//1325 1326//1326 1324//1324 
f 1327//1327 1328//1328 1326//1326 
f 1327//1327 1329//1329 1328//1328 
f 1326//1326 1325//1325 1327//1327 
f 1327//1327 1330//1330 1329//1329 
f 1323//1323 1325//1325 1324//1324 
f 1319//1319 1321//1321 1320//1320 
f 1313//1313 1317//1317 1314//1314 
usemtl 0.250980_0.250980_0.250980_0.000000_0.000000
o mesh201
v 0.00307407 -0.00648153 0.0407569 
v -0.00041483 -0.00567322 0.0361727 
v 0.000664419 -0.00511112 0.0329849 
v 0.0120741 -0.00683641 0.0427696 
v 0.0102802 -0.00742795 0.0461243 
v 0.00686799 -0.00742795 0.0461243 
v -0.000221455 -0.00626478 0.0395277 
v 0.0140741 -0.00648153 0.0407569 
v 0.0164837 -0.00511112 0.0329849 
v 0.017563 -0.00567322 0.0361727 
v 0.0134508 -0.00720899 0.0448825 
v 0.00313236 -0.00656665 0.0412397 
v 0.0028635 -0.00465807 0.0304155 
v 0.0142847 -0.00465807 0.0304155 
v 0.00507407 -0.00683641 0.0427696 
v 0.00121717 -0.00680206 0.0425747 
v 0.00367865 -0.00672947 0.0421631 
v 0.00384409 -0.00676143 0.0423443 
v 0.00325176 -0.00661545 0.0415164 
v 0.00307407 -0.00462931 0.0302525 
v 0.0140741 -0.00462931 0.0302525 
v 0.015931 -0.00680206 0.0425747 
v 0.0139575 -0.00660102 0.0414346 
v 0.00369736 -0.00720899 0.0448825 
v 0.00339824 -0.00667531 0.0418559 
v 0.0173696 -0.00626478 0.0395277 
v 0.0136188 -0.00670703 0.0420358 
v 0.0139091 -0.00661614 0.0415203 
v 0.0131004 -0.00678616 0.0424846 
v 0.0134727 -0.00672933 0.0421623 
v 0.0124721 -0.00682932 0.0427294 
v 0.0128293 -0.00680478 0.0425902 
v 0.0044223 -0.00681706 0.0426598 
v 0.00431649 -0.00680688 0.0426021 
vn 0 -0.984808 -0.173648 
vn 0 -0.984808 -0.173648 
vn 0 -0.984808 -0.173648 
vn 0 -0.984808 -0.173648 
vn 0 -0.984808 -0.173648 
vn 0 -0.984808 -0.173648 
vn 0 -0.984808 -0.173648 
vn 0 -0.984808 -0.173648 
vn 0 -0.984808 -0.173648 
vn 0 -0.984808 -0.173648 
vn 0 -0.984808 -0.173648 
vn 0 -0.984808 -0.173648 
vn 0 -0.984808 -0.173648 
vn 0 -0.984808 -0.173648 
vn 0 -0.984808 -0.173648 
vn 0 -0.984808 -0.173648 
vn 0 -0.984808 -0.173648 
vn 0 -0.984808 -0.173648 
vn 0 -0.984808 -0.173648 
vn 0 -0.984808 -0.173648 
vn 0 -0.984808 -0.173648 
vn 0 -0.984808 -0.173648 
vn 0 -0.984808 -0.173648 
vn 0 -0.984808 -0.173648 
vn 0 -0.984808 -0.173648 
vn 0 -0.984808 -0.173648 
vn 0 -0.984808 -0.173648 
vn 0 -0.984808 -0.173648 
vn 0 -0.984808 -0.173648 
vn 0 -0.984808 -0.173648 
vn 0 -0.984808 -0.173648 
vn 0 -0.984808 -0.173648 
vn 0 -0.984808 -0.173648 
vn 0 -0.984808 -0.173648 
f 1331//1331 1332//1332 1333//1333 
f 1334//1334 1335//1335 1336//1336 
f 1331//1331 1337//1337 1332//1332 
f 1338//1338 1339//1339 1340//1340 
f 1334//1334 1341//1341 1335//1335 
f 1337//1337 1331//1331 1342//1342 
f 1333//1333 1343//1343 1331//1331 
f 1338//1338 1344//1344 1339//1339 
f 1336//1336 1345//1345 1334//1334 
f 1346//1346 1347//1347 1348//1348 
f 1346//1346 1342//1342 1349//1349 
f 1343//1343 1350//1350 1331//1331 
f 1338//1338 1351//1351 1344//1344 
f 1352//1352 1353//1353 1338//1338 
f 1336//1336 1354//1354 1345//1345 
f 1346//1346 1355//1355 1347//1347 
f 1342//1342 1346//1346 1337//1337 
f 1338//1338 1356//1356 1352//1352 
f 1352//1352 1357//1357 1358//1358 
f 1341//1341 1359//1359 1360//1360 
f 1341//1341 1361//1361 1362//1362 
f 1354//1354 1363//1363 1345//1345 
f 1354//1354 1348//1348 1364//1364 
f 1349//1349 1355//1355 1346//1346 
f 1358//1358 1353//1353 1352//1352 
f 1360//1360 1352//1352 1341//1341 
f 1334//1334 1361//1361 1341//1341 
f 1348//1348 1354//1354 1346//1346 
f 1360//1360 1357//1357 1352//1352 
f 1364//1364 1363//1363 1354//1354 
f 1362//1362 1359//1359 1341//1341 
f 1340//1340 1356//1356 1338//1338 
o mesh202
v 0.0140741 -0.0169092 0.0347365 
v 0.0173696 -0.015953 0.0339342 
v 0.017563 -0.0133433 0.0317444 
v 0.0120741 -0.0184748 0.0360502 
v 0.00507407 -0.0184748 0.0360502 
v 0.00686799 -0.0210843 0.0382398 
v 0.0164837 -0.0108637 0.0296637 
v 0.00307407 -0.0169092 0.0347365 
v 0.0028635 -0.00886504 0.0279867 
v 0.000664419 -0.0108637 0.0296637 
v 0.00369736 -0.0201184 0.0374293 
v 0.0140158 -0.0172847 0.0350516 
v 0.0142847 -0.00886504 0.0279867 
v -0.00041483 -0.0133433 0.0317444 
v 0.0102802 -0.0210843 0.0382398 
v 0.015931 -0.0183232 0.035923 
v 0.0134695 -0.018003 0.0356543 
v 0.0133041 -0.0181439 0.0357726 
v 0.0138964 -0.0175 0.0352322 
v 0.0140741 -0.00873817 0.0278802 
v 0.00307407 -0.00873817 0.0278802 
v 0.00121717 -0.0183232 0.035923 
v 0.00319068 -0.0174363 0.0351788 
v 0.0134508 -0.0201184 0.0374293 
v 0.0137499 -0.0177641 0.0354538 
v -0.000221455 -0.015953 0.0339342 
v 0.00352938 -0.017904 0.0355712 
v 0.003239 -0.017503 0.0352348 
v 0.0040477 -0.0182531 0.0358641 
v 0.00367543 -0.0180024 0.0356538 
v 0.00467609 -0.0184435 0.0360239 
v 0.00431884 -0.0183352 0.0359331 
v 0.0127258 -0.0183894 0.0359785 
v 0.0128317 -0.0183445 0.0359408 
vn 0 0.642788 0.766044 
vn 0 0.642788 0.766044 
vn 0 0.642788 0.766044 
vn 0 0.642788 0.766044 
vn 0 0.642788 0.766044 
vn 0 0.642788 0.766044 
vn 0 0.642788 0.766044 
vn 0 0.642788 0.766044 
vn 0 0.642788 0.766044 
vn 0 0.642788 0.766044 
vn 0 0.642788 0.766044 
vn 0 0.642788 0.766044 
vn 0 0.642788 0.766044 
vn 0 0.642788 0.766044 
vn 0 0.642788 0.766044 
vn 0 0.642788 0.766044 
vn 0 0.642788 0.766044 
vn 0 0.642788 0.766044 
vn 0 0.642788 0.766044 
vn 0 0.642788 0.766044 
vn 0 0.642788 0.766044 
vn 0 0.642788 0.766044 
vn 0 0.642788 0.766044 
vn 0 0.642788 0.766044 
vn 0 0.642788 0.766044 
vn 0 0.642788 0.766044 
vn 0 0.642788 0.766044 
vn 0 0.642788 0.766044 
vn 0 0.642788 0.766044 
vn 0 0.642788 0.766044 
vn 0 0.642788 0.766044 
vn 0 0.642788 0.766044 
vn 0 0.642788 0.766044 
vn 0 0.642788 0.766044 
f 1365//1365 1366//1366 1367//1367 
f 1368//1368 1369//1369 1370//1370 
f 1367//1367 1371//1371 1365//1365 
f 1372//1372 1373//1373 1374//1374 
f 1369//1369 1375//1375 1370//1370 
f 1366//1366 1365//1365 1376//1376 
f 1371//1371 1377//1377 1365//1365 
f 1374//1374 1378//1378 1372//1372 
f 1370//1370 1379//1379 1368//1368 
f 1380//1380 1381//1381 1382//1382 
f 1380//1380 1376//1376 1383//1383 
f 1377//1377 1384//1384 1365//1365 
f 1372//1372 1385//1385 1373//1373 
f 1386//1386 1387//1387 1372//1372 
f 1379//1379 1388//1388 1368//1368 
f 1380//1380 1389//1389 1381//1381 
f 1376//1376 1380//1380 1366//1366 
f 1372//1372 1390//1390 1386//1386 
f 1386//1386 1391//1391 1392//1392 
f 1375//1375 1393//1393 1394//1394 
f 1375//1375 1395//1395 1396//1396 
f 1388//1388 1397//1397 1368//1368 
f 1388//1388 1382//1382 1398//1398 
f 1383//1383 1389//1389 1380//1380 
f 1392//1392 1387//1387 1386//1386 
f 1394//1394 1386//1386 1375//1375 
f 1369//1369 1395//1395 1375//1375 
f 1382//1382 1388//1388 1380//1380 
f 1394//1394 1391//1391 1386//1386 
f 1398//1398 1397//1397 1388//1388 
f 1396//1396 1393//1393 1375//1375 
f 1378//1378 1390//1390 1372//1372 
usemtl 0.749020_0.749020_0.749020_0.000000_0.000000
o mesh203
v 0.00319068 -0.0174363 0.0351788 
v 0.00313236 -0.00656665 0.0412397 
v 0.00307407 -0.00648153 0.0407569 
v 0.00307407 -0.0169092 0.0347365 
v 0.003239 -0.017503 0.0352348 
v 0.00325176 -0.00661545 0.0415164 
v 0.00352938 -0.017904 0.0355712 
v 0.00339824 -0.00667531 0.0418559 
v 0.00367543 -0.0180024 0.0356538 
v 0.00367865 -0.00672947 0.0421631 
v 0.0040477 -0.0182531 0.0358641 
v 0.00384409 -0.00676143 0.0423443 
v 0.00431884 -0.0183352 0.0359331 
v 0.00431649 -0.00680688 0.0426021 
v 0.00467609 -0.0184435 0.0360239 
v 0.0044223 -0.00681706 0.0426598 
v 0.00507407 -0.00683641 0.0427696 
v 0.00507407 -0.0184748 0.0360502 
vn -0.941695 -0.207381 0.26496 
vn -0.970856 -0.0897915 0.222209 
vn -1 -1.73472e-14 4.16334e-14 
vn -1 -1.73472e-14 4.16334e-14 
vn -0.924228 -0.235468 0.300595 
vn -0.923986 -0.142814 0.354759 
vn -0.772349 -0.392898 0.499108 
vn -0.837917 -0.203024 0.506632 
vn -0.70775 -0.437299 0.554851 
vn -0.706734 -0.26224 0.657082 
vn -0.513185 -0.532255 0.67331 
vn -0.614994 -0.291681 0.732602 
vn -0.382989 -0.573202 0.724403 
vn -0.381895 -0.340872 0.859047 
vn -0.198992 -0.608581 0.768135 
vn -0.325888 -0.348465 0.878845 
vn 0 -0.368133 0.929773 
vn 0 -0.621141 0.783699 
f 1399//1399 1400//1400 1401//1401 
f 1401//1401 1402//1402 1399//1399 
f 1403//1403 1404//1404 1400//1400 
f 1405//1405 1406//1406 1404//1404 
f 1404//1404 1403//1403 1405//1405 
f 1407//1407 1408//1408 1406//1406 
f 1409//1409 1410//1410 1408//1408 
f 1408//1408 1407//1407 1409//1409 
f 1411//1411 1412//1412 1410//1410 
f 1413//1413 1414//1414 1412//1412 
f 1413//1413 1415//1415 1414//1414 
f 1412//1412 1411//1411 1413//1413 
f 1413//1413 1416//1416 1415//1415 
f 1409//1409 1411//1411 1410//1410 
f 1405//1405 1407//1407 1406//1406 
f 1399//1399 1403//1403 1400//1400 
o mesh204
v 0.00507407 -0.0184748 0.0360502 
v 0.0120741 -0.0184748 0.0360502 
v 0.0120741 -0.00683641 0.0427696 
v 0.00507407 -0.00683641 0.0427696 
vn 0 -0.621141 0.783699 
vn 0 -0.621141 0.783699 
vn 0 -0.368133 0.929773 
vn 0 -0.368133 0.929773 
f 1417//1417 1418//1418 1419//1419 
f 1419//1419 1420//1420 1417//1417 
usemtl 0.250980_0.250980_0.250980_0.000000_0.000000
o mesh205
v 0.0142847 -0.00465807 0.0304155 
v 0.0142847 0.0135609 0.033628 
v 0.0164837 0.0131078 0.0361974 
v 0.0164837 -0.00511112 0.0329849 
v 0.017563 0.0125457 0.0393852 
v 0.017563 -0.00567322 0.0361727 
v 0.0173696 0.0119542 0.0427402 
v 0.0173696 -0.00626478 0.0395277 
v 0.015931 0.0114169 0.0457872 
v 0.015931 -0.00680206 0.0425747 
v 0.0134508 0.01101 0.048095 
v 0.0134508 -0.00720899 0.0448825 
v 0.0102802 0.010791 0.0493368 
v 0.0102802 -0.00742795 0.0461243 
v 0.00686799 0.010791 0.0493368 
v 0.00686799 -0.00742795 0.0461243 
v 0.00369736 0.01101 0.048095 
v 0.00369736 -0.00720899 0.0448825 
v 0.00121717 0.0114169 0.0457872 
v 0.00121717 -0.00680206 0.0425747 
v -0.000221455 0.0119542 0.0427402 
v -0.000221455 -0.00626478 0.0395277 
v -0.00041483 0.0125457 0.0393852 
v -0.00041483 -0.00567322 0.0361727 
v 0.000664419 0.0131078 0.0361974 
v 0.000664419 -0.00511112 0.0329849 
v 0.0028635 0.0135609 0.033628 
v 0.00307407 -0.00462931 0.0302525 
v 0.00435135 0.00479733 0.0301083 
v 0.00558125 -0.00439485 0.0289228 
v 0.00307407 0.0135896 0.0334649 
v 0.00558125 0.0138241 0.0321353 
v 0.0140741 0.0135896 0.0334649 
v 0.0127968 0.00478081 0.0301054 
v 0.0115669 0.0138241 0.0321353 
v 0.0140741 -0.00462931 0.0302525 
v 0.0115669 -0.00439485 0.0289228 
v 0.0028635 -0.00465807 0.0304155 
vn 0.618848 -0.0496239 -0.783941 
vn 0.618848 0.314755 -0.719692 
vn 0.85716 0.265658 -0.441251 
vn 0.85716 -0.0987205 -0.505501 
vn 0.974117 0.204745 -0.0957914 
vn 0.974117 -0.159634 -0.160041 
vn 0.953161 0.140637 0.267778 
vn 0.953161 -0.223742 0.203529 
vn 0.797259 0.082413 0.597985 
vn 0.797259 -0.281966 0.533735 
vn 0.528483 0.0383148 0.848079 
vn 0.528483 -0.326064 0.783829 
vn 0.184886 0.0145859 0.982652 
vn 0.184886 -0.349793 0.918402 
vn -0.184886 0.0145859 0.982652 
vn -0.184886 -0.349793 0.918402 
vn -0.528483 0.0383148 0.848079 
vn -0.528483 -0.326064 0.783829 
vn -0.797259 0.082413 0.597985 
vn -0.797259 -0.281966 0.533735 
vn -0.953161 0.140637 0.267778 
vn -0.953161 -0.223742 0.203529 
vn -0.974117 0.204745 -0.0957914 
vn -0.974117 -0.159634 -0.160041 
vn -0.85716 0.265658 -0.441251 
vn -0.85716 -0.0987205 -0.505501 
vn -0.618848 0.314755 -0.719692 
vn -0.596028 -0.0465075 -0.801615 
vn -0.425183 0.157335 -0.891328 
vn -0.324329 -0.0210999 -0.945709 
vn -0.596028 0.317871 -0.737366 
vn -0.324329 0.343279 -0.881459 
vn 0.596028 0.317871 -0.737366 
vn 0.425183 0.157005 -0.891386 
vn 0.324329 0.343279 -0.881459 
vn 0.596028 -0.0465075 -0.801615 
vn 0.324329 -0.0210999 -0.945709 
vn -0.618848 -0.0496239 -0.783941 
f 1421//1421 1422//1422 1423//1423 
f 1424//1424 1423//1423 1425//1425 
f 1426//1426 1425//1425 1427//1427 
f 1428//1428 1427//1427 1429//1429 
f 1430//1430 1429//1429 1431//1431 
f 1432//1432 1431//1431 1433//1433 
f 1434//1434 1433//1433 1435//1435 
f 1436//1436 1435//1435 1437//1437 
f 1438//1438 1437//1437 1439//1439 
f 1440//1440 1439//1439 1441//1441 
f 1442//1442 1441//1441 1443//1443 
f 1444//1444 1443//1443 1445//1445 
f 1446//1446 1445//1445 1447//1447 
f 1448//1448 1447//1447 1449//1449 
f 1449//1449 1450//1450 1448//1448 
f 1449//1449 1447//1447 1451//1451 
f 1451//1451 1452//1452 1449//1449 
f 1453//1453 1421//1421 1454//1454 
f 1454//1454 1455//1455 1453//1453 
f 1454//1454 1421//1421 1456//1456 
f 1456//1456 1457//1457 1454//1454 
f 1453//1453 1422//1422 1421//1421 
f 1448//1448 1458//1458 1447//1447 
f 1447//1447 1458//1458 1446//1446 
f 1445//1445 1446//1446 1444//1444 
f 1443//1443 1444//1444 1442//1442 
f 1441//1441 1442//1442 1440//1440 
f 1439//1439 1440//1440 1438//1438 
f 1437//1437 1438//1438 1436//1436 
f 1435//1435 1436//1436 1434//1434 
f 1433//1433 1434//1434 1432//1432 
f 1431//1431 1432//1432 1430//1430 
f 1429//1429 1430//1430 1428//1428 
f 1427//1427 1428//1428 1426//1426 
f 1425//1425 1426//1426 1424//1424 
f 1423//1423 1424//1424 1421//1421 
usemtl 0.749020_0.749020_0.749020_0.000000_0.000000
o mesh206
v 0.00307407 -0.00439485 0.0289228 
v 0.00558125 -0.00439485 0.0289228 
v 0.00435135 0.00479733 0.0301083 
v 0.00307407 0.0138241 0.0321353 
v 0.00558125 0.0138241 0.0321353 
vn 0 -0.081809 0.996648 
vn 0 -0.081809 0.996648 
vn 0 -0.173731 0.984793 
vn 0 -0.263998 0.964523 
vn 0 -0.263998 0.964523 
f 1459//1459 1460//1460 1461//1461 
f 1461//1461 1462//1462 1459//1459 
f 1461//1461 1463//1463 1462//1462 
o mesh207
v 0.00307407 -0.00462931 0.0302525 
v 0.00558125 -0.00439485 0.0289228 
v 0.00307407 -0.00439485 0.0289228 
vn 0 0.984808 0.173648 
vn 0 0.984808 0.173648 
vn 0 0.984808 0.173648 
f 1464//1464 1465//1465 1466//1466 
o mesh208
v 0.00307407 0.0135896 0.0334649 
v 0.00307407 0.0138241 0.0321353 
v 0.00558125 0.0138241 0.0321353 
vn 0 -0.984808 -0.173648 
vn 0 -0.984808 -0.173648 
vn 0 -0.984808 -0.173648 
f 1467//1467 1468//1468 1469//1469 
o mesh209
v 0.0115669 -0.0209023 -0.00925 
v 0.0140741 -0.0209023 -0.00925 
v 0.0140741 -0.0204827 -0.00135503 
v 0.0127968 -0.0204736 -8.45598e-06 
v 0.0115669 -0.0209023 0.00925 
v 0.0140741 -0.0204827 0.00135503 
v 0.0140741 -0.0204736 3.4972e-17 
v 0.0140741 -0.0209023 0.00925 
vn 0 -0.995713 0.0925 
vn 0 -0.995713 0.0925 
vn 0 -0.999908 0.0135503 
vn 0 -1 8.45598e-05 
vn 0 -0.995713 -0.0925 
vn 0 -0.999908 -0.0135503 
vn 0 -1 1.22125e-15 
vn 0 -0.995713 -0.0925 
f 1470//1470 1471//1471 1472//1472 
f 1472//1472 1473//1473 1470//1470 
f 1474//1474 1473//1473 1475//1475 
f 1473//1473 1476//1476 1475//1475 
f 1475//1475 1477//1477 1474//1474 
f 1472//1472 1476//1476 1473//1473 
o mesh210
v 0.0115669 -0.0209023 -0.00925 
v 0.0140741 -0.0222525 -0.00925 
v 0.0140741 -0.0209023 -0.00925 
vn 0 0 1 
vn 0 0 1 
vn 0 0 1 
f 1478//1478 1479//1479 1480//1480 
o mesh211
v 0.0115669 -0.0209023 0.00925 
v 0.0140741 -0.0209023 0.00925 
v 0.0140741 -0.0222525 0.00925 
vn 0 0 -1 
vn 0 0 -1 
vn 0 0 -1 
f 1481//1481 1482//1482 1483//1483 
o mesh212
v 0.0140741 -0.0288008 -0.0205647 
v 0.0140741 -0.0206297 -0.0137084 
v 0.0140741 -0.0222525 -0.00925 
v 0.0140741 -0.0195955 -0.0128405 
v 0.0140741 -0.0209023 -0.00925 
v 0.0140741 -0.032919 -0.00925 
v 0.0140741 -0.0141993 -0.0186187 
v 0.0140741 -0.0194697 -0.00792257 
v 0.0140741 -0.0204827 -0.00135503 
vn 1 0 0 
vn 1 0 0 
vn 1 0 0 
vn 1 0 0 
vn 1 0 0 
vn 1 0 0 
vn 1 0 0 
vn 1 0 0 
vn 1 0 0 
f 1484//1484 1485//1485 1486//1486 
f 1485//1485 1487//1487 1488//1488 
f 1488//1488 1486//1486 1485//1485 
f 1486//1486 1489//1489 1484//1484 
f 1488//1488 1490//1490 1491//1491 
f 1491//1491 1492//1492 1488//1488 
f 1487//1487 1490//1490 1488//1488 
o mesh213
v 0.0139575 -0.0336071 -0.00925 
v 0.0140158 -0.0291763 -0.0208798 
v 0.0140741 -0.0288008 -0.0205647 
v 0.0140741 -0.032919 -0.00925 
v 0.0139091 -0.0336942 -0.00925 
v 0.0138964 -0.0293915 -0.0210604 
v 0.0136188 -0.0342176 -0.00925 
v 0.0137499 -0.0296556 -0.021282 
v 0.0134727 -0.034346 -0.00925 
v 0.0134695 -0.0298946 -0.0214825 
v 0.0131004 -0.0346733 -0.00925 
v 0.0133041 -0.0300355 -0.0216008 
v 0.0128293 -0.0347805 -0.00925 
v 0.0128317 -0.030236 -0.021769 
v 0.0124721 -0.0349218 -0.00925 
v 0.0127258 -0.0302809 -0.0218067 
v 0.0120741 -0.0303663 -0.0218783 
v 0.0120741 -0.0349627 -0.00925 
vn 0.941695 -0.329177 -0.0696693 
vn 0.970856 -0.211617 -0.112505 
vn 1 -2.08167e-14 -1.21431e-14 
vn 1 -2.08167e-14 -1.21431e-14 
vn 0.924228 -0.373598 -0.0789137 
vn 0.923986 -0.337437 -0.179962 
vn 0.772349 -0.621797 -0.129789 
vn 0.837917 -0.481182 -0.257601 
vn 0.70775 -0.691642 -0.14395 
vn 0.706734 -0.623252 -0.33479 
vn 0.513185 -0.840526 -0.173659 
vn 0.614994 -0.694348 -0.373716 
vn 0.382989 -0.904735 -0.186478 
vn 0.381895 -0.813308 -0.43896 
vn 0.198992 -0.959948 -0.197237 
vn 0.325888 -0.831851 -0.449245 
vn 0 -0.879653 -0.475616 
vn 0 -0.979573 -0.201087 
f 1493//1493 1494//1494 1495//1495 
f 1495//1495 1496//1496 1493//1493 
f 1497//1497 1498//1498 1494//1494 
f 1499//1499 1500//1500 1498//1498 
f 1498//1498 1497//1497 1499//1499 
f 1501//1501 1502//1502 1500//1500 
f 1503//1503 1504//1504 1502//1502 
f 1502//1502 1501//1501 1503//1503 
f 1505//1505 1506//1506 1504//1504 
f 1507//1507 1508//1508 1506//1506 
f 1507//1507 1509//1509 1508//1508 
f 1506//1506 1505//1505 1507//1507 
f 1507//1507 1510//1510 1509//1509 
f 1503//1503 1505//1505 1504//1504 
f 1499//1499 1501//1501 1500//1500 
f 1493//1493 1497//1497 1494//1494 
usemtl 0.250980_0.250980_0.250980_0.000000_0.000000
o mesh214
v 0.00307407 -0.032919 -0.00925 
v -0.00041483 -0.0282641 -0.00925 
v 0.000664419 -0.0250271 -0.00925 
v 0.0120741 -0.0349627 -0.00925 
v 0.0102802 -0.0383692 -0.00925 
v 0.00686799 -0.0383692 -0.00925 
v -0.000221455 -0.0316708 -0.00925 
v 0.0140741 -0.032919 -0.00925 
v 0.0142847 -0.0224181 -0.00925 
v 0.0164837 -0.0250271 -0.00925 
v 0.0134508 -0.0371082 -0.00925 
v 0.00313236 -0.0334092 -0.00925 
v 0.0028635 -0.0224181 -0.00925 
v 0.017563 -0.0282641 -0.00925 
v 0.00507407 -0.0349627 -0.00925 
v 0.00121717 -0.0347648 -0.00925 
v 0.00367865 -0.0343468 -0.00925 
v 0.00384409 -0.0345308 -0.00925 
v 0.00325176 -0.0336902 -0.00925 
v 0.00307407 -0.0222525 -0.00925 
v 0.0140741 -0.0222525 -0.00925 
v 0.015931 -0.0347648 -0.00925 
v 0.0139575 -0.0336071 -0.00925 
v 0.00369736 -0.0371082 -0.00925 
v 0.00339824 -0.0340349 -0.00925 
v 0.0173696 -0.0316708 -0.00925 
v 0.0136188 -0.0342176 -0.00925 
v 0.0139091 -0.0336942 -0.00925 
v 0.0131004 -0.0346733 -0.00925 
v 0.0134727 -0.034346 -0.00925 
v 0.0124721 -0.0349218 -0.00925 
v 0.0128293 -0.0347805 -0.00925 
v 0.0044223 -0.0348512 -0.00925 
v 0.00431649 -0.0347926 -0.00925 
vn 0 -5.55112e-17 -1 
vn 0 -5.55112e-17 -1 
vn 0 -5.55112e-17 -1 
vn 0 -5.55112e-17 -1 
vn 0 -5.55112e-17 -1 
vn 0 -5.55112e-17 -1 
vn 0 -5.55112e-17 -1 
vn 0 -5.55112e-17 -1 
vn 0 -5.55112e-17 -1 
vn 0 -5.55112e-17 -1 
vn 0 -5.55112e-17 -1 
vn 0 -5.55112e-17 -1 
vn 0 -5.55112e-17 -1 
vn 0 -5.55112e-17 -1 
vn 0 -5.55112e-17 -1 
vn 0 -5.55112e-17 -1 
vn 0 -5.55112e-17 -1 
vn 0 -5.55112e-17 -1 
vn 0 -5.55112e-17 -1 
vn 0 -5.55112e-17 -1 
vn 0 -5.55112e-17 -1 
vn 0 -5.55112e-17 -1 
vn 0 -5.55112e-17 -1 
vn 0 -5.55112e-17 -1 
vn 0 -5.55112e-17 -1 
vn 0 -5.55112e-17 -1 
vn 0 -5.55112e-17 -1 
vn 0 -5.55112e-17 -1 
vn 0 -5.55112e-17 -1 
vn 0 -5.55112e-17 -1 
vn 0 -5.55112e-17 -1 
vn 0 -5.55112e-17 -1 
vn 0 -5.55112e-17 -1 
vn 0 -5.55112e-17 -1 
f 1511//1511 1512//1512 1513//1513 
f 1514//1514 1515//1515 1516//1516 
f 1511//1511 1517//1517 1512//1512 
f 1518//1518 1519//1519 1520//1520 
f 1514//1514 1521//1521 1515//1515 
f 1517//1517 1511//1511 1522//1522 
f 1513//1513 1523//1523 1511//1511 
f 1520//1520 1524//1524 1518//1518 
f 1516//1516 1525//1525 1514//1514 
f 1526//1526 1527//1527 1528//1528 
f 1526//1526 1522//1522 1529//1529 
f 1523//1523 1530//1530 1511//1511 
f 1518//1518 1531//1531 1519//1519 
f 1532//1532 1533//1533 1518//1518 
f 1516//1516 1534//1534 1525//1525 
f 1526//1526 1535//1535 1527//1527 
f 1522//1522 1526//1526 1517//1517 
f 1518//1518 1536//1536 1532//1532 
f 1532//1532 1537//1537 1538//1538 
f 1521//1521 1539//1539 1540//1540 
f 1521//1521 1541//1541 1542//1542 
f 1534//1534 1543//1543 1525//1525 
f 1534//1534 1528//1528 1544//1544 
f 1529//1529 1535//1535 1526//1526 
f 1538//1538 1533//1533 1532//1532 
f 1540//1540 1532//1532 1521//1521 
f 1514//1514 1541//1541 1521//1521 
f 1528//1528 1534//1534 1526//1526 
f 1540//1540 1537//1537 1532//1532 
f 1544//1544 1543//1543 1534//1534 
f 1542//1542 1539//1539 1521//1521 
f 1524//1524 1536//1536 1518//1518 
o mesh215
v 0.0140741 -0.0288008 -0.0205647 
v 0.017563 -0.0252349 -0.0175726 
v 0.0164837 -0.0227552 -0.0154919 
v 0.00507407 -0.0303663 -0.0218783 
v 0.00686799 -0.0329759 -0.024068 
v 0.0102802 -0.0329759 -0.024068 
v 0.0173696 -0.0278446 -0.0197623 
v 0.00307407 -0.0288008 -0.0205647 
v 0.000664419 -0.0227552 -0.0154919 
v -0.00041483 -0.0252349 -0.0175726 
v 0.0120741 -0.0303663 -0.0218783 
v 0.0140158 -0.0291763 -0.0208798 
v 0.0142847 -0.0207566 -0.0138148 
v 0.0028635 -0.0207566 -0.0138148 
v 0.00369736 -0.0320099 -0.0232575 
v 0.015931 -0.0302148 -0.0217512 
v 0.0134695 -0.0298946 -0.0214825 
v 0.0133041 -0.0300355 -0.0216008 
v 0.0138964 -0.0293915 -0.0210604 
v 0.0140741 -0.0206297 -0.0137084 
v 0.00307407 -0.0206297 -0.0137084 
v 0.00121717 -0.0302148 -0.0217512 
v 0.00319068 -0.0293279 -0.021007 
v 0.0134508 -0.0320099 -0.0232575 
v 0.0137499 -0.0296556 -0.021282 
v -0.000221455 -0.0278446 -0.0197623 
v 0.00352938 -0.0297956 -0.0213994 
v 0.003239 -0.0293946 -0.021063 
v 0.0040477 -0.0301446 -0.0216923 
v 0.00367543 -0.0298939 -0.021482 
v 0.00467609 -0.030335 -0.0218521 
v 0.00431884 -0.0302268 -0.0217613 
v 0.0127258 -0.0302809 -0.0218067 
v 0.0128317 -0.030236 -0.021769 
vn 0 -0.642788 0.766044 
vn 0 -0.642788 0.766044 
vn 0 -0.642788 0.766044 
vn 0 -0.642788 0.766044 
vn 0 -0.642788 0.766044 
vn 0 -0.642788 0.766044 
vn 0 -0.642788 0.766044 
vn 0 -0.642788 0.766044 
vn 0 -0.642788 0.766044 
vn 0 -0.642788 0.766044 
vn 0 -0.642788 0.766044 
vn 0 -0.642788 0.766044 
vn 0 -0.642788 0.766044 
vn 0 -0.642788 0.766044 
vn 0 -0.642788 0.766044 
vn 0 -0.642788 0.766044 
vn 0 -0.642788 0.766044 
vn 0 -0.642788 0.766044 
vn 0 -0.642788 0.766044 
vn 0 -0.642788 0.766044 
vn 0 -0.642788 0.766044 
vn 0 -0.642788 0.766044 
vn 0 -0.642788 0.766044 
vn 0 -0.642788 0.766044 
vn 0 -0.642788 0.766044 
vn 0 -0.642788 0.766044 
vn 0 -0.642788 0.766044 
vn 0 -0.642788 0.766044 
vn 0 -0.642788 0.766044 
vn 0 -0.642788 0.766044 
vn 0 -0.642788 0.766044 
vn 0 -0.642788 0.766044 
vn 0 -0.642788 0.766044 
vn 0 -0.642788 0.766044 
f 1545//1545 1546//1546 1547//1547 
f 1548//1548 1549//1549 1550//1550 
f 1545//1545 1551//1551 1546//1546 
f 1552//1552 1553//1553 1554//1554 
f 1550//1550 1555//1555 1548//1548 
f 1551//1551 1545//1545 1556//1556 
f 1547//1547 1557//1557 1545//1545 
f 1552//1552 1558//1558 1553//1553 
f 1548//1548 1559//1559 1549//1549 
f 1560//1560 1561//1561 1562//1562 
f 1560//1560 1556//1556 1563//1563 
f 1557//1557 1564//1564 1545//1545 
f 1552//1552 1565//1565 1558//1558 
f 1566//1566 1567//1567 1552//1552 
f 1550//1550 1568//1568 1555//1555 
f 1560//1560 1569//1569 1561//1561 
f 1556//1556 1560//1560 1551//1551 
f 1552//1552 1570//1570 1566//1566 
f 1566//1566 1571//1571 1572//1572 
f 1559//1559 1573//1573 1574//1574 
f 1559//1559 1575//1575 1576//1576 
f 1568//1568 1577//1577 1555//1555 
f 1568//1568 1562//1562 1578//1578 
f 1563//1563 1569//1569 1560//1560 
f 1572//1572 1567//1567 1566//1566 
f 1574//1574 1566//1566 1559//1559 
f 1548//1548 1575//1575 1559//1559 
f 1562//1562 1568//1568 1560//1560 
f 1574//1574 1571//1571 1566//1566 
f 1578//1578 1577//1577 1568//1568 
f 1576//1576 1573//1573 1559//1559 
f 1554//1554 1570//1570 1552//1552 
usemtl 0.749020_0.749020_0.749020_0.000000_0.000000
o mesh216
v 0.00319068 -0.0293279 -0.021007 
v 0.00313236 -0.0334092 -0.00925 
v 0.00307407 -0.032919 -0.00925 
v 0.00307407 -0.0288008 -0.0205647 
v 0.003239 -0.0293946 -0.021063 
v 0.00325176 -0.0336902 -0.00925 
v 0.00352938 -0.0297956 -0.0213994 
v 0.00339824 -0.0340349 -0.00925 
v 0.00367543 -0.0298939 -0.021482 
v 0.00367865 -0.0343468 -0.00925 
v 0.0040477 -0.0301446 -0.0216923 
v 0.00384409 -0.0345308 -0.00925 
v 0.00431884 -0.0302268 -0.0217613 
v 0.00431649 -0.0347926 -0.00925 
v 0.00467609 -0.030335 -0.0218521 
v 0.0044223 -0.0348512 -0.00925 
v 0.00507407 -0.0349627 -0.00925 
v 0.00507407 -0.0303663 -0.0218783 
vn -0.941695 -0.296946 -0.158221 
vn -0.970856 -0.234425 -0.0498411 
vn -1 -5.55112e-14 -1.21431e-14 
vn -1 -5.55112e-14 -1.21431e-14 
vn -0.924228 -0.336917 -0.179693 
vn -0.923986 -0.374169 -0.0790415 
vn -0.772349 -0.559751 -0.30026 
vn -0.837917 -0.53419 -0.111964 
vn -0.70775 -0.622358 -0.334307 
vn -0.706734 -0.692637 -0.144155 
vn -0.513185 -0.755506 -0.407249 
vn -0.614994 -0.772122 -0.160035 
vn -0.382989 -0.812933 -0.438702 
vn -0.381895 -0.905188 -0.186521 
vn -0.198992 -0.862144 -0.46595 
vn -0.325888 -0.926004 -0.190562 
vn 0 -0.979573 -0.201087 
vn 0 -0.879653 -0.475616 
f 1579//1579 1580//1580 1581//1581 
f 1581//1581 1582//1582 1579//1579 
f 1583//1583 1584//1584 1580//1580 
f 1585//1585 1586//1586 1584//1584 
f 1584//1584 1583//1583 1585//1585 
f 1587//1587 1588//1588 1586//1586 
f 1589//1589 1590//1590 1588//1588 
f 1588//1588 1587//1587 1589//1589 
f 1591//1591 1592//1592 1590//1590 
f 1593//1593 1594//1594 1592//1592 
f 1593//1593 1595//1595 1594//1594 
f 1592//1592 1591//1591 1593//1593 
f 1593//1593 1596//1596 1595//1595 
f 1589//1589 1591//1591 1590//1590 
f 1585//1585 1587//1587 1586//1586 
f 1579//1579 1583//1583 1580//1580 
o mesh217
v 0.00507407 -0.0303663 -0.0218783 
v 0.0120741 -0.0303663 -0.0218783 
v 0.0120741 -0.0349627 -0.00925 
v 0.00507407 -0.0349627 -0.00925 
vn 0 -0.879653 -0.475616 
vn 0 -0.879653 -0.475616 
vn 0 -0.979573 -0.201087 
vn 0 -0.979573 -0.201087 
f 1597//1597 1598//1598 1599//1599 
f 1599//1599 1600//1600 1597//1597 
o mesh218
v 0.0140741 -0.0206297 0.0137084 
v 0.0140741 -0.0222525 0.00925 
v 0.0140741 -0.0209023 0.00925 
v 0.0140741 -0.0288008 0.0205647 
v 0.0140741 -0.032919 0.00925 
v 0.0140741 -0.0195955 0.0128405 
v 0.0140741 -0.0164117 0.0153052 
v 0.0140741 -0.0204827 0.00135503 
v 0.0140741 -0.0202509 0.00399547 
v 0.0140741 -0.0141993 0.0186187 
vn 1 0 0 
vn 1 0 0 
vn 1 0 0 
vn 1 0 0 
vn 1 0 0 
vn 1 0 0 
vn 1 0 0 
vn 1 0 0 
vn 1 0 0 
vn 1 0 0 
f 1601//1601 1602//1602 1603//1603 
f 1604//1604 1605//1605 1602//1602 
f 1602//1602 1601//1601 1604//1604 
f 1606//1606 1603//1603 1607//1607 
f 1603//1603 1608//1608 1609//1609 
f 1607//1607 1610//1610 1606//1606 
f 1603//1603 1606//1606 1601//1601 
f 1609//1609 1607//1607 1603//1603 
o mesh219
v 0.0139575 -0.0293279 0.021007 
v 0.0140158 -0.0334092 0.00925 
v 0.0140741 -0.032919 0.00925 
v 0.0140741 -0.0288008 0.0205647 
v 0.0139091 -0.0293946 0.021063 
v 0.0138964 -0.0336902 0.00925 
v 0.0136188 -0.0297956 0.0213994 
v 0.0137499 -0.0340349 0.00925 
v 0.0134727 -0.0298939 0.021482 
v 0.0134695 -0.0343468 0.00925 
v 0.0131004 -0.0301446 0.0216923 
v 0.0133041 -0.0345308 0.00925 
v 0.0128293 -0.0302268 0.0217613 
v 0.0128317 -0.0347926 0.00925 
v 0.0124721 -0.030335 0.0218521 
v 0.0127258 -0.0348512 0.00925 
v 0.0120741 -0.0349627 0.00925 
v 0.0120741 -0.0303663 0.0218783 
vn 0.941695 -0.296946 0.158221 
vn 0.970856 -0.234425 0.0498411 
vn 1 -1.73472e-14 3.46945e-15 
vn 1 -1.73472e-14 3.46945e-15 
vn 0.924228 -0.336917 0.179693 
vn 0.923986 -0.374169 0.0790415 
vn 0.772349 -0.559751 0.30026 
vn 0.837917 -0.53419 0.111964 
vn 0.70775 -0.622358 0.334307 
vn 0.706734 -0.692637 0.144155 
vn 0.513185 -0.755506 0.407249 
vn 0.614994 -0.772122 0.160035 
vn 0.382989 -0.812933 0.438702 
vn 0.381895 -0.905188 0.186521 
vn 0.198992 -0.862144 0.46595 
vn 0.325888 -0.926004 0.190562 
vn -1.04083e-14 -0.979573 0.201087 
vn -1.04083e-14 -0.879653 0.475616 
f 1611//1611 1612//1612 1613//1613 
f 1613//1613 1614//1614 1611//1611 
f 1615//1615 1616//1616 1612//1612 
f 1617//1617 1618//1618 1616//1616 
f 1616//1616 1615//1615 1617//1617 
f 1619//1619 1620//1620 1618//1618 
f 1621//1621 1622//1622 1620//1620 
f 1620//1620 1619//1619 1621//1621 
f 1623//1623 1624//1624 1622//1622 
f 1625//1625 1626//1626 1624//1624 
f 1625//1625 1627//1627 1626//1626 
f 1624//1624 1623//1623 1625//1625 
f 1625//1625 1628//1628 1627//1627 
f 1621//1621 1623//1623 1622//1622 
f 1617//1617 1619//1619 1618//1618 
f 1611//1611 1615//1615 1612//1612 
usemtl 0.250980_0.250980_0.250980_0.000000_0.000000
o mesh220
v 0.0140741 -0.032919 0.00925 
v 0.017563 -0.0282641 0.00925 
v 0.0164837 -0.0250271 0.00925 
v 0.0120741 -0.0349627 0.00925 
v 0.00507407 -0.0349627 0.00925 
v 0.00686799 -0.0383692 0.00925 
v 0.0173696 -0.0316708 0.00925 
v 0.00307407 -0.032919 0.00925 
v 0.000664419 -0.0250271 0.00925 
v -0.00041483 -0.0282641 0.00925 
v 0.0102802 -0.0383692 0.00925 
v 0.0140158 -0.0334092 0.00925 
v 0.0142847 -0.0224181 0.00925 
v 0.0028635 -0.0224181 0.00925 
v 0.00369736 -0.0371082 0.00925 
v 0.015931 -0.0347648 0.00925 
v 0.0134695 -0.0343468 0.00925 
v 0.0133041 -0.0345308 0.00925 
v 0.0138964 -0.0336902 0.00925 
v 0.0140741 -0.0222525 0.00925 
v 0.00307407 -0.0222525 0.00925 
v 0.00121717 -0.0347648 0.00925 
v 0.00319068 -0.0336071 0.00925 
v 0.0134508 -0.0371082 0.00925 
v 0.0137499 -0.0340349 0.00925 
v -0.000221455 -0.0316708 0.00925 
v 0.00352938 -0.0342176 0.00925 
v 0.003239 -0.0336942 0.00925 
v 0.0040477 -0.0346733 0.00925 
v 0.00367543 -0.034346 0.00925 
v 0.00467609 -0.0349218 0.00925 
v 0.00431884 -0.0347805 0.00925 
v 0.0127258 -0.0348512 0.00925 
v 0.0128317 -0.0347926 0.00925 
vn 0 5.55112e-17 1 
vn 0 5.55112e-17 1 
vn 0 5.55112e-17 1 
vn 0 5.55112e-17 1 
vn 0 5.55112e-17 1 
vn 0 5.55112e-17 1 
vn 0 5.55112e-17 1 
vn 0 5.55112e-17 1 
vn 0 5.55112e-17 1 
vn 0 5.55112e-17 1 
vn 0 5.55112e-17 1 
vn 0 5.55112e-17 1 
vn 0 5.55112e-17 1 
vn 0 5.55112e-17 1 
vn 0 5.55112e-17 1 
vn 0 5.55112e-17 1 
vn 0 5.55112e-17 1 
vn 0 5.55112e-17 1 
vn 0 5.55112e-17 1 
vn 0 5.55112e-17 1 
vn 0 5.55112e-17 1 
vn 0 5.55112e-17 1 
vn 0 5.55112e-17 1 
vn 0 5.55112e-17 1 
vn 0 5.55112e-17 1 
vn 0 5.55112e-17 1 
vn 0 5.55112e-17 1 
vn 0 5.55112e-17 1 
vn 0 5.55112e-17 1 
vn 0 5.55112e-17 1 
vn 0 5.55112e-17 1 
vn 0 5.55112e-17 1 
vn 0 5.55112e-17 1 
vn 0 5.55112e-17 1 
f 1629//1629 1630//1630 1631//1631 
f 1632//1632 1633//1633 1634//1634 
f 1629//1629 1635//1635 1630//1630 
f 1636//1636 1637//1637 1638//1638 
f 1634//1634 1639//1639 1632//1632 
f 1635//1635 1629//1629 1640//1640 
f 1631//1631 1641//1641 1629//1629 
f 1636//1636 1642//1642 1637//1637 
f 1633//1633 1643//1643 1634//1634 
f 1644//1644 1645//1645 1646//1646 
f 1644//1644 1640//1640 1647//1647 
f 1641//1641 1648//1648 1629//1629 
f 1636//1636 1649//1649 1642//1642 
f 1650//1650 1651//1651 1636//1636 
f 1639//1639 1652//1652 1632//1632 
f 1644//1644 1653//1653 1645//1645 
f 1640//1640 1644//1644 1635//1635 
f 1636//1636 1654//1654 1650//1650 
f 1650//1650 1655//1655 1656//1656 
f 1643//1643 1657//1657 1658//1658 
f 1643//1643 1659//1659 1660//1660 
f 1652//1652 1661//1661 1632//1632 
f 1652//1652 1646//1646 1662//1662 
f 1647//1647 1653//1653 1644//1644 
f 1656//1656 1651//1651 1650//1650 
f 1658//1658 1650//1650 1643//1643 
f 1633//1633 1659//1659 1643//1643 
f 1646//1646 1652//1652 1644//1644 
f 1658//1658 1655//1655 1650//1650 
f 1662//1662 1661//1661 1652//1652 
f 1660//1660 1657//1657 1643//1643 
f 1638//1638 1654//1654 1636//1636 
o mesh221
v 0.00307407 -0.0288008 0.0205647 
v -0.00041483 -0.0252349 0.0175726 
v 0.000664419 -0.0227552 0.0154919 
v 0.0120741 -0.0303663 0.0218783 
v 0.0102802 -0.0329759 0.024068 
v 0.00686799 -0.0329759 0.024068 
v -0.000221455 -0.0278446 0.0197623 
v 0.0140741 -0.0288008 0.0205647 
v 0.0164837 -0.0227552 0.0154919 
v 0.017563 -0.0252349 0.0175726 
v 0.00507407 -0.0303663 0.0218783 
v 0.00313236 -0.0291763 0.0208798 
v 0.0028635 -0.0207566 0.0138148 
v 0.0142847 -0.0207566 0.0138148 
v 0.0134508 -0.0320099 0.0232575 
v 0.00121717 -0.0302148 0.0217512 
v 0.00367865 -0.0298946 0.0214825 
v 0.00384409 -0.0300355 0.0216008 
v 0.00325176 -0.0293915 0.0210604 
v 0.00307407 -0.0206297 0.0137084 
v 0.0140741 -0.0206297 0.0137084 
v 0.015931 -0.0302148 0.0217512 
v 0.0139575 -0.0293279 0.021007 
v 0.00369736 -0.0320099 0.0232575 
v 0.00339824 -0.0296556 0.021282 
v 0.0173696 -0.0278446 0.0197623 
v 0.0136188 -0.0297956 0.0213994 
v 0.0139091 -0.0293946 0.021063 
v 0.0131004 -0.0301446 0.0216923 
v 0.0134727 -0.0298939 0.021482 
v 0.0124721 -0.030335 0.0218521 
v 0.0128293 -0.0302268 0.0217613 
v 0.0044223 -0.0302809 0.0218067 
v 0.00431649 -0.030236 0.021769 
vn 0 -0.642788 -0.766044 
vn 0 -0.642788 -0.766044 
vn 0 -0.642788 -0.766044 
vn 0 -0.642788 -0.766044 
vn 0 -0.642788 -0.766044 
vn 0 -0.642788 -0.766044 
vn 0 -0.642788 -0.766044 
vn 0 -0.642788 -0.766044 
vn 0 -0.642788 -0.766044 
vn 0 -0.642788 -0.766044 
vn 0 -0.642788 -0.766044 
vn 0 -0.642788 -0.766044 
vn 0 -0.642788 -0.766044 
vn 0 -0.642788 -0.766044 
vn 0 -0.642788 -0.766044 
vn 0 -0.642788 -0.766044 
vn 0 -0.642788 -0.766044 
vn 0 -0.642788 -0.766044 
vn 0 -0.642788 -0.766044 
vn 0 -0.642788 -0.766044 
vn 0 -0.642788 -0.766044 
vn 0 -0.642788 -0.766044 
vn 0 -0.642788 -0.766044 
vn 0 -0.642788 -0.766044 
vn 0 -0.642788 -0.766044 
vn 0 -0.642788 -0.766044 
vn 0 -0.642788 -0.766044 
vn 0 -0.642788 -0.766044 
vn 0 -0.642788 -0.766044 
vn 0 -0.642788 -0.766044 
vn 0 -0.642788 -0.766044 
vn 0 -0.642788 -0.766044 
vn 0 -0.642788 -0.766044 
vn 0 -0.642788 -0.766044 
f 1663//1663 1664//1664 1665//1665 
f 1666//1666 1667//1667 1668//1668 
f 1663//1663 1669//1669 1664//1664 
f 1670//1670 1671//1671 1672//1672 
f 1668//1668 1673//1673 1666//1666 
f 1669//1669 1663//1663 1674//1674 
f 1665//1665 1675//1675 1663//1663 
f 1670//1670 1676//1676 1671//1671 
f 1666//1666 1677//1677 1667//1667 
f 1678//1678 1679//1679 1680//1680 
f 1678//1678 1674//1674 1681//1681 
f 1675//1675 1682//1682 1663//1663 
f 1670//1670 1683//1683 1676//1676 
f 1684//1684 1685//1685 1670//1670 
f 1668//1668 1686//1686 1673//1673 
f 1678//1678 1687//1687 1679//1679 
f 1674//1674 1678//1678 1669//1669 
f 1670//1670 1688//1688 1684//1684 
f 1684//1684 1689//1689 1690//1690 
f 1677//1677 1691//1691 1692//1692 
f 1677//1677 1693//1693 1694//1694 
f 1686//1686 1695//1695 1673//1673 
f 1686//1686 1680//1680 1696//1696 
f 1681//1681 1687//1687 1678//1678 
f 1690//1690 1685//1685 1684//1684 
f 1692//1692 1684//1684 1677//1677 
f 1666//1666 1693//1693 1677//1677 
f 1680//1680 1686//1686 1678//1678 
f 1692//1692 1689//1689 1684//1684 
f 1696//1696 1695//1695 1686//1686 
f 1694//1694 1691//1691 1677//1677 
f 1672//1672 1688//1688 1670//1670 
usemtl 0.749020_0.749020_0.749020_0.000000_0.000000
o mesh222
v 0.00319068 -0.0336071 0.00925 
v 0.00313236 -0.0291763 0.0208798 
v 0.00307407 -0.0288008 0.0205647 
v 0.00307407 -0.032919 0.00925 
v 0.003239 -0.0336942 0.00925 
v 0.00325176 -0.0293915 0.0210604 
v 0.00352938 -0.0342176 0.00925 
v 0.00339824 -0.0296556 0.021282 
v 0.00367543 -0.034346 0.00925 
v 0.00367865 -0.0298946 0.0214825 
v 0.0040477 -0.0346733 0.00925 
v 0.00384409 -0.0300355 0.0216008 
v 0.00431884 -0.0347805 0.00925 
v 0.00431649 -0.030236 0.021769 
v 0.00467609 -0.0349218 0.00925 
v 0.0044223 -0.0302809 0.0218067 
v 0.00507407 -0.0303663 0.0218783 
v 0.00507407 -0.0349627 0.00925 
vn -0.941695 -0.329177 0.0696693 
vn -0.970856 -0.211617 0.112505 
vn -1 -2.08167e-14 1.21431e-14 
vn -1 -2.08167e-14 1.21431e-14 
vn -0.924228 -0.373598 0.0789137 
vn -0.923986 -0.337437 0.179962 
vn -0.772349 -0.621797 0.129789 
vn -0.837917 -0.481182 0.257601 
vn -0.70775 -0.691642 0.14395 
vn -0.706734 -0.623252 0.33479 
vn -0.513185 -0.840526 0.173659 
vn -0.614994 -0.694348 0.373716 
vn -0.382989 -0.904735 0.186478 
vn -0.381895 -0.813308 0.43896 
vn -0.198992 -0.959948 0.197237 
vn -0.325888 -0.831851 0.449245 
vn 0 -0.879653 0.475616 
vn 0 -0.979573 0.201087 
f 1697//1697 1698//1698 1699//1699 
f 1699//1699 1700//1700 1697//1697 
f 1701//1701 1702//1702 1698//1698 
f 1703//1703 1704//1704 1702//1702 
f 1702//1702 1701//1701 1703//1703 
f 1705//1705 1706//1706 1704//1704 
f 1707//1707 1708//1708 1706//1706 
f 1706//1706 1705//1705 1707//1707 
f 1709//1709 1710//1710 1708//1708 
f 1711//1711 1712//1712 1710//1710 
f 1711//1711 1713//1713 1712//1712 
f 1710//1710 1709//1709 1711//1711 
f 1711//1711 1714//1714 1713//1713 
f 1707//1707 1709//1709 1708//1708 
f 1703//1703 1705//1705 1704//1704 
f 1697//1697 1701//1701 1698//1698 
o mesh223
v 0.00507407 -0.0349627 0.00925 
v 0.0120741 -0.0349627 0.00925 
v 0.0120741 -0.0303663 0.0218783 
v 0.00507407 -0.0303663 0.0218783 
vn 0 -0.979573 0.201087 
vn 0 -0.979573 0.201087 
vn 0 -0.879653 0.475616 
vn 0 -0.879653 0.475616 
f 1715//1715 1716//1716 1717//1717 
f 1717//1717 1718//1718 1715//1715 
usemtl 0.250980_0.250980_0.250980_0.000000_0.000000
o mesh224
v 0.0142847 -0.0224181 -0.00925 
v 0.0142847 -0.0224181 0.00925 
v 0.0164837 -0.0250271 0.00925 
v 0.0164837 -0.0250271 -0.00925 
v 0.017563 -0.0282641 0.00925 
v 0.017563 -0.0282641 -0.00925 
v 0.0173696 -0.0316708 0.00925 
v 0.0173696 -0.0316708 -0.00925 
v 0.015931 -0.0347648 0.00925 
v 0.015931 -0.0347648 -0.00925 
v 0.0134508 -0.0371082 0.00925 
v 0.0134508 -0.0371082 -0.00925 
v 0.0102802 -0.0383692 0.00925 
v 0.0102802 -0.0383692 -0.00925 
v 0.00686799 -0.0383692 0.00925 
v 0.00686799 -0.0383692 -0.00925 
v 0.00369736 -0.0371082 0.00925 
v 0.00369736 -0.0371082 -0.00925 
v 0.00121717 -0.0347648 0.00925 
v 0.00121717 -0.0347648 -0.00925 
v -0.000221455 -0.0316708 0.00925 
v -0.000221455 -0.0316708 -0.00925 
v -0.00041483 -0.0282641 0.00925 
v -0.00041483 -0.0282641 -0.00925 
v 0.000664419 -0.0250271 0.00925 
v 0.000664419 -0.0250271 -0.00925 
v 0.0028635 -0.0224181 0.00925 
v 0.00307407 -0.0222525 -0.00925 
v 0.00435135 -0.0204736 8.45598e-06 
v 0.00558125 -0.0209023 -0.00925 
v 0.00307407 -0.0222525 0.00925 
v 0.00558125 -0.0209023 0.00925 
v 0.0140741 -0.0222525 0.00925 
v 0.0127968 -0.0204736 -8.45598e-06 
v 0.0115669 -0.0209023 0.00925 
v 0.0140741 -0.0222525 -0.00925 
v 0.0115669 -0.0209023 -0.00925 
v 0.0028635 -0.0224181 -0.00925 
vn 0.618848 0.763414 -0.185 
vn 0.618848 0.763414 0.185 
vn 0.85716 0.480679 0.185 
vn 0.85716 0.480679 -0.185 
vn 0.974117 0.12989 0.185 
vn 0.974117 0.12989 -0.185 
vn 0.953161 -0.239289 0.185 
vn 0.953161 -0.239289 -0.185 
vn 0.797259 -0.574589 0.185 
vn 0.797259 -0.574589 -0.185 
vn 0.528483 -0.828541 0.185 
vn 0.528483 -0.828541 -0.185 
vn 0.184886 -0.96519 0.185 
vn 0.184886 -0.96519 -0.185 
vn -0.184886 -0.96519 0.185 
vn -0.184886 -0.96519 -0.185 
vn -0.528483 -0.828541 0.185 
vn -0.528483 -0.828541 -0.185 
vn -0.797259 -0.574589 0.185 
vn -0.797259 -0.574589 -0.185 
vn -0.953161 -0.239289 0.185 
vn -0.953161 -0.239289 -0.185 
vn -0.974117 0.12989 0.185 
vn -0.974117 0.12989 -0.185 
vn -0.85716 0.480679 0.185 
vn -0.85716 0.480679 -0.185 
vn -0.618848 0.763414 0.185 
vn -0.596028 0.781361 -0.185 
vn -0.425183 0.905107 0.00016912 
vn -0.324329 0.927678 -0.185 
vn -0.596028 0.781361 0.185 
vn -0.324329 0.927678 0.185 
vn 0.596028 0.781361 0.185 
vn 0.425183 0.905107 -0.00016912 
vn 0.324329 0.927678 0.185 
vn 0.596028 0.781361 -0.185 
vn 0.324329 0.927678 -0.185 
vn -0.618848 0.763414 -0.185 
f 1719//1719 1720//1720 1721//1721 
f 1722//1722 1721//1721 1723//1723 
f 1724//1724 1723//1723 1725//1725 
f 1726//1726 1725//1725 1727//1727 
f 1728//1728 1727//1727 1729//1729 
f 1730//1730 1729//1729 1731//1731 
f 1732//1732 1731//1731 1733//1733 
f 1734//1734 1733//1733 1735//1735 
f 1736//1736 1735//1735 1737//1737 
f 1738//1738 1737//1737 1739//1739 
f 1740//1740 1739//1739 1741//1741 
f 1742//1742 1741//1741 1743//1743 
f 1744//1744 1743//1743 1745//1745 
f 1746//1746 1745//1745 1747//1747 
f 1747//1747 1748//1748 1746//1746 
f 1747//1747 1745//1745 1749//1749 
f 1749//1749 1750//1750 1747//1747 
f 1751//1751 1719//1719 1752//1752 
f 1752//1752 1753//1753 1751//1751 
f 1752//1752 1719//1719 1754//1754 
f 1754//1754 1755//1755 1752//1752 
f 1751//1751 1720//1720 1719//1719 
f 1746//1746 1756//1756 1745//1745 
f 1745//1745 1756//1756 1744//1744 
f 1743//1743 1744//1744 1742//1742 
f 1741//1741 1742//1742 1740//1740 
f 1739//1739 1740//1740 1738//1738 
f 1737//1737 1738//1738 1736//1736 
f 1735//1735 1736//1736 1734//1734 
f 1733//1733 1734//1734 1732//1732 
f 1731//1731 1732//1732 1730//1730 
f 1729//1729 1730//1730 1728//1728 
f 1727//1727 1728//1728 1726//1726 
f 1725//1725 1726//1726 1724//1724 
f 1723//1723 1724//1724 1722//1722 
f 1721//1721 1722//1722 1719//1719 
usemtl 0.749020_0.749020_0.749020_0.000000_0.000000
o mesh225
v 0.00307407 -0.0209023 -0.00925 
v 0.00558125 -0.0209023 -0.00925 
v 0.00435135 -0.0204736 8.45598e-06 
v 0.00307407 -0.0209023 0.00925 
v 0.00558125 -0.0209023 0.00925 
vn 0 -0.995713 0.0925 
vn 0 -0.995713 0.0925 
vn 0 -1 -8.45598e-05 
vn 0 -0.995713 -0.0925 
vn 0 -0.995713 -0.0925 
f 1757//1757 1758//1758 1759//1759 
f 1759//1759 1760//1760 1757//1757 
f 1759//1759 1761//1761 1760//1760 
o mesh226
v 0.00307407 -0.0222525 -0.00925 
v 0.00558125 -0.0209023 -0.00925 
v 0.00307407 -0.0209023 -0.00925 
vn 0 0 1 
vn 0 0 1 
vn 0 0 1 
f 1762//1762 1763//1763 1764//1764 
o mesh227
v 0.00307407 -0.0222525 0.00925 
v 0.00307407 -0.0209023 0.00925 
v 0.00558125 -0.0209023 0.00925 
vn 0 0 -1 
vn 0 0 -1 
vn 0 0 -1 
f 1765//1765 1766//1766 1767//1767 
usemtl 0.250980_0.250980_0.250980_0.000000_0.000000
o mesh228
v 0.0142847 -0.0207566 0.0138148 
v 0.0142847 -0.00886504 0.0279867 
v 0.0164837 -0.0108637 0.0296637 
v 0.0164837 -0.0227552 0.0154919 
v 0.017563 -0.0133433 0.0317444 
v 0.017563 -0.0252349 0.0175726 
v 0.0173696 -0.015953 0.0339342 
v 0.0173696 -0.0278446 0.0197623 
v 0.015931 -0.0183232 0.035923 
v 0.015931 -0.0302148 0.0217512 
v 0.0134508 -0.0201184 0.0374293 
v 0.0134508 -0.0320099 0.0232575 
v 0.0102802 -0.0210843 0.0382398 
v 0.0102802 -0.0329759 0.024068 
v 0.00686799 -0.0210843 0.0382398 
v 0.00686799 -0.0329759 0.024068 
v 0.00369736 -0.0201184 0.0374293 
v 0.00369736 -0.0320099 0.0232575 
v 0.00121717 -0.0183232 0.035923 
v 0.00121717 -0.0302148 0.0217512 
v -0.000221455 -0.015953 0.0339342 
v -0.000221455 -0.0278446 0.0197623 
v -0.00041483 -0.0133433 0.0317444 
v -0.00041483 -0.0252349 0.0175726 
v 0.000664419 -0.0108637 0.0296637 
v 0.000664419 -0.0227552 0.0154919 
v 0.0028635 -0.00886504 0.0279867 
v 0.00307407 -0.0206297 0.0137084 
v 0.00435135 -0.0133159 0.0196572 
v 0.00558125 -0.0195955 0.0128405 
v 0.00307407 -0.00873817 0.0278802 
v 0.00558125 -0.00770388 0.0270123 
v 0.0140741 -0.00873817 0.0278802 
v 0.0127968 -0.0133266 0.0196444 
v 0.0115669 -0.00770388 0.0270123 
v 0.0140741 -0.0206297 0.0137084 
v 0.0115669 -0.0195955 0.0128405 
v 0.0028635 -0.0207566 0.0138148 
vn 0.618848 0.465894 -0.632432 
vn 0.618848 0.703725 -0.348995 
vn 0.85716 0.487137 -0.167256 
vn 0.85716 0.249305 -0.450692 
vn 0.974117 0.218417 0.0582268 
vn 0.974117 -0.0194145 -0.22521 
vn 0.953161 -0.0643902 0.29553 
vn 0.953161 -0.302222 0.0120937 
vn 0.797259 -0.321245 0.511057 
vn 0.797259 -0.559077 0.227621 
vn 0.528483 -0.515784 0.674294 
vn 0.528483 -0.753615 0.390858 
vn 0.184886 -0.620463 0.76213 
vn 0.184886 -0.858294 0.478694 
vn -0.184886 -0.620463 0.76213 
vn -0.184886 -0.858294 0.478694 
vn -0.528483 -0.515784 0.674294 
vn -0.528483 -0.753615 0.390858 
vn -0.797259 -0.321245 0.511057 
vn -0.797259 -0.559077 0.227621 
vn -0.953161 -0.0643902 0.29553 
vn -0.953161 -0.302222 0.0120937 
vn -0.974117 0.218417 0.0582268 
vn -0.974117 -0.0194145 -0.22521 
vn -0.85716 0.487137 -0.167256 
vn -0.85716 0.249305 -0.450692 
vn -0.618848 0.703725 -0.348995 
vn -0.596028 0.479642 -0.643967 
vn -0.425183 0.69346 -0.581664 
vn -0.324329 0.591727 -0.738018 
vn -0.596028 0.717473 -0.360531 
vn -0.324329 0.829558 -0.454582 
vn 0.596028 0.717473 -0.360531 
vn 0.425183 0.693245 -0.58192 
vn 0.324329 0.829558 -0.454582 
vn 0.596028 0.479642 -0.643967 
vn 0.324329 0.591727 -0.738018 
vn -0.618848 0.465894 -0.632432 
f 1768//1768 1769//1769 1770//1770 
f 1771//1771 1770//1770 1772//1772 
f 1773//1773 1772//1772 1774//1774 
f 1775//1775 1774//1774 1776//1776 
f 1777//1777 1776//1776 1778//1778 
f 1779//1779 1778//1778 1780//1780 
f 1781//1781 1780//1780 1782//1782 
f 1783//1783 1782//1782 1784//1784 
f 1785//1785 1784//1784 1786//1786 
f 1787//1787 1786//1786 1788//1788 
f 1789//1789 1788//1788 1790//1790 
f 1791//1791 1790//1790 1792//1792 
f 1793//1793 1792//1792 1794//1794 
f 1795//1795 1794//1794 1796//1796 
f 1796//1796 1797//1797 1795//1795 
f 1796//1796 1794//1794 1798//1798 
f 1798//1798 1799//1799 1796//1796 
f 1800//1800 1768//1768 1801//1801 
f 1801//1801 1802//1802 1800//1800 
f 1801//1801 1768//1768 1803//1803 
f 1803//1803 1804//1804 1801//1801 
f 1800//1800 1769//1769 1768//1768 
f 1795//1795 1805//1805 1794//1794 
f 1794//1794 1805//1805 1793//1793 
f 1792//1792 1793//1793 1791//1791 
f 1790//1790 1791//1791 1789//1789 
f 1788//1788 1789//1789 1787//1787 
f 1786//1786 1787//1787 1785//1785 
f 1784//1784 1785//1785 1783//1783 
f 1782//1782 1783//1783 1781//1781 
f 1780//1780 1781//1781 1779//1779 
f 1778//1778 1779//1779 1777//1777 
f 1776//1776 1777//1777 1775//1775 
f 1774//1774 1775//1775 1773//1773 
f 1772//1772 1773//1773 1771//1771 
f 1770//1770 1771//1771 1768//1768 
usemtl 0.749020_0.749020_0.749020_0.000000_0.000000
o mesh229
v 0.00307407 -0.0195955 0.0128405 
v 0.00558125 -0.0195955 0.0128405 
v 0.00435135 -0.0133159 0.0196572 
v 0.00307407 -0.00770388 0.0270123 
v 0.00558125 -0.00770388 0.0270123 
vn 0 -0.703302 0.710891 
vn 0 -0.703302 0.710891 
vn 0 -0.766098 0.642724 
vn 0 -0.822218 0.569173 
vn 0 -0.822218 0.569173 
f 1806//1806 1807//1807 1808//1808 
f 1808//1808 1809//1809 1806//1806 
f 1808//1808 1810//1810 1809//1809 
o mesh230
v 0.00307407 -0.0206297 0.0137084 
v 0.00558125 -0.0195955 0.0128405 
v 0.00307407 -0.0195955 0.0128405 
vn 0 0.642788 0.766044 
vn 0 0.642788 0.766044 
vn 0 0.642788 0.766044 
f 1811//1811 1812//1812 1813//1813 
o mesh231
v 0.00307407 -0.00873817 0.0278802 
v 0.00307407 -0.00770388 0.0270123 
v 0.00558125 -0.00770388 0.0270123 
vn 0 -0.642788 -0.766044 
vn 0 -0.642788 -0.766044 
vn 0 -0.642788 -0.766044 
f 1814//1814 1815//1815 1816//1816 
usemtl 0.250980_0.250980_0.250980_0.000000_0.000000
o mesh232
v 0.0142847 -0.00886504 -0.0279867 
v 0.0142847 -0.0207566 -0.0138148 
v 0.0164837 -0.0227552 -0.0154919 
v 0.0164837 -0.0108637 -0.0296637 
v 0.017563 -0.0252349 -0.0175726 
v 0.017563 -0.0133433 -0.0317444 
v 0.0173696 -0.0278446 -0.0197623 
v 0.0173696 -0.015953 -0.0339342 
v 0.015931 -0.0302148 -0.0217512 
v 0.015931 -0.0183232 -0.035923 
v 0.0134508 -0.0320099 -0.0232575 
v 0.0134508 -0.0201184 -0.0374293 
v 0.0102802 -0.0329759 -0.024068 
v 0.0102802 -0.0210843 -0.0382398 
v 0.00686799 -0.0329759 -0.024068 
v 0.00686799 -0.0210843 -0.0382398 
v 0.00369736 -0.0320099 -0.0232575 
v 0.00369736 -0.0201184 -0.0374293 
v 0.00121717 -0.0302148 -0.0217512 
v 0.00121717 -0.0183232 -0.035923 
v -0.000221455 -0.0278446 -0.0197623 
v -0.000221455 -0.015953 -0.0339342 
v -0.00041483 -0.0252349 -0.0175726 
v -0.00041483 -0.0133433 -0.0317444 
v 0.000664419 -0.0227552 -0.0154919 
v 0.000664419 -0.0108637 -0.0296637 
v 0.0028635 -0.0207566 -0.0138148 
v 0.0140741 -0.0206297 -0.0137084 
v 0.0127968 -0.0133159 -0.0196572 
v 0.0115669 -0.0195955 -0.0128405 
v 0.0140741 -0.00873817 -0.0278802 
v 0.0115669 -0.00770388 -0.0270123 
v 0.00307407 -0.00873817 -0.0278802 
v 0.00435135 -0.0133266 -0.0196444 
v 0.00558125 -0.00770388 -0.0270123 
v 0.00307407 -0.0206297 -0.0137084 
v 0.00558125 -0.0195955 -0.0128405 
v 0.0028635 -0.00886504 -0.0279867 
vn 0.618848 0.703725 0.348995 
vn 0.618848 0.465894 0.632432 
vn 0.85716 0.249305 0.450692 
vn 0.85716 0.487137 0.167256 
vn 0.974117 -0.0194145 0.22521 
vn 0.974117 0.218417 -0.0582268 
vn 0.953161 -0.302222 -0.0120937 
vn 0.953161 -0.0643902 -0.29553 
vn 0.797259 -0.559077 -0.227621 
vn 0.797259 -0.321245 -0.511057 
vn 0.528483 -0.753615 -0.390858 
vn 0.528483 -0.515784 -0.674294 
vn 0.184886 -0.858294 -0.478694 
vn 0.184886 -0.620463 -0.76213 
vn -0.184886 -0.858294 -0.478694 
vn -0.184886 -0.620463 -0.76213 
vn -0.528483 -0.753615 -0.390858 
vn -0.528483 -0.515784 -0.674294 
vn -0.797259 -0.559077 -0.227621 
vn -0.797259 -0.321245 -0.511057 
vn -0.953161 -0.302222 -0.0120937 
vn -0.953161 -0.0643902 -0.29553 
vn -0.974117 -0.0194145 0.22521 
vn -0.974117 0.218417 -0.0582268 
vn -0.85716 0.249305 0.450692 
vn -0.85716 0.487137 0.167256 
vn -0.618848 0.465894 0.632432 
vn 0.596028 0.479642 0.643967 
vn 0.425183 0.69346 0.581664 
vn 0.324329 0.591727 0.738018 
vn 0.596028 0.717473 0.360531 
vn 0.324329 0.829558 0.454582 
vn -0.596028 0.717473 0.360531 
vn -0.425183 0.693245 0.58192 
vn -0.324329 0.829558 0.454582 
vn -0.596028 0.479642 0.643967 
vn -0.324329 0.591727 0.738018 
vn -0.618848 0.703725 0.348995 
f 1817//1817 1818//1818 1819//1819 
f 1820//1820 1819//1819 1821//1821 
f 1822//1822 1821//1821 1823//1823 
f 1824//1824 1823//1823 1825//1825 
f 1826//1826 1825//1825 1827//1827 
f 1828//1828 1827//1827 1829//1829 
f 1830//1830 1829//1829 1831//1831 
f 1832//1832 1831//1831 1833//1833 
f 1834//1834 1833//1833 1835//1835 
f 1836//1836 1835//1835 1837//1837 
f 1838//1838 1837//1837 1839//1839 
f 1840//1840 1839//1839 1841//1841 
f 1842//1842 1841//1841 1843//1843 
f 1844//1844 1817//1817 1845//1845 
f 1845//1845 1846//1846 1844//1844 
f 1845//1845 1817//1817 1847//1847 
f 1847//1847 1848//1848 1845//1845 
f 1849//1849 1843//1843 1850//1850 
f 1850//1850 1851//1851 1849//1849 
f 1850//1850 1843//1843 1852//1852 
f 1852//1852 1853//1853 1850//1850 
f 1849//1849 1854//1854 1843//1843 
f 1844//1844 1818//1818 1817//1817 
f 1843//1843 1854//1854 1842//1842 
f 1841//1841 1842//1842 1840//1840 
f 1839//1839 1840//1840 1838//1838 
f 1837//1837 1838//1838 1836//1836 
f 1835//1835 1836//1836 1834//1834 
f 1833//1833 1834//1834 1832//1832 
f 1831//1831 1832//1832 1830//1830 
f 1829//1829 1830//1830 1828//1828 
f 1827//1827 1828//1828 1826//1826 
f 1825//1825 1826//1826 1824//1824 
f 1823//1823 1824//1824 1822//1822 
f 1821//1821 1822//1822 1820//1820 
f 1819//1819 1820//1820 1817//1817 
usemtl 0.749020_0.749020_0.749020_0.000000_0.000000
o mesh233
v 0.00307407 -0.00770388 -0.0270123 
v 0.00558125 -0.00770388 -0.0270123 
v 0.00435135 -0.0133266 -0.0196444 
v 0.00307407 -0.0195955 -0.0128405 
v 0.00558125 -0.0195955 -0.0128405 
vn 0 -0.822218 -0.569173 
vn 0 -0.822218 -0.569173 
vn 0 -0.765991 -0.642852 
vn 0 -0.703302 -0.710891 
vn 0 -0.703302 -0.710891 
f 1855//1855 1856//1856 1857//1857 
f 1857//1857 1858//1858 1855//1855 
f 1857//1857 1859//1859 1858//1858 
o mesh234
v 0.00307407 -0.00873817 -0.0278802 
v 0.00558125 -0.00770388 -0.0270123 
v 0.00307407 -0.00770388 -0.0270123 
vn 0 -0.642788 0.766044 
vn 0 -0.642788 0.766044 
vn 0 -0.642788 0.766044 
f 1860//1860 1861//1861 1862//1862 
o mesh235
v 0.00307407 -0.0206297 -0.0137084 
v 0.00307407 -0.0195955 -0.0128405 
v 0.00558125 -0.0195955 -0.0128405 
vn 0 0.642788 -0.766044 
vn 0 0.642788 -0.766044 
vn 0 0.642788 -0.766044 
f 1863//1863 1864//1864 1865//1865 
o mesh236
v 0.00307407 -0.0124335 -0.0172888 
v 0.00307407 -0.00770388 -0.0270123 
v 0.00307407 -0.0195955 -0.0128405 
v 0.00307407 -0.0288008 0.0205647 
v 0.00307407 -0.0206297 0.0137084 
v 0.00307407 -0.0222525 0.00925 
v 0.00307407 -0.0195955 0.0128405 
v 0.00307407 -0.0173346 -0.00735046 
v 0.00307407 -0.0209023 -0.00925 
v 0.00307407 -0.0209023 0.00925 
v 0.00307407 -0.0288008 -0.0205647 
v 0.00307407 -0.032919 -0.00925 
v 0.00307407 -0.0222525 -0.00925 
v 0.00307407 -0.0206297 -0.0137084 
v 0.00307407 -0.0144974 0.0142 
v 0.00307407 -0.00770388 0.0270123 
v 0.00307407 -0.00410229 -0.0245951 
v 0.00307407 -0.00648153 -0.0407569 
v 0.00307407 -0.0169092 -0.0347365 
v 0.00307407 -0.00873817 -0.0278802 
v 0.00307407 -0.00462931 -0.0302525 
v 0.00307407 0.00639077 -0.028157 
v 0.00307407 0.0138241 -0.0321353 
v 0.00307407 -0.00439485 -0.0289228 
v 0.00307407 -0.00648153 0.0407569 
v 0.00307407 -0.00462931 0.0302525 
v 0.00307407 -0.00873817 0.0278802 
v 0.00307407 -0.00439485 0.0289228 
v 0.00307407 0.0360645 0.0192948 
v 0.00307407 0.0336084 0.0222218 
v 0.00307407 0.03692 0.0202893 
v 0.00307407 0.0342835 0.0233911 
v 0.00307407 0.0367839 0.0212659 
v 0.00307407 -0.0180593 0.00370694 
v 0.00307407 0.017587 -0.0314718 
v 0.00307407 0.03753 0.00735046 
v 0.00307407 0.0396168 0.0326286 
v 0.00307407 0.0464528 0.0247852 
v 0.00307407 0.0135896 -0.0334649 
v 0.00307407 0.0117374 -0.0439694 
v 0.00307407 0.0182621 -0.0326411 
v 0.00307407 0.0336084 -0.0222218 
v 0.00307407 0.0273865 -0.0225312 
v 0.00307407 0.0346928 -0.0142 
v 0.00307407 0.0174482 -0.0274323 
v 0.00307407 0.0396168 -0.0326286 
v 0.00307407 0.0342835 -0.0233911 
v 0.00307407 0.0373332 -0.0197566 
v 0.00307407 0.0382547 -0.00370694 
v 0.00307407 0.0423919 -0.00191047 
v 0.00307407 0.0360645 -0.0192948 
v 0.00307407 0.0423919 0.00191047 
v 0.00307407 0.0536839 0.00602043 
v 0.00307407 0.0436606 -0.00237225 
v 0.00307407 0.0138047 0.028157 
v 0.00307407 0.0138241 0.0321353 
v 0.00307407 0.017587 0.0314718 
v 0.00307407 0.0326289 0.0172888 
v 0.00307407 0.0242977 0.0245951 
v 0.00307407 0.00274725 0.0274323 
v 0.00307407 -0.00719111 0.0225312 
v 0.00307407 -0.032919 0.00925 
v 0.00307407 0.0235953 -0.0418786 
v 0.00307407 0.0536839 -0.00602043 
v 0.00307407 0.0370106 0.0196391 
v 0.00307407 0.0117374 0.0439694 
v 0.00307407 0.0235953 0.0418786 
v 0.00307407 0.0182621 0.0326411 
v 0.00307407 0.0135896 0.0334649 
v 0.00307407 -0.0169092 0.0347365 
v 0.00307407 0.0473565 -0.0234047 
vn -1 0 0 
vn -1 0 0 
vn -1 0 0 
vn -1 0 0 
vn -1 0 0 
vn -1 0 0 
vn -1 0 0 
vn -1 0 0 
vn -1 0 0 
vn -1 0 0 
vn -1 0 0 
vn -1 0 0 
vn -1 0 0 
vn -1 0 0 
vn -1 0 0 
vn -1 0 0 
vn -1 0 0 
vn -1 0 0 
vn -1 0 0 
vn -1 0 0 
vn -1 0 0 
vn -1 0 0 
vn -1 0 0 
vn -1 0 0 
vn -1 0 0 
vn -1 0 0 
vn -1 0 0 
vn -1 0 0 
vn -1 0 0 
vn -1 0 0 
vn -1 0 0 
vn -1 0 0 
vn -1 0 0 
vn -1 0 0 
vn -1 0 0 
vn -1 0 0 
vn -1 0 0 
vn -1 0 0 
vn -1 0 0 
vn -1 0 0 
vn -1 0 0 
vn -1 0 0 
vn -1 0 0 
vn -1 0 0 
vn -1 0 0 
vn -1 0 0 
vn -1 0 0 
vn -1 0 0 
vn -1 0 0 
vn -1 0 0 
vn -1 0 0 
vn -1 0 0 
vn -1 0 0 
vn -1 0 0 
vn -1 0 0 
vn -1 0 0 
vn -1 0 0 
vn -1 0 0 
vn -1 0 0 
vn -1 0 0 
vn -1 0 0 
vn -1 0 0 
vn -1 0 0 
vn -1 0 0 
vn -1 0 0 
vn -1 0 0 
vn -1 0 0 
vn -1 0 0 
vn -1 0 0 
vn -1 0 0 
vn -1 0 0 
f 1866//1866 1867//1867 1868//1868 
f 1869//1869 1870//1870 1871//1871 
f 1871//1871 1870//1870 1872//1872 
f 1873//1873 1874//1874 1875//1875 
f 1876//1876 1877//1877 1878//1878 
f 1879//1879 1878//1878 1874//1874 
f 1868//1868 1874//1874 1866//1866 
f 1880//1880 1872//1872 1881//1881 
f 1872//1872 1875//1875 1871//1871 
f 1875//1875 1872//1872 1873//1873 
f 1874//1874 1868//1868 1879//1879 
f 1866//1866 1882//1882 1867//1867 
f 1883//1883 1884//1884 1885//1885 
f 1886//1886 1885//1885 1867//1867 
f 1887//1887 1888//1888 1889//1889 
f 1890//1890 1891//1891 1892//1892 
f 1891//1891 1893//1893 1881//1881 
f 1881//1881 1893//1893 1880//1880 
f 1873//1873 1866//1866 1874//1874 
f 1882//1882 1887//1887 1867//1867 
f 1867//1867 1889//1889 1886//1886 
f 1889//1889 1867//1867 1887//1887 
f 1894//1894 1895//1895 1896//1896 
f 1895//1895 1897//1897 1898//1898 
f 1881//1881 1892//1892 1891//1891 
f 1880//1880 1899//1899 1872//1872 
f 1878//1878 1879//1879 1876//1876 
f 1887//1887 1900//1900 1888//1888 
f 1901//1901 1895//1895 1894//1894 
f 1898//1898 1896//1896 1895//1895 
f 1902//1902 1903//1903 1898//1898 
f 1899//1899 1873//1873 1872//1872 
f 1885//1885 1886//1886 1883//1883 
f 1904//1904 1888//1888 1900//1900 
f 1905//1905 1904//1904 1906//1906 
f 1907//1907 1908//1908 1909//1909 
f 1900//1900 1910//1910 1908//1908 
f 1911//1911 1912//1912 1913//1913 
f 1913//1913 1912//1912 1907//1907 
f 1914//1914 1915//1915 1916//1916 
f 1917//1917 1918//1918 1919//1919 
f 1917//1917 1915//1915 1901//1901 
f 1898//1898 1897//1897 1902//1902 
f 1920//1920 1921//1921 1922//1922 
f 1895//1895 1923//1923 1924//1924 
f 1893//1893 1925//1925 1926//1926 
f 1921//1921 1920//1920 1925//1925 
f 1871//1871 1927//1927 1869//1869 
f 1906//1906 1928//1928 1905//1905 
f 1908//1908 1907//1907 1900//1900 
f 1907//1907 1916//1916 1913//1913 
f 1916//1916 1907//1907 1914//1914 
f 1918//1918 1929//1929 1919//1919 
f 1896//1896 1930//1930 1894//1894 
f 1924//1924 1922//1922 1895//1895 
f 1925//1925 1893//1893 1921//1921 
f 1900//1900 1906//1906 1904//1904 
f 1900//1900 1887//1887 1910//1910 
f 1914//1914 1901//1901 1915//1915 
f 1894//1894 1917//1917 1901//1901 
f 1895//1895 1901//1901 1923//1923 
f 1931//1931 1932//1932 1933//1933 
f 1934//1934 1933//1933 1922//1922 
f 1892//1892 1935//1935 1890//1890 
f 1913//1913 1936//1936 1911//1911 
f 1922//1922 1924//1924 1920//1920 
f 1922//1922 1921//1921 1934//1934 
f 1909//1909 1914//1914 1907//1907 
f 1933//1933 1934//1934 1931//1931 
f 1919//1919 1915//1915 1917//1917 
f 1926//1926 1880//1880 1893//1893 
o mesh237
v -0.00592593 0.0346928 -0.0142 
v 0.00307407 0.0346928 -0.0142 
v 0.00307407 0.0273865 -0.0225312 
v -0.00592593 0.0273865 -0.0225312 
v 0.00307407 0.0174482 -0.0274323 
v -0.00592593 0.0174482 -0.0274323 
v 0.00307407 0.00639077 -0.028157 
v -0.00592593 0.00639077 -0.028157 
v 0.00307407 -0.00410229 -0.0245951 
v -0.00592593 -0.00410229 -0.0245951 
v 0.00307407 -0.0124335 -0.0172888 
v -0.00592593 -0.0124335 -0.0172888 
v 0.00307407 -0.0173346 -0.00735046 
v -0.00592593 -0.0173346 -0.00735046 
v 0.00307407 -0.0180593 0.00370694 
v -0.00592593 -0.0180593 0.00370694 
v 0.00307407 -0.0144974 0.0142 
v -0.00592593 -0.0144974 0.0142 
v 0.00307407 -0.00719111 0.0225312 
v -0.00592593 -0.00719111 0.0225312 
v 0.00307407 0.00274725 0.0274323 
v 0.00307407 0.0138047 0.028157 
v -0.00592593 0.0100977 0.0284 
v -0.00592593 0.0138047 0.028157 
v 0.00307407 0.0242977 0.0245951 
v -0.00592593 0.0242977 0.0245951 
v 0.00307407 0.0326289 0.0172888 
v -0.00592593 0.0326289 0.0172888 
v 0.00307407 0.03753 0.00735046 
v -0.00592593 0.03753 0.00735046 
v 0.00307407 0.0382547 -0.00370694 
v -0.00592593 0.0382547 -0.00370694 
v -0.00592593 0.00274725 0.0274323 
vn 0 0.866025 -0.5 
vn 0 0.866025 -0.5 
vn 0 0.608761 -0.793353 
vn 0 0.608761 -0.793353 
vn 0 0.258819 -0.965926 
vn 0 0.258819 -0.965926 
vn 0 -0.130526 -0.991445 
vn 0 -0.130526 -0.991445 
vn 0 -0.5 -0.866025 
vn 0 -0.5 -0.866025 
vn 0 -0.793353 -0.608761 
vn 0 -0.793353 -0.608761 
vn 0 -0.965926 -0.258819 
vn 0 -0.965926 -0.258819 
vn 0 -0.991445 0.130526 
vn 0 -0.991445 0.130526 
vn 0 -0.866025 0.5 
vn 0 -0.866025 0.5 
vn 0 -0.608761 0.793353 
vn 0 -0.608761 0.793353 
vn 0 -0.258819 0.965926 
vn 0 0.130526 0.991445 
vn 0 3.05409e-16 1 
vn 0 0.130526 0.991445 
vn 0 0.5 0.866025 
vn 0 0.5 0.866025 
vn 0 0.793353 0.608761 
vn 0 0.793353 0.608761 
vn 0 0.965926 0.258819 
vn 0 0.965926 0.258819 
vn 0 0.991445 -0.130526 
vn 0 0.991445 -0.130526 
vn 0 -0.258819 0.965926 
f 1937//1937 1938//1938 1939//1939 
f 1940//1940 1939//1939 1941//1941 
f 1942//1942 1941//1941 1943//1943 
f 1944//1944 1943//1943 1945//1945 
f 1946//1946 1945//1945 1947//1947 
f 1948//1948 1947//1947 1949//1949 
f 1950//1950 1949//1949 1951//1951 
f 1952//1952 1951//1951 1953//1953 
f 1954//1954 1953//1953 1955//1955 
f 1956//1956 1955//1955 1957//1957 
f 1957//1957 1958//1958 1959//1959 
f 1958//1958 1960//1960 1959//1959 
f 1960//1960 1958//1958 1961//1961 
f 1962//1962 1961//1961 1963//1963 
f 1964//1964 1963//1963 1965//1965 
f 1966//1966 1965//1965 1967//1967 
f 1968//1968 1967//1967 1938//1938 
f 1938//1938 1937//1937 1968//1968 
f 1967//1967 1968//1968 1966//1966 
f 1965//1965 1966//1966 1964//1964 
f 1963//1963 1964//1964 1962//1962 
f 1961//1961 1962//1962 1960//1960 
f 1959//1959 1969//1969 1957//1957 
f 1957//1957 1969//1969 1956//1956 
f 1955//1955 1956//1956 1954//1954 
f 1953//1953 1954//1954 1952//1952 
f 1951//1951 1952//1952 1950//1950 
f 1949//1949 1950//1950 1948//1948 
f 1947//1947 1948//1948 1946//1946 
f 1945//1945 1946//1946 1944//1944 
f 1943//1943 1944//1944 1942//1942 
f 1941//1941 1942//1942 1940//1940 
f 1939//1939 1940//1940 1937//1937 
o mesh238
v 0.0140741 0.0265785 0.0170197 
v 0.0140741 0.0224285 0.00983164 
v 0.0140741 0.0256858 0.0117481 
v 0.0140741 0.0263361 0.00847868 
v 0.0140741 0.0256858 0.00945195 
v 0.0140741 0.0297498 0.0056047 
v 0.0140741 0.0273094 0.00782836 
v 0.0140741 0.0338998 0.0127927 
v 0.0140741 0.0312291 0.00945195 
v 0.0140741 0.0296055 0.0133716 
v 0.0140741 0.0254574 0.0106 
v 0.0140741 0.0305788 0.00847868 
v 0.0140741 0.0312291 0.0117481 
v 0.0140741 0.0314574 0.0106 
v 0.0140741 0.0305788 0.0127213 
v 0.0140741 0.0273094 0.0133716 
v 0.0140741 0.0284574 0.0136 
v 0.0140741 0.0296055 0.00782836 
v 0.0140741 0.0263361 0.0127213 
v 0.0140741 0.0284574 0.0076 
v 0.0140741 0.00963649 0.0268012 
v 0.0140741 0.00548649 0.0196131 
v 0.0140741 0.00732607 0.0223481 
v 0.0140741 0.00797639 0.0233213 
v 0.0140741 0.0124467 0.0155946 
v 0.0140741 0.0165967 0.0227826 
v 0.0140741 0.0128693 0.0200519 
v 0.0140741 0.00709771 0.0212 
v 0.0140741 0.00894966 0.0184284 
v 0.0140741 0.012219 0.0190787 
v 0.0140741 0.00732607 0.0200519 
v 0.0140741 0.00797639 0.0190787 
v 0.0140741 0.0112458 0.0184284 
v 0.0140741 0.0128693 0.0223481 
v 0.0140741 0.0130977 0.0212 
v 0.0140741 0.0112458 0.0239716 
v 0.0140741 0.012219 0.0233213 
v 0.0140741 0.00894966 0.0239716 
v 0.0140741 0.0100977 0.0242 
v 0.0140741 0.0100977 0.0182 
v 0.0140741 0.0312977 0.00392598 
v 0.0140741 0.0346977 0.00196299 
v 0.0140741 0.0278977 0.00196299 
v 0.0140741 0.0249599 -0.00269171 
v 0.0140741 0.0278977 -0.00196299 
v 0.0140741 0.0327766 -0.0072047 
v 0.0140741 0.0375666 0.00109171 
v 0.0140741 0.0346977 -0.00196299 
v 0.0140741 0.0312977 -0.00392598 
v 0.0140741 0.0198599 -0.0115252 
v 0.0140741 0.01507 -0.0198216 
v 0.0140741 0.0172977 -0.0163967 
v 0.0140741 0.0172977 -0.0203227 
v 0.0140741 0.0228867 -0.0243346 
v 0.0140741 0.0206977 -0.0222857 
v 0.0140741 0.0276766 -0.0160382 
v 0.0140741 0.0240977 -0.0163967 
v 0.0140741 0.0240977 -0.0203227 
v 0.0140741 0.0206977 -0.0144338 
v 0.0140741 0.01092 -0.0270096 
v 0.0140741 0.0128693 -0.0223481 
v 0.0140741 0.00774867 -0.0155946 
v 0.0140741 0.00359867 -0.0227826 
v 0.0140741 0.00732607 -0.0200519 
v 0.0140741 0.00732607 -0.0223481 
v 0.0140741 0.00709771 -0.0212 
v 0.0140741 0.012219 -0.0233213 
v 0.0140741 0.012219 -0.0190787 
v 0.0140741 0.0128693 -0.0200519 
v 0.0140741 0.0112458 -0.0239716 
v 0.0140741 0.0130977 -0.0212 
v 0.0140741 0.0112458 -0.0184284 
v 0.0140741 0.00797639 -0.0190787 
v 0.0140741 0.00894966 -0.0184284 
v 0.0140741 0.00797639 -0.0233213 
v 0.0140741 0.00894966 -0.0239716 
v 0.0140741 0.0100977 -0.0182 
v 0.0140741 0.0100977 -0.0242 
v 0.0140741 -0.00919337 -0.00581314 
v 0.0140741 -0.0133434 -0.0130012 
v 0.0140741 -0.0110337 -0.00945195 
v 0.0140741 -0.011262 -0.0106 
v 0.0140741 -0.00638312 -0.0170197 
v 0.0140741 -0.00614071 -0.0127213 
v 0.0140741 -0.00711398 -0.0133716 
v 0.0140741 -0.00223312 -0.00983164 
v 0.0140741 -0.00549039 -0.0117481 
v 0.0140741 -0.00614071 -0.00847868 
v 0.0140741 -0.00549039 -0.00945195 
v 0.0140741 -0.0110337 -0.0117481 
v 0.0140741 -0.00526203 -0.0106 
v 0.0140741 -0.00711398 -0.00782836 
v 0.0140741 -0.0103833 -0.00847868 
v 0.0140741 -0.00941008 -0.00782836 
v 0.0140741 -0.0103833 -0.0127213 
v 0.0140741 -0.00941008 -0.0133716 
v 0.0140741 -0.00826203 -0.0076 
v 0.0140741 -0.00826203 -0.0136 
v 0.0140741 0.00069656 0.0113167 
v 0.0140741 -0.00109386 0.00821562 
v 0.0140741 0.000198216 0.00989949 
v 0.0140741 0.0100977 0.014 
v 0.0140741 0.00474014 0.0129343 
v 0.0140741 0.00156708 0.0108141 
v 0.0140741 0.0154553 0.0129343 
v 0.0140741 0.0113789 0.0137451 
v 0.0140741 0.0199972 0.00989949 
v 0.0140741 0.0213225 0.00791599 
v 0.0140741 0.023032 0.00535757 
v 0.0140741 0.0240977 2.48046e-17 
v 0.0140741 0.023032 -0.00535757 
v 0.0140741 0.0237063 -0.00196793 
v 0.0140741 0.0199972 -0.00989949 
v 0.0140741 0.0100977 -0.014 
v 0.0140741 0.0154553 -0.0129343 
v 0.0140741 0.0186283 -0.0108141 
v 0.0140741 0.00474014 -0.0129343 
v 0.0140741 0.00881648 -0.0137451 
v 0.0140741 0.000198216 -0.00989949 
v 0.0140741 -0.00112712 -0.00791599 
v 0.0140741 -0.0028366 -0.00535757 
v 0.0140741 -0.00440344 0.00248327 
v 0.0140741 -0.00390229 -1.12649e-17 
v 0.0140741 -0.00148312 0.0125752 
v 0.0140741 -0.00202664 0.007 
v 0.0140741 -0.00658312 0.00374171 
v 0.0140741 -0.0028366 0.00535757 
v 0.0140741 -0.0028853 0.00511277 
v 0.0140741 -0.0125812 0.0072047 
v 0.0140741 -0.0111023 0.00392598 
v 0.0140741 -0.0173711 -0.00109171 
v 0.0140741 -0.0145023 0.00196299 
v 0.0140741 -0.0113731 -0.0045547 
v 0.0140741 -0.0111023 -0.00392598 
v 0.0140741 -0.0145023 -0.00196299 
v 0.0140741 -0.00770229 0.00196299 
v 0.0140741 -0.010964 -0.00384611 
v 0.0140741 -0.00770229 0.00180325 
v 0.0140741 -0.00770229 -0.00196299 
v 0.0140741 0.0172977 0.0163967 
v 0.0140741 0.0172977 0.0203227 
v 0.0140741 0.0206977 0.0144338 
v 0.0140741 0.0240977 0.0163967 
v 0.0140741 0.0240977 0.018452 
v 0.0140741 0.0256858 -0.00945195 
v 0.0140741 0.0263361 -0.00847868 
v 0.0140741 0.0273094 -0.00782836 
v 0.0140741 0.0254574 -0.0106 
v 0.0140741 0.0273094 -0.0133716 
v 0.0140741 0.0263361 -0.0127213 
v 0.0140741 0.0256858 -0.0117481 
v 0.0140741 0.0284574 -0.0076 
v 0.0140741 0.0296055 -0.00782836 
v 0.0140741 0.0305788 -0.00847868 
v 0.0140741 0.0312291 -0.00945195 
v 0.0140741 0.0284574 -0.0136 
v 0.0140741 0.0291656 -0.0134591 
v 0.0140741 -0.00941008 0.00782836 
v 0.0140741 -0.0103833 0.00847868 
v 0.0140741 -0.00826203 0.0076 
v 0.0140741 -0.00614071 0.00847868 
v 0.0140741 -0.00711398 0.00782836 
v 0.0140741 -0.00549039 0.00945195 
v 0.0140741 -0.00614071 0.0127213 
v 0.0140741 -0.00549039 0.0117481 
v 0.0140741 -0.00526203 0.0106 
v 0.0140741 -0.0110337 0.00945195 
v 0.0140741 -0.0074812 0.0160382 
v 0.0140741 -0.00711398 0.0133716 
v 0.0140741 -0.0089702 0.0134591 
v 0.0140741 -0.00826203 0.0136 
v 0.0140741 0.00289771 0.0163967 
v 0.0140741 -0.000363952 0.0145136 
v 0.0140741 0.00330681 0.0208716 
v 0.0140741 0.00289771 0.020163 
v 0.0140741 -0.00269126 0.0243346 
v 0.0140741 -0.000502289 0.0222857 
v 0.0140741 -0.00390229 0.0163967 
v 0.0140741 -0.00390229 0.0203227 
v 0.0140741 -0.000502289 0.0144338 
v 0.0140741 0.00289771 0.0203227 
v 0.0140741 0.00289771 -0.0163967 
v 0.0140741 0.00289771 -0.0203227 
v 0.0140741 -0.000502289 -0.0144338 
v 0.0140741 -0.00390229 -0.0163967 
v 0.0140741 -0.00390229 -0.018452 
v 0.0140741 -0.0180593 0.00370694 
v 0.0140741 -0.0177595 -0.000867485 
v 0.0140741 -0.0161689 0.00927604 
v 0.0140741 -0.0177067 -0.00167294 
v 0.0140741 -0.0173346 -0.00735046 
v 0.0140741 -0.0153319 -0.0114116 
v 0.0140741 -0.0150275 -0.0120288 
v 0.0140741 -0.013993 -0.0141264 
v 0.0140741 -0.0124335 -0.0172888 
v 0.0140741 -0.00410229 -0.0245951 
v 0.0140741 0.00146177 -0.0264839 
v 0.0140741 -0.000502289 -0.0222857 
v 0.0140741 -0.00390229 -0.0203227 
v 0.0140741 -0.00852002 -0.0207209 
v 0.0140741 0.00111784 -0.0213503 
v 0.0140741 0.00639077 -0.028157 
v 0.0140741 0.0104096 -0.0278936 
v 0.0140741 0.0174482 -0.0274323 
v 0.0140741 0.0225511 -0.0249158 
v 0.0140741 0.012243 -0.0277735 
v 0.0140741 0.0232751 -0.0245588 
v 0.0140741 0.0273865 -0.0225312 
v 0.0140741 0.0312643 -0.0181095 
v 0.0140741 0.0296055 -0.0133716 
v 0.0140741 0.0346928 -0.0142 
v 0.0140741 0.0305788 -0.0127213 
v 0.0140741 0.0363643 -0.00927604 
v 0.0140741 0.0314574 -0.0106 
v 0.0140741 0.0312291 -0.0117481 
v 0.0140741 0.0312932 -0.00977411 
v 0.0140741 0.0382547 -0.00370694 
v 0.0140741 0.0379549 0.000867485 
v 0.0140741 0.03753 0.00735046 
v 0.0140741 0.0352229 0.0120288 
v 0.0140741 0.0379021 0.00167294 
v 0.0140741 0.0344102 0.0136768 
v 0.0140741 0.0326289 0.0172888 
v 0.0140741 0.0242977 0.0245951 
v 0.0140741 0.0206977 0.0222857 
v 0.0140741 0.0240977 0.0203227 
v 0.0140741 0.0287154 0.0207209 
v 0.0140741 0.0187336 0.0264839 
v 0.0140741 0.0190776 0.0213503 
v 0.0140741 0.0138047 0.028157 
v 0.0140741 0.0102862 0.0279264 
v 0.0140741 0.00795241 0.0277735 
v 0.0140741 0.00726563 0.0277284 
v 0.0140741 0.00274725 0.0274323 
v 0.0140741 -0.00235569 0.0249158 
v 0.0140741 -0.00307963 0.0245588 
v 0.0140741 -0.00719111 0.0225312 
v 0.0140741 -0.0110689 0.0181095 
v 0.0140741 -0.0144974 0.0142 
v 0.0140741 -0.0103833 0.0127213 
v 0.0140741 -0.011262 0.0106 
v 0.0140741 -0.0110977 0.00977411 
v 0.0140741 -0.0110337 0.0117481 
v 0.0140741 -0.00941008 0.0133716 
v 0.0140741 -0.00351084 0.00196793 
vn 1 0 0 
vn 1 0 0 
vn 1 0 0 
vn 1 0 0 
vn 1 0 0 
vn 1 0 0 
vn 1 0 0 
vn 1 0 0 
vn 1 0 0 
vn 1 0 0 
vn 1 0 0 
vn 1 0 0 
vn 1 0 0 
vn 1 0 0 
vn 1 0 0 
vn 1 0 0 
vn 1 0 0 
vn 1 0 0 
vn 1 0 0 
vn 1 0 0 
vn 1 0 0 
vn 1 0 0 
vn 1 0 0 
vn 1 0 0 
vn 1 0 0 
vn 1 0 0 
vn 1 0 0 
vn 1 0 0 
vn 1 0 0 
vn 1 0 0 
vn 1 0 0 
vn 1 0 0 
vn 1 0 0 
vn 1 0 0 
vn 1 0 0 
vn 1 0 0 
vn 1 0 0 
vn 1 0 0 
vn 1 0 0 
vn 1 0 0 
vn 1 0 0 
vn 1 0 0 
vn 1 0 0 
vn 1 0 0 
vn 1 0 0 
vn 1 0 0 
vn 1 0 0 
vn 1 0 0 
vn 1 0 0 
vn 1 0 0 
vn 1 0 0 
vn 1 0 0 
vn 1 0 0 
vn 1 0 0 
vn 1 0 0 
vn 1 0 0 
vn 1 0 0 
vn 1 0 0 
vn 1 0 0 
vn 1 0 0 
vn 1 0 0 
vn 1 0 0 
vn 1 0 0 
vn 1 0 0 
vn 1 0 0 
vn 1 0 0 
vn 1 0 0 
vn 1 0 0 
vn 1 0 0 
vn 1 0 0 
vn 1 0 0 
vn 1 0 0 
vn 1 0 0 
vn 1 0 0 
vn 1 0 0 
vn 1 0 0 
vn 1 0 0 
vn 1 0 0 
vn 1 0 0 
vn 1 0 0 
vn 1 0 0 
vn 1 0 0 
vn 1 0 0 
vn 1 0 0 
vn 1 0 0 
vn 1 0 0 
vn 1 0 0 
vn 1 0 0 
vn 1 0 0 
vn 1 0 0 
vn 1 0 0 
vn 1 0 0 
vn 1 0 0 
vn 1 0 0 
vn 1 0 0 
vn 1 0 0 
vn 1 0 0 
vn 1 0 0 
vn 1 0 0 
vn 1 0 0 
vn 1 0 0 
vn 1 0 0 
vn 1 0 0 
vn 1 0 0 
vn 1 0 0 
vn 1 0 0 
vn 1 0 0 
vn 1 0 0 
vn 1 0 0 
vn 1 0 0 
vn 1 0 0 
vn 1 0 0 
vn 1 0 0 
vn 1 0 0 
vn 1 0 0 
vn 1 0 0 
vn 1 0 0 
vn 1 0 0 
vn 1 0 0 
vn 1 0 0 
vn 1 0 0 
vn 1 0 0 
vn 1 0 0 
vn 1 0 0 
vn 1 0 0 
vn 1 0 0 
vn 1 0 0 
vn 1 0 0 
vn 1 0 0 
vn 1 0 0 
vn 1 0 0 
vn 1 0 0 
vn 1 0 0 
vn 1 0 0 
vn 1 0 0 
vn 1 0 0 
vn 1 0 0 
vn 1 0 0 
vn 1 0 0 
vn 1 0 0 
vn 1 0 0 
vn 1 0 0 
vn 1 0 0 
vn 1 0 0 
vn 1 0 0 
vn 1 0 0 
vn 1 0 0 
vn 1 0 0 
vn 1 0 0 
vn 1 0 0 
vn 1 0 0 
vn 1 0 0 
vn 1 0 0 
vn 1 0 0 
vn 1 0 0 
vn 1 0 0 
vn 1 0 0 
vn 1 0 0 
vn 1 0 0 
vn 1 0 0 
vn 1 0 0 
vn 1 0 0 
vn 1 0 0 
vn 1 0 0 
vn 1 0 0 
vn 1 0 0 
vn 1 0 0 
vn 1 0 0 
vn 1 0 0 
vn 1 0 0 
vn 1 0 0 
vn 1 0 0 
vn 1 0 0 
vn 1 0 0 
vn 1 0 0 
vn 1 0 0 
vn 1 0 0 
vn 1 0 0 
vn 1 0 0 
vn 1 0 0 
vn 1 0 0 
vn 1 0 0 
vn 1 0 0 
vn 1 0 0 
vn 1 0 0 
vn 1 0 0 
vn 1 0 0 
vn 1 0 0 
vn 1 0 0 
vn 1 0 0 
vn 1 0 0 
vn 1 0 0 
vn 1 0 0 
vn 1 0 0 
vn 1 0 0 
vn 1 0 0 
vn 1 0 0 
vn 1 0 0 
vn 1 0 0 
vn 1 0 0 
vn 1 0 0 
vn 1 0 0 
vn 1 0 0 
vn 1 0 0 
vn 1 0 0 
vn 1 0 0 
vn 1 0 0 
vn 1 0 0 
vn 1 0 0 
vn 1 0 0 
vn 1 0 0 
vn 1 0 0 
vn 1 0 0 
vn 1 0 0 
vn 1 0 0 
vn 1 0 0 
vn 1 0 0 
vn 1 0 0 
vn 1 0 0 
vn 1 0 0 
vn 1 0 0 
vn 1 0 0 
vn 1 0 0 
vn 1 0 0 
vn 1 0 0 
vn 1 0 0 
vn 1 0 0 
vn 1 0 0 
vn 1 0 0 
vn 1 0 0 
vn 1 0 0 
vn 1 0 0 
vn 1 0 0 
vn 1 0 0 
vn 1 0 0 
vn 1 0 0 
vn 1 0 0 
vn 1 0 0 
vn 1 0 0 
vn 1 0 0 
vn 1 0 0 
vn 1 0 0 
vn 1 0 0 
vn 1 0 0 
vn 1 0 0 
f 1970//1970 1971//1971 1972//1972 
f 1971//1971 1973//1973 1974//1974 
f 1971//1971 1975//1975 1976//1976 
f 1975//1975 1977//1977 1978//1978 
f 1977//1977 1970//1970 1979//1979 
f 1971//1971 1980//1980 1972//1972 
f 1976//1976 1973//1973 1971//1971 
f 1978//1978 1981//1981 1975//1975 
f 1977//1977 1982//1982 1983//1983 
f 1979//1979 1984//1984 1977//1977 
f 1970//1970 1985//1985 1986//1986 
f 1974//1974 1980//1980 1971//1971 
f 1981//1981 1987//1987 1975//1975 
f 1984//1984 1982//1982 1977//1977 
f 1970//1970 1988//1988 1985//1985 
f 1975//1975 1989//1989 1976//1976 
f 1983//1983 1978//1978 1977//1977 
f 1972//1972 1988//1988 1970//1970 
f 1986//1986 1979//1979 1970//1970 
f 1990//1990 1991//1991 1992//1992 
f 1992//1992 1993//1993 1990//1990 
f 1994//1994 1995//1995 1996//1996 
f 1991//1991 1997//1997 1992//1992 
f 1991//1991 1994//1994 1998//1998 
f 1996//1996 1999//1999 1994//1994 
f 1991//1991 2000//2000 1997//1997 
f 1998//1998 2001//2001 1991//1991 
f 1999//1999 2002//2002 1994//1994 
f 1995//1995 2003//2003 2004//2004 
f 1995//1995 1990//1990 2005//2005 
f 2001//2001 2000//2000 1991//1991 
f 2004//2004 1996//1996 1995//1995 
f 2005//2005 2006//2006 1995//1995 
f 1990//1990 2007//2007 2008//2008 
f 1994//1994 2009//2009 1998//1998 
f 2006//2006 2003//2003 1995//1995 
f 1993//1993 2007//2007 1990//1990 
f 2008//2008 2005//2005 1990//1990 
f 1975//1975 2010//2010 2011//2011 
f 1975//1975 2012//2012 2010//2010 
f 2013//2013 2014//2014 2012//2012 
f 2015//2015 2016//2016 2017//2017 
f 2012//2012 1975//1975 2013//2013 
f 2013//2013 2015//2015 2018//2018 
f 2016//2016 2011//2011 2017//2017 
f 2018//2018 2014//2014 2013//2013 
f 2011//2011 2016//2016 1975//1975 
f 2019//2019 2020//2020 2021//2021 
f 2020//2020 2022//2022 2021//2021 
f 2020//2020 2023//2023 2024//2024 
f 2025//2025 2026//2026 2027//2027 
f 2019//2019 2028//2028 2026//2026 
f 2024//2024 2022//2022 2020//2020 
f 2027//2027 2023//2023 2025//2025 
f 2021//2021 2028//2028 2019//2019 
f 2026//2026 2025//2025 2019//2019 
f 2029//2029 2020//2020 2030//2030 
f 2031//2031 2032//2032 2033//2033 
f 2032//2032 2034//2034 2035//2035 
f 2030//2030 2036//2036 2029//2029 
f 2020//2020 2037//2037 2038//2038 
f 2035//2035 2033//2033 2032//2032 
f 2036//2036 2039//2039 2029//2029 
f 2038//2038 2040//2040 2020//2020 
f 2020//2020 2031//2031 2041//2041 
f 2031//2031 2042//2042 2043//2043 
f 2032//2032 2044//2044 2034//2034 
f 2032//2032 2029//2029 2045//2045 
f 2040//2040 2030//2030 2020//2020 
f 2031//2031 2046//2046 2041//2041 
f 2033//2033 2042//2042 2031//2031 
f 2029//2029 2047//2047 2045//2045 
f 2041//2041 2037//2037 2020//2020 
f 2045//2045 2044//2044 2032//2032 
f 2043//2043 2046//2046 2031//2031 
f 2048//2048 2049//2049 2050//2050 
f 2049//2049 2051//2051 2050//2050 
f 2052//2052 2053//2053 2054//2054 
f 2052//2052 2055//2055 2056//2056 
f 2055//2055 2057//2057 2058//2058 
f 2049//2049 2059//2059 2051//2051 
f 2056//2056 2053//2053 2052//2052 
f 2058//2058 2060//2060 2055//2055 
f 2055//2055 2048//2048 2061//2061 
f 2048//2048 2062//2062 2063//2063 
f 2049//2049 2064//2064 2059//2059 
f 2049//2049 2052//2052 2065//2065 
f 2060//2060 2056//2056 2055//2055 
f 2048//2048 2066//2066 2061//2061 
f 2050//2050 2062//2062 2048//2048 
f 2052//2052 2067//2067 2065//2065 
f 2061//2061 2057//2057 2055//2055 
f 2065//2065 2064//2064 2049//2049 
f 2063//2063 2066//2066 2048//2048 
f 2068//2068 2069//2069 2070//2070 
f 1994//1994 1991//1991 2071//2071 
f 1991//1991 2072//2072 2071//2071 
f 2068//2068 2073//2073 2072//2072 
f 2072//2072 1991//1991 2068//2068 
f 1971//1971 1994//1994 2074//2074 
f 1994//1994 2075//2075 2074//2074 
f 2074//2074 2076//2076 1971//1971 
f 1971//1971 2077//2077 2078//2078 
f 2013//2013 1975//1975 2079//2079 
f 2078//2078 1975//1975 1971//1971 
f 2078//2078 2079//2079 1975//1975 
f 2019//2019 2013//2013 2080//2080 
f 2013//2013 2081//2081 2080//2080 
f 2080//2080 2082//2082 2019//2019 
f 2031//2031 2020//2020 2083//2083 
f 2020//2020 2084//2084 2083//2083 
f 2019//2019 2085//2085 2084//2084 
f 2084//2084 2020//2020 2019//2019 
f 2055//2055 2031//2031 2086//2086 
f 2031//2031 2087//2087 2086//2086 
f 2086//2086 2088//2088 2055//2055 
f 2055//2055 2089//2089 2090//2090 
f 2091//2091 2048//2048 2092//2092 
f 2090//2090 2048//2048 2055//2055 
f 2090//2090 2092//2092 2048//2048 
f 2093//2093 2094//2094 2069//2069 
f 2095//2095 2096//2096 2094//2094 
f 2094//2094 2093//2093 2095//2095 
f 2095//2095 2091//2091 2097//2097 
f 2097//2097 2096//2096 2095//2095 
f 2095//2095 2098//2098 2099//2099 
f 2098//2098 2100//2100 2101//2101 
f 2102//2102 2103//2103 2104//2104 
f 2101//2101 2099//2099 2098//2098 
f 2104//2104 2100//2100 2102//2102 
f 2099//2099 2105//2105 2095//2095 
f 2102//2102 2106//2106 2103//2103 
f 2104//2104 2101//2101 2100//2100 
f 2091//2091 2095//2095 2107//2107 
f 2048//2048 2108//2108 2106//2106 
f 2107//2107 2108//2108 2091//2091 
f 2108//2108 2048//2048 2091//2091 
f 1994//1994 2109//2109 2110//2110 
f 1994//1994 1971//1971 2111//2111 
f 2111//2111 2109//2109 1994//1994 
f 1971//1971 1970//1970 2112//2112 
f 2110//2110 1995//1995 1994//1994 
f 1970//1970 2113//2113 2112//2112 
f 2112//2112 2111//2111 1971//1971 
f 2013//2013 2019//2019 2114//2114 
f 2013//2013 2115//2115 2116//2116 
f 2019//2019 2117//2117 2114//2114 
f 2114//2114 2115//2115 2013//2013 
f 2025//2025 2118//2118 2119//2119 
f 2019//2019 2120//2120 2117//2117 
f 2119//2119 2019//2019 2025//2025 
f 2013//2013 2121//2121 2122//2122 
f 2119//2119 2120//2120 2019//2019 
f 2015//2015 2123//2123 2124//2124 
f 2122//2122 2015//2015 2013//2013 
f 2025//2025 2125//2125 2118//2118 
f 2122//2122 2123//2123 2015//2015 
f 2025//2025 2126//2126 2125//2125 
f 2116//2116 2121//2121 2013//2013 
f 2098//2098 2127//2127 2128//2128 
f 2095//2095 2129//2129 2127//2127 
f 2095//2095 2130//2130 2131//2131 
f 2095//2095 2093//2093 2132//2132 
f 2093//2093 2133//2133 2134//2134 
f 2127//2127 2098//2098 2095//2095 
f 2132//2132 2130//2130 2095//2095 
f 2134//2134 2135//2135 2093//2093 
f 2128//2128 2136//2136 2098//2098 
f 2135//2135 2132//2132 2093//2093 
f 2137//2137 2138//2138 2133//2133 
f 2137//2137 2139//2139 2140//2140 
f 2131//2131 2129//2129 2095//2095 
f 2140//2140 2138//2138 2137//2137 
f 2133//2133 2093//2093 2137//2137 
f 2068//2068 2141//2141 2142//2142 
f 2068//2068 1991//1991 2141//2141 
f 1991//1991 2143//2143 2144//2144 
f 2144//2144 2141//2141 1991//1991 
f 2143//2143 2145//2145 2146//2146 
f 2137//2137 2147//2147 2148//2148 
f 2093//2093 2149//2149 2147//2147 
f 2145//2145 2148//2148 2146//2146 
f 2147//2147 2137//2137 2093//2093 
f 2146//2146 2150//2150 2143//2143 
f 2093//2093 2142//2142 2149//2149 
f 2148//2148 2145//2145 2137//2137 
f 2031//2031 2151//2151 2152//2152 
f 2152//2152 2032//2032 2031//2031 
f 2055//2055 2153//2153 2151//2151 
f 2055//2055 2052//2052 2154//2154 
f 2151//2151 2031//2031 2055//2055 
f 2052//2052 2155//2155 2154//2154 
f 2154//2154 2153//2153 2055//2055 
f 2098//2098 2156//2156 2157//2157 
f 2098//2098 2158//2158 2156//2156 
f 2102//2102 2100//2100 2159//2159 
f 2159//2159 2160//2160 2102//2102 
f 2048//2048 2102//2102 2161//2161 
f 2161//2161 2162//2162 2048//2048 
f 2052//2052 2049//2049 2163//2163 
f 2163//2163 2164//2164 2052//2052 
f 2165//2165 2166//2166 2167//2167 
f 2168//2168 2169//2169 2165//2165 
f 2166//2166 2032//2032 2170//2170 
f 2169//2169 2168//2168 2155//2155 
f 2170//2170 2167//2167 2166//2166 
f 2167//2167 2168//2168 2165//2165 
f 2032//2032 2171//2171 2172//2172 
f 2032//2032 2166//2166 2171//2171 
f 2020//2020 2173//2173 2174//2174 
f 2020//2020 2029//2029 2175//2175 
f 2175//2175 2173//2173 2020//2020 
f 2025//2025 2023//2023 2176//2176 
f 2176//2176 2177//2177 2025//2025 
f 2178//2178 2179//2179 2126//2126 
f 2178//2178 2180//2180 2181//2181 
f 2180//2180 2182//2182 2183//2183 
f 2181//2181 2179//2179 2178//2178 
f 2183//2183 2184//2184 2180//2180 
f 2184//2184 2181//2181 2180//2180 
f 2182//2182 2015//2015 2185//2185 
f 2185//2185 2183//2183 2182//2182 
f 2015//2015 2186//2186 2187//2187 
f 2015//2015 2182//2182 2186//2186 
f 1975//1975 2188//2188 2189//2189 
f 1975//1975 2016//2016 2190//2190 
f 2190//2190 2188//2188 1975//1975 
f 1970//1970 1977//1977 2191//2191 
f 2191//2191 2192//2192 1970//1970 
f 2193//2193 2194//2194 2195//2195 
f 2195//2195 2196//2196 2193//2193 
f 2197//2197 1995//1995 2198//2198 
f 2196//2196 2195//2195 2113//2113 
f 2198//2198 2194//2194 2197//2197 
f 2193//2193 2197//2197 2194//2194 
f 1995//1995 2199//2199 2200//2200 
f 1995//1995 2197//2197 2199//2199 
f 1991//1991 2201//2201 2202//2202 
f 1991//1991 1990//1990 2201//2201 
f 2143//2143 2203//2203 2204//2204 
f 2143//2143 2202//2202 2203//2203 
f 2137//2137 2145//2145 2205//2205 
f 2205//2205 2206//2206 2137//2137 
f 2207//2207 2208//2208 2209//2209 
f 2208//2208 2158//2158 2210//2210 
f 2158//2158 2098//2098 2211//2211 
f 2208//2208 2212//2212 2209//2209 
f 2211//2211 2210//2210 2158//2158 
f 2207//2207 2213//2213 2139//2139 
f 2210//2210 2212//2212 2208//2208 
f 2209//2209 2213//2213 2207//2207 
f 2139//2139 2137//2137 2207//2207 
f 2206//2206 2207//2207 2137//2137 
f 2205//2205 2145//2145 2204//2204 
f 2204//2204 2145//2145 2143//2143 
f 2202//2202 2143//2143 1991//1991 
f 2201//2201 1990//1990 2200//2200 
f 2200//2200 1990//1990 1995//1995 
f 2113//2113 1970//1970 2196//2196 
f 2192//2192 2196//2196 1970//1970 
f 2191//2191 1977//1977 2189//2189 
f 2189//2189 1977//1977 1975//1975 
f 2190//2190 2016//2016 2187//2187 
f 2187//2187 2016//2016 2015//2015 
f 2126//2126 2025//2025 2178//2178 
f 2177//2177 2178//2178 2025//2025 
f 2176//2176 2023//2023 2174//2174 
f 2174//2174 2023//2023 2020//2020 
f 2175//2175 2029//2029 2172//2172 
f 2172//2172 2029//2029 2032//2032 
f 2155//2155 2052//2052 2169//2169 
f 2164//2164 2169//2169 2052//2052 
f 2163//2163 2049//2049 2162//2162 
f 2162//2162 2049//2049 2048//2048 
f 2160//2160 2161//2161 2102//2102 
f 2159//2159 2100//2100 2157//2157 
f 2157//2157 2100//2100 2098//2098 
f 2152//2152 2170//2170 2032//2032 
f 2150//2150 2144//2144 2143//2143 
f 2142//2142 2093//2093 2068//2068 
f 2136//2136 2211//2211 2098//2098 
f 2124//2124 2185//2185 2015//2015 
f 2110//2110 2198//2198 1995//1995 
f 2106//2106 2102//2102 2048//2048 
f 2105//2105 2107//2107 2095//2095 
f 2069//2069 2068//2068 2093//2093 
f 2097//2097 2091//2091 2214//2214 
f 2092//2092 2214//2214 2091//2091 
f 2088//2088 2089//2089 2055//2055 
f 2083//2083 2087//2087 2031//2031 
f 2082//2082 2085//2085 2019//2019 
f 2079//2079 2081//2081 2013//2013 
f 2076//2076 2077//2077 1971//1971 
f 2071//2071 2075//2075 1994//1994 
f 2070//2070 2073//2073 2068//2068 
f 2054//2054 2067//2067 2052//2052 
f 2039//2039 2047//2047 2029//2029 
f 2027//2027 2024//2024 2023//2023 
f 2017//2017 2018//2018 2015//2015 
f 2002//2002 2009//2009 1994//1994 
f 1987//1987 1989//1989 1975//1975 
o mesh239
v 0.0120741 0.0240977 -0.0203227 
v 0.0140741 0.0240977 -0.0203227 
v 0.0140741 0.0240977 -0.0163967 
v 0.0120741 0.0240977 -0.0163967 
vn 0 -1 0 
vn 0 -1 0 
vn 0 -1 0 
vn 0 -1 0 
f 2215//2215 2216//2216 2217//2217 
f 2217//2217 2218//2218 2215//2215 
o mesh240
v 0.0120741 0.0240977 -0.0203227 
v 0.0120741 0.0206977 -0.0222857 
v 0.0140741 0.0206977 -0.0222857 
v 0.0140741 0.0240977 -0.0203227 
vn 0 -0.5 0.866025 
vn 0 -0.5 0.866025 
vn 0 -0.5 0.866025 
vn 0 -0.5 0.866025 
f 2219//2219 2220//2220 2221//2221 
f 2221//2221 2222//2222 2219//2219 
o mesh241
v 0.0120741 0.0172977 -0.0203227 
v 0.0140741 0.0172977 -0.0203227 
v 0.0140741 0.0206977 -0.0222857 
v 0.0120741 0.0206977 -0.0222857 
vn 0 0.5 0.866025 
vn 0 0.5 0.866025 
vn 0 0.5 0.866025 
vn 0 0.5 0.866025 
f 2223//2223 2224//2224 2225//2225 
f 2225//2225 2226//2226 2223//2223 
o mesh242
v 0.0120741 0.0172977 -0.0163967 
v 0.0140741 0.0172977 -0.0163967 
v 0.0140741 0.0172977 -0.0203227 
v 0.0120741 0.0172977 -0.0203227 
vn 0 1 0 
vn 0 1 0 
vn 0 1 0 
vn 0 1 0 
f 2227//2227 2228//2228 2229//2229 
f 2229//2229 2230//2230 2227//2227 
o mesh243
v 0.0120741 0.0206977 -0.0144338 
v 0.0140741 0.0206977 -0.0144338 
v 0.0140741 0.0172977 -0.0163967 
v 0.0120741 0.0172977 -0.0163967 
vn 0 0.5 -0.866025 
vn 0 0.5 -0.866025 
vn 0 0.5 -0.866025 
vn 0 0.5 -0.866025 
f 2231//2231 2232//2232 2233//2233 
f 2233//2233 2234//2234 2231//2231 
o mesh244
v 0.0120741 0.0240977 -0.0163967 
v 0.0140741 0.0240977 -0.0163967 
v 0.0140741 0.0206977 -0.0144338 
v 0.0120741 0.0206977 -0.0144338 
vn 0 -0.5 -0.866025 
vn 0 -0.5 -0.866025 
vn 0 -0.5 -0.866025 
vn 0 -0.5 -0.866025 
f 2235//2235 2236//2236 2237//2237 
f 2237//2237 2238//2238 2235//2235 
o mesh245
v 0.0120741 0.0240977 -0.0203227 
v 0.0120741 0.0240977 -0.0163967 
v 0.0120741 0.0231977 -0.0183597 
v 0.0120741 0.0224655 -0.0201275 
v 0.0120741 0.0216544 -0.0206694 
v 0.0120741 0.0230074 -0.0193164 
v 0.0120741 0.0224655 -0.016592 
v 0.0120741 0.0230074 -0.017403 
v 0.0120741 0.0206977 -0.0144338 
v 0.0120741 0.0216544 -0.01605 
v 0.0120741 0.0172977 -0.0163967 
v 0.0120741 0.0189299 -0.016592 
v 0.0120741 0.019741 -0.01605 
v 0.0120741 0.0206977 -0.0222857 
v 0.0120741 0.0206977 -0.0158597 
v 0.0120741 0.0172977 -0.0203227 
v 0.0120741 0.018388 -0.0193164 
v 0.0120741 0.0181977 -0.0183597 
v 0.0120741 0.018388 -0.017403 
v 0.0120741 0.0189299 -0.0201275 
v 0.0120741 0.019741 -0.0206694 
v 0.0120741 0.0206977 -0.0208597 
vn 1 0 0 
vn 1 0 0 
vn 1 0 0 
vn 1 0 0 
vn 1 0 0 
vn 1 0 0 
vn 1 0 0 
vn 1 0 0 
vn 1 0 0 
vn 1 0 0 
vn 1 0 0 
vn 1 0 0 
vn 1 0 0 
vn 1 0 0 
vn 1 0 0 
vn 1 0 0 
vn 1 0 0 
vn 1 0 0 
vn 1 0 0 
vn 1 0 0 
vn 1 0 0 
vn 1 0 0 
f 2239//2239 2240//2240 2241//2241 
f 2239//2239 2242//2242 2243//2243 
f 2241//2241 2244//2244 2239//2239 
f 2240//2240 2245//2245 2246//2246 
f 2240//2240 2247//2247 2248//2248 
f 2249//2249 2250//2250 2251//2251 
f 2243//2243 2252//2252 2239//2239 
f 2246//2246 2241//2241 2240//2240 
f 2247//2247 2253//2253 2248//2248 
f 2251//2251 2247//2247 2249//2249 
f 2254//2254 2255//2255 2256//2256 
f 2244//2244 2242//2242 2239//2239 
f 2251//2251 2253//2253 2247//2247 
f 2249//2249 2256//2256 2257//2257 
f 2254//2254 2258//2258 2255//2255 
f 2248//2248 2245//2245 2240//2240 
f 2256//2256 2249//2249 2254//2254 
f 2254//2254 2252//2252 2259//2259 
f 2257//2257 2250//2250 2249//2249 
f 2252//2252 2260//2260 2259//2259 
f 2259//2259 2258//2258 2254//2254 
f 2243//2243 2260//2260 2252//2252 
o mesh246
v 0.0120741 -0.0145023 -0.00196299 
v 0.0140741 -0.0145023 -0.00196299 
v 0.0140741 -0.0111023 -0.00392598 
v 0.0120741 -0.0111023 -0.00392598 
vn 0 0.5 0.866025 
vn 0 0.5 0.866025 
vn 0 0.5 0.866025 
vn 0 0.5 0.866025 
f 2261//2261 2262//2262 2263//2263 
f 2263//2263 2264//2264 2261//2261 
o mesh247
v 0.0140741 -0.0145023 0.00196299 
v 0.0140741 -0.0145023 -0.00196299 
v 0.0120741 -0.0145023 -0.00196299 
v 0.0120741 -0.0145023 0.00196299 
vn 0 1 0 
vn 0 1 0 
vn 0 1 0 
vn 0 1 0 
f 2265//2265 2266//2266 2267//2267 
f 2267//2267 2268//2268 2265//2265 
o mesh248
v 0.0120741 -0.0145023 0.00196299 
v 0.0120741 -0.0111023 0.00392598 
v 0.0140741 -0.0111023 0.00392598 
v 0.0140741 -0.0145023 0.00196299 
vn 0 0.5 -0.866025 
vn 0 0.5 -0.866025 
vn 0 0.5 -0.866025 
vn 0 0.5 -0.866025 
f 2269//2269 2270//2270 2271//2271 
f 2271//2271 2272//2272 2269//2269 
o mesh249
v 0.0120741 -0.00770229 0.00196299 
v 0.0140741 -0.00770229 0.00196299 
v 0.0140741 -0.0111023 0.00392598 
v 0.0120741 -0.0111023 0.00392598 
vn 0 -0.5 -0.866025 
vn 0 -0.5 -0.866025 
vn 0 -0.5 -0.866025 
vn 0 -0.5 -0.866025 
f 2273//2273 2274//2274 2275//2275 
f 2275//2275 2276//2276 2273//2273 
o mesh250
v 0.0120741 -0.00770229 -0.00196299 
v 0.0140741 -0.00770229 -0.00196299 
v 0.0140741 -0.00770229 0.00180325 
v 0.0120741 -0.00770229 0.00196299 
v 0.0140741 -0.00770229 0.00196299 
vn 0 -1 -4.996e-16 
vn 0 -1 -4.996e-16 
vn 0 -1 -4.996e-16 
vn 0 -1 -4.996e-16 
vn 0 -1 -4.996e-16 
f 2277//2277 2278//2278 2279//2279 
f 2279//2279 2280//2280 2277//2277 
f 2279//2279 2281//2281 2280//2280 
o mesh251
v 0.0120741 -0.00770229 -0.00196299 
v 0.0120741 -0.0111023 -0.00392598 
v 0.0140741 -0.010964 -0.00384611 
v 0.0140741 -0.0111023 -0.00392598 
v 0.0140741 -0.00770229 -0.00196299 
vn 0 -0.5 0.866025 
vn 0 -0.5 0.866025 
vn 0 -0.5 0.866025 
vn 0 -0.5 0.866025 
vn 0 -0.5 0.866025 
f 2282//2282 2283//2283 2284//2284 
f 2283//2283 2285//2285 2284//2284 
f 2284//2284 2286//2286 2282//2282 
o mesh252
v 0.0120741 -0.0111023 0.00392598 
v 0.0120741 -0.0145023 0.00196299 
v 0.0120741 -0.0126242 0.00198338 
v 0.0120741 -0.0132674 0.00125 
v 0.0120741 -0.00770229 0.00196299 
v 0.0120741 -0.00868747 0.000647048 
v 0.0120741 -0.00862368 -0.000326315 
v 0.0120741 -0.00985229 0.00216506 
v 0.0120741 -0.00911891 0.0015219 
v 0.0120741 -0.0117493 0.00241481 
v 0.0120741 -0.0145023 -0.00196299 
v 0.0120741 -0.0135171 -0.000647048 
v 0.0120741 -0.0135809 0.000326315 
v 0.0120741 -0.0111023 -0.00392598 
v 0.0120741 -0.0123523 -0.00216506 
v 0.0120741 -0.00770229 -0.00196299 
v 0.0120741 -0.00958039 -0.00198338 
v 0.0120741 -0.00893723 -0.00125 
v 0.0120741 -0.010776 0.00247861 
v 0.0120741 -0.0130857 -0.0015219 
v 0.0120741 -0.0114286 -0.00247861 
v 0.0120741 -0.0104552 -0.00241481 
vn 1 0 0 
vn 1 0 0 
vn 1 0 0 
vn 1 0 0 
vn 1 0 0 
vn 1 0 0 
vn 1 0 0 
vn 1 0 0 
vn 1 0 0 
vn 1 0 0 
vn 1 0 0 
vn 1 0 0 
vn 1 0 0 
vn 1 0 0 
vn 1 0 0 
vn 1 0 0 
vn 1 0 0 
vn 1 0 0 
vn 1 0 0 
vn 1 0 0 
vn 1 0 0 
vn 1 0 0 
f 2287//2287 2288//2288 2289//2289 
f 2288//2288 2290//2290 2289//2289 
f 2291//2291 2292//2292 2293//2293 
f 2291//2291 2294//2294 2295//2295 
f 2289//2289 2296//2296 2287//2287 
f 2297//2297 2298//2298 2299//2299 
f 2297//2297 2300//2300 2301//2301 
f 2300//2300 2302//2302 2303//2303 
f 2302//2302 2293//2293 2304//2304 
f 2295//2295 2292//2292 2291//2291 
f 2287//2287 2305//2305 2294//2294 
f 2288//2288 2299//2299 2290//2290 
f 2297//2297 2306//2306 2298//2298 
f 2300//2300 2307//2307 2301//2301 
f 2303//2303 2308//2308 2300//2300 
f 2293//2293 2302//2302 2291//2291 
f 2296//2296 2305//2305 2287//2287 
f 2301//2301 2306//2306 2297//2297 
f 2304//2304 2303//2303 2302//2302 
f 2299//2299 2288//2288 2297//2297 
f 2294//2294 2291//2291 2287//2287 
f 2308//2308 2307//2307 2300//2300 
o mesh253
v 0.0120741 0.0172977 0.0203227 
v 0.0120741 0.0206977 0.0222857 
v 0.0140741 0.0190776 0.0213503 
v 0.0140741 0.0206977 0.0222857 
v 0.0140741 0.0172977 0.0203227 
vn 0 0.5 -0.866025 
vn 0 0.5 -0.866025 
vn 0 0.5 -0.866025 
vn 0 0.5 -0.866025 
vn 0 0.5 -0.866025 
f 2309//2309 2310//2310 2311//2311 
f 2310//2310 2312//2312 2311//2311 
f 2311//2311 2313//2313 2309//2309 
o mesh254
v 0.0140741 0.0240977 0.0203227 
v 0.0140741 0.0206977 0.0222857 
v 0.0120741 0.0206977 0.0222857 
v 0.0120741 0.0240977 0.0203227 
vn 0 -0.5 -0.866025 
vn 0 -0.5 -0.866025 
vn 0 -0.5 -0.866025 
vn 0 -0.5 -0.866025 
f 2314//2314 2315//2315 2316//2316 
f 2316//2316 2317//2317 2314//2314 
o mesh255
v 0.0120741 0.0240977 0.0163967 
v 0.0140741 0.0240977 0.0163967 
v 0.0140741 0.0240977 0.018452 
v 0.0120741 0.0240977 0.0203227 
v 0.0140741 0.0240977 0.0203227 
vn 0 -1 0 
vn 0 -1 0 
vn 0 -1 0 
vn 0 -1 0 
vn 0 -1 0 
f 2318//2318 2319//2319 2320//2320 
f 2320//2320 2321//2321 2318//2318 
f 2320//2320 2322//2322 2321//2321 
o mesh256
v 0.0120741 0.0240977 0.0163967 
v 0.0120741 0.0206977 0.0144338 
v 0.0140741 0.0206977 0.0144338 
v 0.0140741 0.0240977 0.0163967 
vn 0 -0.5 0.866025 
vn 0 -0.5 0.866025 
vn 0 -0.5 0.866025 
vn 0 -0.5 0.866025 
f 2323//2323 2324//2324 2325//2325 
f 2325//2325 2326//2326 2323//2323 
o mesh257
v 0.0120741 0.0206977 0.0144338 
v 0.0120741 0.0172977 0.0163967 
v 0.0140741 0.0172977 0.0163967 
v 0.0140741 0.0206977 0.0144338 
vn 0 0.5 0.866025 
vn 0 0.5 0.866025 
vn 0 0.5 0.866025 
vn 0 0.5 0.866025 
f 2327//2327 2328//2328 2329//2329 
f 2329//2329 2330//2330 2327//2327 
o mesh258
v 0.0120741 0.0172977 0.0203227 
v 0.0140741 0.0172977 0.0203227 
v 0.0140741 0.0172977 0.0163967 
v 0.0120741 0.0172977 0.0163967 
vn 0 1 0 
vn 0 1 0 
vn 0 1 0 
vn 0 1 0 
f 2331//2331 2332//2332 2333//2333 
f 2333//2333 2334//2334 2331//2331 
o mesh259
v 0.0120741 0.0240977 0.0163967 
v 0.0120741 0.0240977 0.0203227 
v 0.0120741 0.0231763 0.0186861 
v 0.0120741 0.0226811 0.0168378 
v 0.0120741 0.0219477 0.0161947 
v 0.0120741 0.0231125 0.0177127 
v 0.0120741 0.0172977 0.0203227 
v 0.0120741 0.0172977 0.0163967 
v 0.0120741 0.0182191 0.0180334 
v 0.0120741 0.0228628 0.0196097 
v 0.0120741 0.0206977 0.0222857 
v 0.0120741 0.0213448 0.0207746 
v 0.0120741 0.0222196 0.0203431 
v 0.0120741 0.0182829 0.0190068 
v 0.0120741 0.0206977 0.0144338 
v 0.0120741 0.0194477 0.0205248 
v 0.0120741 0.0187143 0.0198816 
v 0.0120741 0.0200507 0.0159449 
v 0.0120741 0.0191758 0.0163764 
v 0.0120741 0.0203714 0.0208384 
v 0.0120741 0.0185326 0.0171097 
v 0.0120741 0.021024 0.0158811 
vn 1 0 0 
vn 1 0 0 
vn 1 0 0 
vn 1 0 0 
vn 1 0 0 
vn 1 0 0 
vn 1 0 0 
vn 1 0 0 
vn 1 0 0 
vn 1 0 0 
vn 1 0 0 
vn 1 0 0 
vn 1 0 0 
vn 1 0 0 
vn 1 0 0 
vn 1 0 0 
vn 1 0 0 
vn 1 0 0 
vn 1 0 0 
vn 1 0 0 
vn 1 0 0 
vn 1 0 0 
f 2335//2335 2336//2336 2337//2337 
f 2335//2335 2338//2338 2339//2339 
f 2337//2337 2340//2340 2335//2335 
f 2340//2340 2338//2338 2335//2335 
f 2341//2341 2342//2342 2343//2343 
f 2336//2336 2344//2344 2337//2337 
f 2345//2345 2346//2346 2347//2347 
f 2343//2343 2348//2348 2341//2341 
f 2339//2339 2349//2349 2335//2335 
f 2347//2347 2336//2336 2345//2345 
f 2345//2345 2341//2341 2350//2350 
f 2348//2348 2351//2351 2341//2341 
f 2349//2349 2352//2352 2353//2353 
f 2347//2347 2344//2344 2336//2336 
f 2350//2350 2354//2354 2345//2345 
f 2342//2342 2355//2355 2343//2343 
f 2353//2353 2342//2342 2349//2349 
f 2354//2354 2346//2346 2345//2345 
f 2353//2353 2355//2355 2342//2342 
f 2351//2351 2350//2350 2341//2341 
f 2349//2349 2356//2356 2352//2352 
f 2339//2339 2356//2356 2349//2349 
o mesh260
v 0.0120741 0.0346977 0.00196299 
v 0.0140741 0.0346977 0.00196299 
v 0.0140741 0.0312977 0.00392598 
v 0.0120741 0.0312977 0.00392598 
vn 0 -0.5 -0.866025 
vn 0 -0.5 -0.866025 
vn 0 -0.5 -0.866025 
vn 0 -0.5 -0.866025 
f 2357//2357 2358//2358 2359//2359 
f 2359//2359 2360//2360 2357//2357 
o mesh261
v 0.0120741 0.0346977 -0.00196299 
v 0.0140741 0.0346977 -0.00196299 
v 0.0140741 0.0346977 0.00196299 
v 0.0120741 0.0346977 0.00196299 
vn 0 -1 0 
vn 0 -1 0 
vn 0 -1 0 
vn 0 -1 0 
f 2361//2361 2362//2362 2363//2363 
f 2363//2363 2364//2364 2361//2361 
o mesh262
v 0.0120741 0.0312977 -0.00392598 
v 0.0140741 0.0312977 -0.00392598 
v 0.0140741 0.0346977 -0.00196299 
v 0.0120741 0.0346977 -0.00196299 
vn 0 -0.5 0.866025 
vn 0 -0.5 0.866025 
vn 0 -0.5 0.866025 
vn 0 -0.5 0.866025 
f 2365//2365 2366//2366 2367//2367 
f 2367//2367 2368//2368 2365//2365 
o mesh263
v 0.0120741 0.0278977 -0.00196299 
v 0.0140741 0.0278977 -0.00196299 
v 0.0140741 0.0312977 -0.00392598 
v 0.0120741 0.0312977 -0.00392598 
vn 0 0.5 0.866025 
vn 0 0.5 0.866025 
vn 0 0.5 0.866025 
vn 0 0.5 0.866025 
f 2369//2369 2370//2370 2371//2371 
f 2371//2371 2372//2372 2369//2369 
o mesh264
v 0.0140741 0.0278977 -0.00196299 
v 0.0120741 0.0278977 -0.00196299 
v 0.0120741 0.0278977 0.00196299 
v 0.0140741 0.0278977 0.00196299 
vn 0 1 4.996e-16 
vn 0 1 4.996e-16 
vn 0 1 4.996e-16 
vn 0 1 4.996e-16 
f 2373//2373 2374//2374 2375//2375 
f 2375//2375 2376//2376 2373//2373 
o mesh265
v 0.0140741 0.0312977 0.00392598 
v 0.0140741 0.0278977 0.00196299 
v 0.0120741 0.0278977 0.00196299 
v 0.0120741 0.0312977 0.00392598 
vn 0 0.5 -0.866025 
vn 0 0.5 -0.866025 
vn 0 0.5 -0.866025 
vn 0 0.5 -0.866025 
f 2377//2377 2378//2378 2379//2379 
f 2379//2379 2380//2380 2377//2377 
o mesh266
v 0.0120741 0.0312977 -0.00392598 
v 0.0120741 0.0346977 -0.00196299 
v 0.0120741 0.0328196 -0.00198338 
v 0.0120741 0.0278977 0.00196299 
v 0.0120741 0.0288191 0.000326315 
v 0.0120741 0.0291326 0.00125 
v 0.0120741 0.0278977 -0.00196299 
v 0.0120741 0.0288829 -0.000647048 
v 0.0120741 0.0319448 -0.00241481 
v 0.0120741 0.0346977 0.00196299 
v 0.0120741 0.0337125 0.000647048 
v 0.0120741 0.0337763 -0.000326315 
v 0.0120741 0.0312977 0.00392598 
v 0.0120741 0.0297758 0.00198338 
v 0.0120741 0.0300477 -0.00216506 
v 0.0120741 0.0293143 -0.0015219 
v 0.0120741 0.0334628 -0.00125 
v 0.0120741 0.0325477 0.00216506 
v 0.0120741 0.0332811 0.0015219 
v 0.0120741 0.031624 0.00247861 
v 0.0120741 0.0306507 0.00241481 
v 0.0120741 0.0309714 -0.00247861 
vn 1 0 0 
vn 1 0 0 
vn 1 0 0 
vn 1 0 0 
vn 1 0 0 
vn 1 0 0 
vn 1 0 0 
vn 1 0 0 
vn 1 0 0 
vn 1 0 0 
vn 1 0 0 
vn 1 0 0 
vn 1 0 0 
vn 1 0 0 
vn 1 0 0 
vn 1 0 0 
vn 1 0 0 
vn 1 0 0 
vn 1 0 0 
vn 1 0 0 
vn 1 0 0 
vn 1 0 0 
f 2381//2381 2382//2382 2383//2383 
f 2384//2384 2385//2385 2386//2386 
f 2387//2387 2388//2388 2385//2385 
f 2383//2383 2389//2389 2381//2381 
f 2390//2390 2391//2391 2392//2392 
f 2393//2393 2384//2384 2394//2394 
f 2385//2385 2384//2384 2387//2387 
f 2387//2387 2395//2395 2396//2396 
f 2382//2382 2397//2397 2383//2383 
f 2392//2392 2382//2382 2390//2390 
f 2390//2390 2398//2398 2399//2399 
f 2393//2393 2400//2400 2398//2398 
f 2394//2394 2401//2401 2393//2393 
f 2396//2396 2388//2388 2387//2387 
f 2392//2392 2397//2397 2382//2382 
f 2398//2398 2390//2390 2393//2393 
f 2386//2386 2394//2394 2384//2384 
f 2381//2381 2402//2402 2395//2395 
f 2399//2399 2391//2391 2390//2390 
f 2395//2395 2387//2387 2381//2381 
f 2401//2401 2400//2400 2393//2393 
f 2389//2389 2402//2402 2381//2381 
o mesh267
v 0.0120741 -0.00390229 0.0203227 
v 0.0140741 -0.00390229 0.0203227 
v 0.0140741 -0.00390229 0.0163967 
v 0.0120741 -0.00390229 0.0163967 
vn 0 1 0 
vn 0 1 0 
vn 0 1 0 
vn 0 1 0 
f 2403//2403 2404//2404 2405//2405 
f 2405//2405 2406//2406 2403//2403 
o mesh268
v 0.0120741 -0.00390229 0.0203227 
v 0.0120741 -0.000502289 0.0222857 
v 0.0140741 -0.000502289 0.0222857 
v 0.0140741 -0.00390229 0.0203227 
vn 0 0.5 -0.866025 
vn 0 0.5 -0.866025 
vn 0 0.5 -0.866025 
vn 0 0.5 -0.866025 
f 2407//2407 2408//2408 2409//2409 
f 2409//2409 2410//2410 2407//2407 
o mesh269
v 0.0140741 0.00289771 0.0203227 
v 0.0140741 -0.000502289 0.0222857 
v 0.0120741 -0.000502289 0.0222857 
v 0.0120741 0.00289771 0.0203227 
vn 0 -0.5 -0.866025 
vn 0 -0.5 -0.866025 
vn 0 -0.5 -0.866025 
vn 0 -0.5 -0.866025 
f 2411//2411 2412//2412 2413//2413 
f 2413//2413 2414//2414 2411//2411 
o mesh270
v 0.0120741 0.00289771 0.0163967 
v 0.0140741 0.00289771 0.0163967 
v 0.0140741 0.00289771 0.020163 
v 0.0120741 0.00289771 0.0203227 
v 0.0140741 0.00289771 0.0203227 
vn 0 -1 0 
vn 0 -1 0 
vn 0 -1 0 
vn 0 -1 0 
vn 0 -1 0 
f 2415//2415 2416//2416 2417//2417 
f 2417//2417 2418//2418 2415//2415 
f 2417//2417 2419//2419 2418//2418 
o mesh271
v 0.0120741 0.00289771 0.0163967 
v 0.0120741 -0.000502289 0.0144338 
v 0.0140741 -0.000363952 0.0145136 
v 0.0140741 -0.000502289 0.0144338 
v 0.0140741 0.00289771 0.0163967 
vn 0 -0.5 0.866025 
vn 0 -0.5 0.866025 
vn 0 -0.5 0.866025 
vn 0 -0.5 0.866025 
vn 0 -0.5 0.866025 
f 2420//2420 2421//2421 2422//2422 
f 2421//2421 2423//2423 2422//2422 
f 2422//2422 2424//2424 2420//2420 
o mesh272
v 0.0120741 -0.000502289 0.0144338 
v 0.0120741 -0.00390229 0.0163967 
v 0.0140741 -0.00390229 0.0163967 
v 0.0140741 -0.000502289 0.0144338 
vn 0 0.5 0.866025 
vn 0 0.5 0.866025 
vn 0 0.5 0.866025 
vn 0 0.5 0.866025 
f 2425//2425 2426//2426 2427//2427 
f 2427//2427 2428//2428 2425//2425 
o mesh273
v 0.0120741 0.00289771 0.0163967 
v 0.0120741 0.00126548 0.016592 
v 0.0120741 0.000454419 0.01605 
v 0.0120741 0.00289771 0.0203227 
v 0.0120741 0.00199771 0.0183597 
v 0.0120741 0.00180741 0.017403 
v 0.0120741 0.00180741 0.0193164 
v 0.0120741 -0.000502289 0.0222857 
v 0.0120741 0.000454419 0.0206694 
v 0.0120741 -0.00390229 0.0203227 
v 0.0120741 -0.00390229 0.0163967 
v 0.0120741 -0.00300229 0.0183597 
v 0.0120741 0.00126548 0.0201275 
v 0.0120741 -0.00227006 0.0201275 
v 0.0120741 -0.001459 0.0206694 
v 0.0120741 -0.00281199 0.017403 
v 0.0120741 -0.001459 0.01605 
v 0.0120741 -0.00227006 0.016592 
v 0.0120741 -0.000502289 0.0208597 
v 0.0120741 -0.00281199 0.0193164 
v 0.0120741 -0.000502289 0.0144338 
v 0.0120741 -0.000502289 0.0158597 
vn 1 0 0 
vn 1 0 0 
vn 1 0 0 
vn 1 0 0 
vn 1 0 0 
vn 1 0 0 
vn 1 0 0 
vn 1 0 0 
vn 1 0 0 
vn 1 0 0 
vn 1 0 0 
vn 1 0 0 
vn 1 0 0 
vn 1 0 0 
vn 1 0 0 
vn 1 0 0 
vn 1 0 0 
vn 1 0 0 
vn 1 0 0 
vn 1 0 0 
vn 1 0 0 
vn 1 0 0 
f 2429//2429 2430//2430 2431//2431 
f 2429//2429 2432//2432 2433//2433 
f 2429//2429 2434//2434 2430//2430 
f 2432//2432 2435//2435 2433//2433 
f 2432//2432 2436//2436 2437//2437 
f 2438//2438 2439//2439 2440//2440 
f 2433//2433 2434//2434 2429//2429 
f 2437//2437 2441//2441 2432//2432 
f 2438//2438 2442//2442 2443//2443 
f 2439//2439 2444//2444 2440//2440 
f 2439//2439 2445//2445 2446//2446 
f 2441//2441 2435//2435 2432//2432 
f 2436//2436 2443//2443 2447//2447 
f 2438//2438 2448//2448 2442//2442 
f 2446//2446 2444//2444 2439//2439 
f 2447//2447 2437//2437 2436//2436 
f 2440//2440 2448//2448 2438//2438 
f 2443//2443 2436//2436 2438//2438 
f 2449//2449 2450//2450 2445//2445 
f 2445//2445 2439//2439 2449//2449 
f 2431//2431 2449//2449 2429//2429 
f 2431//2431 2450//2450 2449//2449 
o mesh274
v 0.0120741 0.00289771 -0.0203227 
v 0.0120741 -0.000502289 -0.0222857 
v 0.0140741 0.00111784 -0.0213503 
v 0.0140741 -0.000502289 -0.0222857 
v 0.0140741 0.00289771 -0.0203227 
vn 0 -0.5 0.866025 
vn 0 -0.5 0.866025 
vn 0 -0.5 0.866025 
vn 0 -0.5 0.866025 
vn 0 -0.5 0.866025 
f 2451//2451 2452//2452 2453//2453 
f 2452//2452 2454//2454 2453//2453 
f 2453//2453 2455//2455 2451//2451 
o mesh275
v 0.0140741 -0.000502289 -0.0222857 
v 0.0120741 -0.000502289 -0.0222857 
v 0.0120741 -0.00390229 -0.0203227 
v 0.0140741 -0.00390229 -0.0203227 
vn 0 0.5 0.866025 
vn 0 0.5 0.866025 
vn 0 0.5 0.866025 
vn 0 0.5 0.866025 
f 2456//2456 2457//2457 2458//2458 
f 2458//2458 2459//2459 2456//2456 
o mesh276
v 0.0120741 -0.00390229 -0.0163967 
v 0.0140741 -0.00390229 -0.0163967 
v 0.0140741 -0.00390229 -0.018452 
v 0.0120741 -0.00390229 -0.0203227 
v 0.0140741 -0.00390229 -0.0203227 
vn 0 1 0 
vn 0 1 0 
vn 0 1 0 
vn 0 1 0 
vn 0 1 0 
f 2460//2460 2461//2461 2462//2462 
f 2462//2462 2463//2463 2460//2460 
f 2462//2462 2464//2464 2463//2463 
o mesh277
v 0.0140741 -0.00390229 -0.0163967 
v 0.0120741 -0.00390229 -0.0163967 
v 0.0120741 -0.000502289 -0.0144338 
v 0.0140741 -0.000502289 -0.0144338 
vn 0 0.5 -0.866025 
vn 0 0.5 -0.866025 
vn 0 0.5 -0.866025 
vn 0 0.5 -0.866025 
f 2465//2465 2466//2466 2467//2467 
f 2467//2467 2468//2468 2465//2465 
o mesh278
v 0.0120741 0.00289771 -0.0163967 
v 0.0140741 0.00289771 -0.0163967 
v 0.0140741 -0.000502289 -0.0144338 
v 0.0120741 -0.000502289 -0.0144338 
vn 0 -0.5 -0.866025 
vn 0 -0.5 -0.866025 
vn 0 -0.5 -0.866025 
vn 0 -0.5 -0.866025 
f 2469//2469 2470//2470 2471//2471 
f 2471//2471 2472//2472 2469//2469 
o mesh279
v 0.0120741 0.00289771 -0.0203227 
v 0.0140741 0.00289771 -0.0203227 
v 0.0140741 0.00289771 -0.0163967 
v 0.0120741 0.00289771 -0.0163967 
vn 0 -1 0 
vn 0 -1 0 
vn 0 -1 0 
vn 0 -1 0 
f 2473//2473 2474//2474 2475//2475 
f 2475//2475 2476//2476 2473//2473 
o mesh280
v 0.0120741 0.00289771 -0.0203227 
v 0.0120741 0.00289771 -0.0163967 
v 0.0120741 0.00197632 -0.0180334 
v 0.0120741 0.00148109 -0.0198816 
v 0.0120741 0.000747711 -0.0205248 
v 0.0120741 0.00166277 -0.0171097 
v 0.0120741 -0.000502289 -0.0144338 
v 0.0120741 0.000144758 -0.0159449 
v 0.0120741 0.00101961 -0.0163764 
v 0.0120741 -0.000502289 -0.0222857 
v 0.0120741 0.00191253 -0.0190068 
v 0.0120741 -0.00390229 -0.0163967 
v 0.0120741 -0.00390229 -0.0203227 
v 0.0120741 -0.0029809 -0.0186861 
v 0.0120741 -0.00202419 -0.0203431 
v 0.0120741 -0.00266735 -0.0196097 
v 0.0120741 -0.00114934 -0.0207746 
v 0.0120741 -0.000828605 -0.0158811 
v 0.0120741 -0.00248567 -0.0168378 
v 0.0120741 -0.00175229 -0.0161947 
v 0.0120741 -0.0029171 -0.0177127 
v 0.0120741 -0.000175974 -0.0208384 
vn 1 0 0 
vn 1 0 0 
vn 1 0 0 
vn 1 0 0 
vn 1 0 0 
vn 1 0 0 
vn 1 0 0 
vn 1 0 0 
vn 1 0 0 
vn 1 0 0 
vn 1 0 0 
vn 1 0 0 
vn 1 0 0 
vn 1 0 0 
vn 1 0 0 
vn 1 0 0 
vn 1 0 0 
vn 1 0 0 
vn 1 0 0 
vn 1 0 0 
vn 1 0 0 
vn 1 0 0 
f 2477//2477 2478//2478 2479//2479 
f 2477//2477 2480//2480 2481//2481 
f 2478//2478 2482//2482 2479//2479 
f 2483//2483 2484//2484 2485//2485 
f 2481//2481 2486//2486 2477//2477 
f 2479//2479 2487//2487 2477//2477 
f 2485//2485 2478//2478 2483//2483 
f 2488//2488 2489//2489 2490//2490 
f 2489//2489 2491//2491 2492//2492 
f 2486//2486 2493//2493 2491//2491 
f 2487//2487 2480//2480 2477//2477 
f 2483//2483 2494//2494 2484//2484 
f 2488//2488 2495//2495 2496//2496 
f 2490//2490 2497//2497 2488//2488 
f 2491//2491 2489//2489 2486//2486 
f 2485//2485 2482//2482 2478//2478 
f 2496//2496 2483//2483 2488//2488 
f 2492//2492 2490//2490 2489//2489 
f 2496//2496 2494//2494 2483//2483 
f 2486//2486 2498//2498 2493//2493 
f 2497//2497 2495//2495 2488//2488 
f 2481//2481 2498//2498 2486//2486 
o mesh281
v 0.0170741 0.0154553 0.0129343 
v 0.0140741 0.0154553 0.0129343 
v 0.0140741 0.0113789 0.0137451 
v 0.0170741 0.0100977 0.014 
v 0.0170741 0.0199972 0.00989949 
v 0.0170741 0.023032 0.00535757 
v 0.0140741 0.023032 0.00535757 
v 0.0140741 0.0213225 0.00791599 
v 0.0170741 0.0240977 2.48046e-17 
v 0.0170741 0.023032 -0.00535757 
v 0.0140741 0.023032 -0.00535757 
v 0.0140741 0.0237063 -0.00196793 
v 0.0170741 0.0199972 -0.00989949 
v 0.0170741 0.0154553 -0.0129343 
v 0.0140741 0.0154553 -0.0129343 
v 0.0140741 0.0186283 -0.0108141 
v 0.0170741 0.0100977 -0.014 
v 0.0170741 0.00474014 -0.0129343 
v 0.0140741 0.00474014 -0.0129343 
v 0.0140741 0.00881648 -0.0137451 
v 0.0170741 0.000198216 -0.00989949 
v 0.0170741 -0.0028366 -0.00535757 
v 0.0140741 -0.0028366 -0.00535757 
v 0.0140741 -0.00112712 -0.00791599 
v 0.0170741 -0.00390229 -1.12649e-17 
v 0.0170741 -0.0028366 0.00535757 
v 0.0140741 -0.0028853 0.00511277 
v 0.0140741 -0.00351084 0.00196793 
v 0.0140741 -0.0028366 0.00535757 
v 0.0170741 0.000198216 0.00989949 
v 0.0140741 0.000198216 0.00989949 
v 0.0140741 -0.00109386 0.00821562 
v 0.0170741 -0.00202664 0.007 
v 0.0140741 -0.00202664 0.007 
v 0.0170741 0.00474014 0.0129343 
v 0.0140741 0.00474014 0.0129343 
v 0.0140741 0.00156708 0.0108141 
v 0.0140741 0.0100977 0.014 
v 0.0140741 -0.00390229 -1.12649e-17 
v 0.0140741 0.000198216 -0.00989949 
v 0.0140741 0.0100977 -0.014 
v 0.0140741 0.0199972 -0.00989949 
v 0.0140741 0.0240977 2.48046e-17 
v 0.0140741 0.0199972 0.00989949 
vn 0 0.382683 0.92388 
vn 0 0.382683 0.92388 
vn 0 0.0928113 0.995684 
vn 0 -4.996e-16 1 
vn 0 0.707107 0.707107 
vn 0 0.92388 0.382683 
vn 0 0.92388 0.382683 
vn 0 0.817222 0.576323 
vn 0 1 1.00492e-15 
vn 0 0.92388 -0.382683 
vn 0 0.92388 -0.382683 
vn 0 0.989705 -0.143121 
vn 0 0.707107 -0.707107 
vn 0 0.382683 -0.92388 
vn 0 0.382683 -0.92388 
vn 0 0.619338 -0.785124 
vn 0 1.06615e-15 -1 
vn 0 -0.382683 -0.92388 
vn 0 -0.382683 -0.92388 
vn 0 -0.0928113 -0.995684 
vn 0 -0.707107 -0.707107 
vn 0 -0.92388 -0.382683 
vn 0 -0.92388 -0.382683 
vn 0 -0.817222 -0.576323 
vn 0 -1 -1.57148e-15 
vn 0 -0.92388 0.382683 
vn 0 -0.930451 0.366416 
vn 0 -0.989705 0.143121 
vn 0 -0.92388 0.382683 
vn 0 -0.707107 0.707107 
vn 0 -0.707107 0.707107 
vn 0 -0.806114 0.59176 
vn 0 -0.866025 0.5 
vn 0 -0.866025 0.5 
vn 0 -0.382683 0.92388 
vn 0 -0.382683 0.92388 
vn 0 -0.619338 0.785124 
vn 0 -4.996e-16 1 
vn 0 -1 -1.57148e-15 
vn 0 -0.707107 -0.707107 
vn 0 1.06615e-15 -1 
vn 0 0.707107 -0.707107 
vn 0 1 1.00492e-15 
vn 0 0.707107 0.707107 
f 2499//2499 2500//2500 2501//2501 
f 2501//2501 2502//2502 2499//2499 
f 2500//2500 2499//2499 2503//2503 
f 2504//2504 2505//2505 2506//2506 
f 2506//2506 2503//2503 2504//2504 
f 2505//2505 2504//2504 2507//2507 
f 2508//2508 2509//2509 2510//2510 
f 2510//2510 2507//2507 2508//2508 
f 2509//2509 2508//2508 2511//2511 
f 2512//2512 2513//2513 2514//2514 
f 2514//2514 2511//2511 2512//2512 
f 2513//2513 2512//2512 2515//2515 
f 2516//2516 2517//2517 2518//2518 
f 2518//2518 2515//2515 2516//2516 
f 2517//2517 2516//2516 2519//2519 
f 2520//2520 2521//2521 2522//2522 
f 2522//2522 2519//2519 2520//2520 
f 2521//2521 2520//2520 2523//2523 
f 2524//2524 2525//2525 2526//2526 
f 2526//2526 2523//2523 2524//2524 
f 2524//2524 2527//2527 2525//2525 
f 2528//2528 2529//2529 2530//2530 
f 2530//2530 2531//2531 2528//2528 
f 2524//2524 2531//2531 2532//2532 
f 2532//2532 2527//2527 2524//2524 
f 2533//2533 2534//2534 2535//2535 
f 2535//2535 2528//2528 2533//2533 
f 2534//2534 2533//2533 2502//2502 
f 2502//2502 2536//2536 2534//2534 
f 2535//2535 2529//2529 2528//2528 
f 2530//2530 2532//2532 2531//2531 
f 2526//2526 2537//2537 2523//2523 
f 2523//2523 2537//2537 2521//2521 
f 2522//2522 2538//2538 2519//2519 
f 2519//2519 2538//2538 2517//2517 
f 2518//2518 2539//2539 2515//2515 
f 2515//2515 2539//2539 2513//2513 
f 2514//2514 2540//2540 2511//2511 
f 2511//2511 2540//2540 2509//2509 
f 2510//2510 2541//2541 2507//2507 
f 2507//2507 2541//2541 2505//2505 
f 2506//2506 2542//2542 2503//2503 
f 2503//2503 2542//2542 2500//2500 
f 2501//2501 2536//2536 2502//2502 
o mesh282
v 0.0170741 0.0240977 2.48046e-17 
v 0.0170741 0.023032 0.00535757 
v 0.0170741 0.0202399 0.0027176 
v 0.0170741 0.0199972 0.00989949 
v 0.0170741 0.0184279 0.006392 
v 0.0170741 0.023032 -0.00535757 
v 0.0170741 0.0205079 -0.00137053 
v 0.0170741 0.0100977 0.014 
v 0.0170741 0.00474014 0.0129343 
v 0.0170741 0.00738011 0.0101422 
v 0.0170741 0.000198216 0.00989949 
v 0.0170741 0.00370572 0.00833021 
v 0.0170741 -0.0028366 -0.00535757 
v 0.0170741 0.000198216 -0.00989949 
v 0.0170741 0.0017675 -0.006392 
v 0.0170741 0.00474014 -0.0129343 
v 0.0170741 0.00484771 -0.00909327 
v 0.0170741 0.0154553 -0.0129343 
v 0.0170741 0.0199972 -0.00989949 
v 0.0170741 0.0164897 -0.00833021 
v 0.0170741 0.019191 -0.00525 
v 0.0170741 0.0154553 0.0129343 
v 0.0170741 0.0153477 0.00909327 
v 0.0170741 0.0114682 0.0104102 
v 0.0170741 -0.0028366 0.00535757 
v 0.0170741 -0.00390229 -1.12649e-17 
v 0.0170741 -0.00031246 0.00137053 
v 0.0170741 0.0100977 -0.014 
v 0.0170741 0.00872719 -0.0104102 
v 0.0170741 0.0128153 -0.0101422 
v 0.0170741 0.00100444 0.00525 
v 0.0170741 -0.00202664 0.007 
v 0.0170741 -4.45105e-05 -0.0027176 
vn 1 0 0 
vn 1 0 0 
vn 1 0 0 
vn 1 0 0 
vn 1 0 0 
vn 1 0 0 
vn 1 0 0 
vn 1 0 0 
vn 1 0 0 
vn 1 0 0 
vn 1 0 0 
vn 1 0 0 
vn 1 0 0 
vn 1 0 0 
vn 1 0 0 
vn 1 0 0 
vn 1 0 0 
vn 1 0 0 
vn 1 0 0 
vn 1 0 0 
vn 1 0 0 
vn 1 0 0 
vn 1 0 0 
vn 1 0 0 
vn 1 0 0 
vn 1 0 0 
vn 1 0 0 
vn 1 0 0 
vn 1 0 0 
vn 1 0 0 
vn 1 0 0 
vn 1 0 0 
vn 1 0 0 
f 2543//2543 2544//2544 2545//2545 
f 2544//2544 2546//2546 2547//2547 
f 2548//2548 2543//2543 2549//2549 
f 2547//2547 2545//2545 2544//2544 
f 2550//2550 2551//2551 2552//2552 
f 2551//2551 2553//2553 2554//2554 
f 2555//2555 2556//2556 2557//2557 
f 2556//2556 2558//2558 2559//2559 
f 2560//2560 2561//2561 2562//2562 
f 2561//2561 2548//2548 2563//2563 
f 2545//2545 2549//2549 2543//2543 
f 2546//2546 2564//2564 2565//2565 
f 2564//2564 2550//2550 2566//2566 
f 2554//2554 2552//2552 2551//2551 
f 2567//2567 2568//2568 2569//2569 
f 2559//2559 2557//2557 2556//2556 
f 2558//2558 2570//2570 2571//2571 
f 2570//2570 2560//2560 2572//2572 
f 2563//2563 2562//2562 2561//2561 
f 2565//2565 2547//2547 2546//2546 
f 2552//2552 2566//2566 2550//2550 
f 2573//2573 2554//2554 2553//2553 
f 2573//2573 2574//2574 2567//2567 
f 2568//2568 2555//2555 2575//2575 
f 2571//2571 2559//2559 2558//2558 
f 2562//2562 2572//2572 2560//2560 
f 2566//2566 2565//2565 2564//2564 
f 2569//2569 2573//2573 2567//2567 
f 2557//2557 2575//2575 2555//2555 
f 2549//2549 2563//2563 2548//2548 
f 2575//2575 2569//2569 2568//2568 
f 2553//2553 2574//2574 2573//2573 
f 2572//2572 2571//2571 2570//2570 
o mesh283
v 0.0190741 0.00100444 0.00525 
v 0.0170741 0.00100444 0.00525 
v 0.0170741 -0.00031246 0.00137053 
v 0.0190741 -0.00031246 0.00137053 
v 0.0170741 -4.45105e-05 -0.0027176 
v 0.0190741 -4.45105e-05 -0.0027176 
v 0.0170741 0.0017675 -0.006392 
v 0.0190741 0.0017675 -0.006392 
v 0.0170741 0.00484771 -0.00909327 
v 0.0190741 0.00484771 -0.00909327 
v 0.0170741 0.00872719 -0.0104102 
v 0.0190741 0.00872719 -0.0104102 
v 0.0170741 0.0128153 -0.0101422 
v 0.0190741 0.0128153 -0.0101422 
v 0.0170741 0.0164897 -0.00833021 
v 0.0190741 0.0164897 -0.00833021 
v 0.0170741 0.019191 -0.00525 
v 0.0190741 0.019191 -0.00525 
v 0.0170741 0.0205079 -0.00137053 
v 0.0190741 0.0205079 -0.00137053 
v 0.0170741 0.0202399 0.0027176 
v 0.0190741 0.0202399 0.0027176 
v 0.0170741 0.0184279 0.006392 
v 0.0190741 0.0184279 0.006392 
v 0.0170741 0.0153477 0.00909327 
v 0.0190741 0.0153477 0.00909327 
v 0.0170741 0.0114682 0.0104102 
v 0.0190741 0.0114682 0.0104102 
v 0.0170741 0.00738011 0.0101422 
v 0.0190741 0.00738011 0.0101422 
v 0.0170741 0.00370572 0.00833021 
v 0.0190741 0.00370572 0.00833021 
vn 0 -0.866025 0.5 
vn 0 -0.866025 0.5 
vn 0 -0.991445 0.130526 
vn 0 -0.991445 0.130526 
vn 0 -0.965926 -0.258819 
vn 0 -0.965926 -0.258819 
vn 0 -0.793353 -0.608761 
vn 0 -0.793353 -0.608761 
vn 0 -0.5 -0.866025 
vn 0 -0.5 -0.866025 
vn 0 -0.130526 -0.991445 
vn 0 -0.130526 -0.991445 
vn 0 0.258819 -0.965926 
vn 0 0.258819 -0.965926 
vn 0 0.608761 -0.793353 
vn 0 0.608761 -0.793353 
vn 0 0.866025 -0.5 
vn 0 0.866025 -0.5 
vn 0 0.991445 -0.130526 
vn 0 0.991445 -0.130526 
vn 0 0.965926 0.258819 
vn 0 0.965926 0.258819 
vn 0 0.793353 0.608761 
vn 0 0.793353 0.608761 
vn 0 0.5 0.866025 
vn 0 0.5 0.866025 
vn 0 0.130526 0.991445 
vn 0 0.130526 0.991445 
vn 0 -0.258819 0.965926 
vn 0 -0.258819 0.965926 
vn 0 -0.608761 0.793353 
vn 0 -0.608761 0.793353 
f 2576//2576 2577//2577 2578//2578 
f 2579//2579 2578//2578 2580//2580 
f 2581//2581 2580//2580 2582//2582 
f 2583//2583 2582//2582 2584//2584 
f 2585//2585 2584//2584 2586//2586 
f 2587//2587 2586//2586 2588//2588 
f 2589//2589 2588//2588 2590//2590 
f 2591//2591 2590//2590 2592//2592 
f 2593//2593 2592//2592 2594//2594 
f 2595//2595 2594//2594 2596//2596 
f 2597//2597 2596//2596 2598//2598 
f 2599//2599 2598//2598 2600//2600 
f 2601//2601 2600//2600 2602//2602 
f 2603//2603 2602//2602 2604//2604 
f 2605//2605 2604//2604 2606//2606 
f 2607//2607 2606//2606 2577//2577 
f 2577//2577 2576//2576 2607//2607 
f 2606//2606 2607//2607 2605//2605 
f 2604//2604 2605//2605 2603//2603 
f 2602//2602 2603//2603 2601//2601 
f 2600//2600 2601//2601 2599//2599 
f 2598//2598 2599//2599 2597//2597 
f 2596//2596 2597//2597 2595//2595 
f 2594//2594 2595//2595 2593//2593 
f 2592//2592 2593//2593 2591//2591 
f 2590//2590 2591//2591 2589//2589 
f 2588//2588 2589//2589 2587//2587 
f 2586//2586 2587//2587 2585//2585 
f 2584//2584 2585//2585 2583//2583 
f 2582//2582 2583//2583 2581//2581 
f 2580//2580 2581//2581 2579//2579 
f 2578//2578 2579//2579 2576//2576 
o mesh284
v 0.0190741 0.0205079 -0.00137053 
v 0.0190741 0.0190977 1.61243e-17 
v 0.0190741 0.0184126 -0.00344415 
v 0.0190741 0.0202399 0.0027176 
v 0.0190741 0.0184126 0.00344415 
v 0.0190741 0.0184279 0.006392 
v 0.0190741 0.0164617 0.00636396 
v 0.0190741 0.0153477 0.00909327 
v 0.0190741 0.0135419 0.00831492 
v 0.0190741 0.0114682 0.0104102 
v 0.0190741 0.0100977 0.009 
v 0.0190741 0.00738011 0.0101422 
v 0.0190741 0.00665356 0.00831492 
v 0.0190741 0.00370572 0.00833021 
v 0.0190741 0.00373375 0.00636396 
v 0.0190741 0.00100444 0.00525 
v 0.0190741 0.00178279 0.00344415 
v 0.0190741 -0.00031246 0.00137053 
v 0.0190741 0.00109771 7.33747e-18 
v 0.0190741 -4.45105e-05 -0.0027176 
v 0.0190741 0.00178279 -0.00344415 
v 0.0190741 0.0017675 -0.006392 
v 0.0190741 0.00373375 -0.00636396 
v 0.0190741 0.0164897 -0.00833021 
v 0.0190741 0.0164617 -0.00636396 
v 0.0190741 0.0135419 -0.00831492 
v 0.0190741 0.019191 -0.00525 
v 0.0190741 0.00484771 -0.00909327 
v 0.0190741 0.00665356 -0.00831492 
v 0.0190741 0.0128153 -0.0101422 
v 0.0190741 0.0100977 -0.009 
v 0.0190741 0.00872719 -0.0104102 
vn 1 0 0 
vn 1 0 0 
vn 1 0 0 
vn 1 0 0 
vn 1 0 0 
vn 1 0 0 
vn 1 0 0 
vn 1 0 0 
vn 1 0 0 
vn 1 0 0 
vn 1 0 0 
vn 1 0 0 
vn 1 0 0 
vn 1 0 0 
vn 1 0 0 
vn 1 0 0 
vn 1 0 0 
vn 1 0 0 
vn 1 0 0 
vn 1 0 0 
vn 1 0 0 
vn 1 0 0 
vn 1 0 0 
vn 1 0 0 
vn 1 0 0 
vn 1 0 0 
vn 1 0 0 
vn 1 0 0 
vn 1 0 0 
vn 1 0 0 
vn 1 0 0 
vn 1 0 0 
f 2608//2608 2609//2609 2610//2610 
f 2611//2611 2612//2612 2609//2609 
f 2613//2613 2614//2614 2612//2612 
f 2615//2615 2616//2616 2614//2614 
f 2617//2617 2618//2618 2616//2616 
f 2619//2619 2620//2620 2618//2618 
f 2609//2609 2608//2608 2611//2611 
f 2614//2614 2613//2613 2615//2615 
f 2618//2618 2617//2617 2619//2619 
f 2621//2621 2622//2622 2620//2620 
f 2623//2623 2624//2624 2622//2622 
f 2625//2625 2626//2626 2624//2624 
f 2627//2627 2628//2628 2626//2626 
f 2629//2629 2630//2630 2628//2628 
f 2612//2612 2611//2611 2613//2613 
f 2620//2620 2619//2619 2621//2621 
f 2624//2624 2623//2623 2625//2625 
f 2628//2628 2627//2627 2629//2629 
f 2616//2616 2615//2615 2617//2617 
f 2626//2626 2625//2625 2627//2627 
f 2631//2631 2632//2632 2633//2633 
f 2634//2634 2610//2610 2632//2632 
f 2622//2622 2621//2621 2623//2623 
f 2635//2635 2636//2636 2630//2630 
f 2637//2637 2633//2633 2638//2638 
f 2632//2632 2631//2631 2634//2634 
f 2630//2630 2629//2629 2635//2635 
f 2639//2639 2638//2638 2636//2636 
f 2633//2633 2637//2637 2631//2631 
f 2636//2636 2635//2635 2639//2639 
f 2610//2610 2634//2634 2608//2608 
f 2638//2638 2639//2639 2637//2637 
o mesh285
v 0.0190741 0.00665356 -0.00831492 
v 0.0190741 0.0100977 -0.009 
v 0.0140741 0.0100977 -0.009 
v 0.0190741 0.00373375 -0.00636396 
v 0.0140741 0.00665356 -0.00831492 
v 0.0190741 0.00178279 -0.00344415 
v 0.0140741 0.00373375 -0.00636396 
v 0.0190741 0.00109771 7.33747e-18 
v 0.0140741 0.00178279 -0.00344415 
v 0.0190741 0.00178279 0.00344415 
v 0.0140741 0.00109771 7.33747e-18 
v 0.0190741 0.00373375 0.00636396 
v 0.0140741 0.00178279 0.00344415 
v 0.0190741 0.00665356 0.00831492 
v 0.0140741 0.00373375 0.00636396 
v 0.0190741 0.0100977 0.009 
v 0.0140741 0.00665356 0.00831492 
v 0.0190741 0.0135419 0.00831492 
v 0.0140741 0.0100977 0.009 
v 0.0190741 0.0164617 0.00636396 
v 0.0140741 0.0135419 0.00831492 
v 0.0190741 0.0184126 0.00344415 
v 0.0140741 0.0164617 0.00636396 
v 0.0190741 0.0190977 1.61243e-17 
v 0.0140741 0.0184126 0.00344415 
v 0.0190741 0.0184126 -0.00344415 
v 0.0140741 0.0190977 1.61243e-17 
v 0.0190741 0.0164617 -0.00636396 
v 0.0140741 0.0184126 -0.00344415 
v 0.0190741 0.0135419 -0.00831492 
v 0.0140741 0.0164617 -0.00636396 
v 0.0140741 0.0135419 -0.00831492 
vn 0 0.382683 0.92388 
vn 0 -5.78241e-16 1 
vn 0 -5.78241e-16 1 
vn 0 0.707107 0.707107 
vn 0 0.382683 0.92388 
vn 0 0.92388 0.382683 
vn 0 0.707107 0.707107 
vn 0 1 3.15903e-16 
vn 0 0.92388 0.382683 
vn 0 0.92388 -0.382683 
vn 0 1 3.15903e-16 
vn 0 0.707107 -0.707107 
vn 0 0.92388 -0.382683 
vn 0 0.382683 -0.92388 
vn 0 0.707107 -0.707107 
vn 0 3.77136e-16 -1 
vn 0 0.382683 -0.92388 
vn 0 -0.382683 -0.92388 
vn 0 3.77136e-16 -1 
vn 0 -0.707107 -0.707107 
vn 0 -0.382683 -0.92388 
vn 0 -0.92388 -0.382683 
vn 0 -0.707107 -0.707107 
vn 0 -1 -6.60413e-16 
vn 0 -0.92388 -0.382683 
vn 0 -0.92388 0.382683 
vn 0 -1 -6.60413e-16 
vn 0 -0.707107 0.707107 
vn 0 -0.92388 0.382683 
vn 0 -0.382683 0.92388 
vn 0 -0.707107 0.707107 
vn 0 -0.382683 0.92388 
f 2640//2640 2641//2641 2642//2642 
f 2643//2643 2640//2640 2644//2644 
f 2645//2645 2643//2643 2646//2646 
f 2647//2647 2645//2645 2648//2648 
f 2649//2649 2647//2647 2650//2650 
f 2651//2651 2649//2649 2652//2652 
f 2653//2653 2651//2651 2654//2654 
f 2655//2655 2653//2653 2656//2656 
f 2657//2657 2655//2655 2658//2658 
f 2659//2659 2657//2657 2660//2660 
f 2661//2661 2659//2659 2662//2662 
f 2663//2663 2661//2661 2664//2664 
f 2665//2665 2663//2663 2666//2666 
f 2667//2667 2665//2665 2668//2668 
f 2669//2669 2667//2667 2670//2670 
f 2641//2641 2669//2669 2671//2671 
f 2671//2671 2642//2642 2641//2641 
f 2670//2670 2671//2671 2669//2669 
f 2668//2668 2670//2670 2667//2667 
f 2666//2666 2668//2668 2665//2665 
f 2664//2664 2666//2666 2663//2663 
f 2662//2662 2664//2664 2661//2661 
f 2660//2660 2662//2662 2659//2659 
f 2658//2658 2660//2660 2657//2657 
f 2656//2656 2658//2658 2655//2655 
f 2654//2654 2656//2656 2653//2653 
f 2652//2652 2654//2654 2651//2651 
f 2650//2650 2652//2652 2649//2649 
f 2648//2648 2650//2650 2647//2647 
f 2646//2646 2648//2648 2645//2645 
f 2644//2644 2646//2646 2643//2643 
f 2642//2642 2644//2644 2640//2640 
o mesh286
v 0.0140741 0.023032 0.00535757 
v 0.0140741 0.0184126 0.00344415 
v 0.0140741 0.0164617 0.00636396 
v 0.0140741 0.0240977 2.48046e-17 
v 0.0140741 0.0190977 1.61243e-17 
v 0.0140741 0.0199972 0.00989949 
v 0.0140741 0.0135419 0.00831492 
v 0.0140741 -0.00390229 -1.12649e-17 
v 0.0140741 0.00109771 7.33747e-18 
v 0.0140741 0.00178279 -0.00344415 
v 0.0140741 -0.0028366 0.00535757 
v 0.0140741 0.00178279 0.00344415 
v 0.0140741 -0.00202664 0.007 
v 0.0140741 0.000198216 0.00989949 
v 0.0140741 0.00373375 0.00636396 
v 0.0140741 0.0154553 0.0129343 
v 0.0140741 0.0100977 0.009 
v 0.0140741 0.023032 -0.00535757 
v 0.0140741 0.0184126 -0.00344415 
v 0.0140741 0.0199972 -0.00989949 
v 0.0140741 0.0164617 -0.00636396 
v 0.0140741 0.0100977 -0.014 
v 0.0140741 0.0100977 -0.009 
v 0.0140741 0.0135419 -0.00831492 
v 0.0140741 0.00474014 -0.0129343 
v 0.0140741 0.00665356 -0.00831492 
v 0.0140741 0.000198216 -0.00989949 
v 0.0140741 0.00373375 -0.00636396 
v 0.0140741 -0.0028366 -0.00535757 
v 0.0140741 0.0154553 -0.0129343 
v 0.0140741 0.00474014 0.0129343 
v 0.0140741 0.00665356 0.00831492 
v 0.0140741 0.0100977 0.014 
vn -1 0 0 
vn -1 0 0 
vn -1 0 0 
vn -1 0 0 
vn -1 0 0 
vn -1 0 0 
vn -1 0 0 
vn -1 0 0 
vn -1 0 0 
vn -1 0 0 
vn -1 0 0 
vn -1 0 0 
vn -1 0 0 
vn -1 0 0 
vn -1 0 0 
vn -1 0 0 
vn -1 0 0 
vn -1 0 0 
vn -1 0 0 
vn -1 0 0 
vn -1 0 0 
vn -1 0 0 
vn -1 0 0 
vn -1 0 0 
vn -1 0 0 
vn -1 0 0 
vn -1 0 0 
vn -1 0 0 
vn -1 0 0 
vn -1 0 0 
vn -1 0 0 
vn -1 0 0 
vn -1 0 0 
f 2672//2672 2673//2673 2674//2674 
f 2675//2675 2676//2676 2673//2673 
f 2677//2677 2674//2674 2678//2678 
f 2673//2673 2672//2672 2675//2675 
f 2679//2679 2680//2680 2681//2681 
f 2682//2682 2683//2683 2680//2680 
f 2684//2684 2685//2685 2686//2686 
f 2687//2687 2678//2678 2688//2688 
f 2674//2674 2677//2677 2672//2672 
f 2689//2689 2690//2690 2676//2676 
f 2691//2691 2692//2692 2690//2690 
f 2693//2693 2694//2694 2695//2695 
f 2693//2693 2696//2696 2697//2697 
f 2698//2698 2699//2699 2697//2697 
f 2700//2700 2681//2681 2699//2699 
f 2680//2680 2679//2679 2682//2682 
f 2683//2683 2682//2682 2684//2684 
f 2678//2678 2687//2687 2677//2677 
f 2690//2690 2689//2689 2691//2691 
f 2701//2701 2695//2695 2692//2692 
f 2697//2697 2694//2694 2693//2693 
f 2699//2699 2698//2698 2700//2700 
f 2686//2686 2683//2683 2684//2684 
f 2702//2702 2703//2703 2686//2686 
f 2704//2704 2688//2688 2703//2703 
f 2676//2676 2675//2675 2689//2689 
f 2695//2695 2701//2701 2693//2693 
f 2681//2681 2700//2700 2679//2679 
f 2703//2703 2702//2702 2704//2704 
f 2692//2692 2691//2691 2701//2701 
f 2686//2686 2685//2685 2702//2702 
f 2697//2697 2696//2696 2698//2698 
f 2688//2688 2704//2704 2687//2687 
o mesh287
v -0.00192593 0.00474014 0.0129343 
v -0.00192593 0.0100977 0.014 
v 0.0140741 0.0100977 0.014 
v -0.00192593 0.000198216 0.00989949 
v 0.0140741 0.00474014 0.0129343 
v 0.0140741 0.000198216 0.00989949 
v 0.0140741 -0.00202664 0.007 
v -0.00192593 -0.0028366 0.00535757 
v -0.00192593 -0.00390229 -1.12649e-17 
v 0.0140741 -0.0028366 0.00535757 
v -0.00192593 -0.0028366 -0.00535757 
v 0.0140741 -0.00390229 -1.12649e-17 
v -0.00192593 0.000198216 -0.00989949 
v 0.0140741 -0.0028366 -0.00535757 
v -0.00192593 0.00474014 -0.0129343 
v 0.0140741 0.000198216 -0.00989949 
v -0.00192593 0.0100977 -0.014 
v 0.0140741 0.00474014 -0.0129343 
v -0.00192593 0.0154553 -0.0129343 
v 0.0140741 0.0100977 -0.014 
v -0.00192593 0.0199972 -0.00989949 
v 0.0140741 0.0154553 -0.0129343 
v -0.00192593 0.023032 -0.00535757 
v 0.0140741 0.0199972 -0.00989949 
v -0.00192593 0.0240977 2.48046e-17 
v 0.0140741 0.023032 -0.00535757 
v -0.00192593 0.023032 0.00535757 
v 0.0140741 0.0240977 2.48046e-17 
v -0.00192593 0.0199972 0.00989949 
v 0.0140741 0.023032 0.00535757 
v -0.00192593 0.0154553 0.0129343 
v 0.0140741 0.0199972 0.00989949 
v 0.0140741 0.0154553 0.0129343 
vn 0 0.382683 -0.92388 
vn 0 -9.91271e-16 -1 
vn 0 -9.91271e-16 -1 
vn 0 0.707107 -0.707107 
vn 0 0.382683 -0.92388 
vn 0 0.707107 -0.707107 
vn 0 0.866025 -0.5 
vn 0 0.92388 -0.382683 
vn 0 1 1.57148e-15 
vn 0 0.92388 -0.382683 
vn 0 0.92388 0.382683 
vn 0 1 1.57148e-15 
vn 0 0.707107 0.707107 
vn 0 0.92388 0.382683 
vn 0 0.382683 0.92388 
vn 0 0.707107 0.707107 
vn 0 -1.06615e-15 1 
vn 0 0.382683 0.92388 
vn 0 -0.382683 0.92388 
vn 0 -1.06615e-15 1 
vn 0 -0.707107 0.707107 
vn 0 -0.382683 0.92388 
vn 0 -0.92388 0.382683 
vn 0 -0.707107 0.707107 
vn 0 -1 -1.00492e-15 
vn 0 -0.92388 0.382683 
vn 0 -0.92388 -0.382683 
vn 0 -1 -1.00492e-15 
vn 0 -0.707107 -0.707107 
vn 0 -0.92388 -0.382683 
vn 0 -0.382683 -0.92388 
vn 0 -0.707107 -0.707107 
vn 0 -0.382683 -0.92388 
f 2705//2705 2706//2706 2707//2707 
f 2708//2708 2705//2705 2709//2709 
f 2708//2708 2710//2710 2711//2711 
f 2711//2711 2712//2712 2708//2708 
f 2713//2713 2712//2712 2714//2714 
f 2715//2715 2713//2713 2716//2716 
f 2717//2717 2715//2715 2718//2718 
f 2719//2719 2717//2717 2720//2720 
f 2721//2721 2719//2719 2722//2722 
f 2723//2723 2721//2721 2724//2724 
f 2725//2725 2723//2723 2726//2726 
f 2727//2727 2725//2725 2728//2728 
f 2729//2729 2727//2727 2730//2730 
f 2731//2731 2729//2729 2732//2732 
f 2733//2733 2731//2731 2734//2734 
f 2735//2735 2733//2733 2736//2736 
f 2706//2706 2735//2735 2737//2737 
f 2737//2737 2707//2707 2706//2706 
f 2736//2736 2737//2737 2735//2735 
f 2734//2734 2736//2736 2733//2733 
f 2732//2732 2734//2734 2731//2731 
f 2730//2730 2732//2732 2729//2729 
f 2728//2728 2730//2730 2727//2727 
f 2726//2726 2728//2728 2725//2725 
f 2724//2724 2726//2726 2723//2723 
f 2722//2722 2724//2724 2721//2721 
f 2720//2720 2722//2722 2719//2719 
f 2718//2718 2720//2720 2717//2717 
f 2716//2716 2718//2718 2715//2715 
f 2714//2714 2716//2716 2713//2713 
f 2711//2711 2714//2714 2712//2712 
f 2709//2709 2710//2710 2708//2708 
f 2707//2707 2709//2709 2705//2705 
o mesh288
v 0.0120741 0.0273094 -0.00782836 
v 0.0120741 0.0284574 -0.0076 
v 0.0140741 0.0284574 -0.0076 
v 0.0120741 0.0263361 -0.00847868 
v 0.0140741 0.0273094 -0.00782836 
v 0.0120741 0.0256858 -0.00945195 
v 0.0140741 0.0263361 -0.00847868 
v 0.0120741 0.0254574 -0.0106 
v 0.0140741 0.0256858 -0.00945195 
v 0.0120741 0.0256858 -0.0117481 
v 0.0140741 0.0254574 -0.0106 
v 0.0120741 0.0263361 -0.0127213 
v 0.0140741 0.0256858 -0.0117481 
v 0.0120741 0.0273094 -0.0133716 
v 0.0140741 0.0263361 -0.0127213 
v 0.0120741 0.0284574 -0.0136 
v 0.0140741 0.0273094 -0.0133716 
v 0.0140741 0.0284574 -0.0136 
v 0.0140741 0.0291656 -0.0134591 
v 0.0120741 0.0296055 -0.0133716 
v 0.0120741 0.0305788 -0.0127213 
v 0.0140741 0.0296055 -0.0133716 
v 0.0120741 0.0312291 -0.0117481 
v 0.0140741 0.0305788 -0.0127213 
v 0.0120741 0.0314574 -0.0106 
v 0.0140741 0.0312291 -0.0117481 
v 0.0140741 0.0314574 -0.0106 
v 0.0140741 0.0312932 -0.00977411 
v 0.0120741 0.0312291 -0.00945195 
v 0.0120741 0.0305788 -0.00847868 
v 0.0140741 0.0312291 -0.00945195 
v 0.0120741 0.0296055 -0.00782836 
v 0.0140741 0.0305788 -0.00847868 
v 0.0140741 0.0296055 -0.00782836 
vn 0 0.382683 -0.92388 
vn 0 0 -1 
vn 0 0 -1 
vn 0 0.707107 -0.707107 
vn 0 0.382683 -0.92388 
vn 0 0.92388 -0.382683 
vn 0 0.707107 -0.707107 
vn 0 1 6.83297e-16 
vn 0 0.92388 -0.382683 
vn 0 0.92388 0.382683 
vn 0 1 6.83297e-16 
vn 0 0.707107 0.707107 
vn 0 0.92388 0.382683 
vn 0 0.382683 0.92388 
vn 0 0.707107 0.707107 
vn 0 -1.77976e-16 1 
vn 0 0.382683 0.92388 
vn 0 -1.77976e-16 1 
vn 0 -0.240421 0.970669 
vn 0 -0.382683 0.92388 
vn 0 -0.707107 0.707107 
vn 0 -0.382683 0.92388 
vn 0 -0.92388 0.382683 
vn 0 -0.707107 0.707107 
vn 0 -1 1.05301e-16 
vn 0 -0.92388 0.382683 
vn 0 -1 1.05301e-16 
vn 0 -0.960109 -0.279627 
vn 0 -0.92388 -0.382683 
vn 0 -0.707107 -0.707107 
vn 0 -0.92388 -0.382683 
vn 0 -0.382683 -0.92388 
vn 0 -0.707107 -0.707107 
vn 0 -0.382683 -0.92388 
f 2738//2738 2739//2739 2740//2740 
f 2741//2741 2738//2738 2742//2742 
f 2743//2743 2741//2741 2744//2744 
f 2745//2745 2743//2743 2746//2746 
f 2747//2747 2745//2745 2748//2748 
f 2749//2749 2747//2747 2750//2750 
f 2751//2751 2749//2749 2752//2752 
f 2753//2753 2751//2751 2754//2754 
f 2753//2753 2755//2755 2756//2756 
f 2756//2756 2757//2757 2753//2753 
f 2758//2758 2757//2757 2759//2759 
f 2760//2760 2758//2758 2761//2761 
f 2762//2762 2760//2760 2763//2763 
f 2762//2762 2764//2764 2765//2765 
f 2765//2765 2766//2766 2762//2762 
f 2767//2767 2766//2766 2768//2768 
f 2769//2769 2767//2767 2770//2770 
f 2739//2739 2769//2769 2771//2771 
f 2771//2771 2740//2740 2739//2739 
f 2770//2770 2771//2771 2769//2769 
f 2768//2768 2770//2770 2767//2767 
f 2765//2765 2768//2768 2766//2766 
f 2763//2763 2764//2764 2762//2762 
f 2761//2761 2763//2763 2760//2760 
f 2759//2759 2761//2761 2758//2758 
f 2756//2756 2759//2759 2757//2757 
f 2754//2754 2755//2755 2753//2753 
f 2752//2752 2754//2754 2751//2751 
f 2750//2750 2752//2752 2749//2749 
f 2748//2748 2750//2750 2747//2747 
f 2746//2746 2748//2748 2745//2745 
f 2744//2744 2746//2746 2743//2743 
f 2742//2742 2744//2744 2741//2741 
f 2740//2740 2742//2742 2738//2738 
o mesh289
v 0.0120741 0.0305788 -0.00847868 
v 0.0120741 0.0298717 -0.00918579 
v 0.0120741 0.0303052 -0.00983463 
v 0.0120741 0.0296055 -0.00782836 
v 0.0120741 0.0292228 -0.00875224 
v 0.0120741 0.0263361 -0.00847868 
v 0.0120741 0.0256858 -0.00945195 
v 0.0120741 0.0266097 -0.00983463 
v 0.0120741 0.0254574 -0.0106 
v 0.0120741 0.0264574 -0.0106 
v 0.0120741 0.0284574 -0.0076 
v 0.0120741 0.0284574 -0.0086 
v 0.0120741 0.0270432 -0.00918579 
v 0.0120741 0.0276921 -0.00875224 
v 0.0120741 0.0256858 -0.0117481 
v 0.0120741 0.0266097 -0.0113654 
v 0.0120741 0.0263361 -0.0127213 
v 0.0120741 0.0270432 -0.0120142 
v 0.0120741 0.0296055 -0.0133716 
v 0.0120741 0.0292228 -0.0124478 
v 0.0120741 0.0284574 -0.0126 
v 0.0120741 0.0305788 -0.0127213 
v 0.0120741 0.0298717 -0.0120142 
v 0.0120741 0.0273094 -0.00782836 
v 0.0120741 0.0312291 -0.0117481 
v 0.0120741 0.0303052 -0.0113654 
v 0.0120741 0.0314574 -0.0106 
v 0.0120741 0.0304574 -0.0106 
v 0.0120741 0.0312291 -0.00945195 
v 0.0120741 0.0273094 -0.0133716 
v 0.0120741 0.0276921 -0.0124478 
v 0.0120741 0.0284574 -0.0136 
vn 1 0 0 
vn 1 0 0 
vn 1 0 0 
vn 1 0 0 
vn 1 0 0 
vn 1 0 0 
vn 1 0 0 
vn 1 0 0 
vn 1 0 0 
vn 1 0 0 
vn 1 0 0 
vn 1 0 0 
vn 1 0 0 
vn 1 0 0 
vn 1 0 0 
vn 1 0 0 
vn 1 0 0 
vn 1 0 0 
vn 1 0 0 
vn 1 0 0 
vn 1 0 0 
vn 1 0 0 
vn 1 0 0 
vn 1 0 0 
vn 1 0 0 
vn 1 0 0 
vn 1 0 0 
vn 1 0 0 
vn 1 0 0 
vn 1 0 0 
vn 1 0 0 
vn 1 0 0 
f 2772//2772 2773//2773 2774//2774 
f 2772//2772 2775//2775 2776//2776 
f 2777//2777 2778//2778 2779//2779 
f 2778//2778 2780//2780 2781//2781 
f 2776//2776 2773//2773 2772//2772 
f 2775//2775 2782//2782 2783//2783 
f 2777//2777 2784//2784 2785//2785 
f 2781//2781 2779//2779 2778//2778 
f 2780//2780 2786//2786 2787//2787 
f 2786//2786 2788//2788 2789//2789 
f 2790//2790 2791//2791 2792//2792 
f 2790//2790 2793//2793 2794//2794 
f 2783//2783 2776//2776 2775//2775 
f 2795//2795 2785//2785 2783//2783 
f 2779//2779 2784//2784 2777//2777 
f 2789//2789 2787//2787 2786//2786 
f 2794//2794 2791//2791 2790//2790 
f 2793//2793 2796//2796 2797//2797 
f 2798//2798 2799//2799 2797//2797 
f 2798//2798 2800//2800 2774//2774 
f 2783//2783 2782//2782 2795//2795 
f 2787//2787 2781//2781 2780//2780 
f 2801//2801 2802//2802 2789//2789 
f 2801//2801 2803//2803 2792//2792 
f 2797//2797 2794//2794 2793//2793 
f 2774//2774 2799//2799 2798//2798 
f 2785//2785 2795//2795 2777//2777 
f 2792//2792 2802//2802 2801//2801 
f 2797//2797 2796//2796 2798//2798 
f 2789//2789 2788//2788 2801//2801 
f 2774//2774 2800//2800 2772//2772 
f 2792//2792 2803//2803 2790//2790 
o mesh290
v 0.0120741 -0.00941008 -0.00782836 
v 0.0120741 -0.00826203 -0.0076 
v 0.0140741 -0.00826203 -0.0076 
v 0.0120741 -0.0103833 -0.00847868 
v 0.0140741 -0.00941008 -0.00782836 
v 0.0120741 -0.0110337 -0.00945195 
v 0.0140741 -0.0103833 -0.00847868 
v 0.0120741 -0.011262 -0.0106 
v 0.0140741 -0.0110337 -0.00945195 
v 0.0120741 -0.0110337 -0.0117481 
v 0.0140741 -0.011262 -0.0106 
v 0.0120741 -0.0103833 -0.0127213 
v 0.0140741 -0.0110337 -0.0117481 
v 0.0120741 -0.00941008 -0.0133716 
v 0.0140741 -0.0103833 -0.0127213 
v 0.0120741 -0.00826203 -0.0136 
v 0.0140741 -0.00941008 -0.0133716 
v 0.0120741 -0.00711398 -0.0133716 
v 0.0140741 -0.00826203 -0.0136 
v 0.0120741 -0.00614071 -0.0127213 
v 0.0140741 -0.00711398 -0.0133716 
v 0.0120741 -0.00549039 -0.0117481 
v 0.0140741 -0.00614071 -0.0127213 
v 0.0120741 -0.00526203 -0.0106 
v 0.0140741 -0.00549039 -0.0117481 
v 0.0120741 -0.00549039 -0.00945195 
v 0.0140741 -0.00526203 -0.0106 
v 0.0120741 -0.00614071 -0.00847868 
v 0.0140741 -0.00549039 -0.00945195 
v 0.0120741 -0.00711398 -0.00782836 
v 0.0140741 -0.00614071 -0.00847868 
v 0.0140741 -0.00711398 -0.00782836 
vn 0 0.382683 -0.92388 
vn 0 5.78241e-16 -1 
vn 0 5.78241e-16 -1 
vn 0 0.707107 -0.707107 
vn 0 0.382683 -0.92388 
vn 0 0.92388 -0.382683 
vn 0 0.707107 -0.707107 
vn 0 1 1.57148e-15 
vn 0 0.92388 -0.382683 
vn 0 0.92388 0.382683 
vn 0 1 1.57148e-15 
vn 0 0.707107 0.707107 
vn 0 0.92388 0.382683 
vn 0 0.382683 0.92388 
vn 0 0.707107 0.707107 
vn 0 -1.06615e-15 1 
vn 0 0.382683 0.92388 
vn 0 -0.382683 0.92388 
vn 0 -1.06615e-15 1 
vn 0 -0.707107 0.707107 
vn 0 -0.382683 0.92388 
vn 0 -0.92388 0.382683 
vn 0 -0.707107 0.707107 
vn 0 -1 -1.22697e-15 
vn 0 -0.92388 0.382683 
vn 0 -0.92388 -0.382683 
vn 0 -1 -1.22697e-15 
vn 0 -0.707107 -0.707107 
vn 0 -0.92388 -0.382683 
vn 0 -0.382683 -0.92388 
vn 0 -0.707107 -0.707107 
vn 0 -0.382683 -0.92388 
f 2804//2804 2805//2805 2806//2806 
f 2807//2807 2804//2804 2808//2808 
f 2809//2809 2807//2807 2810//2810 
f 2811//2811 2809//2809 2812//2812 
f 2813//2813 2811//2811 2814//2814 
f 2815//2815 2813//2813 2816//2816 
f 2817//2817 2815//2815 2818//2818 
f 2819//2819 2817//2817 2820//2820 
f 2821//2821 2819//2819 2822//2822 
f 2823//2823 2821//2821 2824//2824 
f 2825//2825 2823//2823 2826//2826 
f 2827//2827 2825//2825 2828//2828 
f 2829//2829 2827//2827 2830//2830 
f 2831//2831 2829//2829 2832//2832 
f 2833//2833 2831//2831 2834//2834 
f 2805//2805 2833//2833 2835//2835 
f 2835//2835 2806//2806 2805//2805 
f 2834//2834 2835//2835 2833//2833 
f 2832//2832 2834//2834 2831//2831 
f 2830//2830 2832//2832 2829//2829 
f 2828//2828 2830//2830 2827//2827 
f 2826//2826 2828//2828 2825//2825 
f 2824//2824 2826//2826 2823//2823 
f 2822//2822 2824//2824 2821//2821 
f 2820//2820 2822//2822 2819//2819 
f 2818//2818 2820//2820 2817//2817 
f 2816//2816 2818//2818 2815//2815 
f 2814//2814 2816//2816 2813//2813 
f 2812//2812 2814//2814 2811//2811 
f 2810//2810 2812//2812 2809//2809 
f 2808//2808 2810//2810 2807//2807 
f 2806//2806 2808//2808 2804//2804 
o mesh291
v 0.0120741 -0.00549039 -0.00945195 
v 0.0120741 -0.00614071 -0.00847868 
v 0.0120741 -0.00667532 -0.00938248 
v 0.0120741 -0.00711398 -0.00782836 
v 0.0120741 -0.00726203 -0.00886795 
v 0.0120741 -0.00826203 -0.0076 
v 0.0120741 -0.00800098 -0.00861711 
v 0.0120741 -0.00941008 -0.00782836 
v 0.0120741 -0.00877967 -0.00866815 
v 0.0120741 -0.0103833 -0.00847868 
v 0.0120741 -0.00947955 -0.00901329 
v 0.0120741 -0.0110337 -0.00945195 
v 0.0120741 -0.00999408 -0.0096 
v 0.0120741 -0.011262 -0.0106 
v 0.0120741 -0.0102449 -0.0103389 
v 0.0120741 -0.0110337 -0.0117481 
v 0.0120741 -0.0101939 -0.0111176 
v 0.0120741 -0.0103833 -0.0127213 
v 0.0120741 -0.00984873 -0.0118175 
v 0.0120741 -0.00614071 -0.0127213 
v 0.0120741 -0.00549039 -0.0117481 
v 0.0120741 -0.00652998 -0.0116 
v 0.0120741 -0.00526203 -0.0106 
v 0.0120741 -0.00627914 -0.0108611 
v 0.0120741 -0.00633018 -0.0100824 
v 0.0120741 -0.00941008 -0.0133716 
v 0.0120741 -0.00926203 -0.0123321 
v 0.0120741 -0.00826203 -0.0136 
v 0.0120741 -0.00852308 -0.0125829 
v 0.0120741 -0.00711398 -0.0133716 
v 0.0120741 -0.00774439 -0.0125319 
v 0.0120741 -0.00704451 -0.0121867 
vn 1 0 0 
vn 1 0 0 
vn 1 0 0 
vn 1 0 0 
vn 1 0 0 
vn 1 0 0 
vn 1 0 0 
vn 1 0 0 
vn 1 0 0 
vn 1 0 0 
vn 1 0 0 
vn 1 0 0 
vn 1 0 0 
vn 1 0 0 
vn 1 0 0 
vn 1 0 0 
vn 1 0 0 
vn 1 0 0 
vn 1 0 0 
vn 1 0 0 
vn 1 0 0 
vn 1 0 0 
vn 1 0 0 
vn 1 0 0 
vn 1 0 0 
vn 1 0 0 
vn 1 0 0 
vn 1 0 0 
vn 1 0 0 
vn 1 0 0 
vn 1 0 0 
vn 1 0 0 
f 2836//2836 2837//2837 2838//2838 
f 2837//2837 2839//2839 2840//2840 
f 2840//2840 2838//2838 2837//2837 
f 2839//2839 2841//2841 2842//2842 
f 2841//2841 2843//2843 2844//2844 
f 2843//2843 2845//2845 2846//2846 
f 2845//2845 2847//2847 2848//2848 
f 2847//2847 2849//2849 2850//2850 
f 2849//2849 2851//2851 2852//2852 
f 2851//2851 2853//2853 2854//2854 
f 2842//2842 2840//2840 2839//2839 
f 2846//2846 2844//2844 2843//2843 
f 2850//2850 2848//2848 2847//2847 
f 2854//2854 2852//2852 2851//2851 
f 2844//2844 2842//2842 2841//2841 
f 2852//2852 2850//2850 2849//2849 
f 2855//2855 2856//2856 2857//2857 
f 2856//2856 2858//2858 2859//2859 
f 2858//2858 2836//2836 2860//2860 
f 2848//2848 2846//2846 2845//2845 
f 2859//2859 2857//2857 2856//2856 
f 2838//2838 2860//2860 2836//2836 
f 2853//2853 2861//2861 2862//2862 
f 2861//2861 2863//2863 2864//2864 
f 2863//2863 2865//2865 2866//2866 
f 2865//2865 2855//2855 2867//2867 
f 2860//2860 2859//2859 2858//2858 
f 2864//2864 2862//2862 2861//2861 
f 2867//2867 2866//2866 2865//2865 
f 2862//2862 2854//2854 2853//2853 
f 2857//2857 2867//2867 2855//2855 
f 2866//2866 2864//2864 2863//2863 
o mesh292
v 0.0120741 0.00894966 0.0239716 
v 0.0120741 0.0100977 0.0242 
v 0.0140741 0.0100977 0.0242 
v 0.0120741 0.00797639 0.0233213 
v 0.0140741 0.00894966 0.0239716 
v 0.0120741 0.00732607 0.0223481 
v 0.0140741 0.00797639 0.0233213 
v 0.0120741 0.00709771 0.0212 
v 0.0140741 0.00732607 0.0223481 
v 0.0120741 0.00732607 0.0200519 
v 0.0140741 0.00709771 0.0212 
v 0.0120741 0.00797639 0.0190787 
v 0.0140741 0.00732607 0.0200519 
v 0.0120741 0.00894966 0.0184284 
v 0.0140741 0.00797639 0.0190787 
v 0.0120741 0.0100977 0.0182 
v 0.0140741 0.00894966 0.0184284 
v 0.0120741 0.0112458 0.0184284 
v 0.0140741 0.0100977 0.0182 
v 0.0120741 0.012219 0.0190787 
v 0.0140741 0.0112458 0.0184284 
v 0.0120741 0.0128693 0.0200519 
v 0.0140741 0.012219 0.0190787 
v 0.0120741 0.0130977 0.0212 
v 0.0140741 0.0128693 0.0200519 
v 0.0120741 0.0128693 0.0223481 
v 0.0140741 0.0130977 0.0212 
v 0.0120741 0.012219 0.0233213 
v 0.0140741 0.0128693 0.0223481 
v 0.0120741 0.0112458 0.0239716 
v 0.0140741 0.012219 0.0233213 
v 0.0140741 0.0112458 0.0239716 
vn 0 0.382683 -0.92388 
vn 0 5.78241e-16 -1 
vn 0 5.78241e-16 -1 
vn 0 0.707107 -0.707107 
vn 0 0.382683 -0.92388 
vn 0 0.92388 -0.382683 
vn 0 0.707107 -0.707107 
vn 0 1 1.57148e-15 
vn 0 0.92388 -0.382683 
vn 0 0.92388 0.382683 
vn 0 1 1.57148e-15 
vn 0 0.707107 0.707107 
vn 0 0.92388 0.382683 
vn 0 0.382683 0.92388 
vn 0 0.707107 0.707107 
vn 0 -1.06615e-15 1 
vn 0 0.382683 0.92388 
vn 0 -0.382683 0.92388 
vn 0 -1.06615e-15 1 
vn 0 -0.707107 0.707107 
vn 0 -0.382683 0.92388 
vn 0 -0.92388 0.382683 
vn 0 -0.707107 0.707107 
vn 0 -1 -1.22697e-15 
vn 0 -0.92388 0.382683 
vn 0 -0.92388 -0.382683 
vn 0 -1 -1.22697e-15 
vn 0 -0.707107 -0.707107 
vn 0 -0.92388 -0.382683 
vn 0 -0.382683 -0.92388 
vn 0 -0.707107 -0.707107 
vn 0 -0.382683 -0.92388 
f 2868//2868 2869//2869 2870//2870 
f 2871//2871 2868//2868 2872//2872 
f 2873//2873 2871//2871 2874//2874 
f 2875//2875 2873//2873 2876//2876 
f 2877//2877 2875//2875 2878//2878 
f 2879//2879 2877//2877 2880//2880 
f 2881//2881 2879//2879 2882//2882 
f 2883//2883 2881//2881 2884//2884 
f 2885//2885 2883//2883 2886//2886 
f 2887//2887 2885//2885 2888//2888 
f 2889//2889 2887//2887 2890//2890 
f 2891//2891 2889//2889 2892//2892 
f 2893//2893 2891//2891 2894//2894 
f 2895//2895 2893//2893 2896//2896 
f 2897//2897 2895//2895 2898//2898 
f 2869//2869 2897//2897 2899//2899 
f 2899//2899 2870//2870 2869//2869 
f 2898//2898 2899//2899 2897//2897 
f 2896//2896 2898//2898 2895//2895 
f 2894//2894 2896//2896 2893//2893 
f 2892//2892 2894//2894 2891//2891 
f 2890//2890 2892//2892 2889//2889 
f 2888//2888 2890//2890 2887//2887 
f 2886//2886 2888//2888 2885//2885 
f 2884//2884 2886//2886 2883//2883 
f 2882//2882 2884//2884 2881//2881 
f 2880//2880 2882//2882 2879//2879 
f 2878//2878 2880//2880 2877//2877 
f 2876//2876 2878//2878 2875//2875 
f 2874//2874 2876//2876 2873//2873 
f 2872//2872 2874//2874 2871//2871 
f 2870//2870 2872//2872 2868//2868 
o mesh293
v 0.0120741 0.0112458 0.0239716 
v 0.0120741 0.0106153 0.0231319 
v 0.0120741 0.0113152 0.0227867 
v 0.0120741 0.0100977 0.0242 
v 0.0120741 0.00983666 0.0231829 
v 0.0120741 0.012219 0.0190787 
v 0.0120741 0.0116844 0.0199825 
v 0.0120741 0.0110977 0.0194679 
v 0.0120741 0.0128693 0.0200519 
v 0.0120741 0.0120296 0.0206824 
v 0.0120741 0.0128693 0.0223481 
v 0.0120741 0.0118298 0.0222 
v 0.0120741 0.0120806 0.0214611 
v 0.0120741 0.012219 0.0233213 
v 0.0120741 0.00894966 0.0239716 
v 0.0120741 0.00909771 0.0229321 
v 0.0120741 0.00732607 0.0223481 
v 0.0120741 0.00816586 0.0217176 
v 0.0120741 0.008511 0.0224175 
v 0.0120741 0.00709771 0.0212 
v 0.0120741 0.00811482 0.0209389 
v 0.0120741 0.00732607 0.0200519 
v 0.0120741 0.00836566 0.0202 
v 0.0120741 0.00797639 0.0190787 
v 0.0120741 0.00888019 0.0196133 
v 0.0120741 0.00894966 0.0184284 
v 0.0120741 0.00958007 0.0192681 
v 0.0120741 0.0100977 0.0182 
v 0.0120741 0.0103588 0.0192171 
v 0.0120741 0.0130977 0.0212 
v 0.0120741 0.00797639 0.0233213 
v 0.0120741 0.0112458 0.0184284 
vn 1 0 0 
vn 1 0 0 
vn 1 0 0 
vn 1 0 0 
vn 1 0 0 
vn 1 0 0 
vn 1 0 0 
vn 1 0 0 
vn 1 0 0 
vn 1 0 0 
vn 1 0 0 
vn 1 0 0 
vn 1 0 0 
vn 1 0 0 
vn 1 0 0 
vn 1 0 0 
vn 1 0 0 
vn 1 0 0 
vn 1 0 0 
vn 1 0 0 
vn 1 0 0 
vn 1 0 0 
vn 1 0 0 
vn 1 0 0 
vn 1 0 0 
vn 1 0 0 
vn 1 0 0 
vn 1 0 0 
vn 1 0 0 
vn 1 0 0 
vn 1 0 0 
vn 1 0 0 
f 2900//2900 2901//2901 2902//2902 
f 2903//2903 2904//2904 2901//2901 
f 2905//2905 2906//2906 2907//2907 
f 2908//2908 2909//2909 2906//2906 
f 2910//2910 2911//2911 2912//2912 
f 2913//2913 2902//2902 2911//2911 
f 2901//2901 2900//2900 2903//2903 
f 2914//2914 2915//2915 2904//2904 
f 2916//2916 2917//2917 2918//2918 
f 2919//2919 2920//2920 2917//2917 
f 2921//2921 2922//2922 2920//2920 
f 2923//2923 2924//2924 2922//2922 
f 2925//2925 2926//2926 2924//2924 
f 2927//2927 2928//2928 2926//2926 
f 2906//2906 2905//2905 2908//2908 
f 2929//2929 2912//2912 2909//2909 
f 2911//2911 2910//2910 2913//2913 
f 2904//2904 2903//2903 2914//2914 
f 2930//2930 2918//2918 2915//2915 
f 2917//2917 2916//2916 2919//2919 
f 2922//2922 2921//2921 2923//2923 
f 2926//2926 2925//2925 2927//2927 
f 2909//2909 2908//2908 2929//2929 
f 2902//2902 2913//2913 2900//2900 
f 2918//2918 2930//2930 2916//2916 
f 2924//2924 2923//2923 2925//2925 
f 2912//2912 2929//2929 2910//2910 
f 2920//2920 2919//2919 2921//2921 
f 2931//2931 2907//2907 2928//2928 
f 2915//2915 2914//2914 2930//2930 
f 2907//2907 2931//2931 2905//2905 
f 2928//2928 2927//2927 2931//2931 
o mesh294
v 0.0120741 0.0273094 0.0133716 
v 0.0120741 0.0284574 0.0136 
v 0.0140741 0.0284574 0.0136 
v 0.0120741 0.0263361 0.0127213 
v 0.0140741 0.0273094 0.0133716 
v 0.0120741 0.0256858 0.0117481 
v 0.0140741 0.0263361 0.0127213 
v 0.0120741 0.0254574 0.0106 
v 0.0140741 0.0256858 0.0117481 
v 0.0120741 0.0256858 0.00945195 
v 0.0140741 0.0254574 0.0106 
v 0.0120741 0.0263361 0.00847868 
v 0.0140741 0.0256858 0.00945195 
v 0.0120741 0.0273094 0.00782836 
v 0.0140741 0.0263361 0.00847868 
v 0.0120741 0.0284574 0.0076 
v 0.0140741 0.0273094 0.00782836 
v 0.0120741 0.0296055 0.00782836 
v 0.0140741 0.0284574 0.0076 
v 0.0120741 0.0305788 0.00847868 
v 0.0140741 0.0296055 0.00782836 
v 0.0120741 0.0312291 0.00945195 
v 0.0140741 0.0305788 0.00847868 
v 0.0120741 0.0314574 0.0106 
v 0.0140741 0.0312291 0.00945195 
v 0.0120741 0.0312291 0.0117481 
v 0.0140741 0.0314574 0.0106 
v 0.0120741 0.0305788 0.0127213 
v 0.0140741 0.0312291 0.0117481 
v 0.0120741 0.0296055 0.0133716 
v 0.0140741 0.0305788 0.0127213 
v 0.0140741 0.0296055 0.0133716 
vn 0 0.382683 -0.92388 
vn 0 0 -1 
vn 0 0 -1 
vn 0 0.707107 -0.707107 
vn 0 0.382683 -0.92388 
vn 0 0.92388 -0.382683 
vn 0 0.707107 -0.707107 
vn 0 1 6.83297e-16 
vn 0 0.92388 -0.382683 
vn 0 0.92388 0.382683 
vn 0 1 6.83297e-16 
vn 0 0.707107 0.707107 
vn 0 0.92388 0.382683 
vn 0 0.382683 0.92388 
vn 0 0.707107 0.707107 
vn 0 -1.77976e-16 1 
vn 0 0.382683 0.92388 
vn 0 -0.382683 0.92388 
vn 0 -1.77976e-16 1 
vn 0 -0.707107 0.707107 
vn 0 -0.382683 0.92388 
vn 0 -0.92388 0.382683 
vn 0 -0.707107 0.707107 
vn 0 -1 1.05301e-16 
vn 0 -0.92388 0.382683 
vn 0 -0.92388 -0.382683 
vn 0 -1 1.05301e-16 
vn 0 -0.707107 -0.707107 
vn 0 -0.92388 -0.382683 
vn 0 -0.382683 -0.92388 
vn 0 -0.707107 -0.707107 
vn 0 -0.382683 -0.92388 
f 2932//2932 2933//2933 2934//2934 
f 2935//2935 2932//2932 2936//2936 
f 2937//2937 2935//2935 2938//2938 
f 2939//2939 2937//2937 2940//2940 
f 2941//2941 2939//2939 2942//2942 
f 2943//2943 2941//2941 2944//2944 
f 2945//2945 2943//2943 2946//2946 
f 2947//2947 2945//2945 2948//2948 
f 2949//2949 2947//2947 2950//2950 
f 2951//2951 2949//2949 2952//2952 
f 2953//2953 2951//2951 2954//2954 
f 2955//2955 2953//2953 2956//2956 
f 2957//2957 2955//2955 2958//2958 
f 2959//2959 2957//2957 2960//2960 
f 2961//2961 2959//2959 2962//2962 
f 2933//2933 2961//2961 2963//2963 
f 2963//2963 2934//2934 2933//2933 
f 2962//2962 2963//2963 2961//2961 
f 2960//2960 2962//2962 2959//2959 
f 2958//2958 2960//2960 2957//2957 
f 2956//2956 2958//2958 2955//2955 
f 2954//2954 2956//2956 2953//2953 
f 2952//2952 2954//2954 2951//2951 
f 2950//2950 2952//2952 2949//2949 
f 2948//2948 2950//2950 2947//2947 
f 2946//2946 2948//2948 2945//2945 
f 2944//2944 2946//2946 2943//2943 
f 2942//2942 2944//2944 2941//2941 
f 2940//2940 2942//2942 2939//2939 
f 2938//2938 2940//2940 2937//2937 
f 2936//2936 2938//2938 2935//2935 
f 2934//2934 2936//2936 2932//2932 
o mesh295
v 0.0120741 0.0312291 0.00945195 
v 0.0120741 0.0314574 0.0106 
v 0.0120741 0.0304403 0.0103389 
v 0.0120741 0.0312291 0.0117481 
v 0.0120741 0.0303893 0.0111176 
v 0.0120741 0.0305788 0.00847868 
v 0.0120741 0.0301895 0.0096 
v 0.0120741 0.0305788 0.0127213 
v 0.0120741 0.0300442 0.0118175 
v 0.0120741 0.0296055 0.0133716 
v 0.0120741 0.0294574 0.0123321 
v 0.0120741 0.0273094 0.0133716 
v 0.0120741 0.0263361 0.0127213 
v 0.0120741 0.0272399 0.0121867 
v 0.0120741 0.0256858 0.0117481 
v 0.0120741 0.0267254 0.0116 
v 0.0120741 0.0254574 0.0106 
v 0.0120741 0.0264746 0.0108611 
v 0.0120741 0.0256858 0.00945195 
v 0.0120741 0.0265256 0.0100824 
v 0.0120741 0.0284574 0.0136 
v 0.0120741 0.0287185 0.0125829 
v 0.0120741 0.0279398 0.0125319 
v 0.0120741 0.0263361 0.00847868 
v 0.0120741 0.0268707 0.00938248 
v 0.0120741 0.0273094 0.00782836 
v 0.0120741 0.0274574 0.00886795 
v 0.0120741 0.0284574 0.0076 
v 0.0120741 0.0296055 0.00782836 
v 0.0120741 0.0289751 0.00866815 
v 0.0120741 0.029675 0.00901329 
v 0.0120741 0.0281964 0.00861711 
vn 1 0 0 
vn 1 0 0 
vn 1 0 0 
vn 1 0 0 
vn 1 0 0 
vn 1 0 0 
vn 1 0 0 
vn 1 0 0 
vn 1 0 0 
vn 1 0 0 
vn 1 0 0 
vn 1 0 0 
vn 1 0 0 
vn 1 0 0 
vn 1 0 0 
vn 1 0 0 
vn 1 0 0 
vn 1 0 0 
vn 1 0 0 
vn 1 0 0 
vn 1 0 0 
vn 1 0 0 
vn 1 0 0 
vn 1 0 0 
vn 1 0 0 
vn 1 0 0 
vn 1 0 0 
vn 1 0 0 
vn 1 0 0 
vn 1 0 0 
vn 1 0 0 
vn 1 0 0 
f 2964//2964 2965//2965 2966//2966 
f 2965//2965 2967//2967 2968//2968 
f 2969//2969 2964//2964 2970//2970 
f 2968//2968 2966//2966 2965//2965 
f 2967//2967 2971//2971 2972//2972 
f 2971//2971 2973//2973 2974//2974 
f 2975//2975 2976//2976 2977//2977 
f 2976//2976 2978//2978 2979//2979 
f 2978//2978 2980//2980 2981//2981 
f 2980//2980 2982//2982 2983//2983 
f 2966//2966 2970//2970 2964//2964 
f 2974//2974 2972//2972 2971//2971 
f 2973//2973 2984//2984 2985//2985 
f 2984//2984 2975//2975 2986//2986 
f 2979//2979 2977//2977 2976//2976 
f 2983//2983 2981//2981 2980//2980 
f 2982//2982 2987//2987 2988//2988 
f 2987//2987 2989//2989 2990//2990 
f 2972//2972 2968//2968 2967//2967 
f 2986//2986 2985//2985 2984//2984 
f 2981//2981 2979//2979 2978//2978 
f 2990//2990 2988//2988 2987//2987 
f 2985//2985 2974//2974 2973//2973 
f 2988//2988 2983//2983 2982//2982 
f 2991//2991 2992//2992 2993//2993 
f 2992//2992 2969//2969 2994//2994 
f 2977//2977 2986//2986 2975//2975 
f 2989//2989 2991//2991 2995//2995 
f 2994//2994 2993//2993 2992//2992 
f 2995//2995 2990//2990 2989//2989 
f 2970//2970 2994//2994 2969//2969 
f 2993//2993 2995//2995 2991//2991 
o mesh296
v 0.0120741 -0.00826203 0.0136 
v 0.0140741 -0.00826203 0.0136 
v 0.0140741 -0.0089702 0.0134591 
v 0.0120741 -0.00941008 0.0133716 
v 0.0120741 -0.0103833 0.0127213 
v 0.0140741 -0.00941008 0.0133716 
v 0.0120741 -0.0110337 0.0117481 
v 0.0140741 -0.0103833 0.0127213 
v 0.0120741 -0.011262 0.0106 
v 0.0140741 -0.0110337 0.0117481 
v 0.0140741 -0.011262 0.0106 
v 0.0140741 -0.0110977 0.00977411 
v 0.0120741 -0.0110337 0.00945195 
v 0.0120741 -0.0103833 0.00847868 
v 0.0140741 -0.0110337 0.00945195 
v 0.0120741 -0.00941008 0.00782836 
v 0.0140741 -0.0103833 0.00847868 
v 0.0120741 -0.00826203 0.0076 
v 0.0140741 -0.00941008 0.00782836 
v 0.0120741 -0.00711398 0.00782836 
v 0.0140741 -0.00826203 0.0076 
v 0.0120741 -0.00614071 0.00847868 
v 0.0140741 -0.00711398 0.00782836 
v 0.0120741 -0.00549039 0.00945195 
v 0.0140741 -0.00614071 0.00847868 
v 0.0120741 -0.00526203 0.0106 
v 0.0140741 -0.00549039 0.00945195 
v 0.0120741 -0.00549039 0.0117481 
v 0.0140741 -0.00526203 0.0106 
v 0.0120741 -0.00614071 0.0127213 
v 0.0140741 -0.00549039 0.0117481 
v 0.0120741 -0.00711398 0.0133716 
v 0.0140741 -0.00614071 0.0127213 
v 0.0140741 -0.00711398 0.0133716 
vn 0 5.78241e-16 -1 
vn 0 5.78241e-16 -1 
vn 0 0.240421 -0.970669 
vn 0 0.382683 -0.92388 
vn 0 0.707107 -0.707107 
vn 0 0.382683 -0.92388 
vn 0 0.92388 -0.382683 
vn 0 0.707107 -0.707107 
vn 0 1 1.57148e-15 
vn 0 0.92388 -0.382683 
vn 0 1 1.57148e-15 
vn 0 0.960109 0.279627 
vn 0 0.92388 0.382683 
vn 0 0.707107 0.707107 
vn 0 0.92388 0.382683 
vn 0 0.382683 0.92388 
vn 0 0.707107 0.707107 
vn 0 -1.06615e-15 1 
vn 0 0.382683 0.92388 
vn 0 -0.382683 0.92388 
vn 0 -1.06615e-15 1 
vn 0 -0.707107 0.707107 
vn 0 -0.382683 0.92388 
vn 0 -0.92388 0.382683 
vn 0 -0.707107 0.707107 
vn 0 -1 -1.22697e-15 
vn 0 -0.92388 0.382683 
vn 0 -0.92388 -0.382683 
vn 0 -1 -1.22697e-15 
vn 0 -0.707107 -0.707107 
vn 0 -0.92388 -0.382683 
vn 0 -0.382683 -0.92388 
vn 0 -0.707107 -0.707107 
vn 0 -0.382683 -0.92388 
f 2996//2996 2997//2997 2998//2998 
f 2998//2998 2999//2999 2996//2996 
f 3000//3000 2999//2999 3001//3001 
f 3002//3002 3000//3000 3003//3003 
f 3004//3004 3002//3002 3005//3005 
f 3004//3004 3006//3006 3007//3007 
f 3007//3007 3008//3008 3004//3004 
f 3009//3009 3008//3008 3010//3010 
f 3011//3011 3009//3009 3012//3012 
f 3013//3013 3011//3011 3014//3014 
f 3015//3015 3013//3013 3016//3016 
f 3017//3017 3015//3015 3018//3018 
f 3019//3019 3017//3017 3020//3020 
f 3021//3021 3019//3019 3022//3022 
f 3023//3023 3021//3021 3024//3024 
f 3025//3025 3023//3023 3026//3026 
f 3027//3027 3025//3025 3028//3028 
f 2996//2996 3027//3027 3029//3029 
f 3029//3029 2997//2997 2996//2996 
f 3028//3028 3029//3029 3027//3027 
f 3026//3026 3028//3028 3025//3025 
f 3024//3024 3026//3026 3023//3023 
f 3022//3022 3024//3024 3021//3021 
f 3020//3020 3022//3022 3019//3019 
f 3018//3018 3020//3020 3017//3017 
f 3016//3016 3018//3018 3015//3015 
f 3014//3014 3016//3016 3013//3013 
f 3012//3012 3014//3014 3011//3011 
f 3010//3010 3012//3012 3009//3009 
f 3007//3007 3010//3010 3008//3008 
f 3005//3005 3006//3006 3004//3004 
f 3003//3003 3005//3005 3002//3002 
f 3001//3001 3003//3003 3000//3000 
f 2998//2998 3001//3001 2999//2999 
o mesh297
v 0.0120741 -0.00549039 0.00945195 
v 0.0120741 -0.00641427 0.00983463 
v 0.0120741 -0.00684781 0.00918579 
v 0.0120741 -0.00526203 0.0106 
v 0.0120741 -0.00626203 0.0106 
v 0.0120741 -0.00614071 0.0127213 
v 0.0120741 -0.00711398 0.0133716 
v 0.0120741 -0.00749666 0.0124478 
v 0.0120741 -0.00826203 0.0136 
v 0.0120741 -0.00826203 0.0126 
v 0.0120741 -0.00549039 0.0117481 
v 0.0120741 -0.00641427 0.0113654 
v 0.0120741 -0.00684781 0.0120142 
v 0.0120741 -0.00941008 0.0133716 
v 0.0120741 -0.00902739 0.0124478 
v 0.0120741 -0.0103833 0.0127213 
v 0.0120741 -0.00967624 0.0120142 
v 0.0120741 -0.0110337 0.0117481 
v 0.0120741 -0.0101098 0.0113654 
v 0.0120741 -0.011262 0.0106 
v 0.0120741 -0.010262 0.0106 
v 0.0120741 -0.0110337 0.00945195 
v 0.0120741 -0.0101098 0.00983463 
v 0.0120741 -0.0103833 0.00847868 
v 0.0120741 -0.00967624 0.00918579 
v 0.0120741 -0.00711398 0.00782836 
v 0.0120741 -0.00749666 0.00875224 
v 0.0120741 -0.00826203 0.0086 
v 0.0120741 -0.00614071 0.00847868 
v 0.0120741 -0.00941008 0.00782836 
v 0.0120741 -0.00902739 0.00875224 
v 0.0120741 -0.00826203 0.0076 
vn 1 0 0 
vn 1 0 0 
vn 1 0 0 
vn 1 0 0 
vn 1 0 0 
vn 1 0 0 
vn 1 0 0 
vn 1 0 0 
vn 1 0 0 
vn 1 0 0 
vn 1 0 0 
vn 1 0 0 
vn 1 0 0 
vn 1 0 0 
vn 1 0 0 
vn 1 0 0 
vn 1 0 0 
vn 1 0 0 
vn 1 0 0 
vn 1 0 0 
vn 1 0 0 
vn 1 0 0 
vn 1 0 0 
vn 1 0 0 
vn 1 0 0 
vn 1 0 0 
vn 1 0 0 
vn 1 0 0 
vn 1 0 0 
vn 1 0 0 
vn 1 0 0 
vn 1 0 0 
f 3030//3030 3031//3031 3032//3032 
f 3033//3033 3034//3034 3031//3031 
f 3035//3035 3036//3036 3037//3037 
f 3036//3036 3038//3038 3039//3039 
f 3031//3031 3030//3030 3033//3033 
f 3033//3033 3040//3040 3041//3041 
f 3040//3040 3035//3035 3042//3042 
f 3039//3039 3037//3037 3036//3036 
f 3038//3038 3043//3043 3044//3044 
f 3043//3043 3045//3045 3046//3046 
f 3041//3041 3034//3034 3033//3033 
f 3037//3037 3042//3042 3035//3035 
f 3046//3046 3044//3044 3043//3043 
f 3045//3045 3047//3047 3048//3048 
f 3042//3042 3041//3041 3040//3040 
f 3048//3048 3046//3046 3045//3045 
f 3044//3044 3039//3039 3038//3038 
f 3047//3047 3049//3049 3050//3050 
f 3049//3049 3051//3051 3052//3052 
f 3053//3053 3054//3054 3052//3052 
f 3055//3055 3056//3056 3057//3057 
f 3058//3058 3032//3032 3056//3056 
f 3050//3050 3048//3048 3047//3047 
f 3052//3052 3051//3051 3053//3053 
f 3056//3056 3055//3055 3058//3058 
f 3052//3052 3050//3050 3049//3049 
f 3059//3059 3060//3060 3054//3054 
f 3061//3061 3057//3057 3060//3060 
f 3032//3032 3058//3058 3030//3030 
f 3060//3060 3059//3059 3061//3061 
f 3054//3054 3053//3053 3059//3059 
f 3057//3057 3061//3061 3055//3055 
o mesh298
v 0.0120741 0.00894966 -0.0184284 
v 0.0120741 0.0100977 -0.0182 
v 0.0140741 0.0100977 -0.0182 
v 0.0120741 0.00797639 -0.0190787 
v 0.0140741 0.00894966 -0.0184284 
v 0.0120741 0.00732607 -0.0200519 
v 0.0140741 0.00797639 -0.0190787 
v 0.0120741 0.00709771 -0.0212 
v 0.0140741 0.00732607 -0.0200519 
v 0.0120741 0.00732607 -0.0223481 
v 0.0140741 0.00709771 -0.0212 
v 0.0120741 0.00797639 -0.0233213 
v 0.0140741 0.00732607 -0.0223481 
v 0.0120741 0.00894966 -0.0239716 
v 0.0140741 0.00797639 -0.0233213 
v 0.0120741 0.0100977 -0.0242 
v 0.0140741 0.00894966 -0.0239716 
v 0.0120741 0.0112458 -0.0239716 
v 0.0140741 0.0100977 -0.0242 
v 0.0120741 0.012219 -0.0233213 
v 0.0140741 0.0112458 -0.0239716 
v 0.0120741 0.0128693 -0.0223481 
v 0.0140741 0.012219 -0.0233213 
v 0.0120741 0.0130977 -0.0212 
v 0.0140741 0.0128693 -0.0223481 
v 0.0120741 0.0128693 -0.0200519 
v 0.0140741 0.0130977 -0.0212 
v 0.0120741 0.012219 -0.0190787 
v 0.0140741 0.0128693 -0.0200519 
v 0.0120741 0.0112458 -0.0184284 
v 0.0140741 0.012219 -0.0190787 
v 0.0140741 0.0112458 -0.0184284 
vn 0 0.382683 -0.92388 
vn 0 5.78241e-16 -1 
vn 0 5.78241e-16 -1 
vn 0 0.707107 -0.707107 
vn 0 0.382683 -0.92388 
vn 0 0.92388 -0.382683 
vn 0 0.707107 -0.707107 
vn 0 1 1.57148e-15 
vn 0 0.92388 -0.382683 
vn 0 0.92388 0.382683 
vn 0 1 1.57148e-15 
vn 0 0.707107 0.707107 
vn 0 0.92388 0.382683 
vn 0 0.382683 0.92388 
vn 0 0.707107 0.707107 
vn 0 -1.06615e-15 1 
vn 0 0.382683 0.92388 
vn 0 -0.382683 0.92388 
vn 0 -1.06615e-15 1 
vn 0 -0.707107 0.707107 
vn 0 -0.382683 0.92388 
vn 0 -0.92388 0.382683 
vn 0 -0.707107 0.707107 
vn 0 -1 -1.22697e-15 
vn 0 -0.92388 0.382683 
vn 0 -0.92388 -0.382683 
vn 0 -1 -1.22697e-15 
vn 0 -0.707107 -0.707107 
vn 0 -0.92388 -0.382683 
vn 0 -0.382683 -0.92388 
vn 0 -0.707107 -0.707107 
vn 0 -0.382683 -0.92388 
f 3062//3062 3063//3063 3064//3064 
f 3065//3065 3062//3062 3066//3066 
f 3067//3067 3065//3065 3068//3068 
f 3069//3069 3067//3067 3070//3070 
f 3071//3071 3069//3069 3072//3072 
f 3073//3073 3071//3071 3074//3074 
f 3075//3075 3073//3073 3076//3076 
f 3077//3077 3075//3075 3078//3078 
f 3079//3079 3077//3077 3080//3080 
f 3081//3081 3079//3079 3082//3082 
f 3083//3083 3081//3081 3084//3084 
f 3085//3085 3083//3083 3086//3086 
f 3087//3087 3085//3085 3088//3088 
f 3089//3089 3087//3087 3090//3090 
f 3091//3091 3089//3089 3092//3092 
f 3063//3063 3091//3091 3093//3093 
f 3093//3093 3064//3064 3063//3063 
f 3092//3092 3093//3093 3091//3091 
f 3090//3090 3092//3092 3089//3089 
f 3088//3088 3090//3090 3087//3087 
f 3086//3086 3088//3088 3085//3085 
f 3084//3084 3086//3086 3083//3083 
f 3082//3082 3084//3084 3081//3081 
f 3080//3080 3082//3082 3079//3079 
f 3078//3078 3080//3080 3077//3077 
f 3076//3076 3078//3078 3075//3075 
f 3074//3074 3076//3076 3073//3073 
f 3072//3072 3074//3074 3071//3071 
f 3070//3070 3072//3072 3069//3069 
f 3068//3068 3070//3070 3067//3067 
f 3066//3066 3068//3068 3065//3065 
f 3064//3064 3066//3066 3062//3062 
o mesh299
v 0.0120741 0.0112458 -0.0239716 
v 0.0120741 0.0110977 -0.0229321 
v 0.0120741 0.0103588 -0.0231829 
v 0.0120741 0.012219 -0.0233213 
v 0.0120741 0.0116844 -0.0224175 
v 0.0120741 0.0100977 -0.0182 
v 0.0120741 0.00983666 -0.0192171 
v 0.0120741 0.0106153 -0.0192681 
v 0.0120741 0.00894966 -0.0184284 
v 0.0120741 0.00909771 -0.0194679 
v 0.0120741 0.00797639 -0.0190787 
v 0.0120741 0.008511 -0.0199825 
v 0.0120741 0.00732607 -0.0200519 
v 0.0120741 0.00816586 -0.0206824 
v 0.0120741 0.0128693 -0.0223481 
v 0.0120741 0.0120296 -0.0217176 
v 0.0120741 0.0128693 -0.0200519 
v 0.0120741 0.0118298 -0.0202 
v 0.0120741 0.0120806 -0.0209389 
v 0.0120741 0.012219 -0.0190787 
v 0.0120741 0.0113152 -0.0196133 
v 0.0120741 0.00797639 -0.0233213 
v 0.0120741 0.00888019 -0.0227867 
v 0.0120741 0.00836566 -0.0222 
v 0.0120741 0.00894966 -0.0239716 
v 0.0120741 0.00958007 -0.0231319 
v 0.0120741 0.0130977 -0.0212 
v 0.0120741 0.0112458 -0.0184284 
v 0.0120741 0.00709771 -0.0212 
v 0.0120741 0.00811482 -0.0214611 
v 0.0120741 0.00732607 -0.0223481 
v 0.0120741 0.0100977 -0.0242 
vn 1 0 0 
vn 1 0 0 
vn 1 0 0 
vn 1 0 0 
vn 1 0 0 
vn 1 0 0 
vn 1 0 0 
vn 1 0 0 
vn 1 0 0 
vn 1 0 0 
vn 1 0 0 
vn 1 0 0 
vn 1 0 0 
vn 1 0 0 
vn 1 0 0 
vn 1 0 0 
vn 1 0 0 
vn 1 0 0 
vn 1 0 0 
vn 1 0 0 
vn 1 0 0 
vn 1 0 0 
vn 1 0 0 
vn 1 0 0 
vn 1 0 0 
vn 1 0 0 
vn 1 0 0 
vn 1 0 0 
vn 1 0 0 
vn 1 0 0 
vn 1 0 0 
vn 1 0 0 
f 3094//3094 3095//3095 3096//3096 
f 3097//3097 3098//3098 3095//3095 
f 3099//3099 3100//3100 3101//3101 
f 3102//3102 3103//3103 3100//3100 
f 3104//3104 3105//3105 3103//3103 
f 3106//3106 3107//3107 3105//3105 
f 3095//3095 3094//3094 3097//3097 
f 3108//3108 3109//3109 3098//3098 
f 3110//3110 3111//3111 3112//3112 
f 3113//3113 3114//3114 3111//3111 
f 3100//3100 3099//3099 3102//3102 
f 3105//3105 3104//3104 3106//3106 
f 3115//3115 3116//3116 3117//3117 
f 3118//3118 3119//3119 3116//3116 
f 3098//3098 3097//3097 3108//3108 
f 3120//3120 3112//3112 3109//3109 
f 3111//3111 3110//3110 3113//3113 
f 3121//3121 3101//3101 3114//3114 
f 3103//3103 3102//3102 3104//3104 
f 3122//3122 3123//3123 3107//3107 
f 3124//3124 3117//3117 3123//3123 
f 3116//3116 3115//3115 3118//3118 
f 3109//3109 3108//3108 3120//3120 
f 3114//3114 3113//3113 3121//3121 
f 3107//3107 3106//3106 3122//3122 
f 3117//3117 3124//3124 3115//3115 
f 3112//3112 3120//3120 3110//3110 
f 3123//3123 3122//3122 3124//3124 
f 3101//3101 3121//3121 3099//3099 
f 3125//3125 3096//3096 3119//3119 
f 3119//3119 3118//3118 3125//3125 
f 3096//3096 3125//3125 3094//3094 
o mesh300
v -0.0149259 0.0276921 -0.00875224 
v -0.0149259 0.0284574 -0.0086 
v 0.0120741 0.0284574 -0.0086 
v -0.0149259 0.0270432 -0.00918579 
v 0.0120741 0.0276921 -0.00875224 
v -0.0149259 0.0266097 -0.00983463 
v 0.0120741 0.0270432 -0.00918579 
v -0.0149259 0.0264574 -0.0106 
v 0.0120741 0.0266097 -0.00983463 
v -0.0149259 0.0266097 -0.0113654 
v 0.0120741 0.0264574 -0.0106 
v -0.0149259 0.0270432 -0.0120142 
v 0.0120741 0.0266097 -0.0113654 
v -0.0149259 0.0276921 -0.0124478 
v 0.0120741 0.0270432 -0.0120142 
v -0.0149259 0.0284574 -0.0126 
v 0.0120741 0.0276921 -0.0124478 
v -0.0149259 0.0292228 -0.0124478 
v 0.0120741 0.0284574 -0.0126 
v -0.0149259 0.0298717 -0.0120142 
v 0.0120741 0.0292228 -0.0124478 
v -0.0149259 0.0303052 -0.0113654 
v 0.0120741 0.0298717 -0.0120142 
v -0.0149259 0.0304574 -0.0106 
v 0.0120741 0.0303052 -0.0113654 
v -0.0149259 0.0303052 -0.00983463 
v 0.0120741 0.0304574 -0.0106 
v -0.0149259 0.0298717 -0.00918579 
v 0.0120741 0.0303052 -0.00983463 
v -0.0149259 0.0292228 -0.00875224 
v 0.0120741 0.0298717 -0.00918579 
v 0.0120741 0.0292228 -0.00875224 
vn 0 0.382683 -0.92388 
vn 0 0 -1 
vn 0 0 -1 
vn 0 0.707107 -0.707107 
vn 0 0.382683 -0.92388 
vn 0 0.92388 -0.382683 
vn 0 0.707107 -0.707107 
vn 0 1 1.83697e-16 
vn 0 0.92388 -0.382683 
vn 0 0.92388 0.382683 
vn 0 1 1.83697e-16 
vn 0 0.707107 0.707107 
vn 0 0.92388 0.382683 
vn 0 0.382683 0.92388 
vn 0 0.707107 0.707107 
vn 0 -1.22465e-16 1 
vn 0 0.382683 0.92388 
vn 0 -0.382683 0.92388 
vn 0 -1.22465e-16 1 
vn 0 -0.707107 0.707107 
vn 0 -0.382683 0.92388 
vn 0 -0.92388 0.382683 
vn 0 -0.707107 0.707107 
vn 0 -1 -6.12323e-17 
vn 0 -0.92388 0.382683 
vn 0 -0.92388 -0.382683 
vn 0 -1 -6.12323e-17 
vn 0 -0.707107 -0.707107 
vn 0 -0.92388 -0.382683 
vn 0 -0.382683 -0.92388 
vn 0 -0.707107 -0.707107 
vn 0 -0.382683 -0.92388 
f 3126//3126 3127//3127 3128//3128 
f 3129//3129 3126//3126 3130//3130 
f 3131//3131 3129//3129 3132//3132 
f 3133//3133 3131//3131 3134//3134 
f 3135//3135 3133//3133 3136//3136 
f 3137//3137 3135//3135 3138//3138 
f 3139//3139 3137//3137 3140//3140 
f 3141//3141 3139//3139 3142//3142 
f 3143//3143 3141//3141 3144//3144 
f 3145//3145 3143//3143 3146//3146 
f 3147//3147 3145//3145 3148//3148 
f 3149//3149 3147//3147 3150//3150 
f 3151//3151 3149//3149 3152//3152 
f 3153//3153 3151//3151 3154//3154 
f 3155//3155 3153//3153 3156//3156 
f 3127//3127 3155//3155 3157//3157 
f 3157//3157 3128//3128 3127//3127 
f 3156//3156 3157//3157 3155//3155 
f 3154//3154 3156//3156 3153//3153 
f 3152//3152 3154//3154 3151//3151 
f 3150//3150 3152//3152 3149//3149 
f 3148//3148 3150//3150 3147//3147 
f 3146//3146 3148//3148 3145//3145 
f 3144//3144 3146//3146 3143//3143 
f 3142//3142 3144//3144 3141//3141 
f 3140//3140 3142//3142 3139//3139 
f 3138//3138 3140//3140 3137//3137 
f 3136//3136 3138//3138 3135//3135 
f 3134//3134 3136//3136 3133//3133 
f 3132//3132 3134//3134 3131//3131 
f 3130//3130 3132//3132 3129//3129 
f 3128//3128 3130//3130 3126//3126 
o mesh301
v -0.0149259 0.0264746 0.0108611 
v -0.0149259 0.0267254 0.0116 
v 0.0120741 0.0267254 0.0116 
v -0.0149259 0.0265256 0.0100824 
v 0.0120741 0.0264746 0.0108611 
v -0.0149259 0.0268707 0.00938248 
v 0.0120741 0.0265256 0.0100824 
v -0.0149259 0.0274574 0.00886795 
v 0.0120741 0.0268707 0.00938248 
v -0.0149259 0.0281964 0.00861711 
v 0.0120741 0.0274574 0.00886795 
v -0.0149259 0.0289751 0.00866815 
v 0.0120741 0.0281964 0.00861711 
v -0.0149259 0.029675 0.00901329 
v 0.0120741 0.0289751 0.00866815 
v -0.0149259 0.0301895 0.0096 
v 0.0120741 0.029675 0.00901329 
v -0.0149259 0.0304403 0.0103389 
v 0.0120741 0.0301895 0.0096 
v -0.0149259 0.0303893 0.0111176 
v 0.0120741 0.0304403 0.0103389 
v -0.0149259 0.0300442 0.0118175 
v 0.0120741 0.0303893 0.0111176 
v -0.0149259 0.0294574 0.0123321 
v 0.0120741 0.0300442 0.0118175 
v -0.0149259 0.0287185 0.0125829 
v 0.0120741 0.0294574 0.0123321 
v -0.0149259 0.0279398 0.0125319 
v 0.0120741 0.0287185 0.0125829 
v -0.0149259 0.0272399 0.0121867 
v 0.0120741 0.0279398 0.0125319 
v 0.0120741 0.0272399 0.0121867 
vn 0 0.991445 -0.130526 
vn 0 0.866025 -0.5 
vn 0 0.866025 -0.5 
vn 0 0.965926 0.258819 
vn 0 0.991445 -0.130526 
vn 0 0.793353 0.608761 
vn 0 0.965926 0.258819 
vn 0 0.5 0.866025 
vn 0 0.793353 0.608761 
vn 0 0.130526 0.991445 
vn 0 0.5 0.866025 
vn 0 -0.258819 0.965926 
vn 0 0.130526 0.991445 
vn 0 -0.608761 0.793353 
vn 0 -0.258819 0.965926 
vn 0 -0.866025 0.5 
vn 0 -0.608761 0.793353 
vn 0 -0.991445 0.130526 
vn 0 -0.866025 0.5 
vn 0 -0.965926 -0.258819 
vn 0 -0.991445 0.130526 
vn 0 -0.793353 -0.608761 
vn 0 -0.965926 -0.258819 
vn 0 -0.5 -0.866025 
vn 0 -0.793353 -0.608761 
vn 0 -0.130526 -0.991445 
vn 0 -0.5 -0.866025 
vn 0 0.258819 -0.965926 
vn 0 -0.130526 -0.991445 
vn 0 0.608761 -0.793353 
vn 0 0.258819 -0.965926 
vn 0 0.608761 -0.793353 
f 3158//3158 3159//3159 3160//3160 
f 3161//3161 3158//3158 3162//3162 
f 3163//3163 3161//3161 3164//3164 
f 3165//3165 3163//3163 3166//3166 
f 3167//3167 3165//3165 3168//3168 
f 3169//3169 3167//3167 3170//3170 
f 3171//3171 3169//3169 3172//3172 
f 3173//3173 3171//3171 3174//3174 
f 3175//3175 3173//3173 3176//3176 
f 3177//3177 3175//3175 3178//3178 
f 3179//3179 3177//3177 3180//3180 
f 3181//3181 3179//3179 3182//3182 
f 3183//3183 3181//3181 3184//3184 
f 3185//3185 3183//3183 3186//3186 
f 3187//3187 3185//3185 3188//3188 
f 3159//3159 3187//3187 3189//3189 
f 3189//3189 3160//3160 3159//3159 
f 3188//3188 3189//3189 3187//3187 
f 3186//3186 3188//3188 3185//3185 
f 3184//3184 3186//3186 3183//3183 
f 3182//3182 3184//3184 3181//3181 
f 3180//3180 3182//3182 3179//3179 
f 3178//3178 3180//3180 3177//3177 
f 3176//3176 3178//3178 3175//3175 
f 3174//3174 3176//3176 3173//3173 
f 3172//3172 3174//3174 3171//3171 
f 3170//3170 3172//3172 3169//3169 
f 3168//3168 3170//3170 3167//3167 
f 3166//3166 3168//3168 3165//3165 
f 3164//3164 3166//3166 3163//3163 
f 3162//3162 3164//3164 3161//3161 
f 3160//3160 3162//3162 3158//3158 
o mesh302
v -0.0149259 0.00888019 0.0196133 
v -0.0149259 0.00836566 0.0202 
v 0.0120741 0.00836566 0.0202 
v -0.0149259 0.00958007 0.0192681 
v 0.0120741 0.00888019 0.0196133 
v -0.0149259 0.0103588 0.0192171 
v 0.0120741 0.00958007 0.0192681 
v -0.0149259 0.0110977 0.0194679 
v 0.0120741 0.0103588 0.0192171 
v -0.0149259 0.0116844 0.0199825 
v 0.0120741 0.0110977 0.0194679 
v -0.0149259 0.0120296 0.0206824 
v 0.0120741 0.0116844 0.0199825 
v -0.0149259 0.0120806 0.0214611 
v 0.0120741 0.0120296 0.0206824 
v -0.0149259 0.0118298 0.0222 
v 0.0120741 0.0120806 0.0214611 
v -0.0149259 0.0113152 0.0227867 
v 0.0120741 0.0118298 0.0222 
v -0.0149259 0.0106153 0.0231319 
v 0.0120741 0.0113152 0.0227867 
v -0.0149259 0.00983666 0.0231829 
v 0.0120741 0.0106153 0.0231319 
v -0.0149259 0.00909771 0.0229321 
v 0.0120741 0.00983666 0.0231829 
v -0.0149259 0.008511 0.0224175 
v 0.0120741 0.00909771 0.0229321 
v -0.0149259 0.00816586 0.0217176 
v 0.0120741 0.008511 0.0224175 
v -0.0149259 0.00811482 0.0209389 
v 0.0120741 0.00816586 0.0217176 
v 0.0120741 0.00811482 0.0209389 
vn 0 0.608761 0.793353 
vn 0 0.866025 0.5 
vn 0 0.866025 0.5 
vn 0 0.258819 0.965926 
vn 0 0.608761 0.793353 
vn 0 -0.130526 0.991445 
vn 0 0.258819 0.965926 
vn 0 -0.5 0.866025 
vn 0 -0.130526 0.991445 
vn 0 -0.793353 0.608761 
vn 0 -0.5 0.866025 
vn 0 -0.965926 0.258819 
vn 0 -0.793353 0.608761 
vn 0 -0.991445 -0.130526 
vn 0 -0.965926 0.258819 
vn 0 -0.866025 -0.5 
vn 0 -0.991445 -0.130526 
vn 0 -0.608761 -0.793353 
vn 0 -0.866025 -0.5 
vn 0 -0.258819 -0.965926 
vn 0 -0.608761 -0.793353 
vn 0 0.130526 -0.991445 
vn 0 -0.258819 -0.965926 
vn 0 0.5 -0.866025 
vn 0 0.130526 -0.991445 
vn 0 0.793353 -0.608761 
vn 0 0.5 -0.866025 
vn 0 0.965926 -0.258819 
vn 0 0.793353 -0.608761 
vn 0 0.991445 0.130526 
vn 0 0.965926 -0.258819 
vn 0 0.991445 0.130526 
f 3190//3190 3191//3191 3192//3192 
f 3193//3193 3190//3190 3194//3194 
f 3195//3195 3193//3193 3196//3196 
f 3197//3197 3195//3195 3198//3198 
f 3199//3199 3197//3197 3200//3200 
f 3201//3201 3199//3199 3202//3202 
f 3203//3203 3201//3201 3204//3204 
f 3205//3205 3203//3203 3206//3206 
f 3207//3207 3205//3205 3208//3208 
f 3209//3209 3207//3207 3210//3210 
f 3211//3211 3209//3209 3212//3212 
f 3213//3213 3211//3211 3214//3214 
f 3215//3215 3213//3213 3216//3216 
f 3217//3217 3215//3215 3218//3218 
f 3219//3219 3217//3217 3220//3220 
f 3191//3191 3219//3219 3221//3221 
f 3221//3221 3192//3192 3191//3191 
f 3220//3220 3221//3221 3219//3219 
f 3218//3218 3220//3220 3217//3217 
f 3216//3216 3218//3218 3215//3215 
f 3214//3214 3216//3216 3213//3213 
f 3212//3212 3214//3214 3211//3211 
f 3210//3210 3212//3212 3209//3209 
f 3208//3208 3210//3210 3207//3207 
f 3206//3206 3208//3208 3205//3205 
f 3204//3204 3206//3206 3203//3203 
f 3202//3202 3204//3204 3201//3201 
f 3200//3200 3202//3202 3199//3199 
f 3198//3198 3200//3200 3197//3197 
f 3196//3196 3198//3198 3195//3195 
f 3194//3194 3196//3196 3193//3193 
f 3192//3192 3194//3194 3190//3190 
o mesh303
v -0.0149259 -0.00749666 0.00875224 
v -0.0149259 -0.00826203 0.0086 
v 0.0120741 -0.00826203 0.0086 
v -0.0149259 -0.00684781 0.00918579 
v 0.0120741 -0.00749666 0.00875224 
v -0.0149259 -0.00641427 0.00983463 
v 0.0120741 -0.00684781 0.00918579 
v -0.0149259 -0.00626203 0.0106 
v 0.0120741 -0.00641427 0.00983463 
v -0.0149259 -0.00641427 0.0113654 
v 0.0120741 -0.00626203 0.0106 
v -0.0149259 -0.00684781 0.0120142 
v 0.0120741 -0.00641427 0.0113654 
v -0.0149259 -0.00749666 0.0124478 
v 0.0120741 -0.00684781 0.0120142 
v -0.0149259 -0.00826203 0.0126 
v 0.0120741 -0.00749666 0.0124478 
v -0.0149259 -0.00902739 0.0124478 
v 0.0120741 -0.00826203 0.0126 
v -0.0149259 -0.00967624 0.0120142 
v 0.0120741 -0.00902739 0.0124478 
v -0.0149259 -0.0101098 0.0113654 
v 0.0120741 -0.00967624 0.0120142 
v -0.0149259 -0.010262 0.0106 
v 0.0120741 -0.0101098 0.0113654 
v -0.0149259 -0.0101098 0.00983463 
v 0.0120741 -0.010262 0.0106 
v -0.0149259 -0.00967624 0.00918579 
v 0.0120741 -0.0101098 0.00983463 
v -0.0149259 -0.00902739 0.00875224 
v 0.0120741 -0.00967624 0.00918579 
v 0.0120741 -0.00902739 0.00875224 
vn 0 -0.382683 0.92388 
vn 0 -6.07153e-15 1 
vn 0 -6.07153e-15 1 
vn 0 -0.707107 0.707107 
vn 0 -0.382683 0.92388 
vn 0 -0.92388 0.382683 
vn 0 -0.707107 0.707107 
vn 0 -1 -1.83697e-16 
vn 0 -0.92388 0.382683 
vn 0 -0.92388 -0.382683 
vn 0 -1 -1.83697e-16 
vn 0 -0.707107 -0.707107 
vn 0 -0.92388 -0.382683 
vn 0 -0.382683 -0.92388 
vn 0 -0.707107 -0.707107 
vn 0 1.22465e-16 -1 
vn 0 -0.382683 -0.92388 
vn 0 0.382683 -0.92388 
vn 0 1.22465e-16 -1 
vn 0 0.707107 -0.707107 
vn 0 0.382683 -0.92388 
vn 0 0.92388 -0.382683 
vn 0 0.707107 -0.707107 
vn 0 1 6.12323e-17 
vn 0 0.92388 -0.382683 
vn 0 0.92388 0.382683 
vn 0 1 6.12323e-17 
vn 0 0.707107 0.707107 
vn 0 0.92388 0.382683 
vn 0 0.382683 0.92388 
vn 0 0.707107 0.707107 
vn 0 0.382683 0.92388 
f 3222//3222 3223//3223 3224//3224 
f 3225//3225 3222//3222 3226//3226 
f 3227//3227 3225//3225 3228//3228 
f 3229//3229 3227//3227 3230//3230 
f 3231//3231 3229//3229 3232//3232 
f 3233//3233 3231//3231 3234//3234 
f 3235//3235 3233//3233 3236//3236 
f 3237//3237 3235//3235 3238//3238 
f 3239//3239 3237//3237 3240//3240 
f 3241//3241 3239//3239 3242//3242 
f 3243//3243 3241//3241 3244//3244 
f 3245//3245 3243//3243 3246//3246 
f 3247//3247 3245//3245 3248//3248 
f 3249//3249 3247//3247 3250//3250 
f 3251//3251 3249//3249 3252//3252 
f 3223//3223 3251//3251 3253//3253 
f 3253//3253 3224//3224 3223//3223 
f 3252//3252 3253//3253 3251//3251 
f 3250//3250 3252//3252 3249//3249 
f 3248//3248 3250//3250 3247//3247 
f 3246//3246 3248//3248 3245//3245 
f 3244//3244 3246//3246 3243//3243 
f 3242//3242 3244//3244 3241//3241 
f 3240//3240 3242//3242 3239//3239 
f 3238//3238 3240//3240 3237//3237 
f 3236//3236 3238//3238 3235//3235 
f 3234//3234 3236//3236 3233//3233 
f 3232//3232 3234//3234 3231//3231 
f 3230//3230 3232//3232 3229//3229 
f 3228//3228 3230//3230 3227//3227 
f 3226//3226 3228//3228 3225//3225 
f 3224//3224 3226//3226 3222//3222 
o mesh304
v -0.0149259 -0.00627914 -0.0108611 
v -0.0149259 -0.00652998 -0.0116 
v 0.0120741 -0.00652998 -0.0116 
v -0.0149259 -0.00633018 -0.0100824 
v 0.0120741 -0.00627914 -0.0108611 
v -0.0149259 -0.00667532 -0.00938248 
v 0.0120741 -0.00633018 -0.0100824 
v -0.0149259 -0.00726203 -0.00886795 
v 0.0120741 -0.00667532 -0.00938248 
v -0.0149259 -0.00800098 -0.00861711 
v 0.0120741 -0.00726203 -0.00886795 
v -0.0149259 -0.00877967 -0.00866815 
v 0.0120741 -0.00800098 -0.00861711 
v -0.0149259 -0.00947955 -0.00901329 
v 0.0120741 -0.00877967 -0.00866815 
v -0.0149259 -0.00999408 -0.0096 
v 0.0120741 -0.00947955 -0.00901329 
v -0.0149259 -0.0102449 -0.0103389 
v 0.0120741 -0.00999408 -0.0096 
v -0.0149259 -0.0101939 -0.0111176 
v 0.0120741 -0.0102449 -0.0103389 
v -0.0149259 -0.00984873 -0.0118175 
v 0.0120741 -0.0101939 -0.0111176 
v -0.0149259 -0.00926203 -0.0123321 
v 0.0120741 -0.00984873 -0.0118175 
v -0.0149259 -0.00852308 -0.0125829 
v 0.0120741 -0.00926203 -0.0123321 
v -0.0149259 -0.00774439 -0.0125319 
v 0.0120741 -0.00852308 -0.0125829 
v -0.0149259 -0.00704451 -0.0121867 
v 0.0120741 -0.00774439 -0.0125319 
v 0.0120741 -0.00704451 -0.0121867 
vn 0 -0.991445 0.130526 
vn 0 -0.866025 0.5 
vn 0 -0.866025 0.5 
vn 0 -0.965926 -0.258819 
vn 0 -0.991445 0.130526 
vn 0 -0.793353 -0.608761 
vn 0 -0.965926 -0.258819 
vn 0 -0.5 -0.866025 
vn 0 -0.793353 -0.608761 
vn 0 -0.130526 -0.991445 
vn 0 -0.5 -0.866025 
vn 0 0.258819 -0.965926 
vn 0 -0.130526 -0.991445 
vn 0 0.608761 -0.793353 
vn 0 0.258819 -0.965926 
vn 0 0.866025 -0.5 
vn 0 0.608761 -0.793353 
vn 0 0.991445 -0.130526 
vn 0 0.866025 -0.5 
vn 0 0.965926 0.258819 
vn 0 0.991445 -0.130526 
vn 0 0.793353 0.608761 
vn 0 0.965926 0.258819 
vn 0 0.5 0.866025 
vn 0 0.793353 0.608761 
vn 0 0.130526 0.991445 
vn 0 0.5 0.866025 
vn 0 -0.258819 0.965926 
vn 0 0.130526 0.991445 
vn 0 -0.608761 0.793353 
vn 0 -0.258819 0.965926 
vn 0 -0.608761 0.793353 
f 3254//3254 3255//3255 3256//3256 
f 3257//3257 3254//3254 3258//3258 
f 3259//3259 3257//3257 3260//3260 
f 3261//3261 3259//3259 3262//3262 
f 3263//3263 3261//3261 3264//3264 
f 3265//3265 3263//3263 3266//3266 
f 3267//3267 3265//3265 3268//3268 
f 3269//3269 3267//3267 3270//3270 
f 3271//3271 3269//3269 3272//3272 
f 3273//3273 3271//3271 3274//3274 
f 3275//3275 3273//3273 3276//3276 
f 3277//3277 3275//3275 3278//3278 
f 3279//3279 3277//3277 3280//3280 
f 3281//3281 3279//3279 3282//3282 
f 3283//3283 3281//3281 3284//3284 
f 3255//3255 3283//3283 3285//3285 
f 3285//3285 3256//3256 3255//3255 
f 3284//3284 3285//3285 3283//3283 
f 3282//3282 3284//3284 3281//3281 
f 3280//3280 3282//3282 3279//3279 
f 3278//3278 3280//3280 3277//3277 
f 3276//3276 3278//3278 3275//3275 
f 3274//3274 3276//3276 3273//3273 
f 3272//3272 3274//3274 3271//3271 
f 3270//3270 3272//3272 3269//3269 
f 3268//3268 3270//3270 3267//3267 
f 3266//3266 3268//3268 3265//3265 
f 3264//3264 3266//3266 3263//3263 
f 3262//3262 3264//3264 3261//3261 
f 3260//3260 3262//3262 3259//3259 
f 3258//3258 3260//3260 3257//3257 
f 3256//3256 3258//3258 3254//3254 
o mesh305
v -0.0149259 0.0113152 -0.0196133 
v -0.0149259 0.0118298 -0.0202 
v 0.0120741 0.0118298 -0.0202 
v -0.0149259 0.0106153 -0.0192681 
v 0.0120741 0.0113152 -0.0196133 
v -0.0149259 0.00983666 -0.0192171 
v 0.0120741 0.0106153 -0.0192681 
v -0.0149259 0.00909771 -0.0194679 
v 0.0120741 0.00983666 -0.0192171 
v -0.0149259 0.008511 -0.0199825 
v 0.0120741 0.00909771 -0.0194679 
v -0.0149259 0.00816586 -0.0206824 
v 0.0120741 0.008511 -0.0199825 
v -0.0149259 0.00811482 -0.0214611 
v 0.0120741 0.00816586 -0.0206824 
v -0.0149259 0.00836566 -0.0222 
v 0.0120741 0.00811482 -0.0214611 
v -0.0149259 0.00888019 -0.0227867 
v 0.0120741 0.00836566 -0.0222 
v -0.0149259 0.00958007 -0.0231319 
v 0.0120741 0.00888019 -0.0227867 
v -0.0149259 0.0103588 -0.0231829 
v 0.0120741 0.00958007 -0.0231319 
v -0.0149259 0.0110977 -0.0229321 
v 0.0120741 0.0103588 -0.0231829 
v -0.0149259 0.0116844 -0.0224175 
v 0.0120741 0.0110977 -0.0229321 
v -0.0149259 0.0120296 -0.0217176 
v 0.0120741 0.0116844 -0.0224175 
v -0.0149259 0.0120806 -0.0209389 
v 0.0120741 0.0120296 -0.0217176 
v 0.0120741 0.0120806 -0.0209389 
vn 0 -0.608761 -0.793353 
vn 0 -0.866025 -0.5 
vn 0 -0.866025 -0.5 
vn 0 -0.258819 -0.965926 
vn 0 -0.608761 -0.793353 
vn 0 0.130526 -0.991445 
vn 0 -0.258819 -0.965926 
vn 0 0.5 -0.866025 
vn 0 0.130526 -0.991445 
vn 0 0.793353 -0.608761 
vn 0 0.5 -0.866025 
vn 0 0.965926 -0.258819 
vn 0 0.793353 -0.608761 
vn 0 0.991445 0.130526 
vn 0 0.965926 -0.258819 
vn 0 0.866025 0.5 
vn 0 0.991445 0.130526 
vn 0 0.608761 0.793353 
vn 0 0.866025 0.5 
vn 0 0.258819 0.965926 
vn 0 0.608761 0.793353 
vn 0 -0.130526 0.991445 
vn 0 0.258819 0.965926 
vn 0 -0.5 0.866025 
vn 0 -0.130526 0.991445 
vn 0 -0.793353 0.608761 
vn 0 -0.5 0.866025 
vn 0 -0.965926 0.258819 
vn 0 -0.793353 0.608761 
vn 0 -0.991445 -0.130526 
vn 0 -0.965926 0.258819 
vn 0 -0.991445 -0.130526 
f 3286//3286 3287//3287 3288//3288 
f 3289//3289 3286//3286 3290//3290 
f 3291//3291 3289//3289 3292//3292 
f 3293//3293 3291//3291 3294//3294 
f 3295//3295 3293//3293 3296//3296 
f 3297//3297 3295//3295 3298//3298 
f 3299//3299 3297//3297 3300//3300 
f 3301//3301 3299//3299 3302//3302 
f 3303//3303 3301//3301 3304//3304 
f 3305//3305 3303//3303 3306//3306 
f 3307//3307 3305//3305 3308//3308 
f 3309//3309 3307//3307 3310//3310 
f 3311//3311 3309//3309 3312//3312 
f 3313//3313 3311//3311 3314//3314 
f 3315//3315 3313//3313 3316//3316 
f 3287//3287 3315//3315 3317//3317 
f 3317//3317 3288//3288 3287//3287 
f 3316//3316 3317//3317 3315//3315 
f 3314//3314 3316//3316 3313//3313 
f 3312//3312 3314//3314 3311//3311 
f 3310//3310 3312//3312 3309//3309 
f 3308//3308 3310//3310 3307//3307 
f 3306//3306 3308//3308 3305//3305 
f 3304//3304 3306//3306 3303//3303 
f 3302//3302 3304//3304 3301//3301 
f 3300//3300 3302//3302 3299//3299 
f 3298//3298 3300//3300 3297//3297 
f 3296//3296 3298//3298 3295//3295 
f 3294//3294 3296//3296 3293//3293 
f 3292//3292 3294//3294 3291//3291 
f 3290//3290 3292//3292 3289//3289 
f 3288//3288 3290//3290 3286//3286 
o mesh306
v 0.0120741 0.0328196 -0.00198338 
v 0.0120741 0.0334628 -0.00125 
v -0.0149259 0.0334628 -0.00125 
v 0.0120741 0.0319448 -0.00241481 
v -0.0149259 0.0328196 -0.00198338 
v 0.0120741 0.0309714 -0.00247861 
v -0.0149259 0.0319448 -0.00241481 
v 0.0120741 0.0300477 -0.00216506 
v -0.0149259 0.0309714 -0.00247861 
v 0.0120741 0.0293143 -0.0015219 
v -0.0149259 0.0300477 -0.00216506 
v 0.0120741 0.0288829 -0.000647048 
v -0.0149259 0.0293143 -0.0015219 
v 0.0120741 0.0288191 0.000326315 
v -0.0149259 0.0288829 -0.000647048 
v 0.0120741 0.0291326 0.00125 
v -0.0149259 0.0288191 0.000326315 
v 0.0120741 0.0297758 0.00198338 
v -0.0149259 0.0291326 0.00125 
v 0.0120741 0.0306507 0.00241481 
v -0.0149259 0.0297758 0.00198338 
v 0.0120741 0.031624 0.00247861 
v -0.0149259 0.0306507 0.00241481 
v 0.0120741 0.0325477 0.00216506 
v -0.0149259 0.031624 0.00247861 
v 0.0120741 0.0332811 0.0015219 
v -0.0149259 0.0325477 0.00216506 
v 0.0120741 0.0337125 0.000647048 
v -0.0149259 0.0332811 0.0015219 
v 0.0120741 0.0337763 -0.000326315 
v -0.0149259 0.0337125 0.000647048 
v -0.0149259 0.0337763 -0.000326315 
vn 0 -0.608761 0.793353 
vn 0 -0.866025 0.5 
vn 0 -0.866025 0.5 
vn 0 -0.258819 0.965926 
vn 0 -0.608761 0.793353 
vn 0 0.130526 0.991445 
vn 0 -0.258819 0.965926 
vn 0 0.5 0.866025 
vn 0 0.130526 0.991445 
vn 0 0.793353 0.608761 
vn 0 0.5 0.866025 
vn 0 0.965926 0.258819 
vn 0 0.793353 0.608761 
vn 0 0.991445 -0.130526 
vn 0 0.965926 0.258819 
vn 0 0.866025 -0.5 
vn 0 0.991445 -0.130526 
vn 0 0.608761 -0.793353 
vn 0 0.866025 -0.5 
vn 0 0.258819 -0.965926 
vn 0 0.608761 -0.793353 
vn 0 -0.130526 -0.991445 
vn 0 0.258819 -0.965926 
vn 0 -0.5 -0.866025 
vn 0 -0.130526 -0.991445 
vn 0 -0.793353 -0.608761 
vn 0 -0.5 -0.866025 
vn 0 -0.965926 -0.258819 
vn 0 -0.793353 -0.608761 
vn 0 -0.991445 0.130526 
vn 0 -0.965926 -0.258819 
vn 0 -0.991445 0.130526 
f 3318//3318 3319//3319 3320//3320 
f 3321//3321 3318//3318 3322//3322 
f 3323//3323 3321//3321 3324//3324 
f 3325//3325 3323//3323 3326//3326 
f 3327//3327 3325//3325 3328//3328 
f 3329//3329 3327//3327 3330//3330 
f 3331//3331 3329//3329 3332//3332 
f 3333//3333 3331//3331 3334//3334 
f 3335//3335 3333//3333 3336//3336 
f 3337//3337 3335//3335 3338//3338 
f 3339//3339 3337//3337 3340//3340 
f 3341//3341 3339//3339 3342//3342 
f 3343//3343 3341//3341 3344//3344 
f 3345//3345 3343//3343 3346//3346 
f 3347//3347 3345//3345 3348//3348 
f 3319//3319 3347//3347 3349//3349 
f 3349//3349 3320//3320 3319//3319 
f 3348//3348 3349//3349 3347//3347 
f 3346//3346 3348//3348 3345//3345 
f 3344//3344 3346//3346 3343//3343 
f 3342//3342 3344//3344 3341//3341 
f 3340//3340 3342//3342 3339//3339 
f 3338//3338 3340//3340 3337//3337 
f 3336//3336 3338//3338 3335//3335 
f 3334//3334 3336//3336 3333//3333 
f 3332//3332 3334//3334 3331//3331 
f 3330//3330 3332//3332 3329//3329 
f 3328//3328 3330//3330 3327//3327 
f 3326//3326 3328//3328 3325//3325 
f 3324//3324 3326//3326 3323//3323 
f 3322//3322 3324//3324 3321//3321 
f 3320//3320 3322//3322 3318//3318 
o mesh307
v 0.0120741 0.019741 -0.0206694 
v 0.0120741 0.0206977 -0.0208597 
v -0.0149259 0.0206977 -0.0208597 
v 0.0120741 0.0189299 -0.0201275 
v -0.0149259 0.019741 -0.0206694 
v 0.0120741 0.018388 -0.0193164 
v -0.0149259 0.0189299 -0.0201275 
v 0.0120741 0.0181977 -0.0183597 
v -0.0149259 0.018388 -0.0193164 
v 0.0120741 0.018388 -0.017403 
v -0.0149259 0.0181977 -0.0183597 
v 0.0120741 0.0189299 -0.016592 
v -0.0149259 0.018388 -0.017403 
v 0.0120741 0.019741 -0.01605 
v -0.0149259 0.0189299 -0.016592 
v 0.0120741 0.0206977 -0.0158597 
v -0.0149259 0.019741 -0.01605 
v 0.0120741 0.0216544 -0.01605 
v -0.0149259 0.0206977 -0.0158597 
v 0.0120741 0.0224655 -0.016592 
v -0.0149259 0.0216544 -0.01605 
v 0.0120741 0.0230074 -0.017403 
v -0.0149259 0.0224655 -0.016592 
v 0.0120741 0.0231977 -0.0183597 
v -0.0149259 0.0230074 -0.017403 
v 0.0120741 0.0230074 -0.0193164 
v -0.0149259 0.0231977 -0.0183597 
v 0.0120741 0.0224655 -0.0201275 
v -0.0149259 0.0230074 -0.0193164 
v 0.0120741 0.0216544 -0.0206694 
v -0.0149259 0.0224655 -0.0201275 
v -0.0149259 0.0216544 -0.0206694 
vn 0 0.382683 0.92388 
vn 0 0 1 
vn 0 0 1 
vn 0 0.707107 0.707107 
vn 0 0.382683 0.92388 
vn 0 0.92388 0.382683 
vn 0 0.707107 0.707107 
vn 0 1 -1.83697e-16 
vn 0 0.92388 0.382683 
vn 0 0.92388 -0.382683 
vn 0 1 -1.83697e-16 
vn 0 0.707107 -0.707107 
vn 0 0.92388 -0.382683 
vn 0 0.382683 -0.92388 
vn 0 0.707107 -0.707107 
vn 0 -1.22465e-16 -1 
vn 0 0.382683 -0.92388 
vn 0 -0.382683 -0.92388 
vn 0 -1.22465e-16 -1 
vn 0 -0.707107 -0.707107 
vn 0 -0.382683 -0.92388 
vn 0 -0.92388 -0.382683 
vn 0 -0.707107 -0.707107 
vn 0 -1 6.12323e-17 
vn 0 -0.92388 -0.382683 
vn 0 -0.92388 0.382683 
vn 0 -1 6.12323e-17 
vn 0 -0.707107 0.707107 
vn 0 -0.92388 0.382683 
vn 0 -0.382683 0.92388 
vn 0 -0.707107 0.707107 
vn 0 -0.382683 0.92388 
f 3350//3350 3351//3351 3352//3352 
f 3353//3353 3350//3350 3354//3354 
f 3355//3355 3353//3353 3356//3356 
f 3357//3357 3355//3355 3358//3358 
f 3359//3359 3357//3357 3360//3360 
f 3361//3361 3359//3359 3362//3362 
f 3363//3363 3361//3361 3364//3364 
f 3365//3365 3363//3363 3366//3366 
f 3367//3367 3365//3365 3368//3368 
f 3369//3369 3367//3367 3370//3370 
f 3371//3371 3369//3369 3372//3372 
f 3373//3373 3371//3371 3374//3374 
f 3375//3375 3373//3373 3376//3376 
f 3377//3377 3375//3375 3378//3378 
f 3379//3379 3377//3377 3380//3380 
f 3351//3351 3379//3379 3381//3381 
f 3381//3381 3352//3352 3351//3351 
f 3380//3380 3381//3381 3379//3379 
f 3378//3378 3380//3380 3377//3377 
f 3376//3376 3378//3378 3375//3375 
f 3374//3374 3376//3376 3373//3373 
f 3372//3372 3374//3374 3371//3371 
f 3370//3370 3372//3372 3369//3369 
f 3368//3368 3370//3370 3367//3367 
f 3366//3366 3368//3368 3365//3365 
f 3364//3364 3366//3366 3363//3363 
f 3362//3362 3364//3364 3361//3361 
f 3360//3360 3362//3362 3359//3359 
f 3358//3358 3360//3360 3357//3357 
f 3356//3356 3358//3358 3355//3355 
f 3354//3354 3356//3356 3353//3353 
f 3352//3352 3354//3354 3350//3350 
o mesh308
v 0.0120741 -0.0126242 0.00198338 
v 0.0120741 -0.0132674 0.00125 
v -0.0149259 -0.0132674 0.00125 
v 0.0120741 -0.0117493 0.00241481 
v -0.0149259 -0.0126242 0.00198338 
v 0.0120741 -0.010776 0.00247861 
v -0.0149259 -0.0117493 0.00241481 
v 0.0120741 -0.00985229 0.00216506 
v -0.0149259 -0.010776 0.00247861 
v 0.0120741 -0.00911891 0.0015219 
v -0.0149259 -0.00985229 0.00216506 
v 0.0120741 -0.00868747 0.000647048 
v -0.0149259 -0.00911891 0.0015219 
v 0.0120741 -0.00862368 -0.000326315 
v -0.0149259 -0.00868747 0.000647048 
v 0.0120741 -0.00893723 -0.00125 
v -0.0149259 -0.00862368 -0.000326315 
v 0.0120741 -0.00958039 -0.00198338 
v -0.0149259 -0.00893723 -0.00125 
v 0.0120741 -0.0104552 -0.00241481 
v -0.0149259 -0.00958039 -0.00198338 
v 0.0120741 -0.0114286 -0.00247861 
v -0.0149259 -0.0104552 -0.00241481 
v 0.0120741 -0.0123523 -0.00216506 
v -0.0149259 -0.0114286 -0.00247861 
v 0.0120741 -0.0130857 -0.0015219 
v -0.0149259 -0.0123523 -0.00216506 
v 0.0120741 -0.0135171 -0.000647048 
v -0.0149259 -0.0130857 -0.0015219 
v 0.0120741 -0.0135809 0.000326315 
v -0.0149259 -0.0135171 -0.000647048 
v -0.0149259 -0.0135809 0.000326315 
vn 0 0.608761 -0.793353 
vn 0 0.866025 -0.5 
vn 0 0.866025 -0.5 
vn 0 0.258819 -0.965926 
vn 0 0.608761 -0.793353 
vn 0 -0.130526 -0.991445 
vn 0 0.258819 -0.965926 
vn 0 -0.5 -0.866025 
vn 0 -0.130526 -0.991445 
vn 0 -0.793353 -0.608761 
vn 0 -0.5 -0.866025 
vn 0 -0.965926 -0.258819 
vn 0 -0.793353 -0.608761 
vn 0 -0.991445 0.130526 
vn 0 -0.965926 -0.258819 
vn 0 -0.866025 0.5 
vn 0 -0.991445 0.130526 
vn 0 -0.608761 0.793353 
vn 0 -0.866025 0.5 
vn 0 -0.258819 0.965926 
vn 0 -0.608761 0.793353 
vn 0 0.130526 0.991445 
vn 0 -0.258819 0.965926 
vn 0 0.5 0.866025 
vn 0 0.130526 0.991445 
vn 0 0.793353 0.608761 
vn 0 0.5 0.866025 
vn 0 0.965926 0.258819 
vn 0 0.793353 0.608761 
vn 0 0.991445 -0.130526 
vn 0 0.965926 0.258819 
vn 0 0.991445 -0.130526 
f 3382//3382 3383//3383 3384//3384 
f 3385//3385 3382//3382 3386//3386 
f 3387//3387 3385//3385 3388//3388 
f 3389//3389 3387//3387 3390//3390 
f 3391//3391 3389//3389 3392//3392 
f 3393//3393 3391//3391 3394//3394 
f 3395//3395 3393//3393 3396//3396 
f 3397//3397 3395//3395 3398//3398 
f 3399//3399 3397//3397 3400//3400 
f 3401//3401 3399//3399 3402//3402 
f 3403//3403 3401//3401 3404//3404 
f 3405//3405 3403//3403 3406//3406 
f 3407//3407 3405//3405 3408//3408 
f 3409//3409 3407//3407 3410//3410 
f 3411//3411 3409//3409 3412//3412 
f 3383//3383 3411//3411 3413//3413 
f 3413//3413 3384//3384 3383//3383 
f 3412//3412 3413//3413 3411//3411 
f 3410//3410 3412//3412 3409//3409 
f 3408//3408 3410//3410 3407//3407 
f 3406//3406 3408//3408 3405//3405 
f 3404//3404 3406//3406 3403//3403 
f 3402//3402 3404//3404 3401//3401 
f 3400//3400 3402//3402 3399//3399 
f 3398//3398 3400//3400 3397//3397 
f 3396//3396 3398//3398 3395//3395 
f 3394//3394 3396//3396 3393//3393 
f 3392//3392 3394//3394 3391//3391 
f 3390//3390 3392//3392 3389//3389 
f 3388//3388 3390//3390 3387//3387 
f 3386//3386 3388//3388 3385//3385 
f 3384//3384 3386//3386 3382//3382 
o mesh309
v 0.0120741 0.0231763 0.0186861 
v 0.0120741 0.0228628 0.0196097 
v -0.0149259 0.0228628 0.0196097 
v 0.0120741 0.0231125 0.0177127 
v -0.0149259 0.0231763 0.0186861 
v 0.0120741 0.0226811 0.0168378 
v -0.0149259 0.0231125 0.0177127 
v 0.0120741 0.0219477 0.0161947 
v -0.0149259 0.0226811 0.0168378 
v 0.0120741 0.021024 0.0158811 
v -0.0149259 0.0219477 0.0161947 
v 0.0120741 0.0200507 0.0159449 
v -0.0149259 0.021024 0.0158811 
v 0.0120741 0.0191758 0.0163764 
v -0.0149259 0.0200507 0.0159449 
v 0.0120741 0.0185326 0.0171097 
v -0.0149259 0.0191758 0.0163764 
v 0.0120741 0.0182191 0.0180334 
v -0.0149259 0.0185326 0.0171097 
v 0.0120741 0.0182829 0.0190068 
v -0.0149259 0.0182191 0.0180334 
v 0.0120741 0.0187143 0.0198816 
v -0.0149259 0.0182829 0.0190068 
v 0.0120741 0.0194477 0.0205248 
v -0.0149259 0.0187143 0.0198816 
v 0.0120741 0.0203714 0.0208384 
v -0.0149259 0.0194477 0.0205248 
v 0.0120741 0.0213448 0.0207746 
v -0.0149259 0.0203714 0.0208384 
v 0.0120741 0.0222196 0.0203431 
v -0.0149259 0.0213448 0.0207746 
v -0.0149259 0.0222196 0.0203431 
vn 0 -0.991445 -0.130526 
vn 0 -0.866025 -0.5 
vn 0 -0.866025 -0.5 
vn 0 -0.965926 0.258819 
vn 0 -0.991445 -0.130526 
vn 0 -0.793353 0.608761 
vn 0 -0.965926 0.258819 
vn 0 -0.5 0.866025 
vn 0 -0.793353 0.608761 
vn 0 -0.130526 0.991445 
vn 0 -0.5 0.866025 
vn 0 0.258819 0.965926 
vn 0 -0.130526 0.991445 
vn 0 0.608761 0.793353 
vn 0 0.258819 0.965926 
vn 0 0.866025 0.5 
vn 0 0.608761 0.793353 
vn 0 0.991445 0.130526 
vn 0 0.866025 0.5 
vn 0 0.965926 -0.258819 
vn 0 0.991445 0.130526 
vn 0 0.793353 -0.608761 
vn 0 0.965926 -0.258819 
vn 0 0.5 -0.866025 
vn 0 0.793353 -0.608761 
vn 0 0.130526 -0.991445 
vn 0 0.5 -0.866025 
vn 0 -0.258819 -0.965926 
vn 0 0.130526 -0.991445 
vn 0 -0.608761 -0.793353 
vn 0 -0.258819 -0.965926 
vn 0 -0.608761 -0.793353 
f 3414//3414 3415//3415 3416//3416 
f 3417//3417 3414//3414 3418//3418 
f 3419//3419 3417//3417 3420//3420 
f 3421//3421 3419//3419 3422//3422 
f 3423//3423 3421//3421 3424//3424 
f 3425//3425 3423//3423 3426//3426 
f 3427//3427 3425//3425 3428//3428 
f 3429//3429 3427//3427 3430//3430 
f 3431//3431 3429//3429 3432//3432 
f 3433//3433 3431//3431 3434//3434 
f 3435//3435 3433//3433 3436//3436 
f 3437//3437 3435//3435 3438//3438 
f 3439//3439 3437//3437 3440//3440 
f 3441//3441 3439//3439 3442//3442 
f 3443//3443 3441//3441 3444//3444 
f 3415//3415 3443//3443 3445//3445 
f 3445//3445 3416//3416 3415//3415 
f 3444//3444 3445//3445 3443//3443 
f 3442//3442 3444//3444 3441//3441 
f 3440//3440 3442//3442 3439//3439 
f 3438//3438 3440//3440 3437//3437 
f 3436//3436 3438//3438 3435//3435 
f 3434//3434 3436//3436 3433//3433 
f 3432//3432 3434//3434 3431//3431 
f 3430//3430 3432//3432 3429//3429 
f 3428//3428 3430//3430 3427//3427 
f 3426//3426 3428//3428 3425//3425 
f 3424//3424 3426//3426 3423//3423 
f 3422//3422 3424//3424 3421//3421 
f 3420//3420 3422//3422 3419//3419 
f 3418//3418 3420//3420 3417//3417 
f 3416//3416 3418//3418 3414//3414 
o mesh310
v 0.0120741 0.000454419 0.0206694 
v 0.0120741 -0.000502289 0.0208597 
v -0.0149259 -0.000502289 0.0208597 
v 0.0120741 0.00126548 0.0201275 
v -0.0149259 0.000454419 0.0206694 
v 0.0120741 0.00180741 0.0193164 
v -0.0149259 0.00126548 0.0201275 
v 0.0120741 0.00199771 0.0183597 
v -0.0149259 0.00180741 0.0193164 
v 0.0120741 0.00180741 0.017403 
v -0.0149259 0.00199771 0.0183597 
v 0.0120741 0.00126548 0.016592 
v -0.0149259 0.00180741 0.017403 
v 0.0120741 0.000454419 0.01605 
v -0.0149259 0.00126548 0.016592 
v 0.0120741 -0.000502289 0.0158597 
v -0.0149259 0.000454419 0.01605 
v 0.0120741 -0.001459 0.01605 
v -0.0149259 -0.000502289 0.0158597 
v 0.0120741 -0.00227006 0.016592 
v -0.0149259 -0.001459 0.01605 
v 0.0120741 -0.00281199 0.017403 
v -0.0149259 -0.00227006 0.016592 
v 0.0120741 -0.00300229 0.0183597 
v -0.0149259 -0.00281199 0.017403 
v 0.0120741 -0.00281199 0.0193164 
v -0.0149259 -0.00300229 0.0183597 
v 0.0120741 -0.00227006 0.0201275 
v -0.0149259 -0.00281199 0.0193164 
v 0.0120741 -0.001459 0.0206694 
v -0.0149259 -0.00227006 0.0201275 
v -0.0149259 -0.001459 0.0206694 
vn 0 -0.382683 -0.92388 
vn 0 5.20417e-16 -1 
vn 0 5.20417e-16 -1 
vn 0 -0.707107 -0.707107 
vn 0 -0.382683 -0.92388 
vn 0 -0.92388 -0.382683 
vn 0 -0.707107 -0.707107 
vn 0 -1 5.72275e-16 
vn 0 -0.92388 -0.382683 
vn 0 -0.92388 0.382683 
vn 0 -1 5.72275e-16 
vn 0 -0.707107 0.707107 
vn 0 -0.92388 0.382683 
vn 0 -0.382683 0.92388 
vn 0 -0.707107 0.707107 
vn 0 -3.77136e-16 1 
vn 0 -0.382683 0.92388 
vn 0 0.382683 0.92388 
vn 0 -3.77136e-16 1 
vn 0 0.707107 0.707107 
vn 0 0.382683 0.92388 
vn 0 0.92388 0.382683 
vn 0 0.707107 0.707107 
vn 0 1 -5.72119e-18 
vn 0 0.92388 0.382683 
vn 0 0.92388 -0.382683 
vn 0 1 -5.72119e-18 
vn 0 0.707107 -0.707107 
vn 0 0.92388 -0.382683 
vn 0 0.382683 -0.92388 
vn 0 0.707107 -0.707107 
vn 0 0.382683 -0.92388 
f 3446//3446 3447//3447 3448//3448 
f 3449//3449 3446//3446 3450//3450 
f 3451//3451 3449//3449 3452//3452 
f 3453//3453 3451//3451 3454//3454 
f 3455//3455 3453//3453 3456//3456 
f 3457//3457 3455//3455 3458//3458 
f 3459//3459 3457//3457 3460//3460 
f 3461//3461 3459//3459 3462//3462 
f 3463//3463 3461//3461 3464//3464 
f 3465//3465 3463//3463 3466//3466 
f 3467//3467 3465//3465 3468//3468 
f 3469//3469 3467//3467 3470//3470 
f 3471//3471 3469//3469 3472//3472 
f 3473//3473 3471//3471 3474//3474 
f 3475//3475 3473//3473 3476//3476 
f 3447//3447 3475//3475 3477//3477 
f 3477//3477 3448//3448 3447//3447 
f 3476//3476 3477//3477 3475//3475 
f 3474//3474 3476//3476 3473//3473 
f 3472//3472 3474//3474 3471//3471 
f 3470//3470 3472//3472 3469//3469 
f 3468//3468 3470//3470 3467//3467 
f 3466//3466 3468//3468 3465//3465 
f 3464//3464 3466//3466 3463//3463 
f 3462//3462 3464//3464 3461//3461 
f 3460//3460 3462//3462 3459//3459 
f 3458//3458 3460//3460 3457//3457 
f 3456//3456 3458//3458 3455//3455 
f 3454//3454 3456//3456 3453//3453 
f 3452//3452 3454//3454 3451//3451 
f 3450//3450 3452//3452 3449//3449 
f 3448//3448 3450//3450 3446//3446 
o mesh311
v 0.0120741 -0.0029809 -0.0186861 
v 0.0120741 -0.00266735 -0.0196097 
v -0.0149259 -0.00266735 -0.0196097 
v 0.0120741 -0.0029171 -0.0177127 
v -0.0149259 -0.0029809 -0.0186861 
v 0.0120741 -0.00248567 -0.0168378 
v -0.0149259 -0.0029171 -0.0177127 
v 0.0120741 -0.00175229 -0.0161947 
v -0.0149259 -0.00248567 -0.0168378 
v 0.0120741 -0.000828605 -0.0158811 
v -0.0149259 -0.00175229 -0.0161947 
v 0.0120741 0.000144758 -0.0159449 
v -0.0149259 -0.000828605 -0.0158811 
v 0.0120741 0.00101961 -0.0163764 
v -0.0149259 0.000144758 -0.0159449 
v 0.0120741 0.00166277 -0.0171097 
v -0.0149259 0.00101961 -0.0163764 
v 0.0120741 0.00197632 -0.0180334 
v -0.0149259 0.00166277 -0.0171097 
v 0.0120741 0.00191253 -0.0190068 
v -0.0149259 0.00197632 -0.0180334 
v 0.0120741 0.00148109 -0.0198816 
v -0.0149259 0.00191253 -0.0190068 
v 0.0120741 0.000747711 -0.0205248 
v -0.0149259 0.00148109 -0.0198816 
v 0.0120741 -0.000175974 -0.0208384 
v -0.0149259 0.000747711 -0.0205248 
v 0.0120741 -0.00114934 -0.0207746 
v -0.0149259 -0.000175974 -0.0208384 
v 0.0120741 -0.00202419 -0.0203431 
v -0.0149259 -0.00114934 -0.0207746 
v -0.0149259 -0.00202419 -0.0203431 
vn 0 0.991445 0.130526 
vn 0 0.866025 0.5 
vn 0 0.866025 0.5 
vn 0 0.965926 -0.258819 
vn 0 0.991445 0.130526 
vn 0 0.793353 -0.608761 
vn 0 0.965926 -0.258819 
vn 0 0.5 -0.866025 
vn 0 0.793353 -0.608761 
vn 0 0.130526 -0.991445 
vn 0 0.5 -0.866025 
vn 0 -0.258819 -0.965926 
vn 0 0.130526 -0.991445 
vn 0 -0.608761 -0.793353 
vn 0 -0.258819 -0.965926 
vn 0 -0.866025 -0.5 
vn 0 -0.608761 -0.793353 
vn 0 -0.991445 -0.130526 
vn 0 -0.866025 -0.5 
vn 0 -0.965926 0.258819 
vn 0 -0.991445 -0.130526 
vn 0 -0.793353 0.608761 
vn 0 -0.965926 0.258819 
vn 0 -0.5 0.866025 
vn 0 -0.793353 0.608761 
vn 0 -0.130526 0.991445 
vn 0 -0.5 0.866025 
vn 0 0.258819 0.965926 
vn 0 -0.130526 0.991445 
vn 0 0.608761 0.793353 
vn 0 0.258819 0.965926 
vn 0 0.608761 0.793353 
f 3478//3478 3479//3479 3480//3480 
f 3481//3481 3478//3478 3482//3482 
f 3483//3483 3481//3481 3484//3484 
f 3485//3485 3483//3483 3486//3486 
f 3487//3487 3485//3485 3488//3488 
f 3489//3489 3487//3487 3490//3490 
f 3491//3491 3489//3489 3492//3492 
f 3493//3493 3491//3491 3494//3494 
f 3495//3495 3493//3493 3496//3496 
f 3497//3497 3495//3495 3498//3498 
f 3499//3499 3497//3497 3500//3500 
f 3501//3501 3499//3499 3502//3502 
f 3503//3503 3501//3501 3504//3504 
f 3505//3505 3503//3503 3506//3506 
f 3507//3507 3505//3505 3508//3508 
f 3479//3479 3507//3507 3509//3509 
f 3509//3509 3480//3480 3479//3479 
f 3508//3508 3509//3509 3507//3507 
f 3506//3506 3508//3508 3505//3505 
f 3504//3504 3506//3506 3503//3503 
f 3502//3502 3504//3504 3501//3501 
f 3500//3500 3502//3502 3499//3499 
f 3498//3498 3500//3500 3497//3497 
f 3496//3496 3498//3498 3495//3495 
f 3494//3494 3496//3496 3493//3493 
f 3492//3492 3494//3494 3491//3491 
f 3490//3490 3492//3492 3489//3489 
f 3488//3488 3490//3490 3487//3487 
f 3486//3486 3488//3488 3485//3485 
f 3484//3484 3486//3486 3483//3483 
f 3482//3482 3484//3484 3481//3481 
f 3480//3480 3482//3482 3478//3478 
o mesh312
v -0.00192593 0.0154553 0.0129343 
v -0.00192593 0.0100977 0.014 
v -0.00192593 0.0100977 0.009 
v -0.00192593 0.00474014 0.0129343 
v -0.00192593 0.00665356 0.00831492 
v -0.00192593 0.0154553 -0.0129343 
v -0.00192593 0.0135419 -0.00831492 
v -0.00192593 0.0100977 -0.009 
v -0.00192593 0.0199972 -0.00989949 
v -0.00192593 0.0164617 -0.00636396 
v -0.00192593 0.023032 -0.00535757 
v -0.00192593 0.0184126 -0.00344415 
v -0.00192593 0.0240977 2.48046e-17 
v -0.00192593 0.0190977 2.99358e-18 
v -0.00192593 0.023032 0.00535757 
v -0.00192593 0.0184126 0.00344415 
v -0.00192593 0.0199972 0.00989949 
v -0.00192593 0.0164617 0.00636396 
v -0.00192593 0.000198216 0.00989949 
v -0.00192593 0.00373375 0.00636396 
v -0.00192593 -0.0028366 0.00535757 
v -0.00192593 0.00178279 0.00344415 
v -0.00192593 -0.00390229 -1.12649e-17 
v -0.00192593 0.00109771 2.78762e-18 
v -0.00192593 0.0135419 0.00831492 
v -0.00192593 -0.0028366 -0.00535757 
v -0.00192593 0.00178279 -0.00344415 
v -0.00192593 0.000198216 -0.00989949 
v -0.00192593 0.00373375 -0.00636396 
v -0.00192593 0.00474014 -0.0129343 
v -0.00192593 0.00665356 -0.00831492 
v -0.00192593 0.0100977 -0.014 
vn 1 0 0 
vn 1 0 0 
vn 1 0 0 
vn 1 0 0 
vn 1 0 0 
vn 1 0 0 
vn 1 0 0 
vn 1 0 0 
vn 1 0 0 
vn 1 0 0 
vn 1 0 0 
vn 1 0 0 
vn 1 0 0 
vn 1 0 0 
vn 1 0 0 
vn 1 0 0 
vn 1 0 0 
vn 1 0 0 
vn 1 0 0 
vn 1 0 0 
vn 1 0 0 
vn 1 0 0 
vn 1 0 0 
vn 1 0 0 
vn 1 0 0 
vn 1 0 0 
vn 1 0 0 
vn 1 0 0 
vn 1 0 0 
vn 1 0 0 
vn 1 0 0 
vn 1 0 0 
f 3510//3510 3511//3511 3512//3512 
f 3511//3511 3513//3513 3514//3514 
f 3515//3515 3516//3516 3517//3517 
f 3515//3515 3518//3518 3519//3519 
f 3518//3518 3520//3520 3521//3521 
f 3520//3520 3522//3522 3523//3523 
f 3522//3522 3524//3524 3525//3525 
f 3524//3524 3526//3526 3527//3527 
f 3514//3514 3512//3512 3511//3511 
f 3513//3513 3528//3528 3529//3529 
f 3528//3528 3530//3530 3531//3531 
f 3530//3530 3532//3532 3533//3533 
f 3519//3519 3516//3516 3515//3515 
f 3523//3523 3521//3521 3520//3520 
f 3527//3527 3525//3525 3524//3524 
f 3526//3526 3510//3510 3534//3534 
f 3529//3529 3514//3514 3513//3513 
f 3533//3533 3531//3531 3530//3530 
f 3532//3532 3535//3535 3536//3536 
f 3535//3535 3537//3537 3538//3538 
f 3521//3521 3519//3519 3518//3518 
f 3534//3534 3527//3527 3526//3526 
f 3531//3531 3529//3529 3528//3528 
f 3538//3538 3536//3536 3535//3535 
f 3525//3525 3523//3523 3522//3522 
f 3536//3536 3533//3533 3532//3532 
f 3539//3539 3540//3540 3538//3538 
f 3541//3541 3517//3517 3540//3540 
f 3512//3512 3534//3534 3510//3510 
f 3540//3540 3539//3539 3541//3541 
f 3538//3538 3537//3537 3539//3539 
f 3517//3517 3541//3541 3515//3515 
o mesh313
v -0.00592593 0.00665356 0.00831492 
v -0.00592593 0.0100977 0.009 
v -0.00192593 0.0100977 0.009 
v -0.00592593 0.00373375 0.00636396 
v -0.00192593 0.00665356 0.00831492 
v -0.00592593 0.00178279 0.00344415 
v -0.00192593 0.00373375 0.00636396 
v -0.00592593 0.00109771 2.78762e-18 
v -0.00192593 0.00178279 0.00344415 
v -0.00592593 0.00178279 -0.00344415 
v -0.00192593 0.00109771 2.78762e-18 
v -0.00592593 0.00373375 -0.00636396 
v -0.00192593 0.00178279 -0.00344415 
v -0.00592593 0.00665356 -0.00831492 
v -0.00192593 0.00373375 -0.00636396 
v -0.00592593 0.0100977 -0.009 
v -0.00192593 0.00665356 -0.00831492 
v -0.00592593 0.0135419 -0.00831492 
v -0.00192593 0.0100977 -0.009 
v -0.00592593 0.0164617 -0.00636396 
v -0.00192593 0.0135419 -0.00831492 
v -0.00592593 0.0184126 -0.00344415 
v -0.00192593 0.0164617 -0.00636396 
v -0.00592593 0.0190977 2.99358e-18 
v -0.00192593 0.0184126 -0.00344415 
v -0.00592593 0.0184126 0.00344415 
v -0.00192593 0.0190977 2.99358e-18 
v -0.00592593 0.0164617 0.00636396 
v -0.00192593 0.0184126 0.00344415 
v -0.00592593 0.0135419 0.00831492 
v -0.00192593 0.0164617 0.00636396 
v -0.00192593 0.0135419 0.00831492 
vn 0 0.382683 -0.92388 
vn 0 0 -1 
vn 0 0 -1 
vn 0 0.707107 -0.707107 
vn 0 0.382683 -0.92388 
vn 0 0.92388 -0.382683 
vn 0 0.707107 -0.707107 
vn 0 1 1.83697e-16 
vn 0 0.92388 -0.382683 
vn 0 0.92388 0.382683 
vn 0 1 1.83697e-16 
vn 0 0.707107 0.707107 
vn 0 0.92388 0.382683 
vn 0 0.382683 0.92388 
vn 0 0.707107 0.707107 
vn 0 -1.22465e-16 1 
vn 0 0.382683 0.92388 
vn 0 -0.382683 0.92388 
vn 0 -1.22465e-16 1 
vn 0 -0.707107 0.707107 
vn 0 -0.382683 0.92388 
vn 0 -0.92388 0.382683 
vn 0 -0.707107 0.707107 
vn 0 -1 1.60812e-16 
vn 0 -0.92388 0.382683 
vn 0 -0.92388 -0.382683 
vn 0 -1 1.60812e-16 
vn 0 -0.707107 -0.707107 
vn 0 -0.92388 -0.382683 
vn 0 -0.382683 -0.92388 
vn 0 -0.707107 -0.707107 
vn 0 -0.382683 -0.92388 
f 3542//3542 3543//3543 3544//3544 
f 3545//3545 3542//3542 3546//3546 
f 3547//3547 3545//3545 3548//3548 
f 3549//3549 3547//3547 3550//3550 
f 3551//3551 3549//3549 3552//3552 
f 3553//3553 3551//3551 3554//3554 
f 3555//3555 3553//3553 3556//3556 
f 3557//3557 3555//3555 3558//3558 
f 3559//3559 3557//3557 3560//3560 
f 3561//3561 3559//3559 3562//3562 
f 3563//3563 3561//3561 3564//3564 
f 3565//3565 3563//3563 3566//3566 
f 3567//3567 3565//3565 3568//3568 
f 3569//3569 3567//3567 3570//3570 
f 3571//3571 3569//3569 3572//3572 
f 3543//3543 3571//3571 3573//3573 
f 3573//3573 3544//3544 3543//3543 
f 3572//3572 3573//3573 3571//3571 
f 3570//3570 3572//3572 3569//3569 
f 3568//3568 3570//3570 3567//3567 
f 3566//3566 3568//3568 3565//3565 
f 3564//3564 3566//3566 3563//3563 
f 3562//3562 3564//3564 3561//3561 
f 3560//3560 3562//3562 3559//3559 
f 3558//3558 3560//3560 3557//3557 
f 3556//3556 3558//3558 3555//3555 
f 3554//3554 3556//3556 3553//3553 
f 3552//3552 3554//3554 3551//3551 
f 3550//3550 3552//3552 3549//3549 
f 3548//3548 3550//3550 3547//3547 
f 3546//3546 3548//3548 3545//3545 
f 3544//3544 3546//3546 3542//3542 
o mesh314
v -0.00592593 0.023032 0.00535757 
v -0.00592593 0.0184126 0.00344415 
v -0.00592593 0.0164617 0.00636396 
v -0.00592593 0.0240977 6.69226e-18 
v -0.00592593 0.0190977 2.99358e-18 
v -0.00592593 0.023032 -0.00535757 
v -0.00592593 0.0184126 -0.00344415 
v -0.00592593 0.0199972 -0.00989949 
v -0.00592593 0.0164617 -0.00636396 
v -0.00592593 0.0154553 -0.0129343 
v -0.00592593 0.0100977 -0.014 
v -0.00592593 0.0100977 -0.009 
v -0.00592593 0.00474014 -0.0129343 
v -0.00592593 0.00665356 -0.00831492 
v -0.00592593 -0.0028366 -0.00535757 
v -0.00592593 0.00178279 -0.00344415 
v -0.00592593 0.00373375 -0.00636396 
v -0.00592593 -0.00390229 7.01265e-18 
v -0.00592593 0.00109771 2.78762e-18 
v -0.00592593 -0.0028366 0.00535757 
v -0.00592593 0.00178279 0.00344415 
v -0.00592593 0.000198216 0.00989949 
v -0.00592593 0.00373375 0.00636396 
v -0.00592593 0.0199972 0.00989949 
v -0.00592593 0.0135419 0.00831492 
v -0.00592593 0.0135419 -0.00831492 
v -0.00592593 0.000198216 -0.00989949 
v -0.00592593 0.0100977 0.014 
v -0.00592593 0.0154553 0.0129343 
v -0.00592593 0.00474014 0.0129343 
v -0.00592593 0.00665356 0.00831492 
v -0.00592593 0.0100977 0.009 
vn -1 0 0 
vn -1 0 0 
vn -1 0 0 
vn -1 0 0 
vn -1 0 0 
vn -1 0 0 
vn -1 0 0 
vn -1 0 0 
vn -1 0 0 
vn -1 0 0 
vn -1 0 0 
vn -1 0 0 
vn -1 0 0 
vn -1 0 0 
vn -1 0 0 
vn -1 0 0 
vn -1 0 0 
vn -1 0 0 
vn -1 0 0 
vn -1 0 0 
vn -1 0 0 
vn -1 0 0 
vn -1 0 0 
vn -1 0 0 
vn -1 0 0 
vn -1 0 0 
vn -1 0 0 
vn -1 0 0 
vn -1 0 0 
vn -1 0 0 
vn -1 0 0 
vn -1 0 0 
f 3574//3574 3575//3575 3576//3576 
f 3577//3577 3578//3578 3575//3575 
f 3579//3579 3580//3580 3578//3578 
f 3581//3581 3582//3582 3580//3580 
f 3583//3583 3584//3584 3585//3585 
f 3584//3584 3586//3586 3587//3587 
f 3588//3588 3589//3589 3590//3590 
f 3591//3591 3592//3592 3589//3589 
f 3593//3593 3594//3594 3592//3592 
f 3595//3595 3596//3596 3594//3594 
f 3597//3597 3576//3576 3598//3598 
f 3575//3575 3574//3574 3577//3577 
f 3580//3580 3579//3579 3581//3581 
f 3581//3581 3583//3583 3599//3599 
f 3587//3587 3585//3585 3584//3584 
f 3586//3586 3600//3600 3590//3590 
f 3589//3589 3588//3588 3591//3591 
f 3594//3594 3593//3593 3595//3595 
f 3601//3601 3602//3602 3598//3598 
f 3576//3576 3597//3597 3574//3574 
f 3599//3599 3582//3582 3581//3581 
f 3590//3590 3587//3587 3586//3586 
f 3592//3592 3591//3591 3593//3593 
f 3595//3595 3603//3603 3604//3604 
f 3598//3598 3602//3602 3597//3597 
f 3585//3585 3599//3599 3583//3583 
f 3604//3604 3596//3596 3595//3595 
f 3603//3603 3601//3601 3605//3605 
f 3578//3578 3577//3577 3579//3579 
f 3605//3605 3604//3604 3603//3603 
f 3590//3590 3600//3600 3588//3588 
f 3598//3598 3605//3605 3601//3601 
o mesh315
v -0.00592593 0.00474014 -0.0129343 
v -0.00592593 0.0100977 -0.014 
v -0.0169259 0.00909224 -0.0138 
v -0.0169259 0.00499771 -0.0129855 
v -0.0169259 0.0100977 -0.014 
v -0.00592593 0.000198216 -0.00989949 
v -0.0169259 0.00474014 -0.0129343 
v -0.0169259 0.000198216 -0.00989949 
v -0.0169259 -0.00256571 -0.00576299 
v -0.00592593 -0.0028366 -0.00535757 
v -0.00592593 -0.00390229 7.01265e-18 
v -0.0169259 -0.0028366 -0.00535757 
v -0.00592593 -0.0028366 0.00535757 
v -0.0169259 -0.00390229 7.01265e-18 
v -0.00592593 0.000198216 0.00989949 
v -0.0169259 -0.00256571 0.00576299 
v -0.0169259 -0.0028366 0.00535757 
v -0.00592593 0.00474014 0.0129343 
v -0.0169259 0.000198216 0.00989949 
v -0.00592593 0.0100977 0.014 
v -0.0169259 0.00499771 0.0129855 
v -0.0169259 0.00474014 0.0129343 
v -0.0169259 0.0100977 0.014 
v -0.0169259 0.0151977 0.0129855 
v -0.00592593 0.0154553 0.0129343 
v -0.00592593 0.0199972 0.00989949 
v -0.0169259 0.0154553 0.0129343 
v -0.0169259 0.0199972 0.00989949 
v -0.0169259 0.0227611 0.00576299 
v -0.00592593 0.023032 0.00535757 
v -0.00592593 0.0240977 6.69226e-18 
v -0.0169259 0.023032 0.00535757 
v -0.00592593 0.023032 -0.00535757 
v -0.0169259 0.0240977 6.69226e-18 
v -0.00592593 0.0199972 -0.00989949 
v -0.0169259 0.0227611 -0.00576299 
v -0.0169259 0.023032 -0.00535757 
v -0.00592593 0.0154553 -0.0129343 
v -0.0169259 0.0199972 -0.00989949 
v -0.0169259 0.0151977 -0.0129855 
v -0.0169259 0.0111032 -0.0138 
v -0.0169259 0.0154553 -0.0129343 
vn 0 0.382683 0.92388 
vn 0 0 1 
vn 0 0.0726674 0.997356 
vn 0 0.365561 0.930787 
vn 0 0 1 
vn 0 0.707107 0.707107 
vn 0 0.382683 0.92388 
vn 0 0.707107 0.707107 
vn 0 0.91018 0.414213 
vn 0 0.92388 0.382683 
vn 0 1 -1.83697e-16 
vn 0 0.92388 0.382683 
vn 0 0.92388 -0.382683 
vn 0 1 -1.83697e-16 
vn 0 0.707107 -0.707107 
vn 0 0.91018 -0.414213 
vn 0 0.92388 -0.382683 
vn 0 0.382683 -0.92388 
vn 0 0.707107 -0.707107 
vn 0 -1.22465e-16 -1 
vn 0 0.365561 -0.930787 
vn 0 0.382683 -0.92388 
vn 0 -1.22465e-16 -1 
vn 0 -0.365561 -0.930787 
vn 0 -0.382683 -0.92388 
vn 0 -0.707107 -0.707107 
vn 0 -0.382683 -0.92388 
vn 0 -0.707107 -0.707107 
vn 0 -0.91018 -0.414213 
vn 0 -0.92388 -0.382683 
vn 0 -1 -1.60812e-16 
vn 0 -0.92388 -0.382683 
vn 0 -0.92388 0.382683 
vn 0 -1 -1.60812e-16 
vn 0 -0.707107 0.707107 
vn 0 -0.91018 0.414213 
vn 0 -0.92388 0.382683 
vn 0 -0.382683 0.92388 
vn 0 -0.707107 0.707107 
vn 0 -0.365561 0.930787 
vn 0 -0.0726674 0.997356 
vn 0 -0.382683 0.92388 
f 3606//3606 3607//3607 3608//3608 
f 3608//3608 3609//3609 3606//3606 
f 3607//3607 3610//3610 3608//3608 
f 3611//3611 3606//3606 3612//3612 
f 3611//3611 3613//3613 3614//3614 
f 3614//3614 3615//3615 3611//3611 
f 3616//3616 3615//3615 3617//3617 
f 3618//3618 3616//3616 3619//3619 
f 3620//3620 3618//3618 3621//3621 
f 3618//3618 3622//3622 3621//3621 
f 3623//3623 3620//3620 3624//3624 
f 3625//3625 3623//3623 3626//3626 
f 3623//3623 3627//3627 3626//3626 
f 3625//3625 3628//3628 3629//3629 
f 3629//3629 3630//3630 3625//3625 
f 3631//3631 3630//3630 3632//3632 
f 3631//3631 3633//3633 3634//3634 
f 3634//3634 3635//3635 3631//3631 
f 3636//3636 3635//3635 3637//3637 
f 3638//3638 3636//3636 3639//3639 
f 3640//3640 3638//3638 3641//3641 
f 3638//3638 3642//3642 3641//3641 
f 3643//3643 3640//3640 3644//3644 
f 3643//3643 3645//3645 3646//3646 
f 3646//3646 3607//3607 3643//3643 
f 3643//3643 3647//3647 3645//3645 
f 3646//3646 3610//3610 3607//3607 
f 3644//3644 3647//3647 3643//3643 
f 3641//3641 3644//3644 3640//3640 
f 3639//3639 3642//3642 3638//3638 
f 3637//3637 3639//3639 3636//3636 
f 3634//3634 3637//3637 3635//3635 
f 3632//3632 3633//3633 3631//3631 
f 3629//3629 3632//3632 3630//3630 
f 3626//3626 3628//3628 3625//3625 
f 3624//3624 3627//3627 3623//3623 
f 3621//3621 3624//3624 3620//3620 
f 3619//3619 3622//3622 3618//3618 
f 3617//3617 3619//3619 3616//3616 
f 3614//3614 3617//3617 3615//3615 
f 3612//3612 3613//3613 3611//3611 
f 3609//3609 3612//3612 3606//3606 
o mesh316
v -0.0149259 0.0256858 -0.00945195 
v -0.0149259 0.0263361 -0.00847868 
v -0.0149259 0.0270432 -0.00918579 
v -0.0149259 0.0273094 -0.00782836 
v -0.0149259 0.0276921 -0.00875224 
v -0.0149259 0.0266097 -0.00983463 
v -0.0149259 0.0264574 -0.0106 
v -0.0149259 0.0296055 -0.0133716 
v -0.0149259 0.0292228 -0.0124478 
v -0.0149259 0.0298717 -0.0120142 
v -0.0149259 0.0284574 -0.0136 
v -0.0149259 0.0284574 -0.0126 
v -0.0149259 0.0263361 -0.0127213 
v -0.0149259 0.0270432 -0.0120142 
v -0.0149259 0.0276921 -0.0124478 
v -0.0149259 0.0256858 -0.0117481 
v -0.0149259 0.0266097 -0.0113654 
v -0.0149259 0.0254574 -0.0106 
v -0.0149259 0.0305788 -0.00847868 
v -0.0149259 0.0312291 -0.00945195 
v -0.0149259 0.0303052 -0.00983463 
v -0.0149259 0.0314574 -0.0106 
v -0.0149259 0.0304574 -0.0106 
v -0.0149259 0.0312291 -0.0117481 
v -0.0149259 0.0303052 -0.0113654 
v -0.0149259 0.0305788 -0.0127213 
v -0.0149259 0.0273094 -0.0133716 
v -0.0149259 0.0284574 -0.0076 
v -0.0149259 0.0296055 -0.00782836 
v -0.0149259 0.0292228 -0.00875224 
v -0.0149259 0.0298717 -0.00918579 
v -0.0149259 0.0284574 -0.0086 
vn -1 0 0 
vn -1 0 0 
vn -1 0 0 
vn -1 0 0 
vn -1 0 0 
vn -1 0 0 
vn -1 0 0 
vn -1 0 0 
vn -1 0 0 
vn -1 0 0 
vn -1 0 0 
vn -1 0 0 
vn -1 0 0 
vn -1 0 0 
vn -1 0 0 
vn -1 0 0 
vn -1 0 0 
vn -1 0 0 
vn -1 0 0 
vn -1 0 0 
vn -1 0 0 
vn -1 0 0 
vn -1 0 0 
vn -1 0 0 
vn -1 0 0 
vn -1 0 0 
vn -1 0 0 
vn -1 0 0 
vn -1 0 0 
vn -1 0 0 
vn -1 0 0 
vn -1 0 0 
f 3648//3648 3649//3649 3650//3650 
f 3649//3649 3651//3651 3652//3652 
f 3648//3648 3653//3653 3654//3654 
f 3652//3652 3650//3650 3649//3649 
f 3655//3655 3656//3656 3657//3657 
f 3658//3658 3659//3659 3656//3656 
f 3660//3660 3661//3661 3662//3662 
f 3660//3660 3663//3663 3664//3664 
f 3663//3663 3665//3665 3654//3654 
f 3650//3650 3653//3653 3648//3648 
f 3666//3666 3667//3667 3668//3668 
f 3667//3667 3669//3669 3670//3670 
f 3671//3671 3672//3672 3670//3670 
f 3673//3673 3657//3657 3672//3672 
f 3656//3656 3655//3655 3658//3658 
f 3674//3674 3662//3662 3659//3659 
f 3664//3664 3661//3661 3660//3660 
f 3654//3654 3665//3665 3648//3648 
f 3675//3675 3676//3676 3677//3677 
f 3676//3676 3666//3666 3678//3678 
f 3670//3670 3668//3668 3667//3667 
f 3672//3672 3671//3671 3673//3673 
f 3659//3659 3658//3658 3674//3674 
f 3654//3654 3664//3664 3663//3663 
f 3678//3678 3677//3677 3676//3676 
f 3670//3670 3669//3669 3671//3671 
f 3662//3662 3674//3674 3660//3660 
f 3651//3651 3675//3675 3679//3679 
f 3668//3668 3678//3678 3666//3666 
f 3679//3679 3652//3652 3651//3651 
f 3657//3657 3673//3673 3655//3655 
f 3677//3677 3679//3679 3675//3675 
o mesh317
v -0.0169259 0.0273094 -0.00782836 
v -0.0169259 0.0284574 -0.0076 
v -0.0149259 0.0284574 -0.0076 
v -0.0169259 0.0263361 -0.00847868 
v -0.0149259 0.0273094 -0.00782836 
v -0.0169259 0.0256858 -0.00945195 
v -0.0149259 0.0263361 -0.00847868 
v -0.0169259 0.0254574 -0.0106 
v -0.0149259 0.0256858 -0.00945195 
v -0.0169259 0.0256858 -0.0117481 
v -0.0149259 0.0254574 -0.0106 
v -0.0169259 0.0263361 -0.0127213 
v -0.0149259 0.0256858 -0.0117481 
v -0.0169259 0.0273094 -0.0133716 
v -0.0149259 0.0263361 -0.0127213 
v -0.0169259 0.0284574 -0.0136 
v -0.0149259 0.0273094 -0.0133716 
v -0.0169259 0.0296055 -0.0133716 
v -0.0149259 0.0284574 -0.0136 
v -0.0169259 0.0305788 -0.0127213 
v -0.0149259 0.0296055 -0.0133716 
v -0.0169259 0.0312291 -0.0117481 
v -0.0149259 0.0305788 -0.0127213 
v -0.0169259 0.0314574 -0.0106 
v -0.0149259 0.0312291 -0.0117481 
v -0.0169259 0.0312291 -0.00945195 
v -0.0149259 0.0314574 -0.0106 
v -0.0169259 0.0305788 -0.00847868 
v -0.0149259 0.0312291 -0.00945195 
v -0.0169259 0.0296055 -0.00782836 
v -0.0149259 0.0305788 -0.00847868 
v -0.0149259 0.0296055 -0.00782836 
vn 0 0.382683 -0.92388 
vn 0 0 -1 
vn 0 0 -1 
vn 0 0.707107 -0.707107 
vn 0 0.382683 -0.92388 
vn 0 0.92388 -0.382683 
vn 0 0.707107 -0.707107 
vn 0 1 1.83697e-16 
vn 0 0.92388 -0.382683 
vn 0 0.92388 0.382683 
vn 0 1 1.83697e-16 
vn 0 0.707107 0.707107 
vn 0 0.92388 0.382683 
vn 0 0.382683 0.92388 
vn 0 0.707107 0.707107 
vn 0 -1.22465e-16 1 
vn 0 0.382683 0.92388 
vn 0 -0.382683 0.92388 
vn 0 -1.22465e-16 1 
vn 0 -0.707107 0.707107 
vn 0 -0.382683 0.92388 
vn 0 -0.92388 0.382683 
vn 0 -0.707107 0.707107 
vn 0 -1 -6.12323e-17 
vn 0 -0.92388 0.382683 
vn 0 -0.92388 -0.382683 
vn 0 -1 -6.12323e-17 
vn 0 -0.707107 -0.707107 
vn 0 -0.92388 -0.382683 
vn 0 -0.382683 -0.92388 
vn 0 -0.707107 -0.707107 
vn 0 -0.382683 -0.92388 
f 3680//3680 3681//3681 3682//3682 
f 3683//3683 3680//3680 3684//3684 
f 3685//3685 3683//3683 3686//3686 
f 3687//3687 3685//3685 3688//3688 
f 3689//3689 3687//3687 3690//3690 
f 3691//3691 3689//3689 3692//3692 
f 3693//3693 3691//3691 3694//3694 
f 3695//3695 3693//3693 3696//3696 
f 3697//3697 3695//3695 3698//3698 
f 3699//3699 3697//3697 3700//3700 
f 3701//3701 3699//3699 3702//3702 
f 3703//3703 3701//3701 3704//3704 
f 3705//3705 3703//3703 3706//3706 
f 3707//3707 3705//3705 3708//3708 
f 3709//3709 3707//3707 3710//3710 
f 3681//3681 3709//3709 3711//3711 
f 3711//3711 3682//3682 3681//3681 
f 3710//3710 3711//3711 3709//3709 
f 3708//3708 3710//3710 3707//3707 
f 3706//3706 3708//3708 3705//3705 
f 3704//3704 3706//3706 3703//3703 
f 3702//3702 3704//3704 3701//3701 
f 3700//3700 3702//3702 3699//3699 
f 3698//3698 3700//3700 3697//3697 
f 3696//3696 3698//3698 3695//3695 
f 3694//3694 3696//3696 3693//3693 
f 3692//3692 3694//3694 3691//3691 
f 3690//3690 3692//3692 3689//3689 
f 3688//3688 3690//3690 3687//3687 
f 3686//3686 3688//3688 3685//3685 
f 3684//3684 3686//3686 3683//3683 
f 3682//3682 3684//3684 3680//3680 
o mesh318
v -0.0149259 -0.00614071 -0.00847868 
v -0.0149259 -0.00667532 -0.00938248 
v -0.0149259 -0.00726203 -0.00886795 
v -0.0149259 -0.00549039 -0.00945195 
v -0.0149259 -0.00633018 -0.0100824 
v -0.0149259 -0.00711398 -0.00782836 
v -0.0149259 -0.00800098 -0.00861711 
v -0.0149259 -0.00526203 -0.0106 
v -0.0149259 -0.00627914 -0.0108611 
v -0.0149259 -0.00549039 -0.0117481 
v -0.0149259 -0.00652998 -0.0116 
v -0.0149259 -0.00614071 -0.0127213 
v -0.0149259 -0.00704451 -0.0121867 
v -0.0149259 -0.00711398 -0.0133716 
v -0.0149259 -0.00774439 -0.0125319 
v -0.0149259 -0.00826203 -0.0136 
v -0.0149259 -0.00852308 -0.0125829 
v -0.0149259 -0.0110337 -0.0117481 
v -0.0149259 -0.0101939 -0.0111176 
v -0.0149259 -0.00984873 -0.0118175 
v -0.0149259 -0.011262 -0.0106 
v -0.0149259 -0.0102449 -0.0103389 
v -0.0149259 -0.0110337 -0.00945195 
v -0.0149259 -0.00999408 -0.0096 
v -0.0149259 -0.0103833 -0.00847868 
v -0.0149259 -0.00947955 -0.00901329 
v -0.0149259 -0.00941008 -0.0133716 
v -0.0149259 -0.00926203 -0.0123321 
v -0.0149259 -0.0103833 -0.0127213 
v -0.0149259 -0.00941008 -0.00782836 
v -0.0149259 -0.00877967 -0.00866815 
v -0.0149259 -0.00826203 -0.0076 
vn -1 0 0 
vn -1 0 0 
vn -1 0 0 
vn -1 0 0 
vn -1 0 0 
vn -1 0 0 
vn -1 0 0 
vn -1 0 0 
vn -1 0 0 
vn -1 0 0 
vn -1 0 0 
vn -1 0 0 
vn -1 0 0 
vn -1 0 0 
vn -1 0 0 
vn -1 0 0 
vn -1 0 0 
vn -1 0 0 
vn -1 0 0 
vn -1 0 0 
vn -1 0 0 
vn -1 0 0 
vn -1 0 0 
vn -1 0 0 
vn -1 0 0 
vn -1 0 0 
vn -1 0 0 
vn -1 0 0 
vn -1 0 0 
vn -1 0 0 
vn -1 0 0 
vn -1 0 0 
f 3712//3712 3713//3713 3714//3714 
f 3715//3715 3716//3716 3713//3713 
f 3717//3717 3714//3714 3718//3718 
f 3713//3713 3712//3712 3715//3715 
f 3714//3714 3717//3717 3712//3712 
f 3719//3719 3720//3720 3716//3716 
f 3721//3721 3722//3722 3720//3720 
f 3723//3723 3724//3724 3722//3722 
f 3716//3716 3715//3715 3719//3719 
f 3722//3722 3721//3721 3723//3723 
f 3725//3725 3726//3726 3724//3724 
f 3727//3727 3728//3728 3726//3726 
f 3729//3729 3730//3730 3731//3731 
f 3732//3732 3733//3733 3730//3730 
f 3734//3734 3735//3735 3733//3733 
f 3736//3736 3737//3737 3735//3735 
f 3720//3720 3719//3719 3721//3721 
f 3726//3726 3725//3725 3727//3727 
f 3738//3738 3739//3739 3728//3728 
f 3740//3740 3731//3731 3739//3739 
f 3730//3730 3729//3729 3732//3732 
f 3735//3735 3734//3734 3736//3736 
f 3741//3741 3742//3742 3737//3737 
f 3743//3743 3718//3718 3742//3742 
f 3724//3724 3723//3723 3725//3725 
f 3739//3739 3738//3738 3740//3740 
f 3733//3733 3732//3732 3734//3734 
f 3742//3742 3741//3741 3743//3743 
f 3728//3728 3727//3727 3738//3738 
f 3737//3737 3736//3736 3741//3741 
f 3731//3731 3740//3740 3729//3729 
f 3718//3718 3743//3743 3717//3717 
o mesh319
v -0.0169259 -0.00941008 -0.00782836 
v -0.0169259 -0.00826203 -0.0076 
v -0.0149259 -0.00826203 -0.0076 
v -0.0169259 -0.0103833 -0.00847868 
v -0.0149259 -0.00941008 -0.00782836 
v -0.0169259 -0.0110337 -0.00945195 
v -0.0149259 -0.0103833 -0.00847868 
v -0.0169259 -0.011262 -0.0106 
v -0.0149259 -0.0110337 -0.00945195 
v -0.0169259 -0.0110337 -0.0117481 
v -0.0149259 -0.011262 -0.0106 
v -0.0169259 -0.0103833 -0.0127213 
v -0.0149259 -0.0110337 -0.0117481 
v -0.0169259 -0.00941008 -0.0133716 
v -0.0149259 -0.0103833 -0.0127213 
v -0.0169259 -0.00826203 -0.0136 
v -0.0149259 -0.00941008 -0.0133716 
v -0.0169259 -0.00711398 -0.0133716 
v -0.0149259 -0.00826203 -0.0136 
v -0.0169259 -0.00614071 -0.0127213 
v -0.0149259 -0.00711398 -0.0133716 
v -0.0169259 -0.00549039 -0.0117481 
v -0.0149259 -0.00614071 -0.0127213 
v -0.0169259 -0.00526203 -0.0106 
v -0.0149259 -0.00549039 -0.0117481 
v -0.0169259 -0.00549039 -0.00945195 
v -0.0149259 -0.00526203 -0.0106 
v -0.0169259 -0.00614071 -0.00847868 
v -0.0149259 -0.00549039 -0.00945195 
v -0.0169259 -0.00711398 -0.00782836 
v -0.0149259 -0.00614071 -0.00847868 
v -0.0149259 -0.00711398 -0.00782836 
vn 0 0.382683 -0.92388 
vn 0 0 -1 
vn 0 0 -1 
vn 0 0.707107 -0.707107 
vn 0 0.382683 -0.92388 
vn 0 0.92388 -0.382683 
vn 0 0.707107 -0.707107 
vn 0 1 1.83697e-16 
vn 0 0.92388 -0.382683 
vn 0 0.92388 0.382683 
vn 0 1 1.83697e-16 
vn 0 0.707107 0.707107 
vn 0 0.92388 0.382683 
vn 0 0.382683 0.92388 
vn 0 0.707107 0.707107 
vn 0 -1.22465e-16 1 
vn 0 0.382683 0.92388 
vn 0 -0.382683 0.92388 
vn 0 -1.22465e-16 1 
vn 0 -0.707107 0.707107 
vn 0 -0.382683 0.92388 
vn 0 -0.92388 0.382683 
vn 0 -0.707107 0.707107 
vn 0 -1 -6.12323e-17 
vn 0 -0.92388 0.382683 
vn 0 -0.92388 -0.382683 
vn 0 -1 -6.12323e-17 
vn 0 -0.707107 -0.707107 
vn 0 -0.92388 -0.382683 
vn 0 -0.382683 -0.92388 
vn 0 -0.707107 -0.707107 
vn 0 -0.382683 -0.92388 
f 3744//3744 3745//3745 3746//3746 
f 3747//3747 3744//3744 3748//3748 
f 3749//3749 3747//3747 3750//3750 
f 3751//3751 3749//3749 3752//3752 
f 3753//3753 3751//3751 3754//3754 
f 3755//3755 3753//3753 3756//3756 
f 3757//3757 3755//3755 3758//3758 
f 3759//3759 3757//3757 3760//3760 
f 3761//3761 3759//3759 3762//3762 
f 3763//3763 3761//3761 3764//3764 
f 3765//3765 3763//3763 3766//3766 
f 3767//3767 3765//3765 3768//3768 
f 3769//3769 3767//3767 3770//3770 
f 3771//3771 3769//3769 3772//3772 
f 3773//3773 3771//3771 3774//3774 
f 3745//3745 3773//3773 3775//3775 
f 3775//3775 3746//3746 3745//3745 
f 3774//3774 3775//3775 3773//3773 
f 3772//3772 3774//3774 3771//3771 
f 3770//3770 3772//3772 3769//3769 
f 3768//3768 3770//3770 3767//3767 
f 3766//3766 3768//3768 3765//3765 
f 3764//3764 3766//3766 3763//3763 
f 3762//3762 3764//3764 3761//3761 
f 3760//3760 3762//3762 3759//3759 
f 3758//3758 3760//3760 3757//3757 
f 3756//3756 3758//3758 3755//3755 
f 3754//3754 3756//3756 3753//3753 
f 3752//3752 3754//3754 3751//3751 
f 3750//3750 3752//3752 3749//3749 
f 3748//3748 3750//3750 3747//3747 
f 3746//3746 3748//3748 3744//3744 
o mesh320
v -0.0149259 0.012219 0.0233213 
v -0.0149259 0.0128693 0.0223481 
v -0.0149259 0.0118298 0.0222 
v -0.0149259 0.0130977 0.0212 
v -0.0149259 0.0120806 0.0214611 
v -0.0149259 0.012219 0.0190787 
v -0.0149259 0.0112458 0.0184284 
v -0.0149259 0.0110977 0.0194679 
v -0.0149259 0.0100977 0.0182 
v -0.0149259 0.0103588 0.0192171 
v -0.0149259 0.0112458 0.0239716 
v -0.0149259 0.0113152 0.0227867 
v -0.0149259 0.0128693 0.0200519 
v -0.0149259 0.0120296 0.0206824 
v -0.0149259 0.0116844 0.0199825 
v -0.0149259 0.00894966 0.0184284 
v -0.0149259 0.00958007 0.0192681 
v -0.0149259 0.00797639 0.0190787 
v -0.0149259 0.00888019 0.0196133 
v -0.0149259 0.00732607 0.0200519 
v -0.0149259 0.00836566 0.0202 
v -0.0149259 0.0100977 0.0242 
v -0.0149259 0.0106153 0.0231319 
v -0.0149259 0.00709771 0.0212 
v -0.0149259 0.00811482 0.0209389 
v -0.0149259 0.00732607 0.0223481 
v -0.0149259 0.00816586 0.0217176 
v -0.0149259 0.00797639 0.0233213 
v -0.0149259 0.008511 0.0224175 
v -0.0149259 0.00894966 0.0239716 
v -0.0149259 0.00909771 0.0229321 
v -0.0149259 0.00983666 0.0231829 
vn -1 0 0 
vn -1 0 0 
vn -1 0 0 
vn -1 0 0 
vn -1 0 0 
vn -1 0 0 
vn -1 0 0 
vn -1 0 0 
vn -1 0 0 
vn -1 0 0 
vn -1 0 0 
vn -1 0 0 
vn -1 0 0 
vn -1 0 0 
vn -1 0 0 
vn -1 0 0 
vn -1 0 0 
vn -1 0 0 
vn -1 0 0 
vn -1 0 0 
vn -1 0 0 
vn -1 0 0 
vn -1 0 0 
vn -1 0 0 
vn -1 0 0 
vn -1 0 0 
vn -1 0 0 
vn -1 0 0 
vn -1 0 0 
vn -1 0 0 
vn -1 0 0 
vn -1 0 0 
f 3776//3776 3777//3777 3778//3778 
f 3777//3777 3779//3779 3780//3780 
f 3781//3781 3782//3782 3783//3783 
f 3782//3782 3784//3784 3785//3785 
f 3786//3786 3776//3776 3787//3787 
f 3780//3780 3778//3778 3777//3777 
f 3779//3779 3788//3788 3789//3789 
f 3788//3788 3781//3781 3790//3790 
f 3785//3785 3783//3783 3782//3782 
f 3784//3784 3791//3791 3792//3792 
f 3791//3791 3793//3793 3794//3794 
f 3793//3793 3795//3795 3796//3796 
f 3797//3797 3786//3786 3798//3798 
f 3778//3778 3787//3787 3776//3776 
f 3790//3790 3789//3789 3788//3788 
f 3792//3792 3785//3785 3784//3784 
f 3796//3796 3794//3794 3793//3793 
f 3795//3795 3799//3799 3800//3800 
f 3799//3799 3801//3801 3802//3802 
f 3801//3801 3803//3803 3804//3804 
f 3787//3787 3798//3798 3786//3786 
f 3783//3783 3790//3790 3781//3781 
f 3800//3800 3796//3796 3795//3795 
f 3804//3804 3802//3802 3801//3801 
f 3789//3789 3780//3780 3779//3779 
f 3802//3802 3800//3800 3799//3799 
f 3803//3803 3805//3805 3806//3806 
f 3805//3805 3797//3797 3807//3807 
f 3794//3794 3792//3792 3791//3791 
f 3807//3807 3806//3806 3805//3805 
f 3806//3806 3804//3804 3803//3803 
f 3798//3798 3807//3807 3797//3797 
o mesh321
v -0.0169259 0.00894966 0.0239716 
v -0.0169259 0.0100977 0.0242 
v -0.0149259 0.0100977 0.0242 
v -0.0169259 0.00797639 0.0233213 
v -0.0149259 0.00894966 0.0239716 
v -0.0149259 0.00732607 0.0223481 
v -0.0169259 0.00732607 0.0223481 
v -0.0169259 0.00792396 0.0232429 
v -0.0149259 0.00797639 0.0233213 
v -0.0169259 0.00709771 0.0212 
v -0.0169259 0.00732607 0.0200519 
v -0.0149259 0.00709771 0.0212 
v -0.0169259 0.00797639 0.0190787 
v -0.0149259 0.00732607 0.0200519 
v -0.0169259 0.00894966 0.0184284 
v -0.0149259 0.00797639 0.0190787 
v -0.0169259 0.0100977 0.0182 
v -0.0149259 0.00894966 0.0184284 
v -0.0169259 0.0112458 0.0184284 
v -0.0149259 0.0100977 0.0182 
v -0.0169259 0.012219 0.0190787 
v -0.0149259 0.0112458 0.0184284 
v -0.0169259 0.0128693 0.0200519 
v -0.0149259 0.012219 0.0190787 
v -0.0169259 0.0130977 0.0212 
v -0.0149259 0.0128693 0.0200519 
v -0.0169259 0.0128693 0.0223481 
v -0.0149259 0.0130977 0.0212 
v -0.0149259 0.0128693 0.0223481 
v -0.0149259 0.012219 0.0233213 
v -0.0169259 0.0122715 0.0232429 
v -0.0169259 0.012219 0.0233213 
v -0.0169259 0.0112458 0.0239716 
v -0.0149259 0.0112458 0.0239716 
vn 0 0.382683 -0.92388 
vn 0 0 -1 
vn 0 0 -1 
vn 0 0.707107 -0.707107 
vn 0 0.382683 -0.92388 
vn 0 0.92388 -0.382683 
vn 0 0.92388 -0.382683 
vn 0 0.728705 -0.684828 
vn 0 0.707107 -0.707107 
vn 0 1 1.83697e-16 
vn 0 0.92388 0.382683 
vn 0 1 1.83697e-16 
vn 0 0.707107 0.707107 
vn 0 0.92388 0.382683 
vn 0 0.382683 0.92388 
vn 0 0.707107 0.707107 
vn 0 -1.22465e-16 1 
vn 0 0.382683 0.92388 
vn 0 -0.382683 0.92388 
vn 0 -1.22465e-16 1 
vn 0 -0.707107 0.707107 
vn 0 -0.382683 0.92388 
vn 0 -0.92388 0.382683 
vn 0 -0.707107 0.707107 
vn 0 -1 -6.12323e-17 
vn 0 -0.92388 0.382683 
vn 0 -0.92388 -0.382683 
vn 0 -1 -6.12323e-17 
vn 0 -0.92388 -0.382683 
vn 0 -0.707107 -0.707107 
vn 0 -0.728705 -0.684828 
vn 0 -0.707107 -0.707107 
vn 0 -0.382683 -0.92388 
vn 0 -0.382683 -0.92388 
f 3808//3808 3809//3809 3810//3810 
f 3811//3811 3808//3808 3812//3812 
f 3813//3813 3814//3814 3815//3815 
f 3815//3815 3816//3816 3813//3813 
f 3817//3817 3814//3814 3813//3813 
f 3818//3818 3817//3817 3819//3819 
f 3820//3820 3818//3818 3821//3821 
f 3822//3822 3820//3820 3823//3823 
f 3824//3824 3822//3822 3825//3825 
f 3826//3826 3824//3824 3827//3827 
f 3828//3828 3826//3826 3829//3829 
f 3830//3830 3828//3828 3831//3831 
f 3832//3832 3830//3830 3833//3833 
f 3834//3834 3832//3832 3835//3835 
f 3836//3836 3837//3837 3838//3838 
f 3837//3837 3839//3839 3838//3838 
f 3840//3840 3839//3839 3837//3837 
f 3809//3809 3840//3840 3841//3841 
f 3841//3841 3810//3810 3809//3809 
f 3837//3837 3841//3841 3840//3840 
f 3838//3838 3834//3834 3836//3836 
f 3835//3835 3836//3836 3834//3834 
f 3833//3833 3835//3835 3832//3832 
f 3831//3831 3833//3833 3830//3830 
f 3829//3829 3831//3831 3828//3828 
f 3827//3827 3829//3829 3826//3826 
f 3825//3825 3827//3827 3824//3824 
f 3823//3823 3825//3825 3822//3822 
f 3821//3821 3823//3823 3820//3820 
f 3819//3819 3821//3821 3818//3818 
f 3813//3813 3819//3819 3817//3817 
f 3815//3815 3811//3811 3816//3816 
f 3812//3812 3816//3816 3811//3811 
f 3810//3810 3812//3812 3808//3808 
o mesh322
v -0.0149259 0.0305788 0.00847868 
v -0.0149259 0.029675 0.00901329 
v -0.0149259 0.0301895 0.0096 
v -0.0149259 0.0296055 0.00782836 
v -0.0149259 0.0289751 0.00866815 
v -0.0149259 0.0284574 0.0076 
v -0.0149259 0.0281964 0.00861711 
v -0.0149259 0.0273094 0.00782836 
v -0.0149259 0.0274574 0.00886795 
v -0.0149259 0.0254574 0.0106 
v -0.0149259 0.0264746 0.0108611 
v -0.0149259 0.0265256 0.0100824 
v -0.0149259 0.0256858 0.0117481 
v -0.0149259 0.0267254 0.0116 
v -0.0149259 0.0263361 0.00847868 
v -0.0149259 0.0268707 0.00938248 
v -0.0149259 0.0256858 0.00945195 
v -0.0149259 0.0305788 0.0127213 
v -0.0149259 0.0300442 0.0118175 
v -0.0149259 0.0294574 0.0123321 
v -0.0149259 0.0312291 0.0117481 
v -0.0149259 0.0303893 0.0111176 
v -0.0149259 0.0314574 0.0106 
v -0.0149259 0.0304403 0.0103389 
v -0.0149259 0.0312291 0.00945195 
v -0.0149259 0.0296055 0.0133716 
v -0.0149259 0.0287185 0.0125829 
v -0.0149259 0.0263361 0.0127213 
v -0.0149259 0.0272399 0.0121867 
v -0.0149259 0.0273094 0.0133716 
v -0.0149259 0.0279398 0.0125319 
v -0.0149259 0.0284574 0.0136 
vn -1 0 0 
vn -1 0 0 
vn -1 0 0 
vn -1 0 0 
vn -1 0 0 
vn -1 0 0 
vn -1 0 0 
vn -1 0 0 
vn -1 0 0 
vn -1 0 0 
vn -1 0 0 
vn -1 0 0 
vn -1 0 0 
vn -1 0 0 
vn -1 0 0 
vn -1 0 0 
vn -1 0 0 
vn -1 0 0 
vn -1 0 0 
vn -1 0 0 
vn -1 0 0 
vn -1 0 0 
vn -1 0 0 
vn -1 0 0 
vn -1 0 0 
vn -1 0 0 
vn -1 0 0 
vn -1 0 0 
vn -1 0 0 
vn -1 0 0 
vn -1 0 0 
vn -1 0 0 
f 3842//3842 3843//3843 3844//3844 
f 3845//3845 3846//3846 3843//3843 
f 3847//3847 3848//3848 3846//3846 
f 3849//3849 3850//3850 3848//3848 
f 3843//3843 3842//3842 3845//3845 
f 3848//3848 3847//3847 3849//3849 
f 3851//3851 3852//3852 3853//3853 
f 3854//3854 3855//3855 3852//3852 
f 3846//3846 3845//3845 3847//3847 
f 3856//3856 3857//3857 3850//3850 
f 3858//3858 3853//3853 3857//3857 
f 3852//3852 3851//3851 3854//3854 
f 3859//3859 3860//3860 3861//3861 
f 3862//3862 3863//3863 3860//3860 
f 3864//3864 3865//3865 3863//3863 
f 3866//3866 3844//3844 3865//3865 
f 3850//3850 3849//3849 3856//3856 
f 3853//3853 3858//3858 3851//3851 
f 3867//3867 3861//3861 3868//3868 
f 3860//3860 3859//3859 3862//3862 
f 3865//3865 3864//3864 3866//3866 
f 3857//3857 3856//3856 3858//3858 
f 3869//3869 3870//3870 3855//3855 
f 3871//3871 3872//3872 3870//3870 
f 3861//3861 3867//3867 3859//3859 
f 3844//3844 3866//3866 3842//3842 
f 3870//3870 3869//3869 3871//3871 
f 3873//3873 3868//3868 3872//3872 
f 3863//3863 3862//3862 3864//3864 
f 3872//3872 3871//3871 3873//3873 
f 3855//3855 3854//3854 3869//3869 
f 3868//3868 3873//3873 3867//3867 
o mesh323
v -0.0169259 0.0273094 0.0133716 
v -0.0169259 0.0284574 0.0136 
v -0.0149259 0.0284574 0.0136 
v -0.0169259 0.0263361 0.0127213 
v -0.0149259 0.0273094 0.0133716 
v -0.0169259 0.0256858 0.0117481 
v -0.0149259 0.0263361 0.0127213 
v -0.0169259 0.0254574 0.0106 
v -0.0149259 0.0256858 0.0117481 
v -0.0169259 0.0256858 0.00945195 
v -0.0149259 0.0254574 0.0106 
v -0.0169259 0.0263361 0.00847868 
v -0.0149259 0.0256858 0.00945195 
v -0.0169259 0.0273094 0.00782836 
v -0.0149259 0.0263361 0.00847868 
v -0.0169259 0.0284574 0.0076 
v -0.0149259 0.0273094 0.00782836 
v -0.0169259 0.0296055 0.00782836 
v -0.0149259 0.0284574 0.0076 
v -0.0169259 0.0305788 0.00847868 
v -0.0149259 0.0296055 0.00782836 
v -0.0169259 0.0312291 0.00945195 
v -0.0149259 0.0305788 0.00847868 
v -0.0169259 0.0314574 0.0106 
v -0.0149259 0.0312291 0.00945195 
v -0.0169259 0.0312291 0.0117481 
v -0.0149259 0.0314574 0.0106 
v -0.0169259 0.0305788 0.0127213 
v -0.0149259 0.0312291 0.0117481 
v -0.0169259 0.0296055 0.0133716 
v -0.0149259 0.0305788 0.0127213 
v -0.0149259 0.0296055 0.0133716 
vn 0 0.382683 -0.92388 
vn 0 0 -1 
vn 0 0 -1 
vn 0 0.707107 -0.707107 
vn 0 0.382683 -0.92388 
vn 0 0.92388 -0.382683 
vn 0 0.707107 -0.707107 
vn 0 1 1.83697e-16 
vn 0 0.92388 -0.382683 
vn 0 0.92388 0.382683 
vn 0 1 1.83697e-16 
vn 0 0.707107 0.707107 
vn 0 0.92388 0.382683 
vn 0 0.382683 0.92388 
vn 0 0.707107 0.707107 
vn 0 -1.22465e-16 1 
vn 0 0.382683 0.92388 
vn 0 -0.382683 0.92388 
vn 0 -1.22465e-16 1 
vn 0 -0.707107 0.707107 
vn 0 -0.382683 0.92388 
vn 0 -0.92388 0.382683 
vn 0 -0.707107 0.707107 
vn 0 -1 -6.12323e-17 
vn 0 -0.92388 0.382683 
vn 0 -0.92388 -0.382683 
vn 0 -1 -6.12323e-17 
vn 0 -0.707107 -0.707107 
vn 0 -0.92388 -0.382683 
vn 0 -0.382683 -0.92388 
vn 0 -0.707107 -0.707107 
vn 0 -0.382683 -0.92388 
f 3874//3874 3875//3875 3876//3876 
f 3877//3877 3874//3874 3878//3878 
f 3879//3879 3877//3877 3880//3880 
f 3881//3881 3879//3879 3882//3882 
f 3883//3883 3881//3881 3884//3884 
f 3885//3885 3883//3883 3886//3886 
f 3887//3887 3885//3885 3888//3888 
f 3889//3889 3887//3887 3890//3890 
f 3891//3891 3889//3889 3892//3892 
f 3893//3893 3891//3891 3894//3894 
f 3895//3895 3893//3893 3896//3896 
f 3897//3897 3895//3895 3898//3898 
f 3899//3899 3897//3897 3900//3900 
f 3901//3901 3899//3899 3902//3902 
f 3903//3903 3901//3901 3904//3904 
f 3875//3875 3903//3903 3905//3905 
f 3905//3905 3876//3876 3875//3875 
f 3904//3904 3905//3905 3903//3903 
f 3902//3902 3904//3904 3901//3901 
f 3900//3900 3902//3902 3899//3899 
f 3898//3898 3900//3900 3897//3897 
f 3896//3896 3898//3898 3895//3895 
f 3894//3894 3896//3896 3893//3893 
f 3892//3892 3894//3894 3891//3891 
f 3890//3890 3892//3892 3889//3889 
f 3888//3888 3890//3890 3887//3887 
f 3886//3886 3888//3888 3885//3885 
f 3884//3884 3886//3886 3883//3883 
f 3882//3882 3884//3884 3881//3881 
f 3880//3880 3882//3882 3879//3879 
f 3878//3878 3880//3880 3877//3877 
f 3876//3876 3878//3878 3874//3874 
o mesh324
v -0.0149259 -0.00549039 0.00945195 
v -0.0149259 -0.00641427 0.00983463 
v -0.0149259 -0.00626203 0.0106 
v -0.0149259 -0.00614071 0.00847868 
v -0.0149259 -0.00684781 0.00918579 
v -0.0149259 -0.00711398 0.00782836 
v -0.0149259 -0.00749666 0.00875224 
v -0.0149259 -0.00826203 0.0076 
v -0.0149259 -0.00826203 0.0086 
v -0.0149259 -0.00614071 0.0127213 
v -0.0149259 -0.00549039 0.0117481 
v -0.0149259 -0.00641427 0.0113654 
v -0.0149259 -0.00526203 0.0106 
v -0.0149259 -0.0110337 0.00945195 
v -0.0149259 -0.0101098 0.00983463 
v -0.0149259 -0.00967624 0.00918579 
v -0.0149259 -0.011262 0.0106 
v -0.0149259 -0.010262 0.0106 
v -0.0149259 -0.0110337 0.0117481 
v -0.0149259 -0.0101098 0.0113654 
v -0.0149259 -0.0103833 0.0127213 
v -0.0149259 -0.00967624 0.0120142 
v -0.0149259 -0.00826203 0.0136 
v -0.0149259 -0.00711398 0.0133716 
v -0.0149259 -0.00749666 0.0124478 
v -0.0149259 -0.00684781 0.0120142 
v -0.0149259 -0.00941008 0.00782836 
v -0.0149259 -0.00902739 0.00875224 
v -0.0149259 -0.0103833 0.00847868 
v -0.0149259 -0.00941008 0.0133716 
v -0.0149259 -0.00902739 0.0124478 
v -0.0149259 -0.00826203 0.0126 
vn -1 0 0 
vn -1 0 0 
vn -1 0 0 
vn -1 0 0 
vn -1 0 0 
vn -1 0 0 
vn -1 0 0 
vn -1 0 0 
vn -1 0 0 
vn -1 0 0 
vn -1 0 0 
vn -1 0 0 
vn -1 0 0 
vn -1 0 0 
vn -1 0 0 
vn -1 0 0 
vn -1 0 0 
vn -1 0 0 
vn -1 0 0 
vn -1 0 0 
vn -1 0 0 
vn -1 0 0 
vn -1 0 0 
vn -1 0 0 
vn -1 0 0 
vn -1 0 0 
vn -1 0 0 
vn -1 0 0 
vn -1 0 0 
vn -1 0 0 
vn -1 0 0 
vn -1 0 0 
f 3906//3906 3907//3907 3908//3908 
f 3909//3909 3910//3910 3907//3907 
f 3911//3911 3912//3912 3910//3910 
f 3911//3911 3913//3913 3914//3914 
f 3915//3915 3916//3916 3917//3917 
f 3916//3916 3918//3918 3908//3908 
f 3907//3907 3906//3906 3909//3909 
f 3914//3914 3912//3912 3911//3911 
f 3919//3919 3920//3920 3921//3921 
f 3922//3922 3923//3923 3920//3920 
f 3922//3922 3924//3924 3925//3925 
f 3924//3924 3926//3926 3927//3927 
f 3908//3908 3917//3917 3916//3916 
f 3910//3910 3909//3909 3911//3911 
f 3920//3920 3919//3919 3922//3922 
f 3927//3927 3925//3925 3924//3924 
f 3928//3928 3929//3929 3930//3930 
f 3929//3929 3915//3915 3931//3931 
f 3908//3908 3918//3918 3906//3906 
f 3932//3932 3933//3933 3914//3914 
f 3934//3934 3921//3921 3933//3933 
f 3925//3925 3923//3923 3922//3922 
f 3926//3926 3935//3935 3936//3936 
f 3935//3935 3928//3928 3937//3937 
f 3931//3931 3930//3930 3929//3929 
f 3914//3914 3913//3913 3932//3932 
f 3921//3921 3934//3934 3919//3919 
f 3937//3937 3936//3936 3935//3935 
f 3917//3917 3931//3931 3915//3915 
f 3936//3936 3927//3927 3926//3926 
f 3933//3933 3932//3932 3934//3934 
f 3930//3930 3937//3937 3928//3928 
o mesh325
v -0.0169259 -0.00941008 0.0133716 
v -0.0169259 -0.00826203 0.0136 
v -0.0149259 -0.00826203 0.0136 
v -0.0169259 -0.0103833 0.0127213 
v -0.0149259 -0.00941008 0.0133716 
v -0.0169259 -0.0110337 0.0117481 
v -0.0149259 -0.0103833 0.0127213 
v -0.0169259 -0.011262 0.0106 
v -0.0149259 -0.0110337 0.0117481 
v -0.0169259 -0.0110337 0.00945195 
v -0.0149259 -0.011262 0.0106 
v -0.0169259 -0.0103833 0.00847868 
v -0.0149259 -0.0110337 0.00945195 
v -0.0169259 -0.00941008 0.00782836 
v -0.0149259 -0.0103833 0.00847868 
v -0.0169259 -0.00826203 0.0076 
v -0.0149259 -0.00941008 0.00782836 
v -0.0169259 -0.00711398 0.00782836 
v -0.0149259 -0.00826203 0.0076 
v -0.0169259 -0.00614071 0.00847868 
v -0.0149259 -0.00711398 0.00782836 
v -0.0169259 -0.00549039 0.00945195 
v -0.0149259 -0.00614071 0.00847868 
v -0.0169259 -0.00526203 0.0106 
v -0.0149259 -0.00549039 0.00945195 
v -0.0169259 -0.00549039 0.0117481 
v -0.0149259 -0.00526203 0.0106 
v -0.0169259 -0.00614071 0.0127213 
v -0.0149259 -0.00549039 0.0117481 
v -0.0169259 -0.00711398 0.0133716 
v -0.0149259 -0.00614071 0.0127213 
v -0.0149259 -0.00711398 0.0133716 
vn 0 0.382683 -0.92388 
vn 0 0 -1 
vn 0 0 -1 
vn 0 0.707107 -0.707107 
vn 0 0.382683 -0.92388 
vn 0 0.92388 -0.382683 
vn 0 0.707107 -0.707107 
vn 0 1 1.83697e-16 
vn 0 0.92388 -0.382683 
vn 0 0.92388 0.382683 
vn 0 1 1.83697e-16 
vn 0 0.707107 0.707107 
vn 0 0.92388 0.382683 
vn 0 0.382683 0.92388 
vn 0 0.707107 0.707107 
vn 0 -1.22465e-16 1 
vn 0 0.382683 0.92388 
vn 0 -0.382683 0.92388 
vn 0 -1.22465e-16 1 
vn 0 -0.707107 0.707107 
vn 0 -0.382683 0.92388 
vn 0 -0.92388 0.382683 
vn 0 -0.707107 0.707107 
vn 0 -1 -6.12323e-17 
vn 0 -0.92388 0.382683 
vn 0 -0.92388 -0.382683 
vn 0 -1 -6.12323e-17 
vn 0 -0.707107 -0.707107 
vn 0 -0.92388 -0.382683 
vn 0 -0.382683 -0.92388 
vn 0 -0.707107 -0.707107 
vn 0 -0.382683 -0.92388 
f 3938//3938 3939//3939 3940//3940 
f 3941//3941 3938//3938 3942//3942 
f 3943//3943 3941//3941 3944//3944 
f 3945//3945 3943//3943 3946//3946 
f 3947//3947 3945//3945 3948//3948 
f 3949//3949 3947//3947 3950//3950 
f 3951//3951 3949//3949 3952//3952 
f 3953//3953 3951//3951 3954//3954 
f 3955//3955 3953//3953 3956//3956 
f 3957//3957 3955//3955 3958//3958 
f 3959//3959 3957//3957 3960//3960 
f 3961//3961 3959//3959 3962//3962 
f 3963//3963 3961//3961 3964//3964 
f 3965//3965 3963//3963 3966//3966 
f 3967//3967 3965//3965 3968//3968 
f 3939//3939 3967//3967 3969//3969 
f 3969//3969 3940//3940 3939//3939 
f 3968//3968 3969//3969 3967//3967 
f 3966//3966 3968//3968 3965//3965 
f 3964//3964 3966//3966 3963//3963 
f 3962//3962 3964//3964 3961//3961 
f 3960//3960 3962//3962 3959//3959 
f 3958//3958 3960//3960 3957//3957 
f 3956//3956 3958//3958 3955//3955 
f 3954//3954 3956//3956 3953//3953 
f 3952//3952 3954//3954 3951//3951 
f 3950//3950 3952//3952 3949//3949 
f 3948//3948 3950//3950 3947//3947 
f 3946//3946 3948//3948 3945//3945 
f 3944//3944 3946//3946 3943//3943 
f 3942//3942 3944//3944 3941//3941 
f 3940//3940 3942//3942 3938//3938 
o mesh326
v -0.0149259 0.00732607 -0.0200519 
v -0.0149259 0.00797639 -0.0190787 
v -0.0149259 0.008511 -0.0199825 
v -0.0149259 0.00894966 -0.0184284 
v -0.0149259 0.00909771 -0.0194679 
v -0.0149259 0.012219 -0.0233213 
v -0.0149259 0.0112458 -0.0239716 
v -0.0149259 0.0110977 -0.0229321 
v -0.0149259 0.0100977 -0.0242 
v -0.0149259 0.0103588 -0.0231829 
v -0.0149259 0.00894966 -0.0239716 
v -0.0149259 0.00797639 -0.0233213 
v -0.0149259 0.00888019 -0.0227867 
v -0.0149259 0.00732607 -0.0223481 
v -0.0149259 0.00836566 -0.0222 
v -0.0149259 0.0100977 -0.0182 
v -0.0149259 0.00983666 -0.0192171 
v -0.0149259 0.0112458 -0.0184284 
v -0.0149259 0.012219 -0.0190787 
v -0.0149259 0.0113152 -0.0196133 
v -0.0149259 0.0128693 -0.0200519 
v -0.0149259 0.0118298 -0.0202 
v -0.0149259 0.0130977 -0.0212 
v -0.0149259 0.0128693 -0.0223481 
v -0.0149259 0.0120296 -0.0217176 
v -0.0149259 0.0116844 -0.0224175 
v -0.0149259 0.00958007 -0.0231319 
v -0.0149259 0.00709771 -0.0212 
v -0.0149259 0.00811482 -0.0214611 
v -0.0149259 0.00816586 -0.0206824 
v -0.0149259 0.0120806 -0.0209389 
v -0.0149259 0.0106153 -0.0192681 
vn -1 0 0 
vn -1 0 0 
vn -1 0 0 
vn -1 0 0 
vn -1 0 0 
vn -1 0 0 
vn -1 0 0 
vn -1 0 0 
vn -1 0 0 
vn -1 0 0 
vn -1 0 0 
vn -1 0 0 
vn -1 0 0 
vn -1 0 0 
vn -1 0 0 
vn -1 0 0 
vn -1 0 0 
vn -1 0 0 
vn -1 0 0 
vn -1 0 0 
vn -1 0 0 
vn -1 0 0 
vn -1 0 0 
vn -1 0 0 
vn -1 0 0 
vn -1 0 0 
vn -1 0 0 
vn -1 0 0 
vn -1 0 0 
vn -1 0 0 
vn -1 0 0 
vn -1 0 0 
f 3970//3970 3971//3971 3972//3972 
f 3971//3971 3973//3973 3974//3974 
f 3975//3975 3976//3976 3977//3977 
f 3976//3976 3978//3978 3979//3979 
f 3980//3980 3981//3981 3982//3982 
f 3981//3981 3983//3983 3984//3984 
f 3974//3974 3972//3972 3971//3971 
f 3973//3973 3985//3985 3986//3986 
f 3987//3987 3988//3988 3989//3989 
f 3988//3988 3990//3990 3991//3991 
f 3992//3992 3993//3993 3994//3994 
f 3993//3993 3975//3975 3995//3995 
f 3979//3979 3977//3977 3976//3976 
f 3978//3978 3980//3980 3996//3996 
f 3984//3984 3982//3982 3981//3981 
f 3983//3983 3997//3997 3998//3998 
f 3997//3997 3970//3970 3999//3999 
f 3986//3986 3974//3974 3973//3973 
f 3991//3991 3989//3989 3988//3988 
f 3990//3990 3992//3992 4000//4000 
f 3995//3995 3994//3994 3993//3993 
f 3996//3996 3979//3979 3978//3978 
f 3998//3998 3984//3984 3983//3983 
f 3972//3972 3999//3999 3970//3970 
f 3985//3985 3987//3987 4001//4001 
f 4000//4000 3991//3991 3990//3990 
f 3977//3977 3995//3995 3975//3975 
f 3999//3999 3998//3998 3997//3997 
f 3989//3989 4001//4001 3987//3987 
f 3982//3982 3996//3996 3980//3980 
f 3994//3994 4000//4000 3992//3992 
f 4001//4001 3986//3986 3985//3985 
o mesh327
v -0.0169259 0.00894966 -0.0184284 
v -0.0169259 0.0100977 -0.0182 
v -0.0149259 0.0100977 -0.0182 
v -0.0169259 0.00797639 -0.0190787 
v -0.0149259 0.00894966 -0.0184284 
v -0.0169259 0.00732607 -0.0200519 
v -0.0149259 0.00797639 -0.0190787 
v -0.0169259 0.00709771 -0.0212 
v -0.0149259 0.00732607 -0.0200519 
v -0.0169259 0.00732607 -0.0223481 
v -0.0149259 0.00709771 -0.0212 
v -0.0149259 0.00732607 -0.0223481 
v -0.0149259 0.00797639 -0.0233213 
v -0.0169259 0.00792396 -0.0232429 
v -0.0169259 0.00797639 -0.0233213 
v -0.0169259 0.00894966 -0.0239716 
v -0.0169259 0.0100977 -0.0242 
v -0.0149259 0.00894966 -0.0239716 
v -0.0169259 0.0112458 -0.0239716 
v -0.0149259 0.0100977 -0.0242 
v -0.0169259 0.012219 -0.0233213 
v -0.0149259 0.0112458 -0.0239716 
v -0.0149259 0.0128693 -0.0223481 
v -0.0169259 0.0128693 -0.0223481 
v -0.0169259 0.0122715 -0.0232429 
v -0.0149259 0.012219 -0.0233213 
v -0.0169259 0.0130977 -0.0212 
v -0.0169259 0.0128693 -0.0200519 
v -0.0149259 0.0130977 -0.0212 
v -0.0169259 0.012219 -0.0190787 
v -0.0149259 0.0128693 -0.0200519 
v -0.0169259 0.0112458 -0.0184284 
v -0.0149259 0.012219 -0.0190787 
v -0.0149259 0.0112458 -0.0184284 
vn 0 0.382683 -0.92388 
vn 0 0 -1 
vn 0 0 -1 
vn 0 0.707107 -0.707107 
vn 0 0.382683 -0.92388 
vn 0 0.92388 -0.382683 
vn 0 0.707107 -0.707107 
vn 0 1 1.83697e-16 
vn 0 0.92388 -0.382683 
vn 0 0.92388 0.382683 
vn 0 1 1.83697e-16 
vn 0 0.92388 0.382683 
vn 0 0.707107 0.707107 
vn 0 0.728705 0.684828 
vn 0 0.707107 0.707107 
vn 0 0.382683 0.92388 
vn 0 -1.22465e-16 1 
vn 0 0.382683 0.92388 
vn 0 -0.382683 0.92388 
vn 0 -1.22465e-16 1 
vn 0 -0.707107 0.707107 
vn 0 -0.382683 0.92388 
vn 0 -0.92388 0.382683 
vn 0 -0.92388 0.382683 
vn 0 -0.728705 0.684828 
vn 0 -0.707107 0.707107 
vn 0 -1 -6.12323e-17 
vn 0 -0.92388 -0.382683 
vn 0 -1 -6.12323e-17 
vn 0 -0.707107 -0.707107 
vn 0 -0.92388 -0.382683 
vn 0 -0.382683 -0.92388 
vn 0 -0.707107 -0.707107 
vn 0 -0.382683 -0.92388 
f 4002//4002 4003//4003 4004//4004 
f 4005//4005 4002//4002 4006//4006 
f 4007//4007 4005//4005 4008//4008 
f 4009//4009 4007//4007 4010//4010 
f 4011//4011 4009//4009 4012//4012 
f 4013//4013 4014//4014 4015//4015 
f 4014//4014 4016//4016 4015//4015 
f 4017//4017 4016//4016 4014//4014 
f 4018//4018 4017//4017 4019//4019 
f 4020//4020 4018//4018 4021//4021 
f 4022//4022 4020//4020 4023//4023 
f 4024//4024 4025//4025 4026//4026 
f 4026//4026 4027//4027 4024//4024 
f 4028//4028 4025//4025 4024//4024 
f 4029//4029 4028//4028 4030//4030 
f 4031//4031 4029//4029 4032//4032 
f 4033//4033 4031//4031 4034//4034 
f 4003//4003 4033//4033 4035//4035 
f 4035//4035 4004//4004 4003//4003 
f 4034//4034 4035//4035 4033//4033 
f 4032//4032 4034//4034 4031//4031 
f 4030//4030 4032//4032 4029//4029 
f 4024//4024 4030//4030 4028//4028 
f 4026//4026 4022//4022 4027//4027 
f 4023//4023 4027//4027 4022//4022 
f 4021//4021 4023//4023 4020//4020 
f 4019//4019 4021//4021 4018//4018 
f 4014//4014 4019//4019 4017//4017 
f 4015//4015 4011//4011 4013//4013 
f 4012//4012 4013//4013 4011//4011 
f 4010//4010 4012//4012 4009//4009 
f 4008//4008 4010//4010 4007//4007 
f 4006//4006 4008//4008 4005//4005 
f 4004//4004 4006//4006 4002//4002 
o mesh328
v -0.0149259 0.0240977 -0.0203227 
v -0.0149259 0.0206977 -0.0222857 
v -0.0149259 0.0216544 -0.0206694 
v -0.0149259 0.0172977 -0.0203227 
v -0.0149259 0.0189299 -0.0201275 
v -0.0149259 0.019741 -0.0206694 
v -0.0149259 0.0172977 -0.0163967 
v -0.0149259 0.018388 -0.017403 
v -0.0149259 0.0181977 -0.0183597 
v -0.0149259 0.0230074 -0.0193164 
v -0.0149259 0.0231977 -0.0183597 
v -0.0149259 0.0206977 -0.0208597 
v -0.0149259 0.018388 -0.0193164 
v -0.0149259 0.0189299 -0.016592 
v -0.0149259 0.0240977 -0.0163967 
v -0.0149259 0.0224655 -0.016592 
v -0.0149259 0.0216544 -0.01605 
v -0.0149259 0.0230074 -0.017403 
v -0.0149259 0.0224655 -0.0201275 
v -0.0149259 0.0206977 -0.0144338 
v -0.0149259 0.019741 -0.01605 
v -0.0149259 0.0206977 -0.0158597 
vn -1 0 0 
vn -1 0 0 
vn -1 0 0 
vn -1 0 0 
vn -1 0 0 
vn -1 0 0 
vn -1 0 0 
vn -1 0 0 
vn -1 0 0 
vn -1 0 0 
vn -1 0 0 
vn -1 0 0 
vn -1 0 0 
vn -1 0 0 
vn -1 0 0 
vn -1 0 0 
vn -1 0 0 
vn -1 0 0 
vn -1 0 0 
vn -1 0 0 
vn -1 0 0 
vn -1 0 0 
f 4036//4036 4037//4037 4038//4038 
f 4039//4039 4040//4040 4041//4041 
f 4042//4042 4043//4043 4044//4044 
f 4036//4036 4045//4045 4046//4046 
f 4037//4037 4047//4047 4038//4038 
f 4041//4041 4037//4037 4039//4039 
f 4039//4039 4044//4044 4048//4048 
f 4042//4042 4049//4049 4043//4043 
f 4050//4050 4051//4051 4052//4052 
f 4050//4050 4046//4046 4053//4053 
f 4036//4036 4054//4054 4045//4045 
f 4041//4041 4047//4047 4037//4037 
f 4044//4044 4039//4039 4042//4042 
f 4042//4042 4055//4055 4056//4056 
f 4052//4052 4055//4055 4050//4050 
f 4046//4046 4050//4050 4036//4036 
f 4048//4048 4040//4040 4039//4039 
f 4055//4055 4057//4057 4056//4056 
f 4053//4053 4051//4051 4050//4050 
f 4056//4056 4049//4049 4042//4042 
f 4038//4038 4054//4054 4036//4036 
f 4052//4052 4057//4057 4055//4055 
o mesh329
v -0.0149259 0.0240977 -0.0163967 
v -0.0169259 0.0240977 -0.0163967 
v -0.0169259 0.0240977 -0.0203227 
v -0.0149259 0.0240977 -0.0203227 
vn 0 -1 0 
vn 0 -1 0 
vn 0 -1 0 
vn 0 -1 0 
f 4058//4058 4059//4059 4060//4060 
f 4060//4060 4061//4061 4058//4058 
o mesh330
v -0.0169259 0.0206977 -0.0222857 
v -0.0149259 0.0206977 -0.0222857 
v -0.0149259 0.0240977 -0.0203227 
v -0.0169259 0.0240977 -0.0203227 
vn 0 -0.5 0.866025 
vn 0 -0.5 0.866025 
vn 0 -0.5 0.866025 
vn 0 -0.5 0.866025 
f 4062//4062 4063//4063 4064//4064 
f 4064//4064 4065//4065 4062//4062 
o mesh331
v -0.0149259 0.0206977 -0.0222857 
v -0.0169259 0.0206977 -0.0222857 
v -0.0169259 0.0172977 -0.0203227 
v -0.0149259 0.0172977 -0.0203227 
vn 0 0.5 0.866025 
vn 0 0.5 0.866025 
vn 0 0.5 0.866025 
vn 0 0.5 0.866025 
f 4066//4066 4067//4067 4068//4068 
f 4068//4068 4069//4069 4066//4066 
o mesh332
v -0.0169259 0.0172977 -0.0163967 
v -0.0149259 0.0172977 -0.0163967 
v -0.0149259 0.0172977 -0.0203227 
v -0.0169259 0.0172977 -0.0203227 
vn 0 1 0 
vn 0 1 0 
vn 0 1 0 
vn 0 1 0 
f 4070//4070 4071//4071 4072//4072 
f 4072//4072 4073//4073 4070//4070 
o mesh333
v -0.0149259 0.0206977 -0.0144338 
v -0.0149259 0.0172977 -0.0163967 
v -0.0169259 0.017436 -0.0163169 
v -0.0169259 0.0172977 -0.0163967 
v -0.0169259 0.0206977 -0.0144338 
vn 0 0.5 -0.866025 
vn 0 0.5 -0.866025 
vn 0 0.5 -0.866025 
vn 0 0.5 -0.866025 
vn 0 0.5 -0.866025 
f 4074//4074 4075//4075 4076//4076 
f 4075//4075 4077//4077 4076//4076 
f 4076//4076 4078//4078 4074//4074 
o mesh334
v -0.0149259 0.0206977 -0.0144338 
v -0.0169259 0.0206977 -0.0144338 
v -0.0169259 0.0239594 -0.0163169 
v -0.0149259 0.0240977 -0.0163967 
v -0.0169259 0.0240977 -0.0163967 
vn 0 -0.5 -0.866025 
vn 0 -0.5 -0.866025 
vn 0 -0.5 -0.866025 
vn 0 -0.5 -0.866025 
vn 0 -0.5 -0.866025 
f 4079//4079 4080//4080 4081//4081 
f 4081//4081 4082//4082 4079//4079 
f 4081//4081 4083//4083 4082//4082 
o mesh335
v -0.0149259 -0.00770229 -0.00196299 
v -0.0149259 -0.00958039 -0.00198338 
v -0.0149259 -0.00893723 -0.00125 
v -0.0149259 -0.0111023 -0.00392598 
v -0.0149259 -0.0104552 -0.00241481 
v -0.0149259 -0.00770229 0.00196299 
v -0.0149259 -0.00862368 -0.000326315 
v -0.0149259 -0.0114286 -0.00247861 
v -0.0149259 -0.0145023 -0.00196299 
v -0.0149259 -0.0123523 -0.00216506 
v -0.0149259 -0.00868747 0.000647048 
v -0.0149259 -0.0145023 0.00196299 
v -0.0149259 -0.0135809 0.000326315 
v -0.0149259 -0.0111023 0.00392598 
v -0.0149259 -0.0117493 0.00241481 
v -0.0149259 -0.0126242 0.00198338 
v -0.0149259 -0.00985229 0.00216506 
v -0.0149259 -0.00911891 0.0015219 
v -0.0149259 -0.0130857 -0.0015219 
v -0.0149259 -0.0135171 -0.000647048 
v -0.0149259 -0.0132674 0.00125 
v -0.0149259 -0.010776 0.00247861 
vn -1 0 0 
vn -1 0 0 
vn -1 0 0 
vn -1 0 0 
vn -1 0 0 
vn -1 0 0 
vn -1 0 0 
vn -1 0 0 
vn -1 0 0 
vn -1 0 0 
vn -1 0 0 
vn -1 0 0 
vn -1 0 0 
vn -1 0 0 
vn -1 0 0 
vn -1 0 0 
vn -1 0 0 
vn -1 0 0 
vn -1 0 0 
vn -1 0 0 
vn -1 0 0 
vn -1 0 0 
f 4084//4084 4085//4085 4086//4086 
f 4087//4087 4088//4088 4085//4085 
f 4085//4085 4084//4084 4087//4087 
f 4089//4089 4084//4084 4090//4090 
f 4087//4087 4091//4091 4088//4088 
f 4087//4087 4092//4092 4093//4093 
f 4090//4090 4094//4094 4089//4089 
f 4093//4093 4091//4091 4087//4087 
f 4092//4092 4095//4095 4096//4096 
f 4097//4097 4098//4098 4099//4099 
f 4097//4097 4089//4089 4100//4100 
f 4094//4094 4101//4101 4089//4089 
f 4092//4092 4102//4102 4093//4093 
f 4096//4096 4103//4103 4092//4092 
f 4099//4099 4095//4095 4097//4097 
f 4101//4101 4100//4100 4089//4089 
f 4103//4103 4102//4102 4092//4092 
f 4099//4099 4104//4104 4095//4095 
f 4086//4086 4090//4090 4084//4084 
f 4097//4097 4105//4105 4098//4098 
f 4104//4104 4096//4096 4095//4095 
f 4100//4100 4105//4105 4097//4097 
o mesh336
v -0.0149259 -0.0111023 -0.00392598 
v -0.0169259 -0.0111023 -0.00392598 
v -0.0169259 -0.0128822 -0.00289837 
v -0.0149259 -0.0145023 -0.00196299 
v -0.0169259 -0.0145023 -0.00196299 
vn 0 0.5 0.866025 
vn 0 0.5 0.866025 
vn 0 0.5 0.866025 
vn 0 0.5 0.866025 
vn 0 0.5 0.866025 
f 4106//4106 4107//4107 4108//4108 
f 4108//4108 4109//4109 4106//4106 
f 4108//4108 4110//4110 4109//4109 
o mesh337
v -0.0149259 -0.0145023 -0.00196299 
v -0.0169259 -0.0145023 -0.00196299 
v -0.0169259 -0.0145023 0.00196299 
v -0.0149259 -0.0145023 0.00196299 
vn 0 1 0 
vn 0 1 0 
vn 0 1 0 
vn 0 1 0 
f 4111//4111 4112//4112 4113//4113 
f 4113//4113 4114//4114 4111//4111 
o mesh338
v -0.0149259 -0.0111023 0.00392598 
v -0.0149259 -0.0145023 0.00196299 
v -0.0169259 -0.0128822 0.00289837 
v -0.0169259 -0.0145023 0.00196299 
v -0.0169259 -0.0111023 0.00392598 
vn 0 0.5 -0.866025 
vn 0 0.5 -0.866025 
vn 0 0.5 -0.866025 
vn 0 0.5 -0.866025 
vn 0 0.5 -0.866025 
f 4115//4115 4116//4116 4117//4117 
f 4116//4116 4118//4118 4117//4117 
f 4117//4117 4119//4119 4115//4115 
o mesh339
v -0.0169259 -0.0111023 0.00392598 
v -0.0169259 -0.00770229 0.00196299 
v -0.0149259 -0.00770229 0.00196299 
v -0.0149259 -0.0111023 0.00392598 
vn 0 -0.5 -0.866025 
vn 0 -0.5 -0.866025 
vn 0 -0.5 -0.866025 
vn 0 -0.5 -0.866025 
f 4120//4120 4121//4121 4122//4122 
f 4122//4122 4123//4123 4120//4120 
o mesh340
v -0.0149259 -0.00770229 -0.00196299 
v -0.0149259 -0.00770229 0.00196299 
v -0.0169259 -0.00770229 0.00196299 
v -0.0169259 -0.00770229 -0.00196299 
vn 0 -1 0 
vn 0 -1 0 
vn 0 -1 0 
vn 0 -1 0 
f 4124//4124 4125//4125 4126//4126 
f 4126//4126 4127//4127 4124//4124 
o mesh341
v -0.0149259 -0.00770229 -0.00196299 
v -0.0169259 -0.00770229 -0.00196299 
v -0.0169259 -0.0111023 -0.00392598 
v -0.0149259 -0.0111023 -0.00392598 
vn 0 -0.5 0.866025 
vn 0 -0.5 0.866025 
vn 0 -0.5 0.866025 
vn 0 -0.5 0.866025 
f 4128//4128 4129//4129 4130//4130 
f 4130//4130 4131//4131 4128//4128 
o mesh342
v -0.0149259 0.0206977 0.0144338 
v -0.0149259 0.0172977 0.0163967 
v -0.0149259 0.0191758 0.0163764 
v -0.0149259 0.0240977 0.0163967 
v -0.0149259 0.0231125 0.0177127 
v -0.0149259 0.0231763 0.0186861 
v -0.0149259 0.0185326 0.0171097 
v -0.0149259 0.0172977 0.0203227 
v -0.0149259 0.0194477 0.0205248 
v -0.0149259 0.0187143 0.0198816 
v -0.0149259 0.0206977 0.0222857 
v -0.0149259 0.0203714 0.0208384 
v -0.0149259 0.0240977 0.0203227 
v -0.0149259 0.0200507 0.0159449 
v -0.0149259 0.021024 0.0158811 
v -0.0149259 0.0182191 0.0180334 
v -0.0149259 0.0182829 0.0190068 
v -0.0149259 0.0222196 0.0203431 
v -0.0149259 0.0226811 0.0168378 
v -0.0149259 0.0219477 0.0161947 
v -0.0149259 0.0228628 0.0196097 
v -0.0149259 0.0213448 0.0207746 
vn -1 0 0 
vn -1 0 0 
vn -1 0 0 
vn -1 0 0 
vn -1 0 0 
vn -1 0 0 
vn -1 0 0 
vn -1 0 0 
vn -1 0 0 
vn -1 0 0 
vn -1 0 0 
vn -1 0 0 
vn -1 0 0 
vn -1 0 0 
vn -1 0 0 
vn -1 0 0 
vn -1 0 0 
vn -1 0 0 
vn -1 0 0 
vn -1 0 0 
vn -1 0 0 
vn -1 0 0 
f 4132//4132 4133//4133 4134//4134 
f 4135//4135 4136//4136 4137//4137 
f 4133//4133 4138//4138 4134//4134 
f 4139//4139 4140//4140 4141//4141 
f 4142//4142 4143//4143 4140//4140 
f 4137//4137 4144//4144 4135//4135 
f 4132//4132 4145//4145 4146//4146 
f 4133//4133 4147//4147 4138//4138 
f 4139//4139 4148//4148 4147//4147 
f 4140//4140 4139//4139 4142//4142 
f 4142//4142 4144//4144 4149//4149 
f 4135//4135 4150//4150 4136//4136 
f 4135//4135 4132//4132 4151//4151 
f 4134//4134 4145//4145 4132//4132 
f 4141//4141 4148//4148 4139//4139 
f 4144//4144 4152//4152 4149//4149 
f 4151//4151 4150//4150 4135//4135 
f 4147//4147 4133//4133 4139//4139 
f 4149//4149 4153//4153 4142//4142 
f 4146//4146 4151//4151 4132//4132 
f 4137//4137 4152//4152 4144//4144 
f 4153//4153 4143//4143 4142//4142 
o mesh343
v -0.0149259 0.0172977 0.0203227 
v -0.0169259 0.0172977 0.0203227 
v -0.0169259 0.0206977 0.0222857 
v -0.0149259 0.0206977 0.0222857 
vn 0 0.5 -0.866025 
vn 0 0.5 -0.866025 
vn 0 0.5 -0.866025 
vn 0 0.5 -0.866025 
f 4154//4154 4155//4155 4156//4156 
f 4156//4156 4157//4157 4154//4154 
o mesh344
v -0.0149259 0.0206977 0.0222857 
v -0.0169259 0.0206977 0.0222857 
v -0.0169259 0.0240977 0.0203227 
v -0.0149259 0.0240977 0.0203227 
vn 0 -0.5 -0.866025 
vn 0 -0.5 -0.866025 
vn 0 -0.5 -0.866025 
vn 0 -0.5 -0.866025 
f 4158//4158 4159//4159 4160//4160 
f 4160//4160 4161//4161 4158//4158 
o mesh345
v -0.0149259 0.0240977 0.0203227 
v -0.0169259 0.0240977 0.0203227 
v -0.0169259 0.0240977 0.0163967 
v -0.0149259 0.0240977 0.0163967 
vn 0 -1 0 
vn 0 -1 0 
vn 0 -1 0 
vn 0 -1 0 
f 4162//4162 4163//4163 4164//4164 
f 4164//4164 4165//4165 4162//4162 
o mesh346
v -0.0149259 0.0240977 0.0163967 
v -0.0169259 0.0240977 0.0163967 
v -0.0169259 0.0206977 0.0144338 
v -0.0149259 0.0206977 0.0144338 
vn 0 -0.5 0.866025 
vn 0 -0.5 0.866025 
vn 0 -0.5 0.866025 
vn 0 -0.5 0.866025 
f 4166//4166 4167//4167 4168//4168 
f 4168//4168 4169//4169 4166//4166 
o mesh347
v -0.0149259 0.0206977 0.0144338 
v -0.0169259 0.0206977 0.0144338 
v -0.0169259 0.0172977 0.0163967 
v -0.0149259 0.0172977 0.0163967 
vn 0 0.5 0.866025 
vn 0 0.5 0.866025 
vn 0 0.5 0.866025 
vn 0 0.5 0.866025 
f 4170//4170 4171//4171 4172//4172 
f 4172//4172 4173//4173 4170//4170 
o mesh348
v -0.0149259 0.0172977 0.0163967 
v -0.0169259 0.0172977 0.0163967 
v -0.0169259 0.0172977 0.0203227 
v -0.0149259 0.0172977 0.0203227 
vn 0 1 0 
vn 0 1 0 
vn 0 1 0 
vn 0 1 0 
f 4174//4174 4175//4175 4176//4176 
f 4176//4176 4177//4177 4174//4174 
o mesh349
v -0.0149259 0.0278977 -0.00196299 
v -0.0149259 0.0293143 -0.0015219 
v -0.0149259 0.0300477 -0.00216506 
v -0.0149259 0.0288829 -0.000647048 
v -0.0149259 0.0312977 -0.00392598 
v -0.0149259 0.0319448 -0.00241481 
v -0.0149259 0.0328196 -0.00198338 
v -0.0149259 0.0346977 0.00196299 
v -0.0149259 0.0332811 0.0015219 
v -0.0149259 0.0325477 0.00216506 
v -0.0149259 0.0346977 -0.00196299 
v -0.0149259 0.0337763 -0.000326315 
v -0.0149259 0.0309714 -0.00247861 
v -0.0149259 0.0312977 0.00392598 
v -0.0149259 0.0306507 0.00241481 
v -0.0149259 0.0297758 0.00198338 
v -0.0149259 0.0337125 0.000647048 
v -0.0149259 0.0334628 -0.00125 
v -0.0149259 0.0278977 0.00196299 
v -0.0149259 0.0288191 0.000326315 
v -0.0149259 0.0291326 0.00125 
v -0.0149259 0.031624 0.00247861 
vn -1 0 0 
vn -1 0 0 
vn -1 0 0 
vn -1 0 0 
vn -1 0 0 
vn -1 0 0 
vn -1 0 0 
vn -1 0 0 
vn -1 0 0 
vn -1 0 0 
vn -1 0 0 
vn -1 0 0 
vn -1 0 0 
vn -1 0 0 
vn -1 0 0 
vn -1 0 0 
vn -1 0 0 
vn -1 0 0 
vn -1 0 0 
vn -1 0 0 
vn -1 0 0 
vn -1 0 0 
f 4178//4178 4179//4179 4180//4180 
f 4178//4178 4181//4181 4179//4179 
f 4182//4182 4183//4183 4184//4184 
f 4180//4180 4182//4182 4178//4178 
f 4185//4185 4186//4186 4187//4187 
f 4185//4185 4188//4188 4189//4189 
f 4184//4184 4188//4188 4182//4182 
f 4180//4180 4190//4190 4182//4182 
f 4191//4191 4192//4192 4193//4193 
f 4185//4185 4194//4194 4186//4186 
f 4188//4188 4195//4195 4189//4189 
f 4190//4190 4183//4183 4182//4182 
f 4178//4178 4196//4196 4197//4197 
f 4193//4193 4196//4196 4191//4191 
f 4187//4187 4191//4191 4185//4185 
f 4184//4184 4195//4195 4188//4188 
f 4196//4196 4198//4198 4197//4197 
f 4191//4191 4199//4199 4192//4192 
f 4189//4189 4194//4194 4185//4185 
f 4193//4193 4198//4198 4196//4196 
f 4197//4197 4181//4181 4178//4178 
f 4187//4187 4199//4199 4191//4191 
o mesh350
v -0.0149259 0.0312977 0.00392598 
v -0.0169259 0.0312977 0.00392598 
v -0.0169259 0.0330776 0.00289837 
v -0.0149259 0.0346977 0.00196299 
v -0.0169259 0.0346977 0.00196299 
vn 0 -0.5 -0.866025 
vn 0 -0.5 -0.866025 
vn 0 -0.5 -0.866025 
vn 0 -0.5 -0.866025 
vn 0 -0.5 -0.866025 
f 4200//4200 4201//4201 4202//4202 
f 4202//4202 4203//4203 4200//4200 
f 4202//4202 4204//4204 4203//4203 
o mesh351
v -0.0169259 0.0346977 -0.00196299 
v -0.0149259 0.0346977 -0.00196299 
v -0.0149259 0.0346977 0.00196299 
v -0.0169259 0.0346977 0.00196299 
vn 0 -1 0 
vn 0 -1 0 
vn 0 -1 0 
vn 0 -1 0 
f 4205//4205 4206//4206 4207//4207 
f 4207//4207 4208//4208 4205//4205 
o mesh352
v -0.0149259 0.0312977 -0.00392598 
v -0.0149259 0.0346977 -0.00196299 
v -0.0169259 0.0330776 -0.00289837 
v -0.0169259 0.0346977 -0.00196299 
v -0.0169259 0.0312977 -0.00392598 
vn 0 -0.5 0.866025 
vn 0 -0.5 0.866025 
vn 0 -0.5 0.866025 
vn 0 -0.5 0.866025 
vn 0 -0.5 0.866025 
f 4209//4209 4210//4210 4211//4211 
f 4210//4210 4212//4212 4211//4211 
f 4211//4211 4213//4213 4209//4209 
o mesh353
v -0.0149259 0.0278977 -0.00196299 
v -0.0149259 0.0312977 -0.00392598 
v -0.0169259 0.0312977 -0.00392598 
v -0.0169259 0.0278977 -0.00196299 
vn 0 0.5 0.866025 
vn 0 0.5 0.866025 
vn 0 0.5 0.866025 
vn 0 0.5 0.866025 
f 4214//4214 4215//4215 4216//4216 
f 4216//4216 4217//4217 4214//4214 
o mesh354
v -0.0149259 0.0278977 -0.00196299 
v -0.0169259 0.0278977 -0.00196299 
v -0.0169259 0.0278977 0.00196299 
v -0.0149259 0.0278977 0.00196299 
vn 0 1 0 
vn 0 1 0 
vn 0 1 0 
vn 0 1 0 
f 4218//4218 4219//4219 4220//4220 
f 4220//4220 4221//4221 4218//4218 
o mesh355
v -0.0169259 0.0312977 0.00392598 
v -0.0149259 0.0312977 0.00392598 
v -0.0149259 0.0278977 0.00196299 
v -0.0169259 0.0278977 0.00196299 
vn 0 0.5 -0.866025 
vn 0 0.5 -0.866025 
vn 0 0.5 -0.866025 
vn 0 0.5 -0.866025 
f 4222//4222 4223//4223 4224//4224 
f 4224//4224 4225//4225 4222//4222 
o mesh356
v -0.0149259 0.00289771 0.0163967 
v -0.0149259 0.00180741 0.017403 
v -0.0149259 0.00199771 0.0183597 
v -0.0149259 -0.00390229 0.0163967 
v -0.0149259 -0.00227006 0.016592 
v -0.0149259 -0.001459 0.01605 
v -0.0149259 0.00289771 0.0203227 
v -0.0149259 0.00126548 0.0201275 
v -0.0149259 0.000454419 0.0206694 
v -0.0149259 0.00180741 0.0193164 
v -0.0149259 0.00126548 0.016592 
v -0.0149259 -0.000502289 0.0144338 
v -0.0149259 0.000454419 0.01605 
v -0.0149259 -0.00281199 0.017403 
v -0.0149259 -0.00390229 0.0203227 
v -0.0149259 -0.00281199 0.0193164 
v -0.0149259 -0.00300229 0.0183597 
v -0.0149259 -0.000502289 0.0222857 
v -0.0149259 -0.000502289 0.0158597 
v -0.0149259 -0.00227006 0.0201275 
v -0.0149259 -0.001459 0.0206694 
v -0.0149259 -0.000502289 0.0208597 
vn -1 0 0 
vn -1 0 0 
vn -1 0 0 
vn -1 0 0 
vn -1 0 0 
vn -1 0 0 
vn -1 0 0 
vn -1 0 0 
vn -1 0 0 
vn -1 0 0 
vn -1 0 0 
vn -1 0 0 
vn -1 0 0 
vn -1 0 0 
vn -1 0 0 
vn -1 0 0 
vn -1 0 0 
vn -1 0 0 
vn -1 0 0 
vn -1 0 0 
vn -1 0 0 
vn -1 0 0 
f 4226//4226 4227//4227 4228//4228 
f 4229//4229 4230//4230 4231//4231 
f 4232//4232 4233//4233 4234//4234 
f 4232//4232 4228//4228 4235//4235 
f 4226//4226 4236//4236 4227//4227 
f 4226//4226 4237//4237 4238//4238 
f 4229//4229 4239//4239 4230//4230 
f 4240//4240 4241//4241 4242//4242 
f 4234//4234 4243//4243 4232//4232 
f 4228//4228 4232//4232 4226//4226 
f 4237//4237 4244//4244 4238//4238 
f 4229//4229 4242//4242 4239//4239 
f 4240//4240 4245//4245 4241//4241 
f 4240//4240 4243//4243 4246//4246 
f 4235//4235 4233//4233 4232//4232 
f 4237//4237 4231//4231 4244//4244 
f 4242//4242 4229//4229 4240//4240 
f 4243//4243 4247//4247 4246//4246 
f 4238//4238 4236//4236 4226//4226 
f 4246//4246 4245//4245 4240//4240 
f 4231//4231 4237//4237 4229//4229 
f 4234//4234 4247//4247 4243//4243 
o mesh357
v -0.0149259 -0.00390229 0.0163967 
v -0.0169259 -0.00390229 0.0163967 
v -0.0169259 -0.00390229 0.0203227 
v -0.0149259 -0.00390229 0.0203227 
vn 0 1 0 
vn 0 1 0 
vn 0 1 0 
vn 0 1 0 
f 4248//4248 4249//4249 4250//4250 
f 4250//4250 4251//4251 4248//4248 
o mesh358
v -0.0169259 -0.00390229 0.0203227 
v -0.0169259 -0.000502289 0.0222857 
v -0.0149259 -0.000502289 0.0222857 
v -0.0149259 -0.00390229 0.0203227 
vn 0 0.5 -0.866025 
vn 0 0.5 -0.866025 
vn 0 0.5 -0.866025 
vn 0 0.5 -0.866025 
f 4252//4252 4253//4253 4254//4254 
f 4254//4254 4255//4255 4252//4252 
o mesh359
v -0.0169259 0.00289771 0.0203227 
v -0.0149259 0.00289771 0.0203227 
v -0.0149259 -0.000502289 0.0222857 
v -0.0169259 -0.000502289 0.0222857 
vn 0 -0.5 -0.866025 
vn 0 -0.5 -0.866025 
vn 0 -0.5 -0.866025 
vn 0 -0.5 -0.866025 
f 4256//4256 4257//4257 4258//4258 
f 4258//4258 4259//4259 4256//4256 
o mesh360
v -0.0149259 0.00289771 0.0203227 
v -0.0169259 0.00289771 0.0203227 
v -0.0169259 0.00289771 0.0163967 
v -0.0149259 0.00289771 0.0163967 
vn 0 -1 0 
vn 0 -1 0 
vn 0 -1 0 
vn 0 -1 0 
f 4260//4260 4261//4261 4262//4262 
f 4262//4262 4263//4263 4260//4260 
o mesh361
v -0.0149259 0.00289771 0.0163967 
v -0.0169259 0.00289771 0.0163967 
v -0.0169259 -0.000502289 0.0144338 
v -0.0149259 -0.000502289 0.0144338 
vn 0 -0.5 0.866025 
vn 0 -0.5 0.866025 
vn 0 -0.5 0.866025 
vn 0 -0.5 0.866025 
f 4264//4264 4265//4265 4266//4266 
f 4266//4266 4267//4267 4264//4264 
o mesh362
v -0.0149259 -0.000502289 0.0144338 
v -0.0169259 -0.000502289 0.0144338 
v -0.0169259 -0.00390229 0.0163967 
v -0.0149259 -0.00390229 0.0163967 
vn 0 0.5 0.866025 
vn 0 0.5 0.866025 
vn 0 0.5 0.866025 
vn 0 0.5 0.866025 
f 4268//4268 4269//4269 4270//4270 
f 4270//4270 4271//4271 4268//4268 
o mesh363
v -0.0149259 0.00289771 -0.0203227 
v -0.0149259 -0.000502289 -0.0222857 
v -0.0149259 0.000747711 -0.0205248 
v -0.0149259 -0.00390229 -0.0203227 
v -0.0149259 -0.00202419 -0.0203431 
v -0.0149259 -0.000175974 -0.0208384 
v -0.0149259 -0.00266735 -0.0196097 
v -0.0149259 -0.00390229 -0.0163967 
v -0.0149259 -0.0029171 -0.0177127 
v -0.0149259 -0.0029809 -0.0186861 
v -0.0149259 -0.000502289 -0.0144338 
v -0.0149259 0.00289771 -0.0163967 
v -0.0149259 0.00101961 -0.0163764 
v -0.0149259 0.00148109 -0.0198816 
v -0.0149259 -0.00114934 -0.0207746 
v -0.0149259 -0.00248567 -0.0168378 
v -0.0149259 0.00166277 -0.0171097 
v -0.0149259 0.00191253 -0.0190068 
v -0.0149259 0.00197632 -0.0180334 
v -0.0149259 -0.000828605 -0.0158811 
v -0.0149259 -0.00175229 -0.0161947 
v -0.0149259 0.000144758 -0.0159449 
vn -1 0 0 
vn -1 0 0 
vn -1 0 0 
vn -1 0 0 
vn -1 0 0 
vn -1 0 0 
vn -1 0 0 
vn -1 0 0 
vn -1 0 0 
vn -1 0 0 
vn -1 0 0 
vn -1 0 0 
vn -1 0 0 
vn -1 0 0 
vn -1 0 0 
vn -1 0 0 
vn -1 0 0 
vn -1 0 0 
vn -1 0 0 
vn -1 0 0 
vn -1 0 0 
vn -1 0 0 
f 4272//4272 4273//4273 4274//4274 
f 4273//4273 4275//4275 4276//4276 
f 4273//4273 4277//4277 4274//4274 
f 4275//4275 4278//4278 4276//4276 
f 4279//4279 4280//4280 4281//4281 
f 4282//4282 4283//4283 4284//4284 
f 4274//4274 4285//4285 4272//4272 
f 4276//4276 4286//4286 4273//4273 
f 4279//4279 4287//4287 4280//4280 
f 4283//4283 4288//4288 4284//4284 
f 4272//4272 4289//4289 4290//4290 
f 4286//4286 4277//4277 4273//4273 
f 4281//4281 4275//4275 4279//4279 
f 4282//4282 4291//4291 4292//4292 
f 4284//4284 4293//4293 4282//4282 
f 4290//4290 4283//4283 4272//4272 
f 4281//4281 4278//4278 4275//4275 
f 4292//4292 4279//4279 4282//4282 
f 4290//4290 4288//4288 4283//4283 
f 4292//4292 4287//4287 4279//4279 
f 4285//4285 4289//4289 4272//4272 
f 4293//4293 4291//4291 4282//4282 
o mesh364
v -0.0149259 -0.000502289 -0.0222857 
v -0.0149259 0.00289771 -0.0203227 
v -0.0169259 0.00289771 -0.0203227 
v -0.0169259 -0.000502289 -0.0222857 
vn 0 -0.5 0.866025 
vn 0 -0.5 0.866025 
vn 0 -0.5 0.866025 
vn 0 -0.5 0.866025 
f 4294//4294 4295//4295 4296//4296 
f 4296//4296 4297//4297 4294//4294 
o mesh365
v -0.0149259 -0.000502289 -0.0222857 
v -0.0169259 -0.000502289 -0.0222857 
v -0.0169259 -0.00390229 -0.0203227 
v -0.0149259 -0.00390229 -0.0203227 
vn 0 0.5 0.866025 
vn 0 0.5 0.866025 
vn 0 0.5 0.866025 
vn 0 0.5 0.866025 
f 4298//4298 4299//4299 4300//4300 
f 4300//4300 4301//4301 4298//4298 
o mesh366
v -0.0169259 -0.00390229 -0.0163967 
v -0.0149259 -0.00390229 -0.0163967 
v -0.0149259 -0.00390229 -0.0203227 
v -0.0169259 -0.00390229 -0.0203227 
vn 0 1 0 
vn 0 1 0 
vn 0 1 0 
vn 0 1 0 
f 4302//4302 4303//4303 4304//4304 
f 4304//4304 4305//4305 4302//4302 
o mesh367
v -0.0149259 -0.000502289 -0.0144338 
v -0.0149259 -0.00390229 -0.0163967 
v -0.0169259 -0.00376395 -0.0163169 
v -0.0169259 -0.00390229 -0.0163967 
v -0.0169259 -0.000502289 -0.0144338 
vn 0 0.5 -0.866025 
vn 0 0.5 -0.866025 
vn 0 0.5 -0.866025 
vn 0 0.5 -0.866025 
vn 0 0.5 -0.866025 
f 4306//4306 4307//4307 4308//4308 
f 4307//4307 4309//4309 4308//4308 
f 4308//4308 4310//4310 4306//4306 
o mesh368
v -0.0149259 -0.000502289 -0.0144338 
v -0.0169259 -0.000502289 -0.0144338 
v -0.0169259 0.00275937 -0.0163169 
v -0.0149259 0.00289771 -0.0163967 
v -0.0169259 0.00289771 -0.0163967 
vn 0 -0.5 -0.866025 
vn 0 -0.5 -0.866025 
vn 0 -0.5 -0.866025 
vn 0 -0.5 -0.866025 
vn 0 -0.5 -0.866025 
f 4311//4311 4312//4312 4313//4313 
f 4313//4313 4314//4314 4311//4311 
f 4313//4313 4315//4315 4314//4314 
o mesh369
v -0.0169259 0.00289771 -0.0163967 
v -0.0169259 0.00289771 -0.0203227 
v -0.0149259 0.00289771 -0.0203227 
v -0.0149259 0.00289771 -0.0163967 
vn 0 -1 0 
vn 0 -1 0 
vn 0 -1 0 
vn 0 -1 0 
f 4316//4316 4317//4317 4318//4318 
f 4318//4318 4319//4319 4316//4316 
o mesh370
v -0.0169259 0.0330776 0.00576299 
v -0.0169259 0.0247776 0.00576299 
v -0.0169259 0.0284574 0.0076 
v -0.0169259 0.0330776 0.0142169 
v -0.0169259 0.0296055 0.0133716 
v -0.0169259 0.0284574 0.0136 
v -0.0169259 0.0312291 0.0117481 
v -0.0169259 0.0305788 0.0127213 
v -0.0169259 0.0312291 0.00945195 
v -0.0169259 0.0314574 0.0106 
v -0.0169259 0.0296055 0.00782836 
v -0.0169259 0.0305788 0.00847868 
v -0.0169259 0.0273094 0.00782836 
v -0.0169259 0.0247776 0.0142169 
v -0.0169259 0.0254574 0.0106 
v -0.0169259 0.0256858 0.00945195 
v -0.0169259 0.0263361 0.0127213 
v -0.0169259 0.0256858 0.0117481 
v -0.0169259 0.0263361 0.00847868 
v -0.0169259 0.0273094 0.0133716 
v -0.0169259 0.0330776 -0.00576299 
v -0.0169259 0.0296055 -0.00782836 
v -0.0169259 0.0284574 -0.0076 
v -0.0169259 0.0312291 -0.00945195 
v -0.0169259 0.0305788 -0.00847868 
v -0.0169259 0.0330776 -0.0138 
v -0.0169259 0.0314574 -0.0106 
v -0.0169259 0.0296055 -0.0133716 
v -0.0169259 0.0305788 -0.0127213 
v -0.0169259 0.0247776 -0.0138 
v -0.0169259 0.0284574 -0.0136 
v -0.0169259 0.0247776 -0.00576299 
v -0.0169259 0.0256858 -0.00945195 
v -0.0169259 0.0254574 -0.0106 
v -0.0169259 0.0312291 -0.0117481 
v -0.0169259 0.0263361 -0.0127213 
v -0.0169259 0.0273094 -0.0133716 
v -0.0169259 0.0256858 -0.0117481 
v -0.0169259 0.0263361 -0.00847868 
v -0.0169259 0.0273094 -0.00782836 
v -0.0169259 0.0240977 0.0163967 
v -0.0169259 0.0240977 0.0203227 
v -0.0169259 0.0151977 0.0142169 
v -0.0169259 0.0172977 0.0163967 
v -0.0169259 0.0206977 0.0144338 
v -0.0169259 0.0247776 0.0232429 
v -0.0169259 0.0151977 0.0232429 
v -0.0169259 0.0172977 0.0203227 
v -0.0169259 0.0206977 0.0222857 
v -0.0169259 0.00499771 0.0232429 
v -0.0169259 0.00289771 0.0203227 
v -0.0169259 -0.000502289 0.0222857 
v -0.0169259 0.00499771 0.0142169 
v -0.0169259 0.00289771 0.0163967 
v -0.0169259 -0.00458216 0.0142169 
v -0.0169259 -0.000502289 0.0144338 
v -0.0169259 -0.00390229 0.0163967 
v -0.0169259 -0.00458216 0.0232429 
v -0.0169259 -0.00390229 0.0203227 
v -0.0169259 -0.0128822 0.00576299 
v -0.0169259 -0.00941008 0.00782836 
v -0.0169259 -0.00826203 0.0076 
v -0.0169259 -0.00458216 0.00576299 
v -0.0169259 -0.00549039 0.00945195 
v -0.0169259 -0.00526203 0.0106 
v -0.0169259 -0.00711398 0.00782836 
v -0.0169259 -0.00614071 0.00847868 
v -0.0169259 -0.0128822 0.0142169 
v -0.0169259 -0.011262 0.0106 
v -0.0169259 -0.0110337 0.00945195 
v -0.0169259 -0.0103833 0.00847868 
v -0.0169259 -0.0110337 0.0117481 
v -0.0169259 -0.00549039 0.0117481 
v -0.0169259 -0.00614071 0.0127213 
v -0.0169259 -0.00711398 0.0133716 
v -0.0169259 -0.00941008 0.0133716 
v -0.0169259 -0.0103833 0.0127213 
v -0.0169259 -0.00826203 0.0136 
v -0.0169259 -0.00458216 -0.0138 
v -0.0169259 -0.00711398 -0.0133716 
v -0.0169259 -0.00614071 -0.0127213 
v -0.0169259 -0.00826203 -0.0136 
v -0.0169259 -0.0128822 -0.0138 
v -0.0169259 -0.00941008 -0.0133716 
v -0.0169259 -0.0110337 -0.0117481 
v -0.0169259 -0.0103833 -0.0127213 
v -0.0169259 -0.0128822 -0.00576299 
v -0.0169259 -0.0110337 -0.00945195 
v -0.0169259 -0.011262 -0.0106 
v -0.0169259 -0.00458216 -0.00576299 
v -0.0169259 -0.00526203 -0.0106 
v -0.0169259 -0.00549039 -0.00945195 
v -0.0169259 -0.00614071 -0.00847868 
v -0.0169259 -0.00549039 -0.0117481 
v -0.0169259 -0.00711398 -0.00782836 
v -0.0169259 -0.00941008 -0.00782836 
v -0.0169259 -0.0103833 -0.00847868 
v -0.0169259 -0.00826203 -0.0076 
v -0.0169259 0.0151977 -0.0138 
v -0.0169259 0.0154553 -0.0129343 
v -0.0169259 0.0199972 -0.00989949 
v -0.0169259 0.0227611 -0.00576299 
v -0.0169259 0.0151977 -0.0129855 
v -0.0169259 0.023032 -0.00535757 
v -0.0169259 0.0240977 6.69226e-18 
v -0.0169259 0.023032 0.00535757 
v -0.0169259 0.0199972 0.00989949 
v -0.0169259 0.0154553 0.0129343 
v -0.0169259 0.0227611 0.00576299 
v -0.0169259 0.0151977 0.0129855 
v -0.0169259 0.0100977 0.014 
v -0.0169259 0.000198216 0.00989949 
v -0.0169259 -0.00256571 0.00576299 
v -0.0169259 0.00474014 0.0129343 
v -0.0169259 0.00499771 0.0129855 
v -0.0169259 -0.0028366 0.00535757 
v -0.0169259 -0.00390229 7.01265e-18 
v -0.0169259 -0.0028366 -0.00535757 
v -0.0169259 0.000198216 -0.00989949 
v -0.0169259 0.00474014 -0.0129343 
v -0.0169259 -0.00256571 -0.00576299 
v -0.0169259 0.00499771 -0.0138 
v -0.0169259 0.00499771 -0.0163169 
v -0.0169259 0.00909224 -0.0138 
v -0.0169259 0.0100977 -0.014 
v -0.0169259 0.0151977 -0.0163169 
v -0.0169259 0.0111032 -0.0138 
v -0.0169259 0.0206977 -0.0144338 
v -0.0169259 0.017436 -0.0163169 
v -0.0169259 0.0247776 -0.0163169 
v -0.0169259 0.0239594 -0.0163169 
v -0.0169259 0.0247776 -0.0232429 
v -0.0169259 0.0240977 -0.0203227 
v -0.0169259 0.0151977 -0.0232429 
v -0.0169259 0.0172977 -0.0203227 
v -0.0169259 0.0206977 -0.0222857 
v -0.0169259 0.0172977 -0.0163967 
v -0.0169259 0.0240977 -0.0163967 
v -0.0169259 -0.00770229 -0.00196299 
v -0.0169259 -0.0111023 -0.00392598 
v -0.0169259 -0.00770229 0.00196299 
v -0.0169259 -0.0111023 0.00392598 
v -0.0169259 -0.0128822 -0.00289837 
v -0.0169259 0.0128693 0.0200519 
v -0.0169259 0.0100977 0.0182 
v -0.0169259 0.0130977 0.0212 
v -0.0169259 0.0128693 0.0223481 
v -0.0169259 0.012219 0.0190787 
v -0.0169259 0.0112458 0.0184284 
v -0.0169259 0.00797639 0.0190787 
v -0.0169259 0.00894966 0.0184284 
v -0.0169259 0.00709771 0.0212 
v -0.0169259 0.00732607 0.0200519 
v -0.0169259 0.00792396 0.0232429 
v -0.0169259 0.00732607 0.0223481 
v -0.0169259 0.00732607 -0.0200519 
v -0.0169259 0.00709771 -0.0212 
v -0.0169259 0.0112458 -0.0184284 
v -0.0169259 0.0100977 -0.0182 
v -0.0169259 0.0128693 -0.0200519 
v -0.0169259 0.012219 -0.0190787 
v -0.0169259 0.00499771 -0.0232429 
v -0.0169259 0.00732607 -0.0223481 
v -0.0169259 0.00797639 -0.0190787 
v -0.0169259 0.00894966 -0.0184284 
v -0.0169259 0.0130977 -0.0212 
v -0.0169259 0.0128693 -0.0223481 
v -0.0169259 0.0122715 -0.0232429 
v -0.0169259 0.0278977 0.00196299 
v -0.0169259 0.0278977 -0.00196299 
v -0.0169259 0.0312977 0.00392598 
v -0.0169259 0.0312977 -0.00392598 
v -0.0169259 0.0330776 0.00289837 
v -0.0169259 0.00275937 -0.0163169 
v -0.0169259 -0.000502289 -0.0144338 
v -0.0169259 -0.00376395 -0.0163169 
v -0.0169259 -0.00458216 -0.0232429 
v -0.0169259 -0.000502289 -0.0222857 
v -0.0169259 -0.00458216 -0.0163169 
v -0.0169259 -0.00390229 -0.0163967 
v -0.0169259 -0.00390229 -0.0203227 
v -0.0169259 0.00289771 -0.0203227 
v -0.0169259 0.00289771 -0.0163967 
v -0.0169259 -0.000770499 -0.0262382 
v -0.0169259 -0.00458216 -0.0236913 
v -0.0169259 0.00499771 -0.0273855 
v -0.0169259 -0.00525331 -0.0232429 
v -0.0169259 -0.00998412 -0.0200818 
v -0.0169259 -0.0124998 -0.0163169 
v -0.0169259 -0.0128822 -0.0157446 
v -0.0169259 -0.0141815 -0.0138 
v -0.0169259 -0.0161405 -0.0108682 
v -0.0169259 -0.0183023 6.17989e-18 
v -0.0169259 -0.0145023 0.00196299 
v -0.0169259 -0.0145023 -0.00196299 
v -0.0169259 -0.017156 -0.00576299 
v -0.0169259 -0.017156 0.00576299 
v -0.0169259 -0.0128822 0.00289837 
v -0.0169259 -0.0161405 0.0108682 
v -0.0169259 -0.013903 0.0142169 
v -0.0169259 -0.00998412 0.0200818 
v -0.0169259 -0.00525331 0.0232429 
v -0.0169259 -0.0128822 0.0157446 
v -0.0169259 -0.00458216 0.0236913 
v -0.0169259 -0.000770499 0.0262382 
v -0.0169259 0.0100977 0.0284 
v -0.0169259 0.0100977 0.0242 
v -0.0169259 0.00894966 0.0239716 
v -0.0169259 0.0151977 0.0273855 
v -0.0169259 0.0112458 0.0239716 
v -0.0169259 0.00499771 0.0273855 
v -0.0169259 0.012219 0.0233213 
v -0.0169259 0.0122715 0.0232429 
v -0.0169259 0.00797639 0.0233213 
v -0.0169259 0.0209659 0.0262382 
v -0.0169259 0.0247776 0.0236913 
v -0.0169259 0.0301795 0.0200818 
v -0.0169259 0.0330776 0.0157446 
v -0.0169259 0.0254487 0.0232429 
v -0.0169259 0.0340984 0.0142169 
v -0.0169259 0.0363359 0.0108682 
v -0.0169259 0.0384977 -7.76103e-19 
v -0.0169259 0.0346977 -0.00196299 
v -0.0169259 0.0346977 0.00196299 
v -0.0169259 0.0373514 0.00576299 
v -0.0169259 0.0373514 -0.00576299 
v -0.0169259 0.0330776 -0.00289837 
v -0.0169259 0.0363359 -0.0108682 
v -0.0169259 0.0343769 -0.0138 
v -0.0169259 0.0330776 -0.0157446 
v -0.0169259 0.0326952 -0.0163169 
v -0.0169259 0.0301795 -0.0200818 
v -0.0169259 0.0254487 -0.0232429 
v -0.0169259 0.0247776 -0.0236913 
v -0.0169259 0.0209659 -0.0262382 
v -0.0169259 0.0151977 -0.0273855 
v -0.0169259 0.012219 -0.0233213 
v -0.0169259 0.0112458 -0.0239716 
v -0.0169259 0.0100977 -0.0284 
v -0.0169259 0.0100977 -0.0242 
v -0.0169259 0.00894966 -0.0239716 
v -0.0169259 0.00797639 -0.0233213 
v -0.0169259 0.00792396 -0.0232429 
v -0.0169259 0.00499771 -0.0129855 
vn -1 0 0 
vn -1 0 0 
vn -1 0 0 
vn -1 0 0 
vn -1 0 0 
vn -1 0 0 
vn -1 0 0 
vn -1 0 0 
vn -1 0 0 
vn -1 0 0 
vn -1 0 0 
vn -1 0 0 
vn -1 0 0 
vn -1 0 0 
vn -1 0 0 
vn -1 0 0 
vn -1 0 0 
vn -1 0 0 
vn -1 0 0 
vn -1 0 0 
vn -1 0 0 
vn -1 0 0 
vn -1 0 0 
vn -1 0 0 
vn -1 0 0 
vn -1 0 0 
vn -1 0 0 
vn -1 0 0 
vn -1 0 0 
vn -1 0 0 
vn -1 0 0 
vn -1 0 0 
vn -1 0 0 
vn -1 0 0 
vn -1 0 0 
vn -1 0 0 
vn -1 0 0 
vn -1 0 0 
vn -1 0 0 
vn -1 0 0 
vn -1 0 0 
vn -1 0 0 
vn -1 0 0 
vn -1 0 0 
vn -1 0 0 
vn -1 0 0 
vn -1 0 0 
vn -1 0 0 
vn -1 0 0 
vn -1 0 0 
vn -1 0 0 
vn -1 0 0 
vn -1 0 0 
vn -1 0 0 
vn -1 0 0 
vn -1 0 0 
vn -1 0 0 
vn -1 0 0 
vn -1 0 0 
vn -1 0 0 
vn -1 0 0 
vn -1 0 0 
vn -1 0 0 
vn -1 0 0 
vn -1 0 0 
vn -1 0 0 
vn -1 0 0 
vn -1 0 0 
vn -1 0 0 
vn -1 0 0 
vn -1 0 0 
vn -1 0 0 
vn -1 0 0 
vn -1 0 0 
vn -1 0 0 
vn -1 0 0 
vn -1 0 0 
vn -1 0 0 
vn -1 0 0 
vn -1 0 0 
vn -1 0 0 
vn -1 0 0 
vn -1 0 0 
vn -1 0 0 
vn -1 0 0 
vn -1 0 0 
vn -1 0 0 
vn -1 0 0 
vn -1 0 0 
vn -1 0 0 
vn -1 0 0 
vn -1 0 0 
vn -1 0 0 
vn -1 0 0 
vn -1 0 0 
vn -1 0 0 
vn -1 0 0 
vn -1 0 0 
vn -1 0 0 
vn -1 0 0 
vn -1 0 0 
vn -1 0 0 
vn -1 0 0 
vn -1 0 0 
vn -1 0 0 
vn -1 0 0 
vn -1 0 0 
vn -1 0 0 
vn -1 0 0 
vn -1 0 0 
vn -1 0 0 
vn -1 0 0 
vn -1 0 0 
vn -1 0 0 
vn -1 0 0 
vn -1 0 0 
vn -1 0 0 
vn -1 0 0 
vn -1 0 0 
vn -1 0 0 
vn -1 0 0 
vn -1 0 0 
vn -1 0 0 
vn -1 0 0 
vn -1 0 0 
vn -1 0 0 
vn -1 0 0 
vn -1 0 0 
vn -1 0 0 
vn -1 0 0 
vn -1 0 0 
vn -1 0 0 
vn -1 0 0 
vn -1 0 0 
vn -1 0 0 
vn -1 0 0 
vn -1 0 0 
vn -1 0 0 
vn -1 0 0 
vn -1 0 0 
vn -1 0 0 
vn -1 0 0 
vn -1 0 0 
vn -1 0 0 
vn -1 0 0 
vn -1 0 0 
vn -1 0 0 
vn -1 0 0 
vn -1 0 0 
vn -1 0 0 
vn -1 0 0 
vn -1 0 0 
vn -1 0 0 
vn -1 0 0 
vn -1 0 0 
vn -1 0 0 
vn -1 0 0 
vn -1 0 0 
vn -1 0 0 
vn -1 0 0 
vn -1 0 0 
vn -1 0 0 
vn -1 0 0 
vn -1 0 0 
vn -1 0 0 
vn -1 0 0 
vn -1 0 0 
vn -1 0 0 
vn -1 0 0 
vn -1 0 0 
vn -1 0 0 
vn -1 0 0 
vn -1 0 0 
vn -1 0 0 
vn -1 0 0 
vn -1 0 0 
vn -1 0 0 
vn -1 0 0 
vn -1 0 0 
vn -1 0 0 
vn -1 0 0 
vn -1 0 0 
vn -1 0 0 
vn -1 0 0 
vn -1 0 0 
vn -1 0 0 
vn -1 0 0 
vn -1 0 0 
vn -1 0 0 
vn -1 0 0 
vn -1 0 0 
vn -1 0 0 
vn -1 0 0 
vn -1 0 0 
vn -1 0 0 
vn -1 0 0 
vn -1 0 0 
vn -1 0 0 
vn -1 0 0 
vn -1 0 0 
vn -1 0 0 
vn -1 0 0 
vn -1 0 0 
vn -1 0 0 
vn -1 0 0 
vn -1 0 0 
vn -1 0 0 
vn -1 0 0 
vn -1 0 0 
vn -1 0 0 
vn -1 0 0 
vn -1 0 0 
vn -1 0 0 
vn -1 0 0 
vn -1 0 0 
vn -1 0 0 
vn -1 0 0 
vn -1 0 0 
vn -1 0 0 
vn -1 0 0 
vn -1 0 0 
vn -1 0 0 
vn -1 0 0 
vn -1 0 0 
vn -1 0 0 
vn -1 0 0 
vn -1 0 0 
vn -1 0 0 
vn -1 0 0 
vn -1 0 0 
vn -1 0 0 
vn -1 0 0 
vn -1 0 0 
vn -1 0 0 
vn -1 0 0 
vn -1 0 0 
vn -1 0 0 
vn -1 0 0 
vn -1 0 0 
vn -1 0 0 
vn -1 0 0 
vn -1 0 0 
vn -1 0 0 
vn -1 0 0 
f 4320//4320 4321//4321 4322//4322 
f 4323//4323 4324//4324 4325//4325 
f 4323//4323 4326//4326 4327//4327 
f 4320//4320 4328//4328 4329//4329 
f 4320//4320 4330//4330 4331//4331 
f 4321//4321 4332//4332 4322//4322 
f 4321//4321 4333//4333 4334//4334 
f 4327//4327 4324//4324 4323//4323 
f 4329//4329 4323//4323 4320//4320 
f 4322//4322 4330//4330 4320//4320 
f 4334//4334 4335//4335 4321//4321 
f 4333//4333 4336//4336 4337//4337 
f 4329//4329 4326//4326 4323//4323 
f 4321//4321 4338//4338 4332//4332 
f 4337//4337 4334//4334 4333//4333 
f 4333//4333 4325//4325 4339//4339 
f 4331//4331 4328//4328 4320//4320 
f 4339//4339 4336//4336 4333//4333 
f 4335//4335 4338//4338 4321//4321 
f 4340//4340 4341//4341 4342//4342 
f 4340//4340 4343//4343 4344//4344 
f 4340//4340 4345//4345 4346//4346 
f 4345//4345 4347//4347 4348//4348 
f 4345//4345 4349//4349 4350//4350 
f 4351//4351 4352//4352 4353//4353 
f 4344//4344 4341//4341 4340//4340 
f 4345//4345 4354//4354 4346//4346 
f 4350//4350 4347//4347 4345//4345 
f 4349//4349 4355//4355 4356//4356 
f 4349//4349 4353//4353 4357//4357 
f 4351//4351 4358//4358 4352//4352 
f 4346//4346 4343//4343 4340//4340 
f 4356//4356 4350//4350 4349//4349 
f 4353//4353 4349//4349 4351//4351 
f 4351//4351 4342//4342 4359//4359 
f 4348//4348 4354//4354 4345//4345 
f 4359//4359 4358//4358 4351//4351 
f 4357//4357 4355//4355 4349//4349 
f 4333//4333 4360//4360 4361//4361 
f 4362//4362 4363//4363 4364//4364 
f 4361//4361 4365//4365 4333//4333 
f 4364//4364 4333//4333 4362//4362 
f 4362//4362 4366//4366 4367//4367 
f 4366//4366 4365//4365 4368//4368 
f 4364//4364 4360//4360 4333//4333 
f 4368//4368 4367//4367 4366//4366 
f 4367//4367 4363//4363 4362//4362 
f 4369//4369 4370//4370 4371//4371 
f 4372//4372 4373//4373 4370//4370 
f 4372//4372 4374//4374 4375//4375 
f 4370//4370 4369//4369 4372//4372 
f 4374//4374 4376//4376 4375//4375 
f 4374//4374 4377//4377 4378//4378 
f 4375//4375 4373//4373 4372//4372 
f 4377//4377 4371//4371 4378//4378 
f 4378//4378 4376//4376 4374//4374 
f 4379//4379 4380//4380 4381//4381 
f 4382//4382 4383//4383 4384//4384 
f 4382//4382 4385//4385 4386//4386 
f 4381//4381 4382//4382 4379//4379 
f 4379//4379 4387//4387 4388//4388 
f 4384//4384 4374//4374 4382//4382 
f 4381//4381 4385//4385 4382//4382 
f 4379//4379 4389//4389 4390//4390 
f 4387//4387 4391//4391 4388//4388 
f 4374//4374 4392//4392 4393//4393 
f 4386//4386 4383//4383 4382//4382 
f 4388//4388 4389//4389 4379//4379 
f 4393//4393 4394//4394 4374//4374 
f 4390//4390 4380//4380 4379//4379 
f 4387//4387 4395//4395 4396//4396 
f 4387//4387 4374//4374 4397//4397 
f 4384//4384 4392//4392 4374//4374 
f 4397//4397 4395//4395 4387//4387 
f 4396//4396 4391//4391 4387//4387 
f 4398//4398 4399//4399 4400//4400 
f 4398//4398 4401//4401 4399//4399 
f 4402//4402 4403//4403 4401//4401 
f 4401//4401 4398//4398 4402//4402 
f 4402//4402 4404//4404 4405//4405 
f 4406//4406 4407//4407 4408//4408 
f 4409//4409 4398//4398 4410//4410 
f 4405//4405 4403//4403 4402//4402 
f 4408//4408 4402//4402 4406//4406 
f 4409//4409 4411//4411 4412//4412 
f 4398//4398 4413//4413 4410//4410 
f 4408//4408 4404//4404 4402//4402 
f 4412//4412 4414//4414 4409//4409 
f 4400//4400 4413//4413 4398//4398 
f 4406//4406 4415//4415 4416//4416 
f 4406//4406 4409//4409 4417//4417 
f 4410//4410 4411//4411 4409//4409 
f 4417//4417 4415//4415 4406//4406 
f 4416//4416 4407//4407 4406//4406 
f 4349//4349 4418//4418 4419//4419 
f 4349//4349 4420//4420 4421//4421 
f 4418//4418 4422//4422 4419//4419 
f 4419//4419 4420//4420 4349//4349 
f 4351//4351 4423//4423 4424//4424 
f 4424//4424 4321//4321 4351//4351 
f 4424//4424 4425//4425 4321//4321 
f 4351//4351 4421//4421 4423//4423 
f 4333//4333 4426//4426 4427//4427 
f 4333//4333 4321//4321 4428//4428 
f 4428//4428 4426//4426 4333//4333 
f 4427//4427 4362//4362 4333//4333 
f 4362//4362 4429//4429 4430//4430 
f 4430//4430 4372//4372 4362//4362 
f 4374//4374 4431//4431 4432//4432 
f 4374//4374 4372//4372 4433//4433 
f 4433//4433 4431//4431 4374//4374 
f 4372//4372 4434//4434 4433//4433 
f 4382//4382 4435//4435 4436//4436 
f 4409//4409 4436//4436 4437//4437 
f 4382//4382 4432//4432 4435//4435 
f 4436//4436 4409//4409 4382//4382 
f 4398//4398 4438//4438 4439//4439 
f 4398//4398 4409//4409 4440//4440 
f 4440//4440 4438//4438 4398//4398 
f 4439//4439 4441//4441 4398//4398 
f 4442//4442 4443//4443 4444//4444 
f 4445//4445 4444//4444 4446//4446 
f 4442//4442 4441//4441 4443//4443 
f 4444//4444 4445//4445 4442//4442 
f 4418//4418 4447//4447 4448//4448 
f 4418//4418 4349//4349 4447//4447 
f 4349//4349 4449//4449 4450//4450 
f 4450//4450 4447//4447 4349//4349 
f 4449//4449 4451//4451 4452//4452 
f 4453//4453 4454//4454 4455//4455 
f 4445//4445 4456//4456 4454//4454 
f 4451//4451 4455//4455 4452//4452 
f 4454//4454 4453//4453 4445//4445 
f 4452//4452 4457//4457 4449//4449 
f 4445//4445 4448//4448 4456//4456 
f 4455//4455 4451//4451 4453//4453 
f 4382//4382 4409//4409 4458//4458 
f 4409//4409 4406//4406 4459//4459 
f 4382//4382 4460//4460 4461//4461 
f 4459//4459 4458//4458 4409//4409 
f 4461//4461 4379//4379 4382//4382 
f 4406//4406 4462//4462 4459//4459 
f 4458//4458 4460//4460 4382//4382 
f 4366//4366 4362//4362 4463//4463 
f 4362//4362 4372//4372 4464//4464 
f 4366//4366 4465//4465 4466//4466 
f 4362//4362 4467//4467 4463//4463 
f 4464//4464 4468//4468 4362//4362 
f 4372//4372 4469//4469 4470//4470 
f 4369//4369 4471//4471 4472//4472 
f 4463//4463 4465//4465 4366//4366 
f 4470//4470 4464//4464 4372//4372 
f 4472//4472 4372//4372 4369//4369 
f 4369//4369 4473//4473 4474//4474 
f 4468//4468 4467//4467 4362//4362 
f 4474//4474 4471//4471 4369//4369 
f 4472//4472 4469//4469 4372//4372 
f 4442//4442 4475//4475 4476//4476 
f 4445//4445 4477//4477 4478//4478 
f 4445//4445 4479//4479 4480//4480 
f 4481//4481 4476//4476 4482//4482 
f 4442//4442 4483//4483 4475//4475 
f 4442//4442 4478//4478 4484//4484 
f 4480//4480 4477//4477 4445//4445 
f 4445//4445 4453//4453 4485//4485 
f 4476//4476 4481//4481 4442//4442 
f 4478//4478 4442//4442 4445//4445 
f 4453//4453 4486//4486 4485//4485 
f 4484//4484 4483//4483 4442//4442 
f 4453//4453 4487//4487 4486//4486 
f 4485//4485 4479//4479 4445//4445 
f 4321//4321 4488//4488 4489//4489 
f 4321//4321 4320//4320 4490//4490 
f 4351//4351 4489//4489 4491//4491 
f 4490//4490 4488//4488 4321//4321 
f 4491//4491 4340//4340 4351//4351 
f 4320//4320 4492//4492 4490//4490 
f 4489//4489 4351//4351 4321//4321 
f 4441//4441 4442//4442 4493//4493 
f 4398//4398 4494//4494 4495//4495 
f 4493//4493 4494//4494 4441//4441 
f 4494//4494 4398//4398 4441//4441 
f 4481//4481 4496//4496 4497//4497 
f 4498//4498 4499//4499 4500//4500 
f 4442//4442 4481//4481 4501//4501 
f 4496//4496 4500//4500 4497//4497 
f 4498//4498 4495//4495 4499//4499 
f 4501//4501 4502//4502 4442//4442 
f 4500//4500 4496//4496 4498//4498 
f 4497//4497 4501//4501 4481//4481 
f 4481//4481 4503//4503 4504//4504 
f 4481//4481 4505//4505 4503//4503 
f 4498//4498 4496//4496 4506//4506 
f 4506//4506 4507//4507 4498//4498 
f 4398//4398 4498//4498 4508//4508 
f 4508//4508 4509//4509 4398//4398 
f 4406//4406 4402//4402 4510//4510 
f 4510//4510 4511//4511 4406//4406 
f 4512//4512 4513//4513 4514//4514 
f 4514//4514 4515//4515 4512//4512 
f 4516//4516 4379//4379 4517//4517 
f 4515//4515 4514//4514 4462//4462 
f 4517//4517 4513//4513 4516//4516 
f 4512//4512 4516//4516 4513//4513 
f 4379//4379 4518//4518 4519//4519 
f 4379//4379 4516//4516 4518//4518 
f 4374//4374 4520//4520 4521//4521 
f 4374//4374 4387//4387 4522//4522 
f 4522//4522 4520//4520 4374//4374 
f 4369//4369 4377//4377 4523//4523 
f 4523//4523 4524//4524 4369//4369 
f 4525//4525 4526//4526 4527//4527 
f 4525//4525 4528//4528 4529//4529 
f 4527//4527 4530//4530 4525//4525 
f 4528//4528 4531//4531 4529//4529 
f 4529//4529 4526//4526 4525//4525 
f 4528//4528 4366//4366 4532//4532 
f 4530//4530 4533//4533 4473//4473 
f 4532//4532 4531//4531 4528//4528 
f 4527//4527 4533//4533 4530//4530 
f 4366//4366 4534//4534 4535//4535 
f 4366//4366 4528//4528 4534//4534 
f 4333//4333 4536//4536 4537//4537 
f 4333//4333 4365//4365 4538//4538 
f 4538//4538 4536//4536 4333//4333 
f 4320//4320 4323//4323 4539//4539 
f 4539//4539 4540//4540 4320//4320 
f 4541//4541 4542//4542 4543//4543 
f 4544//4544 4543//4543 4492//4492 
f 4543//4543 4544//4544 4541//4541 
f 4541//4541 4545//4545 4542//4542 
f 4545//4545 4340//4340 4546//4546 
f 4546//4546 4542//4542 4545//4545 
f 4340//4340 4547//4547 4548//4548 
f 4340//4340 4545//4545 4547//4547 
f 4349//4349 4549//4549 4550//4550 
f 4349//4349 4345//4345 4549//4549 
f 4449//4449 4551//4551 4552//4552 
f 4449//4449 4550//4550 4551//4551 
f 4453//4453 4451//4451 4553//4553 
f 4553//4553 4554//4554 4453//4453 
f 4555//4555 4556//4556 4487//4487 
f 4555//4555 4557//4557 4556//4556 
f 4558//4558 4559//4559 4557//4557 
f 4558//4558 4505//4505 4560//4560 
f 4557//4557 4555//4555 4558//4558 
f 4505//4505 4561//4561 4560//4560 
f 4560//4560 4559//4559 4558//4558 
f 4505//4505 4481//4481 4562//4562 
f 4562//4562 4561//4561 4505//4505 
f 4487//4487 4453//4453 4555//4555 
f 4554//4554 4555//4555 4453//4453 
f 4553//4553 4451//4451 4552//4552 
f 4552//4552 4451//4451 4449//4449 
f 4550//4550 4449//4449 4349//4349 
f 4549//4549 4345//4345 4548//4548 
f 4548//4548 4345//4345 4340//4340 
f 4492//4492 4320//4320 4544//4544 
f 4540//4540 4544//4544 4320//4320 
f 4539//4539 4323//4323 4537//4537 
f 4537//4537 4323//4323 4333//4333 
f 4538//4538 4365//4365 4535//4535 
f 4535//4535 4365//4365 4366//4366 
f 4473//4473 4369//4369 4530//4530 
f 4524//4524 4530//4530 4369//4369 
f 4523//4523 4377//4377 4521//4521 
f 4521//4521 4377//4377 4374//4374 
f 4522//4522 4387//4387 4519//4519 
f 4519//4519 4387//4387 4379//4379 
f 4462//4462 4406//4406 4515//4515 
f 4511//4511 4515//4515 4406//4406 
f 4510//4510 4402//4402 4509//4509 
f 4509//4509 4402//4402 4398//4398 
f 4507//4507 4508//4508 4498//4498 
f 4506//4506 4496//4496 4504//4504 
f 4504//4504 4496//4496 4481//4481 
f 4502//4502 4493//4493 4442//4442 
f 4495//4495 4498//4498 4398//4398 
f 4491//4491 4546//4546 4340//4340 
f 4482//4482 4562//4562 4481//4481 
f 4466//4466 4532//4532 4366//4366 
f 4461//4461 4517//4517 4379//4379 
f 4457//4457 4450//4450 4449//4449 
f 4448//4448 4445//4445 4418//4418 
f 4446//4446 4418//4418 4445//4445 
f 4443//4443 4441//4441 4563//4563 
f 4439//4439 4563//4563 4441//4441 
f 4437//4437 4440//4440 4409//4409 
f 4432//4432 4382//4382 4374//4374 
f 4430//4430 4434//4434 4372//4372 
f 4427//4427 4429//4429 4362//4362 
f 4425//4425 4428//4428 4321//4321 
f 4421//4421 4351//4351 4349//4349 
f 4422//4422 4418//4418 4446//4446 
f 4414//4414 4417//4417 4409//4409 
f 4394//4394 4397//4397 4374//4374 
f 4371//4371 4377//4377 4369//4369 
f 4361//4361 4368//4368 4365//4365 
f 4342//4342 4351//4351 4340//4340 
f 4325//4325 4333//4333 4323//4323 
o mesh371
v -0.0199259 0.0209659 0.0262382 
v -0.0169259 0.0209659 0.0262382 
v -0.0169259 0.0151977 0.0273855 
v -0.0199259 0.0100977 0.0284 
v -0.0169259 0.0254487 0.0232429 
v -0.0169259 0.0247776 0.0236913 
v -0.0199259 0.0301795 0.0200818 
v -0.0169259 0.0301795 0.0200818 
v -0.0199259 0.0363359 0.0108682 
v -0.0169259 0.0340984 0.0142169 
v -0.0169259 0.0330776 0.0157446 
v -0.0169259 0.0363359 0.0108682 
v -0.0199259 0.0384977 -7.76103e-19 
v -0.0169259 0.0384977 -7.76103e-19 
v -0.0169259 0.0373514 0.00576299 
v -0.0199259 0.0363359 -0.0108682 
v -0.0169259 0.0373514 -0.00576299 
v -0.0169259 0.0363359 -0.0108682 
v -0.0199259 0.0301795 -0.0200818 
v -0.0169259 0.0330776 -0.0157446 
v -0.0169259 0.0343769 -0.0138 
v -0.0169259 0.0326952 -0.0163169 
v -0.0169259 0.0301795 -0.0200818 
v -0.0199259 0.0209659 -0.0262382 
v -0.0169259 0.0254487 -0.0232429 
v -0.0169259 0.0247776 -0.0236913 
v -0.0169259 0.0209659 -0.0262382 
v -0.0199259 0.0100977 -0.0284 
v -0.0169259 0.0151977 -0.0273855 
v -0.0169259 0.0100977 -0.0284 
v -0.0199259 -0.000770499 -0.0262382 
v -0.0169259 -0.000770499 -0.0262382 
v -0.0169259 0.00499771 -0.0273855 
v -0.0169259 -0.00525331 -0.0232429 
v -0.0169259 -0.00458216 -0.0236913 
v -0.0199259 -0.00998412 -0.0200818 
v -0.0169259 -0.00998412 -0.0200818 
v -0.0169259 -0.0128822 -0.0157446 
v -0.0169259 -0.0124998 -0.0163169 
v -0.0199259 -0.0161405 -0.0108682 
v -0.0169259 -0.0141815 -0.0138 
v -0.0169259 -0.0161405 -0.0108682 
v -0.0199259 -0.0183023 6.17989e-18 
v -0.0169259 -0.0183023 6.17989e-18 
v -0.0169259 -0.017156 -0.00576299 
v -0.0199259 -0.0161405 0.0108682 
v -0.0169259 -0.017156 0.00576299 
v -0.0169259 -0.0161405 0.0108682 
v -0.0199259 -0.00998412 0.0200818 
v -0.0169259 -0.0128822 0.0157446 
v -0.0169259 -0.013903 0.0142169 
v -0.0169259 -0.00998412 0.0200818 
v -0.0199259 -0.000770499 0.0262382 
v -0.0169259 -0.00525331 0.0232429 
v -0.0169259 -0.00458216 0.0236913 
v -0.0169259 -0.000770499 0.0262382 
v -0.0169259 0.00499771 0.0273855 
v -0.0169259 0.0100977 0.0284 
vn 0 -0.382683 -0.92388 
vn 0 -0.382683 -0.92388 
vn 0 -0.183082 -0.983098 
vn 0 -2.44929e-16 -1 
vn 0 -0.551111 -0.834432 
vn 0 -0.526713 -0.850043 
vn 0 -0.707107 -0.707107 
vn 0 -0.707107 -0.707107 
vn 0 -0.92388 -0.382683 
vn 0 -0.860382 -0.50965 
vn 0 -0.824947 -0.565211 
vn 0 -0.92388 -0.382683 
vn 0 -1 1.83697e-16 
vn 0 -1 1.83697e-16 
vn 0 -0.978366 -0.206883 
vn 0 -0.92388 0.382683 
vn 0 -0.978366 0.206883 
vn 0 -0.92388 0.382683 
vn 0 -0.707107 0.707107 
vn 0 -0.824947 0.565211 
vn 0 -0.86938 0.494144 
vn 0 -0.810739 0.585407 
vn 0 -0.707107 0.707107 
vn 0 -0.382683 0.92388 
vn 0 -0.551111 0.834432 
vn 0 -0.526713 0.850043 
vn 0 -0.382683 0.92388 
vn 0 1.22164e-16 1 
vn 0 -0.183082 0.983098 
vn 0 1.22164e-16 1 
vn 0 0.382683 0.92388 
vn 0 0.382683 0.92388 
vn 0 0.183082 0.983098 
vn 0 0.551111 0.834432 
vn 0 0.526713 0.850043 
vn 0 0.707107 0.707107 
vn 0 0.707107 0.707107 
vn 0 0.824947 0.565211 
vn 0 0.810739 0.585407 
vn 0 0.92388 0.382683 
vn 0 0.86938 0.494144 
vn 0 0.92388 0.382683 
vn 0 1 -6.12323e-17 
vn 0 1 -6.12323e-17 
vn 0 0.978366 0.206883 
vn 0 0.92388 -0.382683 
vn 0 0.978366 -0.206883 
vn 0 0.92388 -0.382683 
vn 0 0.707107 -0.707107 
vn 0 0.824947 -0.565211 
vn 0 0.860382 -0.50965 
vn 0 0.707107 -0.707107 
vn 0 0.382683 -0.92388 
vn 0 0.551111 -0.834432 
vn 0 0.526713 -0.850043 
vn 0 0.382683 -0.92388 
vn 0 0.183082 -0.983098 
vn 0 -2.44929e-16 -1 
f 4564//4564 4565//4565 4566//4566 
f 4566//4566 4567//4567 4564//4564 
f 4564//4564 4568//4568 4569//4569 
f 4570//4570 4571//4571 4568//4568 
f 4568//4568 4564//4564 4570//4570 
f 4572//4572 4573//4573 4574//4574 
f 4574//4574 4570//4570 4572//4572 
f 4572//4572 4575//4575 4573//4573 
f 4576//4576 4577//4577 4578//4578 
f 4578//4578 4572//4572 4576//4576 
f 4576//4576 4579//4579 4580//4580 
f 4579//4579 4581//4581 4580//4580 
f 4579//4579 4582//4582 4583//4583 
f 4583//4583 4584//4584 4579//4579 
f 4582//4582 4585//4585 4583//4583 
f 4582//4582 4586//4586 4585//4585 
f 4582//4582 4587//4587 4588//4588 
f 4587//4587 4589//4589 4588//4588 
f 4587//4587 4590//4590 4589//4589 
f 4587//4587 4591//4591 4592//4592 
f 4591//4591 4593//4593 4592//4592 
f 4594//4594 4595//4595 4596//4596 
f 4596//4596 4591//4591 4594//4594 
f 4594//4594 4597//4597 4598//4598 
f 4599//4599 4600//4600 4597//4597 
f 4597//4597 4594//4594 4599//4599 
f 4599//4599 4601//4601 4602//4602 
f 4603//4603 4604//4604 4601//4601 
f 4601//4601 4599//4599 4603//4603 
f 4603//4603 4605//4605 4604//4604 
f 4606//4606 4607//4607 4608//4608 
f 4608//4608 4603//4603 4606//4606 
f 4606//4606 4609//4609 4610//4610 
f 4609//4609 4611//4611 4610//4610 
f 4609//4609 4612//4612 4613//4613 
f 4613//4613 4614//4614 4609//4609 
f 4612//4612 4615//4615 4613//4613 
f 4612//4612 4616//4616 4617//4617 
f 4616//4616 4618//4618 4617//4617 
f 4616//4616 4619//4619 4618//4618 
f 4616//4616 4567//4567 4620//4620 
f 4567//4567 4621//4621 4620//4620 
f 4620//4620 4619//4619 4616//4616 
f 4617//4617 4615//4615 4612//4612 
f 4614//4614 4611//4611 4609//4609 
f 4610//4610 4607//4607 4606//4606 
f 4608//4608 4605//4605 4603//4603 
f 4602//4602 4600//4600 4599//4599 
f 4598//4598 4595//4595 4594//4594 
f 4596//4596 4593//4593 4591//4591 
f 4592//4592 4590//4590 4587//4587 
f 4588//4588 4586//4586 4582//4582 
f 4584//4584 4581//4581 4579//4579 
f 4580//4580 4577//4577 4576//4576 
f 4578//4578 4575//4575 4572//4572 
f 4574//4574 4571//4571 4570//4570 
f 4569//4569 4565//4565 4564//4564 
f 4566//4566 4621//4621 4567//4567 
o mesh372
v -0.0199259 0.0218118 0.0282804 
v -0.0199259 0.0209659 0.0262382 
v -0.0199259 0.0100977 0.0284 
v -0.0199259 0.0317426 0.0216449 
v -0.0199259 0.0301795 0.0200818 
v -0.0199259 0.0383781 0.0117141 
v -0.0199259 0.0407082 1.00639e-17 
v -0.0199259 0.0384977 -7.76103e-19 
v -0.0199259 0.0383781 -0.0117141 
v -0.0199259 0.0363359 -0.0108682 
v -0.0199259 0.0363359 0.0108682 
v -0.0199259 0.0317426 -0.0216449 
v -0.0199259 0.0301795 -0.0200818 
v -0.0199259 0.0218118 -0.0282804 
v -0.0199259 0.0209659 -0.0262382 
v -0.0199259 0.0100977 -0.0306105 
v -0.0199259 0.0100977 -0.0284 
v -0.0199259 -0.0016164 -0.0282804 
v -0.0199259 -0.000770499 -0.0262382 
v -0.0199259 -0.0115472 -0.0216449 
v -0.0199259 -0.00998412 -0.0200818 
v -0.0199259 -0.0181827 -0.0117141 
v -0.0199259 -0.0161405 -0.0108682 
v -0.0199259 -0.0205127 2.56654e-18 
v -0.0199259 -0.0183023 6.17989e-18 
v -0.0199259 -0.0181827 0.0117141 
v -0.0199259 -0.0161405 0.0108682 
v -0.0199259 -0.0115472 0.0216449 
v -0.0199259 -0.00998412 0.0200818 
v -0.0199259 -0.0016164 0.0282804 
v -0.0199259 -0.000770499 0.0262382 
v -0.0199259 0.0100977 0.0306105 
vn -1 0 0 
vn -1 0 0 
vn -1 0 0 
vn -1 0 0 
vn -1 0 0 
vn -1 0 0 
vn -1 0 0 
vn -1 0 0 
vn -1 0 0 
vn -1 0 0 
vn -1 0 0 
vn -1 0 0 
vn -1 0 0 
vn -1 0 0 
vn -1 0 0 
vn -1 0 0 
vn -1 0 0 
vn -1 0 0 
vn -1 0 0 
vn -1 0 0 
vn -1 0 0 
vn -1 0 0 
vn -1 0 0 
vn -1 0 0 
vn -1 0 0 
vn -1 0 0 
vn -1 0 0 
vn -1 0 0 
vn -1 0 0 
vn -1 0 0 
vn -1 0 0 
vn -1 0 0 
f 4622//4622 4623//4623 4624//4624 
f 4622//4622 4625//4625 4626//4626 
f 4627//4627 4628//4628 4629//4629 
f 4628//4628 4630//4630 4631//4631 
f 4626//4626 4623//4623 4622//4622 
f 4625//4625 4627//4627 4632//4632 
f 4631//4631 4629//4629 4628//4628 
f 4630//4630 4633//4633 4634//4634 
f 4632//4632 4626//4626 4625//4625 
f 4634//4634 4631//4631 4630//4630 
f 4629//4629 4632//4632 4627//4627 
f 4633//4633 4635//4635 4636//4636 
f 4636//4636 4634//4634 4633//4633 
f 4635//4635 4637//4637 4638//4638 
f 4637//4637 4639//4639 4640//4640 
f 4639//4639 4641//4641 4642//4642 
f 4638//4638 4636//4636 4635//4635 
f 4642//4642 4640//4640 4639//4639 
f 4643//4643 4644//4644 4642//4642 
f 4645//4645 4646//4646 4644//4644 
f 4647//4647 4648//4648 4646//4646 
f 4649//4649 4650//4650 4648//4648 
f 4649//4649 4651//4651 4652//4652 
f 4651//4651 4653//4653 4624//4624 
f 4640//4640 4638//4638 4637//4637 
f 4644//4644 4643//4643 4645//4645 
f 4648//4648 4647//4647 4649//4649 
f 4624//4624 4652//4652 4651//4651 
f 4642//4642 4641//4641 4643//4643 
f 4652//4652 4650//4650 4649//4649 
f 4646//4646 4645//4645 4647//4647 
f 4624//4624 4653//4653 4622//4622 
o mesh373
v -0.0199259 0.0100977 -0.0306105 
v -0.0169259 0.0100977 -0.0306105 
v -0.0169259 -0.0016164 -0.0282804 
v -0.0199259 -0.0115472 -0.0216449 
v -0.0199259 -0.0016164 -0.0282804 
v -0.0169259 -0.00636601 -0.0258059 
v -0.0169259 -0.00520752 -0.0265094 
v -0.0169259 -0.00401902 -0.027161 
v -0.0169259 -0.0115472 -0.0216449 
v -0.0169259 -0.0181751 -0.0117324 
v -0.0199259 -0.0181827 -0.0117141 
v -0.0199259 -0.0205127 2.56654e-18 
v -0.0169259 -0.019102 -0.00918582 
v -0.0169259 -0.0181827 -0.0117141 
v -0.0169259 -0.0205127 2.56654e-18 
v -0.0169259 -0.019102 0.00918582 
v -0.0199259 -0.0181827 0.0117141 
v -0.0199259 -0.0115472 0.0216449 
v -0.0169259 -0.0181751 0.0117324 
v -0.0169259 -0.0181827 0.0117141 
v -0.0199259 -0.0016164 0.0282804 
v -0.0169259 -0.00520752 0.0265094 
v -0.0169259 -0.00401902 0.027161 
v -0.0169259 -0.00636601 0.0258059 
v -0.0169259 -0.0115472 0.0216449 
v -0.0169259 -0.0016164 0.0282804 
v -0.0169259 0.0100977 0.0306105 
v -0.0199259 0.0218118 0.0282804 
v -0.0199259 0.0100977 0.0306105 
v -0.0169259 0.0154132 0.0301454 
v -0.0169259 0.0167424 0.0298806 
v -0.0169259 0.0140735 0.0303512 
v -0.0169259 0.0218118 0.0282804 
v -0.0169259 0.0317426 0.0216449 
v -0.0199259 0.0383781 0.0117141 
v -0.0199259 0.0317426 0.0216449 
v -0.0169259 0.0343947 0.0186187 
v -0.0169259 0.0335467 0.019676 
v -0.0169259 0.0326527 0.0206947 
v -0.0169259 0.0383781 0.0117141 
v -0.0169259 0.0406782 0.00135503 
v -0.0199259 0.0407082 1.00639e-17 
v -0.0199259 0.0383781 -0.0117141 
v -0.0169259 0.0406782 -0.00135503 
v -0.0169259 0.0407082 1.00639e-17 
v -0.0199259 0.0317426 -0.0216449 
v -0.0169259 0.0335467 -0.019676 
v -0.0169259 0.0326527 -0.0206947 
v -0.0169259 0.0343947 -0.0186187 
v -0.0169259 0.0383781 -0.0117141 
v -0.0169259 0.0317426 -0.0216449 
v -0.0169259 0.0218118 -0.0282804 
v -0.0169259 0.0154132 -0.0301454 
v -0.0169259 0.0140735 -0.0303512 
v -0.0199259 0.0218118 -0.0282804 
v -0.0169259 0.0167424 -0.0298806 
vn 0 -2.44929e-16 -1 
vn 0 -2.44929e-16 -1 
vn 0 -0.382683 -0.92388 
vn 0 -0.707107 -0.707107 
vn 0 -0.382683 -0.92388 
vn 0 -0.537846 -0.843043 
vn 0 -0.5 -0.866025 
vn 0 -0.461174 -0.88731 
vn 0 -0.707107 -0.707107 
vn 0 -0.923631 -0.383282 
vn 0 -0.92388 -0.382683 
vn 0 -1 -6.12323e-17 
vn 0 -0.953912 -0.300088 
vn 0 -0.92388 -0.382683 
vn 0 -1 -6.12323e-17 
vn 0 -0.953912 0.300088 
vn 0 -0.92388 0.382683 
vn 0 -0.707107 0.707107 
vn 0 -0.923631 0.383282 
vn 0 -0.92388 0.382683 
vn 0 -0.382683 0.92388 
vn 0 -0.5 0.866025 
vn 0 -0.461174 0.88731 
vn 0 -0.537846 0.843043 
vn 0 -0.707107 0.707107 
vn 0 -0.382683 0.92388 
vn 0 -1.22465e-16 1 
vn 0 0.382683 0.92388 
vn 0 -1.22465e-16 1 
vn 0 0.173648 0.984808 
vn 0 0.217072 0.976156 
vn 0 0.129883 0.991529 
vn 0 0.382683 0.92388 
vn 0 0.707107 0.707107 
vn 0 0.92388 0.382683 
vn 0 0.707107 0.707107 
vn 0 0.793748 0.608247 
vn 0 0.766044 0.642788 
vn 0 0.736839 0.676068 
vn 0 0.92388 0.382683 
vn 0 0.99902 0.044267 
vn 0 1 1.83697e-16 
vn 0 0.92388 -0.382683 
vn 0 0.99902 -0.044267 
vn 0 1 1.83697e-16 
vn 0 0.707107 -0.707107 
vn 0 0.766044 -0.642788 
vn 0 0.736839 -0.676068 
vn 0 0.793748 -0.608247 
vn 0 0.92388 -0.382683 
vn 0 0.707107 -0.707107 
vn 0 0.382683 -0.92388 
vn 0 0.173648 -0.984808 
vn 0 0.129883 -0.991529 
vn 0 0.382683 -0.92388 
vn 0 0.217072 -0.976156 
f 4654//4654 4655//4655 4656//4656 
f 4657//4657 4658//4658 4659//4659 
f 4658//4658 4660//4660 4659//4659 
f 4658//4658 4661//4661 4660//4660 
f 4658//4658 4656//4656 4661//4661 
f 4657//4657 4662//4662 4663//4663 
f 4663//4663 4664//4664 4657//4657 
f 4665//4665 4664//4664 4666//4666 
f 4664//4664 4667//4667 4666//4666 
f 4665//4665 4668//4668 4669//4669 
f 4669//4669 4670//4670 4665//4665 
f 4671//4671 4670//4670 4672//4672 
f 4670//4670 4673//4673 4672//4672 
f 4674//4674 4675//4675 4676//4676 
f 4674//4674 4677//4677 4675//4675 
f 4671//4671 4678//4678 4677//4677 
f 4677//4677 4674//4674 4671//4671 
f 4674//4674 4679//4679 4680//4680 
f 4681//4681 4682//4682 4683//4683 
f 4683//4683 4684//4684 4681//4681 
f 4682//4682 4685//4685 4683//4683 
f 4682//4682 4680//4680 4685//4685 
f 4681//4681 4686//4686 4687//4687 
f 4688//4688 4689//4689 4690//4690 
f 4689//4689 4691//4691 4690//4690 
f 4689//4689 4692//4692 4691//4691 
f 4689//4689 4687//4687 4692//4692 
f 4688//4688 4693//4693 4694//4694 
f 4694//4694 4695//4695 4688//4688 
f 4696//4696 4695//4695 4697//4697 
f 4695//4695 4698//4698 4697//4697 
f 4699//4699 4700//4700 4701//4701 
f 4699//4699 4702//4702 4700//4700 
f 4696//4696 4703//4703 4702//4702 
f 4702//4702 4699//4699 4696//4696 
f 4699//4699 4704//4704 4705//4705 
f 4654//4654 4706//4706 4707//4707 
f 4708//4708 4709//4709 4706//4706 
f 4706//4706 4654//4654 4708//4708 
f 4708//4708 4705//4705 4709//4709 
f 4707//4707 4655//4655 4654//4654 
f 4705//4705 4708//4708 4699//4699 
f 4701//4701 4704//4704 4699//4699 
f 4697//4697 4703//4703 4696//4696 
f 4694//4694 4698//4698 4695//4695 
f 4690//4690 4693//4693 4688//4688 
f 4687//4687 4689//4689 4681//4681 
f 4684//4684 4686//4686 4681//4681 
f 4680//4680 4682//4682 4674//4674 
f 4676//4676 4679//4679 4674//4674 
f 4672//4672 4678//4678 4671//4671 
f 4669//4669 4673//4673 4670//4670 
f 4666//4666 4668//4668 4665//4665 
f 4663//4663 4667//4667 4664//4664 
f 4659//4659 4662//4662 4657//4657 
f 4656//4656 4658//4658 4654//4654 
o mesh374
v -0.0169259 -0.00520752 -0.0265094 
v -0.0169259 -0.00401902 -0.027161 
v -0.0169259 -0.00518792 -0.0264755 
v -0.0169259 -0.00636601 -0.0258059 
vn 1 0 0 
vn 1 0 0 
vn 1 0 0 
vn 1 0 0 
f 4710//4710 4711//4711 4712//4712 
f 4712//4712 4713//4713 4710//4710 
o mesh375
v -0.0169259 0.0154132 -0.0301454 
v -0.0169259 0.0167424 -0.0298806 
v -0.0169259 0.0154064 -0.0301068 
v -0.0169259 0.0140735 -0.0303512 
vn 1 0 0 
vn 1 0 0 
vn 1 0 0 
vn 1 0 0 
f 4714//4714 4715//4715 4716//4716 
f 4716//4716 4717//4717 4714//4714 
o mesh376
v -0.0169259 -0.0181827 -0.0117141 
v -0.0169259 -0.0181751 -0.0117324 
v -0.0169259 -0.0186299 -0.010456 
v -0.0169259 -0.019102 -0.00918582 
vn 1 0 0 
vn 1 0 0 
vn 1 0 0 
vn 1 0 0 
f 4718//4718 4719//4719 4720//4720 
f 4720//4720 4721//4721 4718//4718 
o mesh377
v -0.0169259 0.0335467 -0.019676 
v -0.0169259 0.0343947 -0.0186187 
v -0.0169259 0.0335167 -0.0196508 
v -0.0169259 0.0326527 -0.0206947 
vn 1 0 0 
vn 1 0 0 
vn 1 0 0 
vn 1 0 0 
f 4722//4722 4723//4723 4724//4724 
f 4724//4724 4725//4725 4722//4722 
o mesh378
v -0.0169259 -0.0181827 0.0117141 
v -0.0169259 -0.019102 0.00918582 
v -0.0169259 -0.0186299 0.010456 
v -0.0169259 -0.0181751 0.0117324 
vn 1 0 0 
vn 1 0 0 
vn 1 0 0 
vn 1 0 0 
f 4726//4726 4727//4727 4728//4728 
f 4728//4728 4729//4729 4726//4726 
o mesh379
v -0.0169259 0.0407082 1.00639e-17 
v -0.0169259 0.0406782 0.00135503 
v -0.0169259 0.040669 -2.96985e-17 
v -0.0169259 0.0406782 -0.00135503 
vn 1 0 0 
vn 1 0 0 
vn 1 0 0 
vn 1 0 0 
f 4730//4730 4731//4731 4732//4732 
f 4732//4732 4733//4733 4730//4730 
o mesh380
v -0.0169259 -0.00520752 0.0265094 
v -0.0169259 -0.00636601 0.0258059 
v -0.0169259 -0.00518792 0.0264755 
v -0.0169259 -0.00401902 0.027161 
vn 1 0 0 
vn 1 0 0 
vn 1 0 0 
vn 1 0 0 
f 4734//4734 4735//4735 4736//4736 
f 4736//4736 4737//4737 4734//4734 
o mesh381
v -0.0169259 0.0335467 0.019676 
v -0.0169259 0.0326527 0.0206947 
v -0.0169259 0.0335167 0.0196508 
v -0.0169259 0.0343947 0.0186187 
vn 1 0 0 
vn 1 0 0 
vn 1 0 0 
vn 1 0 0 
f 4738//4738 4739//4739 4740//4740 
f 4740//4740 4741//4741 4738//4738 
o mesh382
v -0.0169259 0.0154132 0.0301454 
v -0.0169259 0.0140735 0.0303512 
v -0.0169259 0.0154064 0.0301068 
v -0.0169259 0.0167424 0.0298806 
vn 1 0 0 
vn 1 0 0 
vn 1 0 0 
vn 1 0 0 
f 4742//4742 4743//4743 4744//4744 
f 4744//4744 4745//4745 4742//4742 
o mesh383
v -0.0144187 0.0397909 0.0128405 
v -0.0169259 0.0397909 0.0128405 
v -0.0169259 0.0343947 0.0186187 
v -0.0156486 0.033522 0.0196444 
v -0.0144187 0.0278993 0.0270123 
v -0.0169259 0.0326527 0.0206947 
v -0.0169259 0.0335167 0.0196508 
v -0.0169259 0.0278993 0.0270123 
vn 0 0.703302 0.710891 
vn 0 0.703302 0.710891 
vn 0 0.757264 0.653109 
vn 0 0.765991 0.642852 
vn 0 0.822218 0.569173 
vn 0 0.774684 0.632348 
vn 0 0.766044 0.642788 
vn 0 0.822218 0.569173 
f 4746//4746 4747//4747 4748//4748 
f 4748//4748 4749//4749 4746//4746 
f 4750//4750 4749//4749 4751//4751 
f 4749//4749 4752//4752 4751//4751 
f 4751//4751 4753//4753 4750//4750 
f 4748//4748 4752//4752 4749//4749 
o mesh384
v -0.0144187 0.0397909 0.0128405 
v -0.0169259 0.0408252 0.0137084 
v -0.0169259 0.0397909 0.0128405 
vn 0 -0.642788 0.766044 
vn 0 -0.642788 0.766044 
vn 0 -0.642788 0.766044 
f 4754//4754 4755//4755 4756//4756 
o mesh385
v -0.0144187 0.0278993 0.0270123 
v -0.0169259 0.0278993 0.0270123 
v -0.0169259 0.0289336 0.0278802 
vn 0 0.642788 -0.766044 
vn 0 0.642788 -0.766044 
vn 0 0.642788 -0.766044 
f 4757//4757 4758//4758 4759//4759 
o mesh386
v -0.0144187 0.0278993 -0.0270123 
v -0.0169259 0.0278993 -0.0270123 
v -0.0169259 0.0326527 -0.0206947 
v -0.0156486 0.0335113 -0.0196572 
v -0.0144187 0.0397909 -0.0128405 
v -0.0169259 0.0343947 -0.0186187 
v -0.0169259 0.0335167 -0.0196508 
v -0.0169259 0.0397909 -0.0128405 
vn 0 0.822218 -0.569173 
vn 0 0.822218 -0.569173 
vn 0 0.774684 -0.632348 
vn 0 0.766098 -0.642724 
vn 0 0.703302 -0.710891 
vn 0 0.757264 -0.653109 
vn 0 0.766044 -0.642788 
vn 0 0.703302 -0.710891 
f 4760//4760 4761//4761 4762//4762 
f 4762//4762 4763//4763 4760//4760 
f 4764//4764 4763//4763 4765//4765 
f 4763//4763 4766//4766 4765//4765 
f 4765//4765 4767//4767 4764//4764 
f 4762//4762 4766//4766 4763//4763 
o mesh387
v -0.0144187 0.0278993 -0.0270123 
v -0.0169259 0.0289336 -0.0278802 
v -0.0169259 0.0278993 -0.0270123 
vn 0 0.642788 0.766044 
vn 0 0.642788 0.766044 
vn 0 0.642788 0.766044 
f 4768//4768 4769//4769 4770//4770 
o mesh388
v -0.0144187 0.0397909 -0.0128405 
v -0.0169259 0.0397909 -0.0128405 
v -0.0169259 0.0408252 -0.0137084 
vn 0 -0.642788 -0.766044 
vn 0 -0.642788 -0.766044 
vn 0 -0.642788 -0.766044 
f 4771//4771 4772//4772 4773//4773 
o mesh389
v -0.0144187 -0.013413 -0.0222218 
v -0.0169259 -0.013413 -0.0222218 
v -0.0169259 -0.00636601 -0.0258059 
v -0.0156486 -0.00519518 -0.0264713 
v -0.0144187 0.00260845 -0.0314718 
v -0.0169259 -0.00401902 -0.027161 
v -0.0169259 -0.00518792 -0.0264755 
v -0.0169259 0.00260845 -0.0314718 
vn 0 -0.417749 -0.908562 
vn 0 -0.417749 -0.908562 
vn 0 -0.488219 -0.872721 
vn 0 -0.499927 -0.866067 
vn 0 -0.577964 -0.816062 
vn 0 -0.511689 -0.859171 
vn 0 -0.5 -0.866025 
vn 0 -0.577964 -0.816062 
f 4774//4774 4775//4775 4776//4776 
f 4776//4776 4777//4777 4774//4774 
f 4778//4778 4777//4777 4779//4779 
f 4777//4777 4780//4780 4779//4779 
f 4779//4779 4781//4781 4778//4778 
f 4776//4776 4780//4780 4777//4777 
o mesh390
v -0.0169259 -0.0140881 -0.0233911 
v -0.0169259 -0.013413 -0.0222218 
v -0.0144187 -0.013413 -0.0222218 
vn 0 0.866025 -0.5 
vn 0 0.866025 -0.5 
vn 0 0.866025 -0.5 
f 4782//4782 4783//4783 4784//4784 
o mesh391
v -0.0169259 0.00193336 -0.0326411 
v -0.0144187 0.00260845 -0.0314718 
v -0.0169259 0.00260845 -0.0314718 
vn 0 -0.866025 0.5 
vn 0 -0.866025 0.5 
vn 0 -0.866025 0.5 
f 4785//4785 4786//4786 4787//4787 
o mesh392
v -0.0144187 0.00260845 0.0314718 
v -0.0169259 0.00260845 0.0314718 
v -0.0169259 -0.00401902 0.027161 
v -0.0156486 -0.00518067 0.0264797 
v -0.0144187 -0.013413 0.0222218 
v -0.0169259 -0.00636601 0.0258059 
v -0.0169259 -0.00518792 0.0264755 
v -0.0169259 -0.013413 0.0222218 
vn 0 -0.577964 0.816062 
vn 0 -0.577964 0.816062 
vn 0 -0.511689 0.859171 
vn 0 -0.500073 0.865984 
vn 0 -0.417749 0.908562 
vn 0 -0.488219 0.872721 
vn 0 -0.5 0.866025 
vn 0 -0.417749 0.908562 
f 4788//4788 4789//4789 4790//4790 
f 4790//4790 4791//4791 4788//4788 
f 4792//4792 4791//4791 4793//4793 
f 4791//4791 4794//4794 4793//4793 
f 4793//4793 4795//4795 4792//4792 
f 4790//4790 4794//4794 4791//4791 
o mesh393
v -0.0169259 0.00193336 0.0326411 
v -0.0169259 0.00260845 0.0314718 
v -0.0144187 0.00260845 0.0314718 
vn 0 -0.866025 -0.5 
vn 0 -0.866025 -0.5 
vn 0 -0.866025 -0.5 
f 4796//4796 4797//4797 4798//4798 
o mesh394
v -0.0169259 -0.0140881 0.0233911 
v -0.0144187 -0.013413 0.0222218 
v -0.0169259 -0.013413 0.0222218 
vn 0 0.866025 0.5 
vn 0 0.866025 0.5 
vn 0 0.866025 0.5 
f 4799//4799 4800//4800 4801//4801 
o mesh395
v -0.0144187 -0.0221964 -0.00191047 
v -0.0169259 -0.0221964 -0.00191047 
v -0.0169259 -0.019102 -0.00918582 
v -0.0156486 -0.0186328 -0.0104481 
v -0.0144187 -0.0158691 -0.0192948 
v -0.0169259 -0.0181751 -0.0117324 
v -0.0169259 -0.0186299 -0.010456 
v -0.0169259 -0.0158691 -0.0192948 
vn 0 -0.904027 -0.427475 
vn 0 -0.904027 -0.427475 
vn 0 -0.934972 -0.354722 
vn 0 -0.939664 -0.342099 
vn 0 -0.967301 -0.253632 
vn 0 -0.944241 -0.329256 
vn 0 -0.939693 -0.34202 
vn 0 -0.967301 -0.253632 
f 4802//4802 4803//4803 4804//4804 
f 4804//4804 4805//4805 4802//4802 
f 4806//4806 4805//4805 4807//4807 
f 4805//4805 4808//4808 4807//4807 
f 4807//4807 4809//4809 4806//4806 
f 4804//4804 4808//4808 4805//4805 
o mesh396
v -0.0169259 -0.0234652 -0.00237225 
v -0.0169259 -0.0221964 -0.00191047 
v -0.0144187 -0.0221964 -0.00191047 
vn 0 0.34202 -0.939693 
vn 0 0.34202 -0.939693 
vn 0 0.34202 -0.939693 
f 4810//4810 4811//4811 4812//4812 
o mesh397
v -0.0169259 -0.0171378 -0.0197566 
v -0.0144187 -0.0158691 -0.0192948 
v -0.0169259 -0.0158691 -0.0192948 
vn 0 -0.34202 0.939693 
vn 0 -0.34202 0.939693 
vn 0 -0.34202 0.939693 
f 4813//4813 4814//4814 4815//4815 
o mesh398
v -0.0169259 -0.0271611 -0.0234047 
v -0.0169259 -0.0171378 -0.0197566 
v -0.0169259 -0.0140881 -0.0233911 
v -0.0169259 -0.0158691 -0.0192948 
v -0.0169259 -0.013413 -0.0222218 
v -0.0169259 -0.0194214 -0.0326286 
v -0.0169259 -0.0181751 -0.0117324 
v -0.0169259 -0.0115472 -0.0216449 
v -0.0169259 -0.00636601 -0.0258059 
vn -1 0 0 
vn -1 0 0 
vn -1 0 0 
vn -1 0 0 
vn -1 0 0 
vn -1 0 0 
vn -1 0 0 
vn -1 0 0 
vn -1 0 0 
f 4816//4816 4817//4817 4818//4818 
f 4817//4817 4819//4819 4820//4820 
f 4820//4820 4818//4818 4817//4817 
f 4818//4818 4821//4821 4816//4816 
f 4820//4820 4822//4822 4823//4823 
f 4823//4823 4824//4824 4820//4820 
f 4819//4819 4822//4822 4820//4820 
o mesh399
v -0.0168093 -0.0197654 -0.0332245 
v -0.0168676 -0.0276217 -0.0235724 
v -0.0169259 -0.0271611 -0.0234047 
v -0.0169259 -0.0194214 -0.0326286 
v -0.016761 -0.019809 -0.0332999 
v -0.0167482 -0.0278858 -0.0236685 
v -0.0164706 -0.0200707 -0.0337532 
v -0.0166018 -0.0282097 -0.0237864 
v -0.0163246 -0.0201349 -0.0338644 
v -0.0163214 -0.0285028 -0.0238931 
v -0.0159523 -0.0202985 -0.0341478 
v -0.0161559 -0.0286757 -0.023956 
v -0.0156812 -0.0203521 -0.0342407 
v -0.0156835 -0.0289217 -0.0240455 
v -0.0153239 -0.0204228 -0.0343631 
v -0.0155777 -0.0289768 -0.0240656 
v -0.0149259 -0.0290815 -0.0241037 
v -0.0149259 -0.0204432 -0.0343984 
vn -0.941695 -0.224924 -0.250241 
vn -0.970856 -0.203241 -0.127013 
vn -1 -6.93889e-15 -3.46945e-15 
vn -1 -6.93889e-15 -3.46945e-15 
vn -0.924228 -0.25514 -0.284088 
vn -0.923986 -0.32457 -0.202248 
vn -0.772349 -0.423299 -0.473598 
vn -0.837917 -0.46368 -0.287915 
vn -0.70775 -0.470486 -0.527004 
vn -0.706734 -0.601562 -0.372357 
vn -0.513185 -0.570656 -0.641087 
vn -0.614994 -0.670822 -0.414465 
vn -0.382989 -0.613862 -0.690285 
vn -0.381895 -0.786805 -0.484865 
vn -0.198992 -0.650786 -0.732721 
vn -0.325888 -0.804983 -0.495781 
vn 0 -0.851722 -0.523994 
vn 0 -0.663933 -0.747792 
f 4825//4825 4826//4826 4827//4827 
f 4827//4827 4828//4828 4825//4825 
f 4829//4829 4830//4830 4826//4826 
f 4831//4831 4832//4832 4830//4830 
f 4830//4830 4829//4829 4831//4831 
f 4833//4833 4834//4834 4832//4832 
f 4835//4835 4836//4836 4834//4834 
f 4834//4834 4833//4833 4835//4835 
f 4837//4837 4838//4838 4836//4836 
f 4839//4839 4840//4840 4838//4838 
f 4839//4839 4841//4841 4840//4840 
f 4838//4838 4837//4837 4839//4839 
f 4839//4839 4842//4842 4841//4841 
f 4835//4835 4837//4837 4836//4836 
f 4831//4831 4833//4833 4832//4832 
f 4825//4825 4829//4829 4826//4826 
usemtl 0.250980_0.250980_0.250980_0.000000_0.000000
o mesh400
v -0.0169259 -0.0271611 -0.0234047 
v -0.0204148 -0.0227869 -0.0218127 
v -0.0193356 -0.0197451 -0.0207055 
v -0.00792593 -0.0290815 -0.0241037 
v -0.00971984 -0.0322826 -0.0252688 
v -0.013132 -0.0322826 -0.0252688 
v -0.0202215 -0.0259881 -0.0229778 
v -0.00592593 -0.0271611 -0.0234047 
v -0.00351627 -0.0197451 -0.0207055 
v -0.00243702 -0.0227869 -0.0218127 
v -0.0149259 -0.0290815 -0.0241037 
v -0.0168676 -0.0276217 -0.0235724 
v -0.0171365 -0.0172934 -0.0198132 
v -0.00571535 -0.0172934 -0.0198132 
v -0.00654921 -0.0310977 -0.0248375 
v -0.0187828 -0.0288956 -0.024036 
v -0.0163214 -0.0285028 -0.0238931 
v -0.0161559 -0.0286757 -0.023956 
v -0.0167482 -0.0278858 -0.0236685 
v -0.0169259 -0.0171378 -0.0197566 
v -0.00592593 -0.0171378 -0.0197566 
v -0.00406902 -0.0288956 -0.024036 
v -0.00604254 -0.0278077 -0.0236401 
v -0.0163026 -0.0310977 -0.0248375 
v -0.0166018 -0.0282097 -0.0237864 
v -0.0026304 -0.0259881 -0.0229778 
v -0.00638123 -0.0283814 -0.0238489 
v -0.00609086 -0.0278895 -0.0236699 
v -0.00689956 -0.0288096 -0.0240047 
v -0.00652728 -0.028502 -0.0238928 
v -0.00752794 -0.0290431 -0.0240897 
v -0.00717069 -0.0289103 -0.0240414 
v -0.0155777 -0.0289768 -0.0240656 
v -0.0156835 -0.0289217 -0.0240455 
vn 0 0.34202 -0.939693 
vn 0 0.34202 -0.939693 
vn 0 0.34202 -0.939693 
vn 0 0.34202 -0.939693 
vn 0 0.34202 -0.939693 
vn 0 0.34202 -0.939693 
vn 0 0.34202 -0.939693 
vn 0 0.34202 -0.939693 
vn 0 0.34202 -0.939693 
vn 0 0.34202 -0.939693 
vn 0 0.34202 -0.939693 
vn 0 0.34202 -0.939693 
vn 0 0.34202 -0.939693 
vn 0 0.34202 -0.939693 
vn 0 0.34202 -0.939693 
vn 0 0.34202 -0.939693 
vn 0 0.34202 -0.939693 
vn 0 0.34202 -0.939693 
vn 0 0.34202 -0.939693 
vn 0 0.34202 -0.939693 
vn 0 0.34202 -0.939693 
vn 0 0.34202 -0.939693 
vn 0 0.34202 -0.939693 
vn 0 0.34202 -0.939693 
vn 0 0.34202 -0.939693 
vn 0 0.34202 -0.939693 
vn 0 0.34202 -0.939693 
vn 0 0.34202 -0.939693 
vn 0 0.34202 -0.939693 
vn 0 0.34202 -0.939693 
vn 0 0.34202 -0.939693 
vn 0 0.34202 -0.939693 
vn 0 0.34202 -0.939693 
vn 0 0.34202 -0.939693 
f 4843//4843 4844//4844 4845//4845 
f 4846//4846 4847//4847 4848//4848 
f 4843//4843 4849//4849 4844//4844 
f 4850//4850 4851//4851 4852//4852 
f 4848//4848 4853//4853 4846//4846 
f 4849//4849 4843//4843 4854//4854 
f 4845//4845 4855//4855 4843//4843 
f 4850//4850 4856//4856 4851//4851 
f 4846//4846 4857//4857 4847//4847 
f 4858//4858 4859//4859 4860//4860 
f 4858//4858 4854//4854 4861//4861 
f 4855//4855 4862//4862 4843//4843 
f 4850//4850 4863//4863 4856//4856 
f 4864//4864 4865//4865 4850//4850 
f 4848//4848 4866//4866 4853//4853 
f 4858//4858 4867//4867 4859//4859 
f 4854//4854 4858//4858 4849//4849 
f 4850//4850 4868//4868 4864//4864 
f 4864//4864 4869//4869 4870//4870 
f 4857//4857 4871//4871 4872//4872 
f 4857//4857 4873//4873 4874//4874 
f 4866//4866 4875//4875 4853//4853 
f 4866//4866 4860//4860 4876//4876 
f 4861//4861 4867//4867 4858//4858 
f 4870//4870 4865//4865 4864//4864 
f 4872//4872 4864//4864 4857//4857 
f 4846//4846 4873//4873 4857//4857 
f 4860//4860 4866//4866 4858//4858 
f 4872//4872 4869//4869 4864//4864 
f 4876//4876 4875//4875 4866//4866 
f 4874//4874 4871//4871 4857//4857 
f 4852//4852 4868//4868 4850//4850 
o mesh401
v -0.00592593 -0.0194214 -0.0326286 
v -0.00243702 -0.0170939 -0.0285973 
v -0.00351627 -0.0154754 -0.025794 
v -0.00792593 -0.0204432 -0.0343984 
v -0.0149259 -0.0204432 -0.0343984 
v -0.013132 -0.0221465 -0.0373486 
v -0.0026304 -0.0187973 -0.0315476 
v -0.0169259 -0.0194214 -0.0326286 
v -0.0193356 -0.0154754 -0.025794 
v -0.0204148 -0.0170939 -0.0285973 
v -0.00971984 -0.0221465 -0.0373486 
v -0.00598421 -0.0196665 -0.0330531 
v -0.00571535 -0.0141709 -0.0235345 
v -0.0171365 -0.0141709 -0.0235345 
v -0.0163026 -0.021516 -0.0362565 
v -0.00406902 -0.0203443 -0.0342271 
v -0.0065305 -0.0201353 -0.0338651 
v -0.00669594 -0.0202273 -0.0340244 
v -0.00610361 -0.019807 -0.0332964 
v -0.00592593 -0.0140881 -0.0233911 
v -0.0169259 -0.0140881 -0.0233911 
v -0.0187828 -0.0203443 -0.0342271 
v -0.0168093 -0.0197654 -0.0332245 
v -0.00654921 -0.021516 -0.0362565 
v -0.00625009 -0.0199793 -0.033595 
v -0.0202215 -0.0187973 -0.0315476 
v -0.0164706 -0.0200707 -0.0337532 
v -0.016761 -0.019809 -0.0332999 
v -0.0159523 -0.0202985 -0.0341478 
v -0.0163246 -0.0201349 -0.0338644 
v -0.0153239 -0.0204228 -0.0343631 
v -0.0156812 -0.0203521 -0.0342407 
v -0.00727415 -0.0203875 -0.0343019 
v -0.00716834 -0.0203582 -0.0342511 
vn 0 -0.866025 0.5 
vn 0 -0.866025 0.5 
vn 0 -0.866025 0.5 
vn 0 -0.866025 0.5 
vn 0 -0.866025 0.5 
vn 0 -0.866025 0.5 
vn 0 -0.866025 0.5 
vn 0 -0.866025 0.5 
vn 0 -0.866025 0.5 
vn 0 -0.866025 0.5 
vn 0 -0.866025 0.5 
vn 0 -0.866025 0.5 
vn 0 -0.866025 0.5 
vn 0 -0.866025 0.5 
vn 0 -0.866025 0.5 
vn 0 -0.866025 0.5 
vn 0 -0.866025 0.5 
vn 0 -0.866025 0.5 
vn 0 -0.866025 0.5 
vn 0 -0.866025 0.5 
vn 0 -0.866025 0.5 
vn 0 -0.866025 0.5 
vn 0 -0.866025 0.5 
vn 0 -0.866025 0.5 
vn 0 -0.866025 0.5 
vn 0 -0.866025 0.5 
vn 0 -0.866025 0.5 
vn 0 -0.866025 0.5 
vn 0 -0.866025 0.5 
vn 0 -0.866025 0.5 
vn 0 -0.866025 0.5 
vn 0 -0.866025 0.5 
vn 0 -0.866025 0.5 
vn 0 -0.866025 0.5 
f 4877//4877 4878//4878 4879//4879 
f 4880//4880 4881//4881 4882//4882 
f 4877//4877 4883//4883 4878//4878 
f 4884//4884 4885//4885 4886//4886 
f 4882//4882 4887//4887 4880//4880 
f 4883//4883 4877//4877 4888//4888 
f 4879//4879 4889//4889 4877//4877 
f 4884//4884 4890//4890 4885//4885 
f 4881//4881 4891//4891 4882//4882 
f 4892//4892 4893//4893 4894//4894 
f 4892//4892 4888//4888 4895//4895 
f 4889//4889 4896//4896 4877//4877 
f 4884//4884 4897//4897 4890//4890 
f 4898//4898 4899//4899 4884//4884 
f 4887//4887 4900//4900 4880//4880 
f 4892//4892 4901//4901 4893//4893 
f 4888//4888 4892//4892 4883//4883 
f 4884//4884 4902//4902 4898//4898 
f 4898//4898 4903//4903 4904//4904 
f 4891//4891 4905//4905 4906//4906 
f 4891//4891 4907//4907 4908//4908 
f 4900//4900 4909//4909 4880//4880 
f 4900//4900 4894//4894 4910//4910 
f 4895//4895 4901//4901 4892//4892 
f 4904//4904 4899//4899 4898//4898 
f 4906//4906 4898//4898 4891//4891 
f 4881//4881 4907//4907 4891//4891 
f 4894//4894 4900//4900 4892//4892 
f 4906//4906 4903//4903 4898//4898 
f 4910//4910 4909//4909 4900//4900 
f 4908//4908 4905//4905 4891//4891 
f 4886//4886 4902//4902 4884//4884 
usemtl 0.749020_0.749020_0.749020_0.000000_0.000000
o mesh402
v -0.00604254 -0.0278077 -0.0236401 
v -0.00598421 -0.0196665 -0.0330531 
v -0.00592593 -0.0194214 -0.0326286 
v -0.00592593 -0.0271611 -0.0234047 
v -0.00609086 -0.0278895 -0.0236699 
v -0.00610361 -0.019807 -0.0332964 
v -0.00638123 -0.0283814 -0.0238489 
v -0.00625009 -0.0199793 -0.033595 
v -0.00652728 -0.028502 -0.0238928 
v -0.0065305 -0.0201353 -0.0338651 
v -0.00689956 -0.0288096 -0.0240047 
v -0.00669594 -0.0202273 -0.0340244 
v -0.00717069 -0.0289103 -0.0240414 
v -0.00716834 -0.0203582 -0.0342511 
v -0.00752794 -0.0290431 -0.0240897 
v -0.00727415 -0.0203875 -0.0343019 
v -0.00792593 -0.0204432 -0.0343984 
v -0.00792593 -0.0290815 -0.0241037 
vn 0.941695 -0.285496 -0.178053 
vn 0.970856 -0.160376 -0.178098 
vn 1 -1.21431e-14 -1.38778e-14 
vn 1 -1.21431e-14 -1.38778e-14 
vn 0.924228 -0.324077 -0.201933 
vn 0.923986 -0.255536 -0.284519 
vn 0.772349 -0.539908 -0.334629 
vn 0.837917 -0.364058 -0.40664 
vn 0.70775 -0.600697 -0.371825 
vn 0.706734 -0.47116 -0.527764 
vn 0.513185 -0.730441 -0.450662 
vn 0.614994 -0.524655 -0.588659 
vn 0.382989 -0.786394 -0.48467 
vn 0.381895 -0.614126 -0.690655 
vn 0.198992 -0.834597 -0.513664 
vn 0.325888 -0.628033 -0.706662 
vn 0 -0.663933 -0.747792 
vn 0 -0.851722 -0.523994 
f 4911//4911 4912//4912 4913//4913 
f 4913//4913 4914//4914 4911//4911 
f 4915//4915 4916//4916 4912//4912 
f 4917//4917 4918//4918 4916//4916 
f 4916//4916 4915//4915 4917//4917 
f 4919//4919 4920//4920 4918//4918 
f 4921//4921 4922//4922 4920//4920 
f 4920//4920 4919//4919 4921//4921 
f 4923//4923 4924//4924 4922//4922 
f 4925//4925 4926//4926 4924//4924 
f 4925//4925 4927//4927 4926//4926 
f 4924//4924 4923//4923 4925//4925 
f 4925//4925 4928//4928 4927//4927 
f 4921//4921 4923//4923 4922//4922 
f 4917//4917 4919//4919 4918//4918 
f 4911//4911 4915//4915 4912//4912 
o mesh403
v -0.00792593 -0.0290815 -0.0241037 
v -0.0149259 -0.0290815 -0.0241037 
v -0.0149259 -0.0204432 -0.0343984 
v -0.00792593 -0.0204432 -0.0343984 
vn 0 -0.851722 -0.523994 
vn 0 -0.851722 -0.523994 
vn 0 -0.663933 -0.747792 
vn 0 -0.663933 -0.747792 
f 4929//4929 4930//4930 4931//4931 
f 4931//4931 4932//4932 4929//4929 
o mesh404
v -0.0144187 -0.0158691 0.0192948 
v -0.0169259 -0.0158691 0.0192948 
v -0.0169259 -0.0181751 0.0117324 
v -0.0156486 -0.018627 0.0104639 
v -0.0144187 -0.0221964 0.00191047 
v -0.0169259 -0.019102 0.00918582 
v -0.0169259 -0.0186299 0.010456 
v -0.0169259 -0.0221964 0.00191047 
vn 0 -0.967301 0.253632 
vn 0 -0.967301 0.253632 
vn 0 -0.944241 0.329256 
vn 0 -0.939721 0.341941 
vn 0 -0.904027 0.427475 
vn 0 -0.934972 0.354722 
vn 0 -0.939693 0.34202 
vn 0 -0.904027 0.427475 
f 4933//4933 4934//4934 4935//4935 
f 4935//4935 4936//4936 4933//4933 
f 4937//4937 4936//4936 4938//4938 
f 4936//4936 4939//4939 4938//4938 
f 4938//4938 4940//4940 4937//4937 
f 4935//4935 4939//4939 4936//4936 
o mesh405
v -0.0169259 -0.0171378 0.0197566 
v -0.0169259 -0.0158691 0.0192948 
v -0.0144187 -0.0158691 0.0192948 
vn 0 -0.34202 -0.939693 
vn 0 -0.34202 -0.939693 
vn 0 -0.34202 -0.939693 
f 4941//4941 4942//4942 4943//4943 
o mesh406
v -0.0169259 -0.0234652 0.00237225 
v -0.0144187 -0.0221964 0.00191047 
v -0.0169259 -0.0221964 0.00191047 
vn 0 0.34202 0.939693 
vn 0 0.34202 0.939693 
vn 0 0.34202 0.939693 
f 4944//4944 4945//4945 4946//4946 
o mesh407
v -0.0169259 -0.0234652 0.00237225 
v -0.0169259 -0.0221964 0.00191047 
v -0.0169259 -0.0221964 -0.00191047 
v -0.0169259 -0.0334885 -0.00602043 
v -0.0169259 -0.0334885 0.00602043 
v -0.0169259 -0.0234652 -0.00237225 
v -0.0169259 -0.019102 0.00918582 
v -0.0169259 -0.0205127 2.56654e-18 
v -0.0169259 -0.019102 -0.00918582 
vn -1 0 0 
vn -1 0 0 
vn -1 0 0 
vn -1 0 0 
vn -1 0 0 
vn -1 0 0 
vn -1 0 0 
vn -1 0 0 
vn -1 0 0 
f 4947//4947 4948//4948 4949//4949 
f 4950//4950 4951//4951 4947//4947 
f 4947//4947 4952//4952 4950//4950 
f 4949//4949 4952//4952 4947//4947 
f 4949//4949 4953//4953 4954//4954 
f 4954//4954 4955//4955 4949//4949 
f 4948//4948 4953//4953 4949//4949 
o mesh408
v -0.0168093 -0.034135 -0.00625576 
v -0.0168676 -0.0339491 0.00618807 
v -0.0169259 -0.0334885 0.00602043 
v -0.0169259 -0.0334885 -0.00602043 
v -0.016761 -0.0342169 -0.00628555 
v -0.0167482 -0.0342131 0.00628418 
v -0.0164706 -0.0347087 -0.00646457 
v -0.0166018 -0.0345371 0.00640209 
v -0.0163246 -0.0348294 -0.00650849 
v -0.0163214 -0.0348302 0.00650877 
v -0.0159523 -0.0351369 -0.00662042 
v -0.0161559 -0.0350031 0.0065717 
v -0.0156812 -0.0352377 -0.0066571 
v -0.0156835 -0.035249 0.00666122 
v -0.0153239 -0.0353705 -0.00670543 
v -0.0155777 -0.0353041 0.00668128 
v -0.0149259 -0.0354089 0.0067194 
v -0.0149259 -0.0354089 -0.0067194 
vn -0.941695 -0.333153 -0.0471173 
vn -0.970856 -0.237334 0.0333428 
vn -1 -1.38778e-14 2.1684e-15 
vn -1 -1.38778e-14 2.1684e-15 
vn -0.924228 -0.378057 -0.0536234 
vn -0.923986 -0.378637 0.0536985 
vn -0.772349 -0.628689 -0.0907057 
vn -0.837917 -0.540268 0.0774921 
vn -0.70775 -0.699165 -0.101286 
vn -0.706734 -0.70017 0.101435 
vn -0.513185 -0.849231 -0.124291 
vn -0.614994 -0.780292 0.113697 
vn -0.382989 -0.913952 -0.134206 
vn -0.381895 -0.914393 0.13432 
vn -0.198992 -0.969515 -0.142979 
vn -0.325888 -0.935335 0.137643 
vn 0 -0.989274 0.146074 
vn 0 -0.989274 -0.146074 
f 4956//4956 4957//4957 4958//4958 
f 4958//4958 4959//4959 4956//4956 
f 4960//4960 4961//4961 4957//4957 
f 4962//4962 4963//4963 4961//4961 
f 4961//4961 4960//4960 4962//4962 
f 4964//4964 4965//4965 4963//4963 
f 4966//4966 4967//4967 4965//4965 
f 4965//4965 4964//4964 4966//4966 
f 4968//4968 4969//4969 4967//4967 
f 4970//4970 4971//4971 4969//4969 
f 4970//4970 4972//4972 4971//4971 
f 4969//4969 4968//4968 4970//4970 
f 4970//4970 4973//4973 4972//4972 
f 4966//4966 4968//4968 4967//4967 
f 4962//4962 4964//4964 4963//4963 
f 4956//4956 4960//4960 4957//4957 
usemtl 0.250980_0.250980_0.250980_0.000000_0.000000
o mesh409
v -0.0169259 -0.0334885 0.00602043 
v -0.0204148 -0.0291143 0.00442835 
v -0.0193356 -0.0260725 0.00332123 
v -0.00792593 -0.0354089 0.0067194 
v -0.00971984 -0.03861 0.0078845 
v -0.013132 -0.03861 0.0078845 
v -0.0202215 -0.0323155 0.0055935 
v -0.00592593 -0.0334885 0.00602043 
v -0.00571535 -0.0236208 0.0024289 
v -0.00351627 -0.0260725 0.00332123 
v -0.00654921 -0.0374251 0.00745323 
v -0.0168676 -0.0339491 0.00618807 
v -0.0171365 -0.0236208 0.0024289 
v -0.00243702 -0.0291143 0.00442835 
v -0.0149259 -0.0354089 0.0067194 
v -0.0187828 -0.035223 0.00665174 
v -0.0163214 -0.0348302 0.00650877 
v -0.0161559 -0.0350031 0.0065717 
v -0.0167482 -0.0342131 0.00628418 
v -0.0169259 -0.0234652 0.00237225 
v -0.00592593 -0.0234652 0.00237225 
v -0.00406902 -0.035223 0.00665174 
v -0.00604254 -0.034135 0.00625576 
v -0.0163026 -0.0374251 0.00745323 
v -0.0166018 -0.0345371 0.00640209 
v -0.0026304 -0.0323155 0.0055935 
v -0.00638123 -0.0347087 0.00646457 
v -0.00609086 -0.0342169 0.00628555 
v -0.00689956 -0.0351369 0.00662042 
v -0.00652728 -0.0348294 0.00650849 
v -0.00752794 -0.0353705 0.00670543 
v -0.00717069 -0.0352377 0.0066571 
v -0.0155777 -0.0353041 0.00668128 
v -0.0156835 -0.035249 0.00666122 
vn 0 -0.34202 -0.939693 
vn 0 -0.34202 -0.939693 
vn 0 -0.34202 -0.939693 
vn 0 -0.34202 -0.939693 
vn 0 -0.34202 -0.939693 
vn 0 -0.34202 -0.939693 
vn 0 -0.34202 -0.939693 
vn 0 -0.34202 -0.939693 
vn 0 -0.34202 -0.939693 
vn 0 -0.34202 -0.939693 
vn 0 -0.34202 -0.939693 
vn 0 -0.34202 -0.939693 
vn 0 -0.34202 -0.939693 
vn 0 -0.34202 -0.939693 
vn 0 -0.34202 -0.939693 
vn 0 -0.34202 -0.939693 
vn 0 -0.34202 -0.939693 
vn 0 -0.34202 -0.939693 
vn 0 -0.34202 -0.939693 
vn 0 -0.34202 -0.939693 
vn 0 -0.34202 -0.939693 
vn 0 -0.34202 -0.939693 
vn 0 -0.34202 -0.939693 
vn 0 -0.34202 -0.939693 
vn 0 -0.34202 -0.939693 
vn 0 -0.34202 -0.939693 
vn 0 -0.34202 -0.939693 
vn 0 -0.34202 -0.939693 
vn 0 -0.34202 -0.939693 
vn 0 -0.34202 -0.939693 
vn 0 -0.34202 -0.939693 
vn 0 -0.34202 -0.939693 
vn 0 -0.34202 -0.939693 
vn 0 -0.34202 -0.939693 
f 4974//4974 4975//4975 4976//4976 
f 4977//4977 4978//4978 4979//4979 
f 4974//4974 4980//4980 4975//4975 
f 4981//4981 4982//4982 4983//4983 
f 4977//4977 4984//4984 4978//4978 
f 4980//4980 4974//4974 4985//4985 
f 4976//4976 4986//4986 4974//4974 
f 4983//4983 4987//4987 4981//4981 
f 4979//4979 4988//4988 4977//4977 
f 4989//4989 4990//4990 4991//4991 
f 4989//4989 4985//4985 4992//4992 
f 4986//4986 4993//4993 4974//4974 
f 4981//4981 4994//4994 4982//4982 
f 4995//4995 4996//4996 4981//4981 
f 4979//4979 4997//4997 4988//4988 
f 4989//4989 4998//4998 4990//4990 
f 4985//4985 4989//4989 4980//4980 
f 4981//4981 4999//4999 4995//4995 
f 4995//4995 5000//5000 5001//5001 
f 4984//4984 5002//5002 5003//5003 
f 4984//4984 5004//5004 5005//5005 
f 4997//4997 5006//5006 4988//4988 
f 4997//4997 4991//4991 5007//5007 
f 4992//4992 4998//4998 4989//4989 
f 5001//5001 4996//4996 4995//4995 
f 5003//5003 4995//4995 4984//4984 
f 4977//4977 5004//5004 4984//4984 
f 4991//4991 4997//4997 4989//4989 
f 5003//5003 5000//5000 4995//4995 
f 5007//5007 5006//5006 4997//4997 
f 5005//5005 5002//5002 4984//4984 
f 4987//4987 4999//4999 4981//4981 
o mesh410
v -0.00592593 -0.0334885 -0.00602043 
v -0.0026304 -0.0323155 -0.0055935 
v -0.00243702 -0.0291143 -0.00442835 
v -0.00792593 -0.0354089 -0.0067194 
v -0.0149259 -0.0354089 -0.0067194 
v -0.013132 -0.03861 -0.0078845 
v -0.00351627 -0.0260725 -0.00332123 
v -0.0169259 -0.0334885 -0.00602043 
v -0.0171365 -0.0236208 -0.0024289 
v -0.0193356 -0.0260725 -0.00332123 
v -0.00971984 -0.03861 -0.0078845 
v -0.00598421 -0.0339491 -0.00618807 
v -0.00571535 -0.0236208 -0.0024289 
v -0.0204148 -0.0291143 -0.00442835 
v -0.0163026 -0.0374251 -0.00745323 
v -0.00406902 -0.035223 -0.00665174 
v -0.0065305 -0.0348302 -0.00650877 
v -0.00669594 -0.0350031 -0.0065717 
v -0.00610361 -0.0342131 -0.00628418 
v -0.00592593 -0.0234652 -0.00237225 
v -0.0169259 -0.0234652 -0.00237225 
v -0.0187828 -0.035223 -0.00665174 
v -0.0168093 -0.034135 -0.00625576 
v -0.00654921 -0.0374251 -0.00745323 
v -0.00625009 -0.0345371 -0.00640209 
v -0.0202215 -0.0323155 -0.0055935 
v -0.0164706 -0.0347087 -0.00646457 
v -0.016761 -0.0342169 -0.00628555 
v -0.0159523 -0.0351369 -0.00662042 
v -0.0163246 -0.0348294 -0.00650849 
v -0.0153239 -0.0353705 -0.00670543 
v -0.0156812 -0.0352377 -0.0066571 
v -0.00727415 -0.0353041 -0.00668128 
v -0.00716834 -0.035249 -0.00666122 
vn 0 -0.34202 0.939693 
vn 0 -0.34202 0.939693 
vn 0 -0.34202 0.939693 
vn 0 -0.34202 0.939693 
vn 0 -0.34202 0.939693 
vn 0 -0.34202 0.939693 
vn 0 -0.34202 0.939693 
vn 0 -0.34202 0.939693 
vn 0 -0.34202 0.939693 
vn 0 -0.34202 0.939693 
vn 0 -0.34202 0.939693 
vn 0 -0.34202 0.939693 
vn 0 -0.34202 0.939693 
vn 0 -0.34202 0.939693 
vn 0 -0.34202 0.939693 
vn 0 -0.34202 0.939693 
vn 0 -0.34202 0.939693 
vn 0 -0.34202 0.939693 
vn 0 -0.34202 0.939693 
vn 0 -0.34202 0.939693 
vn 0 -0.34202 0.939693 
vn 0 -0.34202 0.939693 
vn 0 -0.34202 0.939693 
vn 0 -0.34202 0.939693 
vn 0 -0.34202 0.939693 
vn 0 -0.34202 0.939693 
vn 0 -0.34202 0.939693 
vn 0 -0.34202 0.939693 
vn 0 -0.34202 0.939693 
vn 0 -0.34202 0.939693 
vn 0 -0.34202 0.939693 
vn 0 -0.34202 0.939693 
vn 0 -0.34202 0.939693 
vn 0 -0.34202 0.939693 
f 5008//5008 5009//5009 5010//5010 
f 5011//5011 5012//5012 5013//5013 
f 5010//5010 5014//5014 5008//5008 
f 5015//5015 5016//5016 5017//5017 
f 5013//5013 5018//5018 5011//5011 
f 5009//5009 5008//5008 5019//5019 
f 5014//5014 5020//5020 5008//5008 
f 5017//5017 5021//5021 5015//5015 
f 5012//5012 5022//5022 5013//5013 
f 5023//5023 5024//5024 5025//5025 
f 5023//5023 5019//5019 5026//5026 
f 5020//5020 5027//5027 5008//5008 
f 5015//5015 5028//5028 5016//5016 
f 5029//5029 5030//5030 5015//5015 
f 5018//5018 5031//5031 5011//5011 
f 5023//5023 5032//5032 5024//5024 
f 5019//5019 5023//5023 5009//5009 
f 5015//5015 5033//5033 5029//5029 
f 5029//5029 5034//5034 5035//5035 
f 5022//5022 5036//5036 5037//5037 
f 5022//5022 5038//5038 5039//5039 
f 5031//5031 5040//5040 5011//5011 
f 5031//5031 5025//5025 5041//5041 
f 5026//5026 5032//5032 5023//5023 
f 5035//5035 5030//5030 5029//5029 
f 5037//5037 5029//5029 5022//5022 
f 5012//5012 5038//5038 5022//5022 
f 5025//5025 5031//5031 5023//5023 
f 5037//5037 5034//5034 5029//5029 
f 5041//5041 5040//5040 5031//5031 
f 5039//5039 5036//5036 5022//5022 
f 5021//5021 5033//5033 5015//5015 
usemtl 0.749020_0.749020_0.749020_0.000000_0.000000
o mesh411
v -0.00604254 -0.034135 0.00625576 
v -0.00598421 -0.0339491 -0.00618807 
v -0.00592593 -0.0334885 -0.00602043 
v -0.00592593 -0.0334885 0.00602043 
v -0.00609086 -0.0342169 0.00628555 
v -0.00610361 -0.0342131 -0.00628418 
v -0.00638123 -0.0347087 0.00646457 
v -0.00625009 -0.0345371 -0.00640209 
v -0.00652728 -0.0348294 0.00650849 
v -0.0065305 -0.0348302 -0.00650877 
v -0.00689956 -0.0351369 0.00662042 
v -0.00669594 -0.0350031 -0.0065717 
v -0.00717069 -0.0352377 0.0066571 
v -0.00716834 -0.035249 -0.00666122 
v -0.00752794 -0.0353705 0.00670543 
v -0.00727415 -0.0353041 -0.00668128 
v -0.00792593 -0.0354089 -0.0067194 
v -0.00792593 -0.0354089 0.0067194 
vn 0.941695 -0.333153 0.0471173 
vn 0.970856 -0.237334 -0.0333428 
vn 1 -1.38778e-14 -2.1684e-15 
vn 1 -1.38778e-14 -2.1684e-15 
vn 0.924228 -0.378057 0.0536234 
vn 0.923986 -0.378637 -0.0536985 
vn 0.772349 -0.628689 0.0907057 
vn 0.837917 -0.540268 -0.0774921 
vn 0.70775 -0.699165 0.101286 
vn 0.706734 -0.70017 -0.101435 
vn 0.513185 -0.849231 0.124291 
vn 0.614994 -0.780292 -0.113697 
vn 0.382989 -0.913952 0.134206 
vn 0.381895 -0.914393 -0.13432 
vn 0.198992 -0.969515 0.142979 
vn 0.325888 -0.935335 -0.137643 
vn 0 -0.989274 -0.146074 
vn 0 -0.989274 0.146074 
f 5042//5042 5043//5043 5044//5044 
f 5044//5044 5045//5045 5042//5042 
f 5046//5046 5047//5047 5043//5043 
f 5048//5048 5049//5049 5047//5047 
f 5047//5047 5046//5046 5048//5048 
f 5050//5050 5051//5051 5049//5049 
f 5052//5052 5053//5053 5051//5051 
f 5051//5051 5050//5050 5052//5052 
f 5054//5054 5055//5055 5053//5053 
f 5056//5056 5057//5057 5055//5055 
f 5056//5056 5058//5058 5057//5057 
f 5055//5055 5054//5054 5056//5056 
f 5056//5056 5059//5059 5058//5058 
f 5052//5052 5054//5054 5053//5053 
f 5048//5048 5050//5050 5049//5049 
f 5042//5042 5046//5046 5043//5043 
o mesh412
v -0.00792593 -0.0354089 0.0067194 
v -0.0149259 -0.0354089 0.0067194 
v -0.0149259 -0.0354089 -0.0067194 
v -0.00792593 -0.0354089 -0.0067194 
vn 0 -0.989274 0.146074 
vn 0 -0.989274 0.146074 
vn 0 -0.989274 -0.146074 
vn 0 -0.989274 -0.146074 
f 5060//5060 5061//5061 5062//5062 
f 5062//5062 5063//5063 5060//5060 
o mesh413
v -0.0169259 -0.0140881 0.0233911 
v -0.0169259 -0.013413 0.0222218 
v -0.0169259 -0.0158691 0.0192948 
v -0.0169259 -0.0271611 0.0234047 
v -0.0169259 -0.0194214 0.0326286 
v -0.0169259 -0.0171378 0.0197566 
v -0.0169259 -0.00636601 0.0258059 
v -0.0169259 -0.0115472 0.0216449 
v -0.0169259 -0.0181751 0.0117324 
vn -1 0 0 
vn -1 0 0 
vn -1 0 0 
vn -1 0 0 
vn -1 0 0 
vn -1 0 0 
vn -1 0 0 
vn -1 0 0 
vn -1 0 0 
f 5064//5064 5065//5065 5066//5066 
f 5067//5067 5068//5068 5064//5064 
f 5064//5064 5069//5069 5067//5067 
f 5065//5065 5070//5070 5071//5071 
f 5065//5065 5072//5072 5066//5066 
f 5066//5066 5069//5069 5064//5064 
f 5071//5071 5072//5072 5065//5065 
o mesh414
v -0.0168093 -0.0278077 0.0236401 
v -0.0168676 -0.0196665 0.0330531 
v -0.0169259 -0.0194214 0.0326286 
v -0.0169259 -0.0271611 0.0234047 
v -0.016761 -0.0278895 0.0236699 
v -0.0167482 -0.019807 0.0332964 
v -0.0164706 -0.0283814 0.0238489 
v -0.0166018 -0.0199793 0.033595 
v -0.0163246 -0.028502 0.0238928 
v -0.0163214 -0.0201353 0.0338651 
v -0.0159523 -0.0288096 0.0240047 
v -0.0161559 -0.0202273 0.0340244 
v -0.0156812 -0.0289103 0.0240414 
v -0.0156835 -0.0203582 0.0342511 
v -0.0153239 -0.0290431 0.0240897 
v -0.0155777 -0.0203875 0.0343019 
v -0.0149259 -0.0204432 0.0343984 
v -0.0149259 -0.0290815 0.0241037 
vn -0.941695 -0.285496 0.178053 
vn -0.970856 -0.160376 0.178098 
vn -1 3.46945e-15 -3.46945e-15 
vn -1 3.46945e-15 -3.46945e-15 
vn -0.924228 -0.324077 0.201933 
vn -0.923986 -0.255536 0.284519 
vn -0.772349 -0.539908 0.334629 
vn -0.837917 -0.364058 0.40664 
vn -0.70775 -0.600697 0.371825 
vn -0.706734 -0.47116 0.527764 
vn -0.513185 -0.730441 0.450662 
vn -0.614994 -0.524655 0.588659 
vn -0.382989 -0.786394 0.48467 
vn -0.381895 -0.614126 0.690655 
vn -0.198992 -0.834597 0.513664 
vn -0.325888 -0.628033 0.706662 
vn -9.54098e-15 -0.663933 0.747792 
vn -9.54098e-15 -0.851722 0.523994 
f 5073//5073 5074//5074 5075//5075 
f 5075//5075 5076//5076 5073//5073 
f 5077//5077 5078//5078 5074//5074 
f 5079//5079 5080//5080 5078//5078 
f 5078//5078 5077//5077 5079//5079 
f 5081//5081 5082//5082 5080//5080 
f 5083//5083 5084//5084 5082//5082 
f 5082//5082 5081//5081 5083//5083 
f 5085//5085 5086//5086 5084//5084 
f 5087//5087 5088//5088 5086//5086 
f 5087//5087 5089//5089 5088//5088 
f 5086//5086 5085//5085 5087//5087 
f 5087//5087 5090//5090 5089//5089 
f 5083//5083 5085//5085 5084//5084 
f 5079//5079 5081//5081 5080//5080 
f 5073//5073 5077//5077 5074//5074 
usemtl 0.250980_0.250980_0.250980_0.000000_0.000000
o mesh415
v -0.00592593 -0.0271611 0.0234047 
v -0.0026304 -0.0259881 0.0229778 
v -0.00243702 -0.0227869 0.0218127 
v -0.00792593 -0.0290815 0.0241037 
v -0.0149259 -0.0290815 0.0241037 
v -0.013132 -0.0322826 0.0252688 
v -0.00351627 -0.0197451 0.0207055 
v -0.0169259 -0.0271611 0.0234047 
v -0.0193356 -0.0197451 0.0207055 
v -0.0204148 -0.0227869 0.0218127 
v -0.00971984 -0.0322826 0.0252688 
v -0.00598421 -0.0276217 0.0235724 
v -0.00571535 -0.0172934 0.0198132 
v -0.0171365 -0.0172934 0.0198132 
v -0.0163026 -0.0310977 0.0248375 
v -0.00406902 -0.0288956 0.024036 
v -0.0065305 -0.0285028 0.0238931 
v -0.00669594 -0.0286757 0.023956 
v -0.00610361 -0.0278858 0.0236685 
v -0.00592593 -0.0171378 0.0197566 
v -0.0169259 -0.0171378 0.0197566 
v -0.0187828 -0.0288956 0.024036 
v -0.0168093 -0.0278077 0.0236401 
v -0.00654921 -0.0310977 0.0248375 
v -0.00625009 -0.0282097 0.0237864 
v -0.0202215 -0.0259881 0.0229778 
v -0.0164706 -0.0283814 0.0238489 
v -0.016761 -0.0278895 0.0236699 
v -0.0159523 -0.0288096 0.0240047 
v -0.0163246 -0.028502 0.0238928 
v -0.0153239 -0.0290431 0.0240897 
v -0.0156812 -0.0289103 0.0240414 
v -0.00727415 -0.0289768 0.0240656 
v -0.00716834 -0.0289217 0.0240455 
vn 0 0.34202 0.939693 
vn 0 0.34202 0.939693 
vn 0 0.34202 0.939693 
vn 0 0.34202 0.939693 
vn 0 0.34202 0.939693 
vn 0 0.34202 0.939693 
vn 0 0.34202 0.939693 
vn 0 0.34202 0.939693 
vn 0 0.34202 0.939693 
vn 0 0.34202 0.939693 
vn 0 0.34202 0.939693 
vn 0 0.34202 0.939693 
vn 0 0.34202 0.939693 
vn 0 0.34202 0.939693 
vn 0 0.34202 0.939693 
vn 0 0.34202 0.939693 
vn 0 0.34202 0.939693 
vn 0 0.34202 0.939693 
vn 0 0.34202 0.939693 
vn 0 0.34202 0.939693 
vn 0 0.34202 0.939693 
vn 0 0.34202 0.939693 
vn 0 0.34202 0.939693 
vn 0 0.34202 0.939693 
vn 0 0.34202 0.939693 
vn 0 0.34202 0.939693 
vn 0 0.34202 0.939693 
vn 0 0.34202 0.939693 
vn 0 0.34202 0.939693 
vn 0 0.34202 0.939693 
vn 0 0.34202 0.939693 
vn 0 0.34202 0.939693 
vn 0 0.34202 0.939693 
vn 0 0.34202 0.939693 
f 5091//5091 5092//5092 5093//5093 
f 5094//5094 5095//5095 5096//5096 
f 5093//5093 5097//5097 5091//5091 
f 5098//5098 5099//5099 5100//5100 
f 5096//5096 5101//5101 5094//5094 
f 5092//5092 5091//5091 5102//5102 
f 5097//5097 5103//5103 5091//5091 
f 5098//5098 5104//5104 5099//5099 
f 5095//5095 5105//5105 5096//5096 
f 5106//5106 5107//5107 5108//5108 
f 5106//5106 5102//5102 5109//5109 
f 5103//5103 5110//5110 5091//5091 
f 5098//5098 5111//5111 5104//5104 
f 5112//5112 5113//5113 5098//5098 
f 5101//5101 5114//5114 5094//5094 
f 5106//5106 5115//5115 5107//5107 
f 5102//5102 5106//5106 5092//5092 
f 5098//5098 5116//5116 5112//5112 
f 5112//5112 5117//5117 5118//5118 
f 5105//5105 5119//5119 5120//5120 
f 5105//5105 5121//5121 5122//5122 
f 5114//5114 5123//5123 5094//5094 
f 5114//5114 5108//5108 5124//5124 
f 5109//5109 5115//5115 5106//5106 
f 5118//5118 5113//5113 5112//5112 
f 5120//5120 5112//5112 5105//5105 
f 5095//5095 5121//5121 5105//5105 
f 5108//5108 5114//5114 5106//5106 
f 5120//5120 5117//5117 5112//5112 
f 5124//5124 5123//5123 5114//5114 
f 5122//5122 5119//5119 5105//5105 
f 5100//5100 5116//5116 5098//5098 
o mesh416
v -0.0169259 -0.0194214 0.0326286 
v -0.0202215 -0.0187973 0.0315476 
v -0.0204148 -0.0170939 0.0285973 
v -0.00792593 -0.0204432 0.0343984 
v -0.00971984 -0.0221465 0.0373486 
v -0.013132 -0.0221465 0.0373486 
v -0.0193356 -0.0154754 0.025794 
v -0.00592593 -0.0194214 0.0326286 
v -0.00351627 -0.0154754 0.025794 
v -0.00243702 -0.0170939 0.0285973 
v -0.00654921 -0.021516 0.0362565 
v -0.0168676 -0.0196665 0.0330531 
v -0.0171365 -0.0141709 0.0235345 
v -0.00571535 -0.0141709 0.0235345 
v -0.0149259 -0.0204432 0.0343984 
v -0.0187828 -0.0203443 0.0342271 
v -0.0163214 -0.0201353 0.0338651 
v -0.0161559 -0.0202273 0.0340244 
v -0.0167482 -0.019807 0.0332964 
v -0.0169259 -0.0140881 0.0233911 
v -0.00592593 -0.0140881 0.0233911 
v -0.00406902 -0.0203443 0.0342271 
v -0.00604254 -0.0197654 0.0332245 
v -0.0163026 -0.021516 0.0362565 
v -0.0166018 -0.0199793 0.033595 
v -0.0026304 -0.0187973 0.0315476 
v -0.00638123 -0.0200707 0.0337532 
v -0.00609086 -0.019809 0.0332999 
v -0.00689956 -0.0202985 0.0341478 
v -0.00652728 -0.0201349 0.0338644 
v -0.00752794 -0.0204228 0.0343631 
v -0.00717069 -0.0203521 0.0342407 
v -0.0155777 -0.0203875 0.0343019 
v -0.0156835 -0.0203582 0.0342511 
vn 0 -0.866025 -0.5 
vn 0 -0.866025 -0.5 
vn 0 -0.866025 -0.5 
vn 0 -0.866025 -0.5 
vn 0 -0.866025 -0.5 
vn 0 -0.866025 -0.5 
vn 0 -0.866025 -0.5 
vn 0 -0.866025 -0.5 
vn 0 -0.866025 -0.5 
vn 0 -0.866025 -0.5 
vn 0 -0.866025 -0.5 
vn 0 -0.866025 -0.5 
vn 0 -0.866025 -0.5 
vn 0 -0.866025 -0.5 
vn 0 -0.866025 -0.5 
vn 0 -0.866025 -0.5 
vn 0 -0.866025 -0.5 
vn 0 -0.866025 -0.5 
vn 0 -0.866025 -0.5 
vn 0 -0.866025 -0.5 
vn 0 -0.866025 -0.5 
vn 0 -0.866025 -0.5 
vn 0 -0.866025 -0.5 
vn 0 -0.866025 -0.5 
vn 0 -0.866025 -0.5 
vn 0 -0.866025 -0.5 
vn 0 -0.866025 -0.5 
vn 0 -0.866025 -0.5 
vn 0 -0.866025 -0.5 
vn 0 -0.866025 -0.5 
vn 0 -0.866025 -0.5 
vn 0 -0.866025 -0.5 
vn 0 -0.866025 -0.5 
vn 0 -0.866025 -0.5 
f 5125//5125 5126//5126 5127//5127 
f 5128//5128 5129//5129 5130//5130 
f 5127//5127 5131//5131 5125//5125 
f 5132//5132 5133//5133 5134//5134 
f 5128//5128 5135//5135 5129//5129 
f 5126//5126 5125//5125 5136//5136 
f 5131//5131 5137//5137 5125//5125 
f 5132//5132 5138//5138 5133//5133 
f 5130//5130 5139//5139 5128//5128 
f 5140//5140 5141//5141 5142//5142 
f 5140//5140 5136//5136 5143//5143 
f 5137//5137 5144//5144 5125//5125 
f 5132//5132 5145//5145 5138//5138 
f 5146//5146 5147//5147 5132//5132 
f 5130//5130 5148//5148 5139//5139 
f 5140//5140 5149//5149 5141//5141 
f 5136//5136 5140//5140 5126//5126 
f 5132//5132 5150//5150 5146//5146 
f 5146//5146 5151//5151 5152//5152 
f 5135//5135 5153//5153 5154//5154 
f 5135//5135 5155//5155 5156//5156 
f 5148//5148 5157//5157 5139//5139 
f 5148//5148 5142//5142 5158//5158 
f 5143//5143 5149//5149 5140//5140 
f 5152//5152 5147//5147 5146//5146 
f 5154//5154 5146//5146 5135//5135 
f 5128//5128 5155//5155 5135//5135 
f 5142//5142 5148//5148 5140//5140 
f 5154//5154 5151//5151 5146//5146 
f 5158//5158 5157//5157 5148//5148 
f 5156//5156 5153//5153 5135//5135 
f 5134//5134 5150//5150 5132//5132 
usemtl 0.749020_0.749020_0.749020_0.000000_0.000000
o mesh417
v -0.00604254 -0.0197654 0.0332245 
v -0.00598421 -0.0276217 0.0235724 
v -0.00592593 -0.0271611 0.0234047 
v -0.00592593 -0.0194214 0.0326286 
v -0.00609086 -0.019809 0.0332999 
v -0.00610361 -0.0278858 0.0236685 
v -0.00638123 -0.0200707 0.0337532 
v -0.00625009 -0.0282097 0.0237864 
v -0.00652728 -0.0201349 0.0338644 
v -0.0065305 -0.0285028 0.0238931 
v -0.00689956 -0.0202985 0.0341478 
v -0.00669594 -0.0286757 0.023956 
v -0.00717069 -0.0203521 0.0342407 
v -0.00716834 -0.0289217 0.0240455 
v -0.00752794 -0.0204228 0.0343631 
v -0.00727415 -0.0289768 0.0240656 
v -0.00792593 -0.0290815 0.0241037 
v -0.00792593 -0.0204432 0.0343984 
vn 0.941695 -0.224924 0.250241 
vn 0.970856 -0.203241 0.127013 
vn 1 1.38778e-14 -6.93889e-15 
vn 1 1.38778e-14 -6.93889e-15 
vn 0.924228 -0.25514 0.284088 
vn 0.923986 -0.32457 0.202248 
vn 0.772349 -0.423299 0.473598 
vn 0.837917 -0.46368 0.287915 
vn 0.70775 -0.470486 0.527004 
vn 0.706734 -0.601562 0.372357 
vn 0.513185 -0.570656 0.641087 
vn 0.614994 -0.670822 0.414465 
vn 0.382989 -0.613862 0.690285 
vn 0.381895 -0.786805 0.484865 
vn 0.198992 -0.650786 0.732721 
vn 0.325888 -0.804983 0.495781 
vn 0 -0.851722 0.523994 
vn 0 -0.663933 0.747792 
f 5159//5159 5160//5160 5161//5161 
f 5161//5161 5162//5162 5159//5159 
f 5163//5163 5164//5164 5160//5160 
f 5165//5165 5166//5166 5164//5164 
f 5164//5164 5163//5163 5165//5165 
f 5167//5167 5168//5168 5166//5166 
f 5169//5169 5170//5170 5168//5168 
f 5168//5168 5167//5167 5169//5169 
f 5171//5171 5172//5172 5170//5170 
f 5173//5173 5174//5174 5172//5172 
f 5173//5173 5175//5175 5174//5174 
f 5172//5172 5171//5171 5173//5173 
f 5173//5173 5176//5176 5175//5175 
f 5169//5169 5171//5171 5170//5170 
f 5165//5165 5167//5167 5166//5166 
f 5159//5159 5163//5163 5160//5160 
o mesh418
v -0.00792593 -0.0204432 0.0343984 
v -0.0149259 -0.0204432 0.0343984 
v -0.0149259 -0.0290815 0.0241037 
v -0.00792593 -0.0290815 0.0241037 
vn 0 -0.663933 0.747792 
vn 0 -0.663933 0.747792 
vn 0 -0.851722 0.523994 
vn 0 -0.851722 0.523994 
f 5177//5177 5178//5178 5179//5179 
f 5179//5179 5180//5180 5177//5177 
usemtl 0.250980_0.250980_0.250980_0.000000_0.000000
o mesh419
v -0.00571535 -0.0236208 0.0024289 
v -0.00571535 -0.0172934 0.0198132 
v -0.00351627 -0.0197451 0.0207055 
v -0.00351627 -0.0260725 0.00332123 
v -0.00243702 -0.0227869 0.0218127 
v -0.00243702 -0.0291143 0.00442835 
v -0.0026304 -0.0259881 0.0229778 
v -0.0026304 -0.0323155 0.0055935 
v -0.00406902 -0.0288956 0.024036 
v -0.00406902 -0.035223 0.00665174 
v -0.00654921 -0.0310977 0.0248375 
v -0.00654921 -0.0374251 0.00745323 
v -0.00971984 -0.0322826 0.0252688 
v -0.00971984 -0.03861 0.0078845 
v -0.013132 -0.0322826 0.0252688 
v -0.013132 -0.03861 0.0078845 
v -0.0163026 -0.0310977 0.0248375 
v -0.0163026 -0.0374251 0.00745323 
v -0.0187828 -0.0288956 0.024036 
v -0.0187828 -0.035223 0.00665174 
v -0.0202215 -0.0259881 0.0229778 
v -0.0202215 -0.0323155 0.0055935 
v -0.0204148 -0.0227869 0.0218127 
v -0.0204148 -0.0291143 0.00442835 
v -0.0193356 -0.0197451 0.0207055 
v -0.0193356 -0.0260725 0.00332123 
v -0.0171365 -0.0172934 0.0198132 
v -0.0169259 -0.0234652 0.00237225 
v -0.0156486 -0.018627 0.0104639 
v -0.0144187 -0.0221964 0.00191047 
v -0.0169259 -0.0171378 0.0197566 
v -0.0144187 -0.0158691 0.0192948 
v -0.00592593 -0.0171378 0.0197566 
v -0.00720321 -0.0186328 0.0104481 
v -0.0084331 -0.0158691 0.0192948 
v -0.00592593 -0.0234652 0.00237225 
v -0.0084331 -0.0221964 0.00191047 
v -0.0171365 -0.0236208 0.0024289 
vn 0.618848 0.654101 -0.434946 
vn 0.618848 0.780649 -0.08726 
vn 0.85716 0.514964 0.00944136 
vn 0.85716 0.388416 -0.338245 
vn 0.974117 0.18533 0.129418 
vn 0.974117 0.0587826 -0.218268 
vn 0.953161 -0.161584 0.255685 
vn 0.953161 -0.288132 -0.0920015 
vn 0.797259 -0.476664 0.370364 
vn 0.797259 -0.603211 0.022678 
vn 0.528483 -0.7153 0.457221 
vn 0.528483 -0.841848 0.109535 
vn 0.184886 -0.843708 0.503958 
vn 0.184886 -0.970256 0.156271 
vn -0.184886 -0.843708 0.503958 
vn -0.184886 -0.970256 0.156271 
vn -0.528483 -0.7153 0.457221 
vn -0.528483 -0.841848 0.109535 
vn -0.797259 -0.476664 0.370364 
vn -0.797259 -0.603211 0.022678 
vn -0.953161 -0.161584 0.255685 
vn -0.953161 -0.288132 -0.0920015 
vn -0.974117 0.18533 0.129418 
vn -0.974117 0.0587826 -0.218268 
vn -0.85716 0.514964 0.00944136 
vn -0.85716 0.388416 -0.338245 
vn -0.618848 0.780649 -0.08726 
vn -0.596028 0.670965 -0.441084 
vn -0.425183 0.85058 -0.309407 
vn -0.324329 0.808458 -0.491128 
vn -0.596028 0.797513 -0.0933981 
vn -0.324329 0.935006 -0.143441 
vn 0.596028 0.797513 -0.0933981 
vn 0.425183 0.850465 -0.309723 
vn 0.324329 0.935006 -0.143441 
vn 0.596028 0.670965 -0.441084 
vn 0.324329 0.808458 -0.491128 
vn -0.618848 0.654101 -0.434946 
f 5181//5181 5182//5182 5183//5183 
f 5184//5184 5183//5183 5185//5185 
f 5186//5186 5185//5185 5187//5187 
f 5188//5188 5187//5187 5189//5189 
f 5190//5190 5189//5189 5191//5191 
f 5192//5192 5191//5191 5193//5193 
f 5194//5194 5193//5193 5195//5195 
f 5196//5196 5195//5195 5197//5197 
f 5198//5198 5197//5197 5199//5199 
f 5200//5200 5199//5199 5201//5201 
f 5202//5202 5201//5201 5203//5203 
f 5204//5204 5203//5203 5205//5205 
f 5206//5206 5205//5205 5207//5207 
f 5208//5208 5207//5207 5209//5209 
f 5209//5209 5210//5210 5208//5208 
f 5209//5209 5207//5207 5211//5211 
f 5211//5211 5212//5212 5209//5209 
f 5213//5213 5181//5181 5214//5214 
f 5214//5214 5215//5215 5213//5213 
f 5214//5214 5181//5181 5216//5216 
f 5216//5216 5217//5217 5214//5214 
f 5213//5213 5182//5182 5181//5181 
f 5208//5208 5218//5218 5207//5207 
f 5207//5207 5218//5218 5206//5206 
f 5205//5205 5206//5206 5204//5204 
f 5203//5203 5204//5204 5202//5202 
f 5201//5201 5202//5202 5200//5200 
f 5199//5199 5200//5200 5198//5198 
f 5197//5197 5198//5198 5196//5196 
f 5195//5195 5196//5196 5194//5194 
f 5193//5193 5194//5194 5192//5192 
f 5191//5191 5192//5192 5190//5190 
f 5189//5189 5190//5190 5188//5188 
f 5187//5187 5188//5188 5186//5186 
f 5185//5185 5186//5186 5184//5184 
f 5183//5183 5184//5184 5181//5181 
usemtl 0.749020_0.749020_0.749020_0.000000_0.000000
o mesh420
v -0.00592593 -0.0158691 0.0192948 
v -0.0084331 -0.0158691 0.0192948 
v -0.00720321 -0.0186328 0.0104481 
v -0.00592593 -0.0221964 0.00191047 
v -0.0084331 -0.0221964 0.00191047 
vn 0 -0.967301 0.253632 
vn 0 -0.967301 0.253632 
vn 0 -0.939664 0.342099 
vn 0 -0.904027 0.427475 
vn 0 -0.904027 0.427475 
f 5219//5219 5220//5220 5221//5221 
f 5221//5221 5222//5222 5219//5219 
f 5221//5221 5223//5223 5222//5222 
o mesh421
v -0.0084331 -0.0221964 0.00191047 
v -0.00592593 -0.0234652 0.00237225 
v -0.00592593 -0.0221964 0.00191047 
vn 0 0.34202 0.939693 
vn 0 0.34202 0.939693 
vn 0 0.34202 0.939693 
f 5224//5224 5225//5225 5226//5226 
o mesh422
v -0.0084331 -0.0158691 0.0192948 
v -0.00592593 -0.0158691 0.0192948 
v -0.00592593 -0.0171378 0.0197566 
vn 0 -0.34202 -0.939693 
vn 0 -0.34202 -0.939693 
vn 0 -0.34202 -0.939693 
f 5227//5227 5228//5228 5229//5229 
usemtl 0.250980_0.250980_0.250980_0.000000_0.000000
o mesh423
v -0.00571535 -0.0172934 -0.0198132 
v -0.00571535 -0.0236208 -0.0024289 
v -0.00351627 -0.0260725 -0.00332123 
v -0.00351627 -0.0197451 -0.0207055 
v -0.00243702 -0.0291143 -0.00442835 
v -0.00243702 -0.0227869 -0.0218127 
v -0.0026304 -0.0323155 -0.0055935 
v -0.0026304 -0.0259881 -0.0229778 
v -0.00406902 -0.035223 -0.00665174 
v -0.00406902 -0.0288956 -0.024036 
v -0.00654921 -0.0374251 -0.00745323 
v -0.00654921 -0.0310977 -0.0248375 
v -0.00971984 -0.03861 -0.0078845 
v -0.00971984 -0.0322826 -0.0252688 
v -0.013132 -0.03861 -0.0078845 
v -0.013132 -0.0322826 -0.0252688 
v -0.0163026 -0.0374251 -0.00745323 
v -0.0163026 -0.0310977 -0.0248375 
v -0.0187828 -0.035223 -0.00665174 
v -0.0187828 -0.0288956 -0.024036 
v -0.0202215 -0.0323155 -0.0055935 
v -0.0202215 -0.0259881 -0.0229778 
v -0.0204148 -0.0291143 -0.00442835 
v -0.0204148 -0.0227869 -0.0218127 
v -0.0193356 -0.0260725 -0.00332123 
v -0.0193356 -0.0197451 -0.0207055 
v -0.0171365 -0.0236208 -0.0024289 
v -0.0169259 -0.0171378 -0.0197566 
v -0.0156486 -0.0186328 -0.0104481 
v -0.0144187 -0.0158691 -0.0192948 
v -0.0169259 -0.0234652 -0.00237225 
v -0.0144187 -0.0221964 -0.00191047 
v -0.00592593 -0.0234652 -0.00237225 
v -0.00720321 -0.018627 -0.0104639 
v -0.0084331 -0.0221964 -0.00191047 
v -0.00592593 -0.0171378 -0.0197566 
v -0.0084331 -0.0158691 -0.0192948 
v -0.0171365 -0.0172934 -0.0198132 
vn 0.618848 0.780649 0.08726 
vn 0.618848 0.654101 0.434946 
vn 0.85716 0.388416 0.338245 
vn 0.85716 0.514964 -0.00944136 
vn 0.974117 0.0587826 0.218268 
vn 0.974117 0.18533 -0.129418 
vn 0.953161 -0.288132 0.0920015 
vn 0.953161 -0.161584 -0.255685 
vn 0.797259 -0.603211 -0.022678 
vn 0.797259 -0.476664 -0.370364 
vn 0.528483 -0.841848 -0.109535 
vn 0.528483 -0.7153 -0.457221 
vn 0.184886 -0.970256 -0.156271 
vn 0.184886 -0.843708 -0.503958 
vn -0.184886 -0.970256 -0.156271 
vn -0.184886 -0.843708 -0.503958 
vn -0.528483 -0.841848 -0.109535 
vn -0.528483 -0.7153 -0.457221 
vn -0.797259 -0.603211 -0.022678 
vn -0.797259 -0.476664 -0.370364 
vn -0.953161 -0.288132 0.0920015 
vn -0.953161 -0.161584 -0.255685 
vn -0.974117 0.0587826 0.218268 
vn -0.974117 0.18533 -0.129418 
vn -0.85716 0.388416 0.338245 
vn -0.85716 0.514964 -0.00944136 
vn -0.618848 0.654101 0.434946 
vn -0.596028 0.797513 0.0933981 
vn -0.425183 0.850465 0.309723 
vn -0.324329 0.935006 0.143441 
vn -0.596028 0.670965 0.441084 
vn -0.324329 0.808458 0.491128 
vn 0.596028 0.670965 0.441084 
vn 0.425183 0.85058 0.309407 
vn 0.324329 0.808458 0.491128 
vn 0.596028 0.797513 0.0933981 
vn 0.324329 0.935006 0.143441 
vn -0.618848 0.780649 0.08726 
f 5230//5230 5231//5231 5232//5232 
f 5233//5233 5232//5232 5234//5234 
f 5235//5235 5234//5234 5236//5236 
f 5237//5237 5236//5236 5238//5238 
f 5239//5239 5238//5238 5240//5240 
f 5241//5241 5240//5240 5242//5242 
f 5243//5243 5242//5242 5244//5244 
f 5245//5245 5244//5244 5246//5246 
f 5247//5247 5246//5246 5248//5248 
f 5249//5249 5248//5248 5250//5250 
f 5251//5251 5250//5250 5252//5252 
f 5253//5253 5252//5252 5254//5254 
f 5255//5255 5254//5254 5256//5256 
f 5257//5257 5256//5256 5258//5258 
f 5258//5258 5259//5259 5257//5257 
f 5258//5258 5256//5256 5260//5260 
f 5260//5260 5261//5261 5258//5258 
f 5262//5262 5230//5230 5263//5263 
f 5263//5263 5264//5264 5262//5262 
f 5263//5263 5230//5230 5265//5265 
f 5265//5265 5266//5266 5263//5263 
f 5262//5262 5231//5231 5230//5230 
f 5257//5257 5267//5267 5256//5256 
f 5256//5256 5267//5267 5255//5255 
f 5254//5254 5255//5255 5253//5253 
f 5252//5252 5253//5253 5251//5251 
f 5250//5250 5251//5251 5249//5249 
f 5248//5248 5249//5249 5247//5247 
f 5246//5246 5247//5247 5245//5245 
f 5244//5244 5245//5245 5243//5243 
f 5242//5242 5243//5243 5241//5241 
f 5240//5240 5241//5241 5239//5239 
f 5238//5238 5239//5239 5237//5237 
f 5236//5236 5237//5237 5235//5235 
f 5234//5234 5235//5235 5233//5233 
f 5232//5232 5233//5233 5230//5230 
usemtl 0.749020_0.749020_0.749020_0.000000_0.000000
o mesh424
v -0.00592593 -0.0221964 -0.00191047 
v -0.0084331 -0.0221964 -0.00191047 
v -0.00720321 -0.018627 -0.0104639 
v -0.00592593 -0.0158691 -0.0192948 
v -0.0084331 -0.0158691 -0.0192948 
vn 0 -0.904027 -0.427475 
vn 0 -0.904027 -0.427475 
vn 0 -0.939721 -0.341941 
vn 0 -0.967301 -0.253632 
vn 0 -0.967301 -0.253632 
f 5268//5268 5269//5269 5270//5270 
f 5270//5270 5271//5271 5268//5268 
f 5270//5270 5272//5272 5271//5271 
o mesh425
v -0.0084331 -0.0158691 -0.0192948 
v -0.00592593 -0.0171378 -0.0197566 
v -0.00592593 -0.0158691 -0.0192948 
vn 0 -0.34202 0.939693 
vn 0 -0.34202 0.939693 
vn 0 -0.34202 0.939693 
f 5273//5273 5274//5274 5275//5275 
o mesh426
v -0.0084331 -0.0221964 -0.00191047 
v -0.00592593 -0.0221964 -0.00191047 
v -0.00592593 -0.0234652 -0.00237225 
vn 0 0.34202 -0.939693 
vn 0 0.34202 -0.939693 
vn 0 0.34202 -0.939693 
f 5276//5276 5277//5277 5278//5278 
o mesh427
v -0.0144187 0.00637133 -0.0321353 
v -0.0169259 0.00637133 -0.0321353 
v -0.0169259 0.0140735 -0.0303512 
v -0.0156486 0.0153981 -0.0301083 
v -0.0144187 0.0245903 -0.0289228 
v -0.0169259 0.0167424 -0.0298806 
v -0.0169259 0.0154064 -0.0301068 
v -0.0169259 0.0245903 -0.0289228 
vn 0 0.263998 -0.964523 
vn 0 0.263998 -0.964523 
vn 0 0.186977 -0.982364 
vn 0 0.173731 -0.984793 
vn 0 0.081809 -0.996648 
vn 0 0.160288 -0.98707 
vn 0 0.173648 -0.984808 
vn 0 0.081809 -0.996648 
f 5279//5279 5280//5280 5281//5281 
f 5281//5281 5282//5282 5279//5279 
f 5283//5283 5282//5282 5284//5284 
f 5282//5282 5285//5285 5284//5284 
f 5284//5284 5286//5286 5283//5283 
f 5281//5281 5285//5285 5282//5282 
o mesh428
v -0.0144187 0.00637133 -0.0321353 
v -0.0169259 0.00660579 -0.0334649 
v -0.0169259 0.00637133 -0.0321353 
vn 0 0.984808 0.173648 
vn 0 0.984808 0.173648 
vn 0 0.984808 0.173648 
f 5287//5287 5288//5288 5289//5289 
o mesh429
v -0.0144187 0.0245903 -0.0289228 
v -0.0169259 0.0245903 -0.0289228 
v -0.0169259 0.0248247 -0.0302525 
vn 0 -0.984808 -0.173648 
vn 0 -0.984808 -0.173648 
vn 0 -0.984808 -0.173648 
f 5290//5290 5291//5291 5292//5292 
o mesh430
v -0.0169259 0.00193336 -0.0326411 
v -0.0169259 0.00260845 -0.0314718 
v -0.0169259 0.00637133 -0.0321353 
v -0.0169259 -0.00339991 -0.0418786 
v -0.0169259 0.00660579 -0.0334649 
v -0.0169259 0.00845801 -0.0439694 
v -0.0169259 0.0100977 -0.0306105 
v -0.0169259 -0.00401902 -0.027161 
v -0.0169259 -0.0016164 -0.0282804 
v -0.0169259 0.0140735 -0.0303512 
vn -1 0 0 
vn -1 0 0 
vn -1 0 0 
vn -1 0 0 
vn -1 0 0 
vn -1 0 0 
vn -1 0 0 
vn -1 0 0 
vn -1 0 0 
vn -1 0 0 
f 5293//5293 5294//5294 5295//5295 
f 5296//5296 5293//5293 5297//5297 
f 5297//5297 5298//5298 5296//5296 
f 5295//5295 5294//5294 5299//5299 
f 5294//5294 5300//5300 5301//5301 
f 5299//5299 5302//5302 5295//5295 
f 5295//5295 5297//5297 5293//5293 
f 5301//5301 5299//5299 5294//5294 
o mesh431
v -0.0168093 0.0085775 -0.0446471 
v -0.0168676 -0.00364499 -0.0423031 
v -0.0169259 -0.00339991 -0.0418786 
v -0.0169259 0.00845801 -0.0439694 
v -0.016761 0.00859262 -0.0447328 
v -0.0167482 -0.0037855 -0.0425464 
v -0.0164706 0.00868351 -0.0452483 
v -0.0166018 -0.00395787 -0.042845 
v -0.0163246 0.00870581 -0.0453748 
v -0.0163214 -0.00411382 -0.0431151 
v -0.0159523 0.00876264 -0.0456971 
v -0.0161559 -0.00420582 -0.0432744 
v -0.0156812 0.00878126 -0.0458027 
v -0.0156835 -0.0043367 -0.0435011 
v -0.0153239 0.0088058 -0.0459418 
v -0.0155777 -0.00436601 -0.0435519 
v -0.0149259 -0.00442174 -0.0436484 
v -0.0149259 0.00881289 -0.0459821 
vn -0.941695 -0.01145 -0.336274 
vn -0.970856 -0.0740489 -0.227939 
vn -1 1.73472e-15 3.46945e-15 
vn -1 1.73472e-15 3.46945e-15 
vn -0.924228 -0.0128402 -0.381625 
vn -0.923986 -0.118632 -0.36356 
vn -0.772349 -0.0198429 -0.634888 
vn -0.837917 -0.170131 -0.518604 
vn -0.70775 -0.0216611 -0.706131 
vn -0.706734 -0.221477 -0.671919 
vn -0.513185 -0.0250645 -0.857912 
vn -0.614994 -0.247466 -0.748694 
vn -0.382989 -0.0265393 -0.923372 
vn -0.381895 -0.291062 -0.877177 
vn -0.198992 -0.0275473 -0.979614 
vn -0.325888 -0.297971 -0.897224 
vn 0 -0.31564 -0.948879 
vn 0 -0.0279309 -0.99961 
f 5303//5303 5304//5304 5305//5305 
f 5305//5305 5306//5306 5303//5303 
f 5307//5307 5308//5308 5304//5304 
f 5309//5309 5310//5310 5308//5308 
f 5308//5308 5307//5307 5309//5309 
f 5311//5311 5312//5312 5310//5310 
f 5313//5313 5314//5314 5312//5312 
f 5312//5312 5311//5311 5313//5313 
f 5315//5315 5316//5316 5314//5314 
f 5317//5317 5318//5318 5316//5316 
f 5317//5317 5319//5319 5318//5318 
f 5316//5316 5315//5315 5317//5317 
f 5317//5317 5320//5320 5319//5319 
f 5313//5313 5315//5315 5314//5314 
f 5309//5309 5311//5311 5310//5310 
f 5303//5303 5307//5307 5304//5304 
usemtl 0.250980_0.250980_0.250980_0.000000_0.000000
o mesh432
v -0.00592593 0.00845801 -0.0439694 
v -0.00243702 0.00764969 -0.0393852 
v -0.00351627 0.0070876 -0.0361974 
v -0.00792593 0.00881289 -0.0459821 
v -0.0149259 0.00881289 -0.0459821 
v -0.013132 0.00940443 -0.0493368 
v -0.0026304 0.00824126 -0.0427402 
v -0.0169259 0.00845801 -0.0439694 
v -0.0193356 0.0070876 -0.0361974 
v -0.0204148 0.00764969 -0.0393852 
v -0.00971984 0.00940443 -0.0493368 
v -0.00598421 0.00854313 -0.0444522 
v -0.00571535 0.00663454 -0.033628 
v -0.0171365 0.00663454 -0.033628 
v -0.0163026 0.00918547 -0.048095 
v -0.00406902 0.00877854 -0.0457872 
v -0.0065305 0.00870595 -0.0453756 
v -0.00669594 0.0087379 -0.0455568 
v -0.00610361 0.00859193 -0.0447289 
v -0.00592593 0.00660579 -0.0334649 
v -0.0169259 0.00660579 -0.0334649 
v -0.0187828 0.00877854 -0.0457872 
v -0.0168093 0.0085775 -0.0446471 
v -0.00654921 0.00918547 -0.048095 
v -0.00625009 0.00865179 -0.0450684 
v -0.0202215 0.00824126 -0.0427402 
v -0.0164706 0.00868351 -0.0452483 
v -0.016761 0.00859262 -0.0447328 
v -0.0159523 0.00876264 -0.0456971 
v -0.0163246 0.00870581 -0.0453748 
v -0.0153239 0.0088058 -0.0459418 
v -0.0156812 0.00878126 -0.0458027 
v -0.00727415 0.00879354 -0.0458723 
v -0.00716834 0.00878335 -0.0458145 
vn 0 -0.984808 -0.173648 
vn 0 -0.984808 -0.173648 
vn 0 -0.984808 -0.173648 
vn 0 -0.984808 -0.173648 
vn 0 -0.984808 -0.173648 
vn 0 -0.984808 -0.173648 
vn 0 -0.984808 -0.173648 
vn 0 -0.984808 -0.173648 
vn 0 -0.984808 -0.173648 
vn 0 -0.984808 -0.173648 
vn 0 -0.984808 -0.173648 
vn 0 -0.984808 -0.173648 
vn 0 -0.984808 -0.173648 
vn 0 -0.984808 -0.173648 
vn 0 -0.984808 -0.173648 
vn 0 -0.984808 -0.173648 
vn 0 -0.984808 -0.173648 
vn 0 -0.984808 -0.173648 
vn 0 -0.984808 -0.173648 
vn 0 -0.984808 -0.173648 
vn 0 -0.984808 -0.173648 
vn 0 -0.984808 -0.173648 
vn 0 -0.984808 -0.173648 
vn 0 -0.984808 -0.173648 
vn 0 -0.984808 -0.173648 
vn 0 -0.984808 -0.173648 
vn 0 -0.984808 -0.173648 
vn 0 -0.984808 -0.173648 
vn 0 -0.984808 -0.173648 
vn 0 -0.984808 -0.173648 
vn 0 -0.984808 -0.173648 
vn 0 -0.984808 -0.173648 
vn 0 -0.984808 -0.173648 
vn 0 -0.984808 -0.173648 
f 5321//5321 5322//5322 5323//5323 
f 5324//5324 5325//5325 5326//5326 
f 5321//5321 5327//5327 5322//5322 
f 5328//5328 5329//5329 5330//5330 
f 5326//5326 5331//5331 5324//5324 
f 5327//5327 5321//5321 5332//5332 
f 5323//5323 5333//5333 5321//5321 
f 5328//5328 5334//5334 5329//5329 
f 5325//5325 5335//5335 5326//5326 
f 5336//5336 5337//5337 5338//5338 
f 5336//5336 5332//5332 5339//5339 
f 5333//5333 5340//5340 5321//5321 
f 5328//5328 5341//5341 5334//5334 
f 5342//5342 5343//5343 5328//5328 
f 5331//5331 5344//5344 5324//5324 
f 5336//5336 5345//5345 5337//5337 
f 5332//5332 5336//5336 5327//5327 
f 5328//5328 5346//5346 5342//5342 
f 5342//5342 5347//5347 5348//5348 
f 5335//5335 5349//5349 5350//5350 
f 5335//5335 5351//5351 5352//5352 
f 5344//5344 5353//5353 5324//5324 
f 5344//5344 5338//5338 5354//5354 
f 5339//5339 5345//5345 5336//5336 
f 5348//5348 5343//5343 5342//5342 
f 5350//5350 5342//5342 5335//5335 
f 5325//5325 5351//5351 5335//5335 
f 5338//5338 5344//5344 5336//5336 
f 5350//5350 5347//5347 5342//5342 
f 5354//5354 5353//5353 5344//5344 
f 5352//5352 5349//5349 5335//5335 
f 5330//5330 5346//5346 5328//5328 
o mesh433
v -0.0169259 -0.00339991 -0.0418786 
v -0.0202215 -0.00277579 -0.0407976 
v -0.0204148 -0.00107245 -0.0378473 
v -0.00792593 -0.00442174 -0.0436484 
v -0.00971984 -0.00612501 -0.0465986 
v -0.013132 -0.00612501 -0.0465986 
v -0.0193356 0.000546048 -0.035044 
v -0.00592593 -0.00339991 -0.0418786 
v -0.00351627 0.000546048 -0.035044 
v -0.00243702 -0.00107245 -0.0378473 
v -0.0149259 -0.00442174 -0.0436484 
v -0.0168676 -0.00364499 -0.0423031 
v -0.0171365 0.00185056 -0.0327845 
v -0.00571535 0.00185056 -0.0327845 
v -0.00654921 -0.00549453 -0.0455065 
v -0.0187828 -0.00432283 -0.0434771 
v -0.0163214 -0.00411382 -0.0431151 
v -0.0161559 -0.00420582 -0.0432744 
v -0.0167482 -0.0037855 -0.0425464 
v -0.0169259 0.00193336 -0.0326411 
v -0.00592593 0.00193336 -0.0326411 
v -0.00406902 -0.00432283 -0.0434771 
v -0.00604254 -0.00374395 -0.0424745 
v -0.0163026 -0.00549453 -0.0455065 
v -0.0166018 -0.00395787 -0.042845 
v -0.0026304 -0.00277579 -0.0407976 
v -0.00638123 -0.00404921 -0.0430032 
v -0.00609086 -0.0037875 -0.0425499 
v -0.00689956 -0.00427705 -0.0433978 
v -0.00652728 -0.00411341 -0.0431144 
v -0.00752794 -0.00440133 -0.0436131 
v -0.00717069 -0.00433067 -0.0434907 
v -0.0155777 -0.00436601 -0.0435519 
v -0.0156835 -0.0043367 -0.0435011 
vn 0 0.866025 -0.5 
vn 0 0.866025 -0.5 
vn 0 0.866025 -0.5 
vn 0 0.866025 -0.5 
vn 0 0.866025 -0.5 
vn 0 0.866025 -0.5 
vn 0 0.866025 -0.5 
vn 0 0.866025 -0.5 
vn 0 0.866025 -0.5 
vn 0 0.866025 -0.5 
vn 0 0.866025 -0.5 
vn 0 0.866025 -0.5 
vn 0 0.866025 -0.5 
vn 0 0.866025 -0.5 
vn 0 0.866025 -0.5 
vn 0 0.866025 -0.5 
vn 0 0.866025 -0.5 
vn 0 0.866025 -0.5 
vn 0 0.866025 -0.5 
vn 0 0.866025 -0.5 
vn 0 0.866025 -0.5 
vn 0 0.866025 -0.5 
vn 0 0.866025 -0.5 
vn 0 0.866025 -0.5 
vn 0 0.866025 -0.5 
vn 0 0.866025 -0.5 
vn 0 0.866025 -0.5 
vn 0 0.866025 -0.5 
vn 0 0.866025 -0.5 
vn 0 0.866025 -0.5 
vn 0 0.866025 -0.5 
vn 0 0.866025 -0.5 
vn 0 0.866025 -0.5 
vn 0 0.866025 -0.5 
f 5355//5355 5356//5356 5357//5357 
f 5358//5358 5359//5359 5360//5360 
f 5357//5357 5361//5361 5355//5355 
f 5362//5362 5363//5363 5364//5364 
f 5360//5360 5365//5365 5358//5358 
f 5356//5356 5355//5355 5366//5366 
f 5361//5361 5367//5367 5355//5355 
f 5362//5362 5368//5368 5363//5363 
f 5358//5358 5369//5369 5359//5359 
f 5370//5370 5371//5371 5372//5372 
f 5370//5370 5366//5366 5373//5373 
f 5367//5367 5374//5374 5355//5355 
f 5362//5362 5375//5375 5368//5368 
f 5376//5376 5377//5377 5362//5362 
f 5360//5360 5378//5378 5365//5365 
f 5370//5370 5379//5379 5371//5371 
f 5366//5366 5370//5370 5356//5356 
f 5362//5362 5380//5380 5376//5376 
f 5376//5376 5381//5381 5382//5382 
f 5369//5369 5383//5383 5384//5384 
f 5369//5369 5385//5385 5386//5386 
f 5378//5378 5387//5387 5365//5365 
f 5378//5378 5372//5372 5388//5388 
f 5373//5373 5379//5379 5370//5370 
f 5382//5382 5377//5377 5376//5376 
f 5384//5384 5376//5376 5369//5369 
f 5358//5358 5385//5385 5369//5369 
f 5372//5372 5378//5378 5370//5370 
f 5384//5384 5381//5381 5376//5376 
f 5388//5388 5387//5387 5378//5378 
f 5386//5386 5383//5383 5369//5369 
f 5364//5364 5380//5380 5362//5362 
usemtl 0.749020_0.749020_0.749020_0.000000_0.000000
o mesh434
v -0.00604254 -0.00374395 -0.0424745 
v -0.00598421 0.00854313 -0.0444522 
v -0.00592593 0.00845801 -0.0439694 
v -0.00592593 -0.00339991 -0.0418786 
v -0.00609086 -0.0037875 -0.0425499 
v -0.00610361 0.00859193 -0.0447289 
v -0.00638123 -0.00404921 -0.0430032 
v -0.00625009 0.00865179 -0.0450684 
v -0.00652728 -0.00411341 -0.0431144 
v -0.0065305 0.00870595 -0.0453756 
v -0.00689956 -0.00427705 -0.0433978 
v -0.00669594 0.0087379 -0.0455568 
v -0.00717069 -0.00433067 -0.0434907 
v -0.00716834 0.00878335 -0.0458145 
v -0.00752794 -0.00440133 -0.0436131 
v -0.00727415 0.00879354 -0.0458723 
v -0.00792593 0.00881289 -0.0459821 
v -0.00792593 -0.00442174 -0.0436484 
vn 0.941695 -0.104253 -0.31991 
vn 0.970856 -0.00837645 -0.239519 
vn 1 -6.50521e-16 -1.73472e-14 
vn 1 -6.50521e-16 -1.73472e-14 
vn 0.924228 -0.118458 -0.363002 
vn 0.923986 -0.012867 -0.38221 
vn 0.772349 -0.198498 -0.603387 
vn 0.837917 -0.0175017 -0.545516 
vn 0.70775 -0.221156 -0.670955 
vn 0.706734 -0.0216896 -0.707147 
vn 0.513185 -0.26987 -0.814746 
vn 0.614994 -0.0235261 -0.788181 
vn 0.382989 -0.290873 -0.876763 
vn 0.381895 -0.0265033 -0.923826 
vn 0.198992 -0.309162 -0.929958 
vn 0.325888 -0.0268676 -0.945027 
vn 0 -0.0279309 -0.99961 
vn 0 -0.31564 -0.948879 
f 5389//5389 5390//5390 5391//5391 
f 5391//5391 5392//5392 5389//5389 
f 5393//5393 5394//5394 5390//5390 
f 5395//5395 5396//5396 5394//5394 
f 5394//5394 5393//5393 5395//5395 
f 5397//5397 5398//5398 5396//5396 
f 5399//5399 5400//5400 5398//5398 
f 5398//5398 5397//5397 5399//5399 
f 5401//5401 5402//5402 5400//5400 
f 5403//5403 5404//5404 5402//5402 
f 5403//5403 5405//5405 5404//5404 
f 5402//5402 5401//5401 5403//5403 
f 5403//5403 5406//5406 5405//5405 
f 5399//5399 5401//5401 5400//5400 
f 5395//5395 5397//5397 5396//5396 
f 5389//5389 5393//5393 5390//5390 
o mesh435
v -0.00792593 -0.00442174 -0.0436484 
v -0.0149259 -0.00442174 -0.0436484 
v -0.0149259 0.00881289 -0.0459821 
v -0.00792593 0.00881289 -0.0459821 
vn 0 -0.31564 -0.948879 
vn 0 -0.31564 -0.948879 
vn 0 -0.0279309 -0.99961 
vn 0 -0.0279309 -0.99961 
f 5407//5407 5408//5408 5409//5409 
f 5409//5409 5410//5410 5407//5407 
o mesh436
v -0.0169259 0.026677 -0.0407569 
v -0.0169259 0.0248247 -0.0302525 
v -0.0169259 0.0289336 -0.0278802 
v -0.0169259 0.0245903 -0.0289228 
v -0.0169259 0.0167424 -0.0298806 
v -0.0169259 0.0218118 -0.0282804 
v -0.0169259 0.0278993 -0.0270123 
v -0.0169259 0.0371046 -0.0347365 
v -0.0169259 0.0317426 -0.0216449 
v -0.0169259 0.0326527 -0.0206947 
vn -1 0 0 
vn -1 0 0 
vn -1 0 0 
vn -1 0 0 
vn -1 0 0 
vn -1 0 0 
vn -1 0 0 
vn -1 0 0 
vn -1 0 0 
vn -1 0 0 
f 5411//5411 5412//5412 5413//5413 
f 5413//5413 5412//5412 5414//5414 
f 5414//5414 5415//5415 5416//5416 
f 5414//5414 5417//5417 5413//5413 
f 5413//5413 5418//5418 5411//5411 
f 5417//5417 5416//5416 5419//5419 
f 5419//5419 5420//5420 5417//5417 
f 5416//5416 5417//5417 5414//5414 
o mesh437
v -0.0168093 0.0376317 -0.0351788 
v -0.0168676 0.0267621 -0.0412397 
v -0.0169259 0.026677 -0.0407569 
v -0.0169259 0.0371046 -0.0347365 
v -0.016761 0.0376985 -0.0352348 
v -0.0167482 0.0268109 -0.0415164 
v -0.0164706 0.0380994 -0.0355712 
v -0.0166018 0.0268707 -0.0418559 
v -0.0163246 0.0381978 -0.0356538 
v -0.0163214 0.0269249 -0.0421631 
v -0.0159523 0.0384485 -0.0358641 
v -0.0161559 0.0269568 -0.0423443 
v -0.0156812 0.0385306 -0.0359331 
v -0.0156835 0.0270023 -0.0426021 
v -0.0153239 0.0386389 -0.0360239 
v -0.0155777 0.0270125 -0.0426598 
v -0.0149259 0.0270318 -0.0427696 
v -0.0149259 0.0386702 -0.0360502 
vn -0.941695 0.207381 -0.26496 
vn -0.970856 0.0897915 -0.222209 
vn -1 0 0 
vn -1 0 0 
vn -0.924228 0.235468 -0.300595 
vn -0.923986 0.142814 -0.354759 
vn -0.772349 0.392898 -0.499108 
vn -0.837917 0.203024 -0.506632 
vn -0.70775 0.437299 -0.554851 
vn -0.706734 0.26224 -0.657082 
vn -0.513185 0.532255 -0.67331 
vn -0.614994 0.291681 -0.732602 
vn -0.382989 0.573202 -0.724403 
vn -0.381895 0.340872 -0.859047 
vn -0.198992 0.608581 -0.768135 
vn -0.325888 0.348465 -0.878845 
vn 0 0.368133 -0.929773 
vn 0 0.621141 -0.783699 
f 5421//5421 5422//5422 5423//5423 
f 5423//5423 5424//5424 5421//5421 
f 5425//5425 5426//5426 5422//5422 
f 5427//5427 5428//5428 5426//5426 
f 5426//5426 5425//5425 5427//5427 
f 5429//5429 5430//5430 5428//5428 
f 5431//5431 5432//5432 5430//5430 
f 5430//5430 5429//5429 5431//5431 
f 5433//5433 5434//5434 5432//5432 
f 5435//5435 5436//5436 5434//5434 
f 5435//5435 5437//5437 5436//5436 
f 5434//5434 5433//5433 5435//5435 
f 5435//5435 5438//5438 5437//5437 
f 5431//5431 5433//5433 5432//5432 
f 5427//5427 5429//5429 5428//5428 
f 5421//5421 5425//5425 5422//5422 
usemtl 0.250980_0.250980_0.250980_0.000000_0.000000
o mesh438
v -0.0169259 0.026677 -0.0407569 
v -0.0202215 0.0264602 -0.0395277 
v -0.0204148 0.0258686 -0.0361727 
v -0.00792593 0.0270318 -0.0427696 
v -0.00971984 0.0276234 -0.0461243 
v -0.013132 0.0276234 -0.0461243 
v -0.0193356 0.0253065 -0.0329849 
v -0.00592593 0.026677 -0.0407569 
v -0.00351627 0.0253065 -0.0329849 
v -0.00243702 0.0258686 -0.0361727 
v -0.00654921 0.0274044 -0.0448825 
v -0.0168676 0.0267621 -0.0412397 
v -0.0171365 0.0248535 -0.0304155 
v -0.00571535 0.0248535 -0.0304155 
v -0.0149259 0.0270318 -0.0427696 
v -0.0187828 0.0269975 -0.0425747 
v -0.0163214 0.0269249 -0.0421631 
v -0.0161559 0.0269568 -0.0423443 
v -0.0167482 0.0268109 -0.0415164 
v -0.0169259 0.0248247 -0.0302525 
v -0.00592593 0.0248247 -0.0302525 
v -0.00406902 0.0269975 -0.0425747 
v -0.00604254 0.0267964 -0.0414346 
v -0.0163026 0.0274044 -0.0448825 
v -0.0166018 0.0268707 -0.0418559 
v -0.0026304 0.0264602 -0.0395277 
v -0.00638123 0.0269025 -0.0420358 
v -0.00609086 0.0268116 -0.0415203 
v -0.00689956 0.0269816 -0.0424846 
v -0.00652728 0.0269248 -0.0421623 
v -0.00752794 0.0270247 -0.0427294 
v -0.00717069 0.0270002 -0.0425902 
v -0.0155777 0.0270125 -0.0426598 
v -0.0156835 0.0270023 -0.0426021 
vn 0 0.984808 0.173648 
vn 0 0.984808 0.173648 
vn 0 0.984808 0.173648 
vn 0 0.984808 0.173648 
vn 0 0.984808 0.173648 
vn 0 0.984808 0.173648 
vn 0 0.984808 0.173648 
vn 0 0.984808 0.173648 
vn 0 0.984808 0.173648 
vn 0 0.984808 0.173648 
vn 0 0.984808 0.173648 
vn 0 0.984808 0.173648 
vn 0 0.984808 0.173648 
vn 0 0.984808 0.173648 
vn 0 0.984808 0.173648 
vn 0 0.984808 0.173648 
vn 0 0.984808 0.173648 
vn 0 0.984808 0.173648 
vn 0 0.984808 0.173648 
vn 0 0.984808 0.173648 
vn 0 0.984808 0.173648 
vn 0 0.984808 0.173648 
vn 0 0.984808 0.173648 
vn 0 0.984808 0.173648 
vn 0 0.984808 0.173648 
vn 0 0.984808 0.173648 
vn 0 0.984808 0.173648 
vn 0 0.984808 0.173648 
vn 0 0.984808 0.173648 
vn 0 0.984808 0.173648 
vn 0 0.984808 0.173648 
vn 0 0.984808 0.173648 
vn 0 0.984808 0.173648 
vn 0 0.984808 0.173648 
f 5439//5439 5440//5440 5441//5441 
f 5442//5442 5443//5443 5444//5444 
f 5441//5441 5445//5445 5439//5439 
f 5446//5446 5447//5447 5448//5448 
f 5442//5442 5449//5449 5443//5443 
f 5440//5440 5439//5439 5450//5450 
f 5445//5445 5451//5451 5439//5439 
f 5446//5446 5452//5452 5447//5447 
f 5444//5444 5453//5453 5442//5442 
f 5454//5454 5455//5455 5456//5456 
f 5454//5454 5450//5450 5457//5457 
f 5451//5451 5458//5458 5439//5439 
f 5446//5446 5459//5459 5452//5452 
f 5460//5460 5461//5461 5446//5446 
f 5444//5444 5462//5462 5453//5453 
f 5454//5454 5463//5463 5455//5455 
f 5450//5450 5454//5454 5440//5440 
f 5446//5446 5464//5464 5460//5460 
f 5460//5460 5465//5465 5466//5466 
f 5449//5449 5467//5467 5468//5468 
f 5449//5449 5469//5469 5470//5470 
f 5462//5462 5471//5471 5453//5453 
f 5462//5462 5456//5456 5472//5472 
f 5457//5457 5463//5463 5454//5454 
f 5466//5466 5461//5461 5460//5460 
f 5468//5468 5460//5460 5449//5449 
f 5442//5442 5469//5469 5449//5449 
f 5456//5456 5462//5462 5454//5454 
f 5468//5468 5465//5465 5460//5460 
f 5472//5472 5471//5471 5462//5462 
f 5470//5470 5467//5467 5449//5449 
f 5448//5448 5464//5464 5446//5446 
o mesh439
v -0.00592593 0.0371046 -0.0347365 
v -0.00243702 0.0335388 -0.0317444 
v -0.00351627 0.0310591 -0.0296637 
v -0.00792593 0.0386702 -0.0360502 
v -0.0149259 0.0386702 -0.0360502 
v -0.013132 0.0412797 -0.0382398 
v -0.0026304 0.0361484 -0.0339342 
v -0.0169259 0.0371046 -0.0347365 
v -0.0171365 0.0290605 -0.0279867 
v -0.0193356 0.0310591 -0.0296637 
v -0.0163026 0.0403138 -0.0374293 
v -0.00598421 0.0374801 -0.0350516 
v -0.00571535 0.0290605 -0.0279867 
v -0.0204148 0.0335388 -0.0317444 
v -0.00971984 0.0412797 -0.0382398 
v -0.00406902 0.0385186 -0.035923 
v -0.0065305 0.0381984 -0.0356543 
v -0.00669594 0.0383394 -0.0357726 
v -0.00610361 0.0376954 -0.0352322 
v -0.00592593 0.0289336 -0.0278802 
v -0.0169259 0.0289336 -0.0278802 
v -0.0187828 0.0385186 -0.035923 
v -0.0168093 0.0376317 -0.0351788 
v -0.00654921 0.0403138 -0.0374293 
v -0.00625009 0.0379595 -0.0354538 
v -0.0202215 0.0361484 -0.0339342 
v -0.0164706 0.0380994 -0.0355712 
v -0.016761 0.0376985 -0.0352348 
v -0.0159523 0.0384485 -0.0358641 
v -0.0163246 0.0381978 -0.0356538 
v -0.0153239 0.0386389 -0.0360239 
v -0.0156812 0.0385306 -0.0359331 
v -0.00727415 0.0385848 -0.0359785 
v -0.00716834 0.0385399 -0.0359408 
vn 0 -0.642788 -0.766044 
vn 0 -0.642788 -0.766044 
vn 0 -0.642788 -0.766044 
vn 0 -0.642788 -0.766044 
vn 0 -0.642788 -0.766044 
vn 0 -0.642788 -0.766044 
vn 0 -0.642788 -0.766044 
vn 0 -0.642788 -0.766044 
vn 0 -0.642788 -0.766044 
vn 0 -0.642788 -0.766044 
vn 0 -0.642788 -0.766044 
vn 0 -0.642788 -0.766044 
vn 0 -0.642788 -0.766044 
vn 0 -0.642788 -0.766044 
vn 0 -0.642788 -0.766044 
vn 0 -0.642788 -0.766044 
vn 0 -0.642788 -0.766044 
vn 0 -0.642788 -0.766044 
vn 0 -0.642788 -0.766044 
vn 0 -0.642788 -0.766044 
vn 0 -0.642788 -0.766044 
vn 0 -0.642788 -0.766044 
vn 0 -0.642788 -0.766044 
vn 0 -0.642788 -0.766044 
vn 0 -0.642788 -0.766044 
vn 0 -0.642788 -0.766044 
vn 0 -0.642788 -0.766044 
vn 0 -0.642788 -0.766044 
vn 0 -0.642788 -0.766044 
vn 0 -0.642788 -0.766044 
vn 0 -0.642788 -0.766044 
vn 0 -0.642788 -0.766044 
vn 0 -0.642788 -0.766044 
vn 0 -0.642788 -0.766044 
f 5473//5473 5474//5474 5475//5475 
f 5476//5476 5477//5477 5478//5478 
f 5473//5473 5479//5479 5474//5474 
f 5480//5480 5481//5481 5482//5482 
f 5477//5477 5483//5483 5478//5478 
f 5479//5479 5473//5473 5484//5484 
f 5475//5475 5485//5485 5473//5473 
f 5482//5482 5486//5486 5480//5480 
f 5478//5478 5487//5487 5476//5476 
f 5488//5488 5489//5489 5490//5490 
f 5488//5488 5484//5484 5491//5491 
f 5485//5485 5492//5492 5473//5473 
f 5480//5480 5493//5493 5481//5481 
f 5494//5494 5495//5495 5480//5480 
f 5487//5487 5496//5496 5476//5476 
f 5488//5488 5497//5497 5489//5489 
f 5484//5484 5488//5488 5479//5479 
f 5480//5480 5498//5498 5494//5494 
f 5494//5494 5499//5499 5500//5500 
f 5483//5483 5501//5501 5502//5502 
f 5483//5483 5503//5503 5504//5504 
f 5496//5496 5505//5505 5476//5476 
f 5496//5496 5490//5490 5506//5506 
f 5491//5491 5497//5497 5488//5488 
f 5500//5500 5495//5495 5494//5494 
f 5502//5502 5494//5494 5483//5483 
f 5477//5477 5503//5503 5483//5483 
f 5490//5490 5496//5496 5488//5488 
f 5502//5502 5499//5499 5494//5494 
f 5506//5506 5505//5505 5496//5496 
f 5504//5504 5501//5501 5483//5483 
f 5486//5486 5498//5498 5480//5480 
usemtl 0.749020_0.749020_0.749020_0.000000_0.000000
o mesh440
v -0.00604254 0.0267964 -0.0414346 
v -0.00598421 0.0374801 -0.0350516 
v -0.00592593 0.0371046 -0.0347365 
v -0.00592593 0.026677 -0.0407569 
v -0.00609086 0.0268116 -0.0415203 
v -0.00610361 0.0376954 -0.0352322 
v -0.00638123 0.0269025 -0.0420358 
v -0.00625009 0.0379595 -0.0354538 
v -0.00652728 0.0269248 -0.0421623 
v -0.0065305 0.0381984 -0.0356543 
v -0.00689956 0.0269816 -0.0424846 
v -0.00669594 0.0383394 -0.0357726 
v -0.00717069 0.0270002 -0.0425902 
v -0.00716834 0.0385399 -0.0359408 
v -0.00752794 0.0270247 -0.0427294 
v -0.00727415 0.0385848 -0.0359785 
v -0.00792593 0.0386702 -0.0360502 
v -0.00792593 0.0270318 -0.0427696 
vn 0.941695 0.125772 -0.312078 
vn 0.970856 0.147543 -0.188866 
vn 1 1.38778e-14 -1.73472e-14 
vn 1 1.38778e-14 -1.73472e-14 
vn 0.924228 0.142589 -0.354219 
vn 0.923986 0.235823 -0.30106 
vn 0.772349 0.235791 -0.589813 
vn 0.837917 0.337244 -0.42914 
vn 0.70775 0.261866 -0.656138 
vn 0.706734 0.43793 -0.555648 
vn 0.513185 0.316976 -0.797601 
vn 0.614994 0.488611 -0.618904 
vn 0.382989 0.340751 -0.858609 
vn 0.381895 0.573521 -0.724727 
vn 0.198992 0.360934 -0.911114 
vn 0.325888 0.58687 -0.741203 
vn 0 0.621141 -0.783699 
vn 0 0.368133 -0.929773 
f 5507//5507 5508//5508 5509//5509 
f 5509//5509 5510//5510 5507//5507 
f 5511//5511 5512//5512 5508//5508 
f 5513//5513 5514//5514 5512//5512 
f 5512//5512 5511//5511 5513//5513 
f 5515//5515 5516//5516 5514//5514 
f 5517//5517 5518//5518 5516//5516 
f 5516//5516 5515//5515 5517//5517 
f 5519//5519 5520//5520 5518//5518 
f 5521//5521 5522//5522 5520//5520 
f 5521//5521 5523//5523 5522//5522 
f 5520//5520 5519//5519 5521//5521 
f 5521//5521 5524//5524 5523//5523 
f 5517//5517 5519//5519 5518//5518 
f 5513//5513 5515//5515 5514//5514 
f 5507//5507 5511//5511 5508//5508 
o mesh441
v -0.00792593 0.0270318 -0.0427696 
v -0.0149259 0.0270318 -0.0427696 
v -0.0149259 0.0386702 -0.0360502 
v -0.00792593 0.0386702 -0.0360502 
vn 0 0.368133 -0.929773 
vn 0 0.368133 -0.929773 
vn 0 0.621141 -0.783699 
vn 0 0.621141 -0.783699 
f 5525//5525 5526//5526 5527//5527 
f 5527//5527 5528//5528 5525//5525 
usemtl 0.250980_0.250980_0.250980_0.000000_0.000000
o mesh442
v -0.0171365 0.00663454 -0.033628 
v -0.0171365 0.0248535 -0.0304155 
v -0.0193356 0.0253065 -0.0329849 
v -0.0193356 0.0070876 -0.0361974 
v -0.0204148 0.0258686 -0.0361727 
v -0.0204148 0.00764969 -0.0393852 
v -0.0202215 0.0264602 -0.0395277 
v -0.0202215 0.00824126 -0.0427402 
v -0.0187828 0.0269975 -0.0425747 
v -0.0187828 0.00877854 -0.0457872 
v -0.0163026 0.0274044 -0.0448825 
v -0.0163026 0.00918547 -0.048095 
v -0.013132 0.0276234 -0.0461243 
v -0.013132 0.00940443 -0.0493368 
v -0.00971984 0.0276234 -0.0461243 
v -0.00971984 0.00940443 -0.0493368 
v -0.00654921 0.0274044 -0.0448825 
v -0.00654921 0.00918547 -0.048095 
v -0.00406902 0.0269975 -0.0425747 
v -0.00406902 0.00877854 -0.0457872 
v -0.0026304 0.0264602 -0.0395277 
v -0.0026304 0.00824126 -0.0427402 
v -0.00243702 0.0258686 -0.0361727 
v -0.00243702 0.00764969 -0.0393852 
v -0.00351627 0.0253065 -0.0329849 
v -0.00351627 0.0070876 -0.0361974 
v -0.00571535 0.0248535 -0.0304155 
v -0.00592593 0.00660579 -0.0334649 
v -0.00720321 0.0154146 -0.0301054 
v -0.0084331 0.00637133 -0.0321353 
v -0.00592593 0.0248247 -0.0302525 
v -0.0084331 0.0245903 -0.0289228 
v -0.0169259 0.0248247 -0.0302525 
v -0.0156486 0.0153981 -0.0301083 
v -0.0144187 0.0245903 -0.0289228 
v -0.0169259 0.00660579 -0.0334649 
v -0.0144187 0.00637133 -0.0321353 
v -0.00571535 0.00663454 -0.033628 
vn -0.618848 -0.314755 0.719692 
vn -0.618848 0.0496239 0.783941 
vn -0.85716 0.0987205 0.505501 
vn -0.85716 -0.265658 0.441251 
vn -0.974117 0.159634 0.160041 
vn -0.974117 -0.204745 0.0957914 
vn -0.953161 0.223742 -0.203529 
vn -0.953161 -0.140637 -0.267778 
vn -0.797259 0.281966 -0.533735 
vn -0.797259 -0.082413 -0.597985 
vn -0.528483 0.326064 -0.783829 
vn -0.528483 -0.0383148 -0.848079 
vn -0.184886 0.349793 -0.918402 
vn -0.184886 -0.0145859 -0.982652 
vn 0.184886 0.349793 -0.918402 
vn 0.184886 -0.0145859 -0.982652 
vn 0.528483 0.326064 -0.783829 
vn 0.528483 -0.0383148 -0.848079 
vn 0.797259 0.281966 -0.533735 
vn 0.797259 -0.082413 -0.597985 
vn 0.953161 0.223742 -0.203529 
vn 0.953161 -0.140637 -0.267778 
vn 0.974117 0.159634 0.160041 
vn 0.974117 -0.204745 0.0957914 
vn 0.85716 0.0987205 0.505501 
vn 0.85716 -0.265658 0.441251 
vn 0.618848 0.0496239 0.783941 
vn 0.596028 -0.317871 0.737366 
vn 0.425183 -0.157005 0.891386 
vn 0.324329 -0.343279 0.881459 
vn 0.596028 0.0465075 0.801615 
vn 0.324329 0.0210999 0.945709 
vn -0.596028 0.0465075 0.801615 
vn -0.425183 -0.157335 0.891328 
vn -0.324329 0.0210999 0.945709 
vn -0.596028 -0.317871 0.737366 
vn -0.324329 -0.343279 0.881459 
vn 0.618848 -0.314755 0.719692 
f 5529//5529 5530//5530 5531//5531 
f 5532//5532 5531//5531 5533//5533 
f 5534//5534 5533//5533 5535//5535 
f 5536//5536 5535//5535 5537//5537 
f 5538//5538 5537//5537 5539//5539 
f 5540//5540 5539//5539 5541//5541 
f 5542//5542 5541//5541 5543//5543 
f 5544//5544 5543//5543 5545//5545 
f 5546//5546 5545//5545 5547//5547 
f 5548//5548 5547//5547 5549//5549 
f 5550//5550 5549//5549 5551//5551 
f 5552//5552 5551//5551 5553//5553 
f 5554//5554 5553//5553 5555//5555 
f 5556//5556 5555//5555 5557//5557 
f 5557//5557 5558//5558 5556//5556 
f 5557//5557 5555//5555 5559//5559 
f 5559//5559 5560//5560 5557//5557 
f 5561//5561 5529//5529 5562//5562 
f 5562//5562 5563//5563 5561//5561 
f 5562//5562 5529//5529 5564//5564 
f 5564//5564 5565//5565 5562//5562 
f 5561//5561 5530//5530 5529//5529 
f 5556//5556 5566//5566 5555//5555 
f 5555//5555 5566//5566 5554//5554 
f 5553//5553 5554//5554 5552//5552 
f 5551//5551 5552//5552 5550//5550 
f 5549//5549 5550//5550 5548//5548 
f 5547//5547 5548//5548 5546//5546 
f 5545//5545 5546//5546 5544//5544 
f 5543//5543 5544//5544 5542//5542 
f 5541//5541 5542//5542 5540//5540 
f 5539//5539 5540//5540 5538//5538 
f 5537//5537 5538//5538 5536//5536 
f 5535//5535 5536//5536 5534//5534 
f 5533//5533 5534//5534 5532//5532 
f 5531//5531 5532//5532 5529//5529 
usemtl 0.749020_0.749020_0.749020_0.000000_0.000000
o mesh443
v -0.00592593 0.00637133 -0.0321353 
v -0.0084331 0.00637133 -0.0321353 
v -0.00720321 0.0154146 -0.0301054 
v -0.00592593 0.0245903 -0.0289228 
v -0.0084331 0.0245903 -0.0289228 
vn 0 0.263998 -0.964523 
vn 0 0.263998 -0.964523 
vn 0 0.173566 -0.984822 
vn 0 0.081809 -0.996648 
vn 0 0.081809 -0.996648 
f 5567//5567 5568//5568 5569//5569 
f 5569//5569 5570//5570 5567//5567 
f 5569//5569 5571//5571 5570//5570 
o mesh444
v -0.00592593 0.00660579 -0.0334649 
v -0.0084331 0.00637133 -0.0321353 
v -0.00592593 0.00637133 -0.0321353 
vn 0 0.984808 0.173648 
vn 0 0.984808 0.173648 
vn 0 0.984808 0.173648 
f 5572//5572 5573//5573 5574//5574 
o mesh445
v -0.00592593 0.0248247 -0.0302525 
v -0.00592593 0.0245903 -0.0289228 
v -0.0084331 0.0245903 -0.0289228 
vn 0 -0.984808 -0.173648 
vn 0 -0.984808 -0.173648 
vn 0 -0.984808 -0.173648 
f 5575//5575 5576//5576 5577//5577 
usemtl 0.250980_0.250980_0.250980_0.000000_0.000000
o mesh446
v -0.00571535 0.00185056 -0.0327845 
v -0.00571535 -0.0141709 -0.0235345 
v -0.00351627 -0.0154754 -0.025794 
v -0.00351627 0.000546048 -0.035044 
v -0.00243702 -0.0170939 -0.0285973 
v -0.00243702 -0.00107245 -0.0378473 
v -0.0026304 -0.0187973 -0.0315476 
v -0.0026304 -0.00277579 -0.0407976 
v -0.00406902 -0.0203443 -0.0342271 
v -0.00406902 -0.00432283 -0.0434771 
v -0.00654921 -0.021516 -0.0362565 
v -0.00654921 -0.00549453 -0.0455065 
v -0.00971984 -0.0221465 -0.0373486 
v -0.00971984 -0.00612501 -0.0465986 
v -0.013132 -0.0221465 -0.0373486 
v -0.013132 -0.00612501 -0.0465986 
v -0.0163026 -0.021516 -0.0362565 
v -0.0163026 -0.00549453 -0.0455065 
v -0.0187828 -0.0203443 -0.0342271 
v -0.0187828 -0.00432283 -0.0434771 
v -0.0202215 -0.0187973 -0.0315476 
v -0.0202215 -0.00277579 -0.0407976 
v -0.0204148 -0.0170939 -0.0285973 
v -0.0204148 -0.00107245 -0.0378473 
v -0.0193356 -0.0154754 -0.025794 
v -0.0193356 0.000546048 -0.035044 
v -0.0171365 -0.0141709 -0.0235345 
v -0.00592593 -0.0140881 -0.0233911 
v -0.00720321 -0.00518067 -0.0264797 
v -0.0084331 -0.013413 -0.0222218 
v -0.00592593 0.00193336 -0.0326411 
v -0.0084331 0.00260845 -0.0314718 
v -0.0169259 0.00193336 -0.0326411 
v -0.0156486 -0.00519518 -0.0264713 
v -0.0144187 0.00260845 -0.0314718 
v -0.0169259 -0.0140881 -0.0233911 
v -0.0144187 -0.013413 -0.0222218 
v -0.0171365 0.00185056 -0.0327845 
vn 0.618848 0.541922 0.568636 
vn 0.618848 0.221493 0.753636 
vn 0.85716 0.0801246 0.50878 
vn 0.85716 0.400554 0.32378 
vn 0.974117 -0.0952699 0.204988 
vn 0.974117 0.22516 0.0199877 
vn 0.953161 -0.279859 -0.11473 
vn 0.953161 0.0405703 -0.29973 
vn 0.797259 -0.447509 -0.405109 
vn 0.797259 -0.12708 -0.590109 
vn 0.528483 -0.574485 -0.625038 
vn 0.528483 -0.254056 -0.810038 
vn 0.184886 -0.64281 -0.743379 
vn 0.184886 -0.32238 -0.928379 
vn -0.184886 -0.64281 -0.743379 
vn -0.184886 -0.32238 -0.928379 
vn -0.528483 -0.574485 -0.625038 
vn -0.528483 -0.254056 -0.810038 
vn -0.797259 -0.447509 -0.405109 
vn -0.797259 -0.12708 -0.590109 
vn -0.953161 -0.279859 -0.11473 
vn -0.953161 0.0405703 -0.29973 
vn -0.974117 -0.0952699 0.204988 
vn -0.974117 0.22516 0.0199877 
vn -0.85716 0.0801246 0.50878 
vn -0.85716 0.400554 0.32378 
vn -0.618848 0.221493 0.753636 
vn 0.596028 0.230466 0.769179 
vn 0.425183 0.452699 0.783762 
vn 0.324329 0.303624 0.895893 
vn 0.596028 0.550895 0.584179 
vn 0.324329 0.624054 0.710893 
vn -0.596028 0.550895 0.584179 
vn -0.425183 0.452409 0.78393 
vn -0.324329 0.624054 0.710893 
vn -0.596028 0.230466 0.769179 
vn -0.324329 0.303624 0.895893 
vn -0.618848 0.541922 0.568636 
f 5578//5578 5579//5579 5580//5580 
f 5581//5581 5580//5580 5582//5582 
f 5583//5583 5582//5582 5584//5584 
f 5585//5585 5584//5584 5586//5586 
f 5587//5587 5586//5586 5588//5588 
f 5589//5589 5588//5588 5590//5590 
f 5591//5591 5590//5590 5592//5592 
f 5593//5593 5592//5592 5594//5594 
f 5595//5595 5594//5594 5596//5596 
f 5597//5597 5596//5596 5598//5598 
f 5599//5599 5598//5598 5600//5600 
f 5601//5601 5600//5600 5602//5602 
f 5603//5603 5602//5602 5604//5604 
f 5605//5605 5578//5578 5606//5606 
f 5606//5606 5607//5607 5605//5605 
f 5606//5606 5578//5578 5608//5608 
f 5608//5608 5609//5609 5606//5606 
f 5610//5610 5604//5604 5611//5611 
f 5611//5611 5612//5612 5610//5610 
f 5611//5611 5604//5604 5613//5613 
f 5613//5613 5614//5614 5611//5611 
f 5610//5610 5615//5615 5604//5604 
f 5605//5605 5579//5579 5578//5578 
f 5604//5604 5615//5615 5603//5603 
f 5602//5602 5603//5603 5601//5601 
f 5600//5600 5601//5601 5599//5599 
f 5598//5598 5599//5599 5597//5597 
f 5596//5596 5597//5597 5595//5595 
f 5594//5594 5595//5595 5593//5593 
f 5592//5592 5593//5593 5591//5591 
f 5590//5590 5591//5591 5589//5589 
f 5588//5588 5589//5589 5587//5587 
f 5586//5586 5587//5587 5585//5585 
f 5584//5584 5585//5585 5583//5583 
f 5582//5582 5583//5583 5581//5581 
f 5580//5580 5581//5581 5578//5578 
usemtl 0.749020_0.749020_0.749020_0.000000_0.000000
o mesh447
v -0.00592593 -0.013413 -0.0222218 
v -0.0084331 -0.013413 -0.0222218 
v -0.00720321 -0.00518067 -0.0264797 
v -0.00592593 0.00260845 -0.0314718 
v -0.0084331 0.00260845 -0.0314718 
vn 0 -0.417749 -0.908562 
vn 0 -0.417749 -0.908562 
vn 0 -0.500073 -0.865984 
vn 0 -0.577964 -0.816062 
vn 0 -0.577964 -0.816062 
f 5616//5616 5617//5617 5618//5618 
f 5618//5618 5619//5619 5616//5616 
f 5618//5618 5620//5620 5619//5619 
o mesh448
v -0.0084331 0.00260845 -0.0314718 
v -0.00592593 0.00193336 -0.0326411 
v -0.00592593 0.00260845 -0.0314718 
vn 0 -0.866025 0.5 
vn 0 -0.866025 0.5 
vn 0 -0.866025 0.5 
f 5621//5621 5622//5622 5623//5623 
o mesh449
v -0.0084331 -0.013413 -0.0222218 
v -0.00592593 -0.013413 -0.0222218 
v -0.00592593 -0.0140881 -0.0233911 
vn 0 0.866025 -0.5 
vn 0 0.866025 -0.5 
vn 0 0.866025 -0.5 
f 5624//5624 5625//5625 5626//5626 
o mesh450
v -0.0144187 0.0245903 0.0289228 
v -0.0169259 0.0245903 0.0289228 
v -0.0169259 0.0167424 0.0298806 
v -0.0156486 0.0154146 0.0301054 
v -0.0144187 0.00637133 0.0321353 
v -0.0169259 0.0140735 0.0303512 
v -0.0169259 0.0154064 0.0301068 
v -0.0169259 0.00637133 0.0321353 
vn 0 0.081809 0.996648 
vn 0 0.081809 0.996648 
vn 0 0.160288 0.98707 
vn 0 0.173566 0.984822 
vn 0 0.263998 0.964523 
vn 0 0.186977 0.982364 
vn 0 0.173648 0.984808 
vn 0 0.263998 0.964523 
f 5627//5627 5628//5628 5629//5629 
f 5629//5629 5630//5630 5627//5627 
f 5631//5631 5630//5630 5632//5632 
f 5630//5630 5633//5633 5632//5632 
f 5632//5632 5634//5634 5631//5631 
f 5629//5629 5633//5633 5630//5630 
o mesh451
v -0.0144187 0.0245903 0.0289228 
v -0.0169259 0.0248247 0.0302525 
v -0.0169259 0.0245903 0.0289228 
vn 0 -0.984808 0.173648 
vn 0 -0.984808 0.173648 
vn 0 -0.984808 0.173648 
f 5635//5635 5636//5636 5637//5637 
o mesh452
v -0.0144187 0.00637133 0.0321353 
v -0.0169259 0.00637133 0.0321353 
v -0.0169259 0.00660579 0.0334649 
vn 0 0.984808 -0.173648 
vn 0 0.984808 -0.173648 
vn 0 0.984808 -0.173648 
f 5638//5638 5639//5639 5640//5640 
o mesh453
v -0.0169259 -0.00339991 0.0418786 
v -0.0169259 0.00845801 0.0439694 
v -0.0169259 0.00660579 0.0334649 
v -0.0169259 0.00193336 0.0326411 
v -0.0169259 0.00637133 0.0321353 
v -0.0169259 0.0140735 0.0303512 
v -0.0169259 0.0100977 0.0306105 
v -0.0169259 0.00260845 0.0314718 
v -0.0169259 -0.0016164 0.0282804 
v -0.0169259 -0.00401902 0.027161 
vn -1 0 0 
vn -1 0 0 
vn -1 0 0 
vn -1 0 0 
vn -1 0 0 
vn -1 0 0 
vn -1 0 0 
vn -1 0 0 
vn -1 0 0 
vn -1 0 0 
f 5641//5641 5642//5642 5643//5643 
f 5644//5644 5643//5643 5645//5645 
f 5645//5645 5646//5646 5647//5647 
f 5645//5645 5648//5648 5644//5644 
f 5643//5643 5644//5644 5641//5641 
f 5648//5648 5647//5647 5649//5649 
f 5649//5649 5650//5650 5648//5648 
f 5647//5647 5648//5648 5645//5645 
o mesh454
v -0.0168093 -0.00374395 0.0424745 
v -0.0168676 0.00854313 0.0444522 
v -0.0169259 0.00845801 0.0439694 
v -0.0169259 -0.00339991 0.0418786 
v -0.016761 -0.0037875 0.0425499 
v -0.0167482 0.00859193 0.0447289 
v -0.0164706 -0.00404921 0.0430032 
v -0.0166018 0.00865179 0.0450684 
v -0.0163246 -0.00411341 0.0431144 
v -0.0163214 0.00870595 0.0453756 
v -0.0159523 -0.00427705 0.0433978 
v -0.0161559 0.0087379 0.0455568 
v -0.0156812 -0.00433067 0.0434907 
v -0.0156835 0.00878335 0.0458145 
v -0.0153239 -0.00440133 0.0436131 
v -0.0155777 0.00879354 0.0458723 
v -0.0149259 0.00881289 0.0459821 
v -0.0149259 -0.00442174 0.0436484 
vn -0.941695 -0.104253 0.31991 
vn -0.970856 -0.00837645 0.239519 
vn -1 -6.50521e-16 1.73472e-14 
vn -1 -6.50521e-16 1.73472e-14 
vn -0.924228 -0.118458 0.363002 
vn -0.923986 -0.012867 0.38221 
vn -0.772349 -0.198498 0.603387 
vn -0.837917 -0.0175017 0.545516 
vn -0.70775 -0.221156 0.670955 
vn -0.706734 -0.0216896 0.707147 
vn -0.513185 -0.26987 0.814746 
vn -0.614994 -0.0235261 0.788181 
vn -0.382989 -0.290873 0.876763 
vn -0.381895 -0.0265033 0.923826 
vn -0.198992 -0.309162 0.929958 
vn -0.325888 -0.0268676 0.945027 
vn 0 -0.0279309 0.99961 
vn 0 -0.31564 0.948879 
f 5651//5651 5652//5652 5653//5653 
f 5653//5653 5654//5654 5651//5651 
f 5655//5655 5656//5656 5652//5652 
f 5657//5657 5658//5658 5656//5656 
f 5656//5656 5655//5655 5657//5657 
f 5659//5659 5660//5660 5658//5658 
f 5661//5661 5662//5662 5660//5660 
f 5660//5660 5659//5659 5661//5661 
f 5663//5663 5664//5664 5662//5662 
f 5665//5665 5666//5666 5664//5664 
f 5665//5665 5667//5667 5666//5666 
f 5664//5664 5663//5663 5665//5665 
f 5665//5665 5668//5668 5667//5667 
f 5661//5661 5663//5663 5662//5662 
f 5657//5657 5659//5659 5658//5658 
f 5651//5651 5655//5655 5652//5652 
usemtl 0.250980_0.250980_0.250980_0.000000_0.000000
o mesh455
v -0.0169259 0.00845801 0.0439694 
v -0.0202215 0.00824126 0.0427402 
v -0.0204148 0.00764969 0.0393852 
v -0.00792593 0.00881289 0.0459821 
v -0.00971984 0.00940443 0.0493368 
v -0.013132 0.00940443 0.0493368 
v -0.0193356 0.0070876 0.0361974 
v -0.00592593 0.00845801 0.0439694 
v -0.00351627 0.0070876 0.0361974 
v -0.00243702 0.00764969 0.0393852 
v -0.00654921 0.00918547 0.048095 
v -0.0168676 0.00854313 0.0444522 
v -0.0171365 0.00663454 0.033628 
v -0.00571535 0.00663454 0.033628 
v -0.0149259 0.00881289 0.0459821 
v -0.0187828 0.00877854 0.0457872 
v -0.0163214 0.00870595 0.0453756 
v -0.0161559 0.0087379 0.0455568 
v -0.0167482 0.00859193 0.0447289 
v -0.0169259 0.00660579 0.0334649 
v -0.00592593 0.00660579 0.0334649 
v -0.00406902 0.00877854 0.0457872 
v -0.00604254 0.0085775 0.0446471 
v -0.0163026 0.00918547 0.048095 
v -0.0166018 0.00865179 0.0450684 
v -0.0026304 0.00824126 0.0427402 
v -0.00638123 0.00868351 0.0452483 
v -0.00609086 0.00859262 0.0447328 
v -0.00689956 0.00876264 0.0456971 
v -0.00652728 0.00870581 0.0453748 
v -0.00752794 0.0088058 0.0459418 
v -0.00717069 0.00878126 0.0458027 
v -0.0155777 0.00879354 0.0458723 
v -0.0156835 0.00878335 0.0458145 
vn 0 -0.984808 0.173648 
vn 0 -0.984808 0.173648 
vn 0 -0.984808 0.173648 
vn 0 -0.984808 0.173648 
vn 0 -0.984808 0.173648 
vn 0 -0.984808 0.173648 
vn 0 -0.984808 0.173648 
vn 0 -0.984808 0.173648 
vn 0 -0.984808 0.173648 
vn 0 -0.984808 0.173648 
vn 0 -0.984808 0.173648 
vn 0 -0.984808 0.173648 
vn 0 -0.984808 0.173648 
vn 0 -0.984808 0.173648 
vn 0 -0.984808 0.173648 
vn 0 -0.984808 0.173648 
vn 0 -0.984808 0.173648 
vn 0 -0.984808 0.173648 
vn 0 -0.984808 0.173648 
vn 0 -0.984808 0.173648 
vn 0 -0.984808 0.173648 
vn 0 -0.984808 0.173648 
vn 0 -0.984808 0.173648 
vn 0 -0.984808 0.173648 
vn 0 -0.984808 0.173648 
vn 0 -0.984808 0.173648 
vn 0 -0.984808 0.173648 
vn 0 -0.984808 0.173648 
vn 0 -0.984808 0.173648 
vn 0 -0.984808 0.173648 
vn 0 -0.984808 0.173648 
vn 0 -0.984808 0.173648 
vn 0 -0.984808 0.173648 
vn 0 -0.984808 0.173648 
f 5669//5669 5670//5670 5671//5671 
f 5672//5672 5673//5673 5674//5674 
f 5671//5671 5675//5675 5669//5669 
f 5676//5676 5677//5677 5678//5678 
f 5672//5672 5679//5679 5673//5673 
f 5670//5670 5669//5669 5680//5680 
f 5675//5675 5681//5681 5669//5669 
f 5676//5676 5682//5682 5677//5677 
f 5674//5674 5683//5683 5672//5672 
f 5684//5684 5685//5685 5686//5686 
f 5684//5684 5680//5680 5687//5687 
f 5681//5681 5688//5688 5669//5669 
f 5676//5676 5689//5689 5682//5682 
f 5690//5690 5691//5691 5676//5676 
f 5674//5674 5692//5692 5683//5683 
f 5684//5684 5693//5693 5685//5685 
f 5680//5680 5684//5684 5670//5670 
f 5676//5676 5694//5694 5690//5690 
f 5690//5690 5695//5695 5696//5696 
f 5679//5679 5697//5697 5698//5698 
f 5679//5679 5699//5699 5700//5700 
f 5692//5692 5701//5701 5683//5683 
f 5692//5692 5686//5686 5702//5702 
f 5687//5687 5693//5693 5684//5684 
f 5696//5696 5691//5691 5690//5690 
f 5698//5698 5690//5690 5679//5679 
f 5672//5672 5699//5699 5679//5679 
f 5686//5686 5692//5692 5684//5684 
f 5698//5698 5695//5695 5690//5690 
f 5702//5702 5701//5701 5692//5692 
f 5700//5700 5697//5697 5679//5679 
f 5678//5678 5694//5694 5676//5676 
o mesh456
v -0.00592593 -0.00339991 0.0418786 
v -0.0026304 -0.00277579 0.0407976 
v -0.00243702 -0.00107245 0.0378473 
v -0.00792593 -0.00442174 0.0436484 
v -0.0149259 -0.00442174 0.0436484 
v -0.013132 -0.00612501 0.0465986 
v -0.00351627 0.000546048 0.035044 
v -0.0169259 -0.00339991 0.0418786 
v -0.0193356 0.000546048 0.035044 
v -0.0204148 -0.00107245 0.0378473 
v -0.00971984 -0.00612501 0.0465986 
v -0.00598421 -0.00364499 0.0423031 
v -0.00571535 0.00185056 0.0327845 
v -0.0171365 0.00185056 0.0327845 
v -0.0163026 -0.00549453 0.0455065 
v -0.00406902 -0.00432283 0.0434771 
v -0.0065305 -0.00411382 0.0431151 
v -0.00669594 -0.00420582 0.0432744 
v -0.00610361 -0.0037855 0.0425464 
v -0.00592593 0.00193336 0.0326411 
v -0.0169259 0.00193336 0.0326411 
v -0.0187828 -0.00432283 0.0434771 
v -0.0168093 -0.00374395 0.0424745 
v -0.00654921 -0.00549453 0.0455065 
v -0.00625009 -0.00395787 0.042845 
v -0.0202215 -0.00277579 0.0407976 
v -0.0164706 -0.00404921 0.0430032 
v -0.016761 -0.0037875 0.0425499 
v -0.0159523 -0.00427705 0.0433978 
v -0.0163246 -0.00411341 0.0431144 
v -0.0153239 -0.00440133 0.0436131 
v -0.0156812 -0.00433067 0.0434907 
v -0.00727415 -0.00436601 0.0435519 
v -0.00716834 -0.0043367 0.0435011 
vn 0 0.866025 0.5 
vn 0 0.866025 0.5 
vn 0 0.866025 0.5 
vn 0 0.866025 0.5 
vn 0 0.866025 0.5 
vn 0 0.866025 0.5 
vn 0 0.866025 0.5 
vn 0 0.866025 0.5 
vn 0 0.866025 0.5 
vn 0 0.866025 0.5 
vn 0 0.866025 0.5 
vn 0 0.866025 0.5 
vn 0 0.866025 0.5 
vn 0 0.866025 0.5 
vn 0 0.866025 0.5 
vn 0 0.866025 0.5 
vn 0 0.866025 0.5 
vn 0 0.866025 0.5 
vn 0 0.866025 0.5 
vn 0 0.866025 0.5 
vn 0 0.866025 0.5 
vn 0 0.866025 0.5 
vn 0 0.866025 0.5 
vn 0 0.866025 0.5 
vn 0 0.866025 0.5 
vn 0 0.866025 0.5 
vn 0 0.866025 0.5 
vn 0 0.866025 0.5 
vn 0 0.866025 0.5 
vn 0 0.866025 0.5 
vn 0 0.866025 0.5 
vn 0 0.866025 0.5 
vn 0 0.866025 0.5 
vn 0 0.866025 0.5 
f 5703//5703 5704//5704 5705//5705 
f 5706//5706 5707//5707 5708//5708 
f 5705//5705 5709//5709 5703//5703 
f 5710//5710 5711//5711 5712//5712 
f 5708//5708 5713//5713 5706//5706 
f 5704//5704 5703//5703 5714//5714 
f 5709//5709 5715//5715 5703//5703 
f 5710//5710 5716//5716 5711//5711 
f 5707//5707 5717//5717 5708//5708 
f 5718//5718 5719//5719 5720//5720 
f 5718//5718 5714//5714 5721//5721 
f 5715//5715 5722//5722 5703//5703 
f 5710//5710 5723//5723 5716//5716 
f 5724//5724 5725//5725 5710//5710 
f 5713//5713 5726//5726 5706//5706 
f 5718//5718 5727//5727 5719//5719 
f 5714//5714 5718//5718 5704//5704 
f 5710//5710 5728//5728 5724//5724 
f 5724//5724 5729//5729 5730//5730 
f 5717//5717 5731//5731 5732//5732 
f 5717//5717 5733//5733 5734//5734 
f 5726//5726 5735//5735 5706//5706 
f 5726//5726 5720//5720 5736//5736 
f 5721//5721 5727//5727 5718//5718 
f 5730//5730 5725//5725 5724//5724 
f 5732//5732 5724//5724 5717//5717 
f 5707//5707 5733//5733 5717//5717 
f 5720//5720 5726//5726 5718//5718 
f 5732//5732 5729//5729 5724//5724 
f 5736//5736 5735//5735 5726//5726 
f 5734//5734 5731//5731 5717//5717 
f 5712//5712 5728//5728 5710//5710 
usemtl 0.749020_0.749020_0.749020_0.000000_0.000000
o mesh457
v -0.00604254 0.0085775 0.0446471 
v -0.00598421 -0.00364499 0.0423031 
v -0.00592593 -0.00339991 0.0418786 
v -0.00592593 0.00845801 0.0439694 
v -0.00609086 0.00859262 0.0447328 
v -0.00610361 -0.0037855 0.0425464 
v -0.00638123 0.00868351 0.0452483 
v -0.00625009 -0.00395787 0.042845 
v -0.00652728 0.00870581 0.0453748 
v -0.0065305 -0.00411382 0.0431151 
v -0.00689956 0.00876264 0.0456971 
v -0.00669594 -0.00420582 0.0432744 
v -0.00717069 0.00878126 0.0458027 
v -0.00716834 -0.0043367 0.0435011 
v -0.00752794 0.0088058 0.0459418 
v -0.00727415 -0.00436601 0.0435519 
v -0.00792593 -0.00442174 0.0436484 
v -0.00792593 0.00881289 0.0459821 
vn 0.941695 -0.01145 0.336274 
vn 0.970856 -0.0740489 0.227939 
vn 1 -4.33681e-15 1.38778e-14 
vn 1 -4.33681e-15 1.38778e-14 
vn 0.924228 -0.0128402 0.381625 
vn 0.923986 -0.118632 0.36356 
vn 0.772349 -0.0198429 0.634888 
vn 0.837917 -0.170131 0.518604 
vn 0.70775 -0.0216611 0.706131 
vn 0.706734 -0.221477 0.671919 
vn 0.513185 -0.0250645 0.857912 
vn 0.614994 -0.247466 0.748694 
vn 0.382989 -0.0265393 0.923372 
vn 0.381895 -0.291062 0.877177 
vn 0.198992 -0.0275473 0.979614 
vn 0.325888 -0.297971 0.897224 
vn 0 -0.31564 0.948879 
vn 0 -0.0279309 0.99961 
f 5737//5737 5738//5738 5739//5739 
f 5739//5739 5740//5740 5737//5737 
f 5741//5741 5742//5742 5738//5738 
f 5743//5743 5744//5744 5742//5742 
f 5742//5742 5741//5741 5743//5743 
f 5745//5745 5746//5746 5744//5744 
f 5747//5747 5748//5748 5746//5746 
f 5746//5746 5745//5745 5747//5747 
f 5749//5749 5750//5750 5748//5748 
f 5751//5751 5752//5752 5750//5750 
f 5751//5751 5753//5753 5752//5752 
f 5750//5750 5749//5749 5751//5751 
f 5751//5751 5754//5754 5753//5753 
f 5747//5747 5749//5749 5748//5748 
f 5743//5743 5745//5745 5744//5744 
f 5737//5737 5741//5741 5738//5738 
o mesh458
v -0.00792593 0.00881289 0.0459821 
v -0.0149259 0.00881289 0.0459821 
v -0.0149259 -0.00442174 0.0436484 
v -0.00792593 -0.00442174 0.0436484 
vn 0 -0.0279309 0.99961 
vn 0 -0.0279309 0.99961 
vn 0 -0.31564 0.948879 
vn 0 -0.31564 0.948879 
f 5755//5755 5756//5756 5757//5757 
f 5757//5757 5758//5758 5755//5755 
o mesh459
v -0.0169259 0.0248247 0.0302525 
v -0.0169259 0.0289336 0.0278802 
v -0.0169259 0.0278993 0.0270123 
v -0.0169259 0.026677 0.0407569 
v -0.0169259 0.0371046 0.0347365 
v -0.0169259 0.0245903 0.0289228 
v -0.0169259 0.0218118 0.0282804 
v -0.0169259 0.0326527 0.0206947 
v -0.0169259 0.0317426 0.0216449 
v -0.0169259 0.0167424 0.0298806 
vn -1 0 0 
vn -1 0 0 
vn -1 0 0 
vn -1 0 0 
vn -1 0 0 
vn -1 0 0 
vn -1 0 0 
vn -1 0 0 
vn -1 0 0 
vn -1 0 0 
f 5759//5759 5760//5760 5761//5761 
f 5762//5762 5763//5763 5760//5760 
f 5760//5760 5759//5759 5762//5762 
f 5764//5764 5761//5761 5765//5765 
f 5761//5761 5766//5766 5767//5767 
f 5765//5765 5768//5768 5764//5764 
f 5761//5761 5764//5764 5759//5759 
f 5767//5767 5765//5765 5761//5761 
o mesh460
v -0.0168093 0.0267964 0.0414346 
v -0.0168676 0.0374801 0.0350516 
v -0.0169259 0.0371046 0.0347365 
v -0.0169259 0.026677 0.0407569 
v -0.016761 0.0268116 0.0415203 
v -0.0167482 0.0376954 0.0352322 
v -0.0164706 0.0269025 0.0420358 
v -0.0166018 0.0379595 0.0354538 
v -0.0163246 0.0269248 0.0421623 
v -0.0163214 0.0381984 0.0356543 
v -0.0159523 0.0269816 0.0424846 
v -0.0161559 0.0383394 0.0357726 
v -0.0156812 0.0270002 0.0425902 
v -0.0156835 0.0385399 0.0359408 
v -0.0153239 0.0270247 0.0427294 
v -0.0155777 0.0385848 0.0359785 
v -0.0149259 0.0386702 0.0360502 
v -0.0149259 0.0270318 0.0427696 
vn -0.941695 0.125772 0.312078 
vn -0.970856 0.147543 0.188866 
vn -1 5.20417e-15 6.93889e-15 
vn -1 5.20417e-15 6.93889e-15 
vn -0.924228 0.142589 0.354219 
vn -0.923986 0.235823 0.30106 
vn -0.772349 0.235791 0.589813 
vn -0.837917 0.337244 0.42914 
vn -0.70775 0.261866 0.656138 
vn -0.706734 0.43793 0.555648 
vn -0.513185 0.316976 0.797601 
vn -0.614994 0.488611 0.618904 
vn -0.382989 0.340751 0.858609 
vn -0.381895 0.573521 0.724727 
vn -0.198992 0.360934 0.911114 
vn -0.325888 0.58687 0.741203 
vn -9.54098e-15 0.621141 0.783699 
vn 0 0.368133 0.929773 
f 5769//5769 5770//5770 5771//5771 
f 5771//5771 5772//5772 5769//5769 
f 5773//5773 5774//5774 5770//5770 
f 5775//5775 5776//5776 5774//5774 
f 5774//5774 5773//5773 5775//5775 
f 5777//5777 5778//5778 5776//5776 
f 5779//5779 5780//5780 5778//5778 
f 5778//5778 5777//5777 5779//5779 
f 5781//5781 5782//5782 5780//5780 
f 5783//5783 5784//5784 5782//5782 
f 5783//5783 5785//5785 5784//5784 
f 5782//5782 5781//5781 5783//5783 
f 5783//5783 5786//5786 5785//5785 
f 5779//5779 5781//5781 5780//5780 
f 5775//5775 5777//5777 5776//5776 
f 5769//5769 5773//5773 5770//5770 
usemtl 0.250980_0.250980_0.250980_0.000000_0.000000
o mesh461
v -0.00592593 0.026677 0.0407569 
v -0.0026304 0.0264602 0.0395277 
v -0.00243702 0.0258686 0.0361727 
v -0.00792593 0.0270318 0.0427696 
v -0.0149259 0.0270318 0.0427696 
v -0.013132 0.0276234 0.0461243 
v -0.00351627 0.0253065 0.0329849 
v -0.0169259 0.026677 0.0407569 
v -0.0193356 0.0253065 0.0329849 
v -0.0204148 0.0258686 0.0361727 
v -0.00971984 0.0276234 0.0461243 
v -0.00598421 0.0267621 0.0412397 
v -0.00571535 0.0248535 0.0304155 
v -0.0171365 0.0248535 0.0304155 
v -0.0163026 0.0274044 0.0448825 
v -0.00406902 0.0269975 0.0425747 
v -0.0065305 0.0269249 0.0421631 
v -0.00669594 0.0269568 0.0423443 
v -0.00610361 0.0268109 0.0415164 
v -0.00592593 0.0248247 0.0302525 
v -0.0169259 0.0248247 0.0302525 
v -0.0187828 0.0269975 0.0425747 
v -0.0168093 0.0267964 0.0414346 
v -0.00654921 0.0274044 0.0448825 
v -0.00625009 0.0268707 0.0418559 
v -0.0202215 0.0264602 0.0395277 
v -0.0164706 0.0269025 0.0420358 
v -0.016761 0.0268116 0.0415203 
v -0.0159523 0.0269816 0.0424846 
v -0.0163246 0.0269248 0.0421623 
v -0.0153239 0.0270247 0.0427294 
v -0.0156812 0.0270002 0.0425902 
v -0.00727415 0.0270125 0.0426598 
v -0.00716834 0.0270023 0.0426021 
vn 0 0.984808 -0.173648 
vn 0 0.984808 -0.173648 
vn 0 0.984808 -0.173648 
vn 0 0.984808 -0.173648 
vn 0 0.984808 -0.173648 
vn 0 0.984808 -0.173648 
vn 0 0.984808 -0.173648 
vn 0 0.984808 -0.173648 
vn 0 0.984808 -0.173648 
vn 0 0.984808 -0.173648 
vn 0 0.984808 -0.173648 
vn 0 0.984808 -0.173648 
vn 0 0.984808 -0.173648 
vn 0 0.984808 -0.173648 
vn 0 0.984808 -0.173648 
vn 0 0.984808 -0.173648 
vn 0 0.984808 -0.173648 
vn 0 0.984808 -0.173648 
vn 0 0.984808 -0.173648 
vn 0 0.984808 -0.173648 
vn 0 0.984808 -0.173648 
vn 0 0.984808 -0.173648 
vn 0 0.984808 -0.173648 
vn 0 0.984808 -0.173648 
vn 0 0.984808 -0.173648 
vn 0 0.984808 -0.173648 
vn 0 0.984808 -0.173648 
vn 0 0.984808 -0.173648 
vn 0 0.984808 -0.173648 
vn 0 0.984808 -0.173648 
vn 0 0.984808 -0.173648 
vn 0 0.984808 -0.173648 
vn 0 0.984808 -0.173648 
vn 0 0.984808 -0.173648 
f 5787//5787 5788//5788 5789//5789 
f 5790//5790 5791//5791 5792//5792 
f 5789//5789 5793//5793 5787//5787 
f 5794//5794 5795//5795 5796//5796 
f 5792//5792 5797//5797 5790//5790 
f 5788//5788 5787//5787 5798//5798 
f 5793//5793 5799//5799 5787//5787 
f 5794//5794 5800//5800 5795//5795 
f 5791//5791 5801//5801 5792//5792 
f 5802//5802 5803//5803 5804//5804 
f 5802//5802 5798//5798 5805//5805 
f 5799//5799 5806//5806 5787//5787 
f 5794//5794 5807//5807 5800//5800 
f 5808//5808 5809//5809 5794//5794 
f 5797//5797 5810//5810 5790//5790 
f 5802//5802 5811//5811 5803//5803 
f 5798//5798 5802//5802 5788//5788 
f 5794//5794 5812//5812 5808//5808 
f 5808//5808 5813//5813 5814//5814 
f 5801//5801 5815//5815 5816//5816 
f 5801//5801 5817//5817 5818//5818 
f 5810//5810 5819//5819 5790//5790 
f 5810//5810 5804//5804 5820//5820 
f 5805//5805 5811//5811 5802//5802 
f 5814//5814 5809//5809 5808//5808 
f 5816//5816 5808//5808 5801//5801 
f 5791//5791 5817//5817 5801//5801 
f 5804//5804 5810//5810 5802//5802 
f 5816//5816 5813//5813 5808//5808 
f 5820//5820 5819//5819 5810//5810 
f 5818//5818 5815//5815 5801//5801 
f 5796//5796 5812//5812 5794//5794 
o mesh462
v -0.0169259 0.0371046 0.0347365 
v -0.0204148 0.0335388 0.0317444 
v -0.0193356 0.0310591 0.0296637 
v -0.00792593 0.0386702 0.0360502 
v -0.00971984 0.0412797 0.0382398 
v -0.013132 0.0412797 0.0382398 
v -0.0202215 0.0361484 0.0339342 
v -0.00592593 0.0371046 0.0347365 
v -0.00351627 0.0310591 0.0296637 
v -0.00243702 0.0335388 0.0317444 
v -0.00654921 0.0403138 0.0374293 
v -0.0168676 0.0374801 0.0350516 
v -0.0171365 0.0290605 0.0279867 
v -0.00571535 0.0290605 0.0279867 
v -0.0149259 0.0386702 0.0360502 
v -0.0187828 0.0385186 0.035923 
v -0.0163214 0.0381984 0.0356543 
v -0.0161559 0.0383394 0.0357726 
v -0.0167482 0.0376954 0.0352322 
v -0.0169259 0.0289336 0.0278802 
v -0.00592593 0.0289336 0.0278802 
v -0.00406902 0.0385186 0.035923 
v -0.00604254 0.0376317 0.0351788 
v -0.0163026 0.0403138 0.0374293 
v -0.0166018 0.0379595 0.0354538 
v -0.0026304 0.0361484 0.0339342 
v -0.00638123 0.0380994 0.0355712 
v -0.00609086 0.0376985 0.0352348 
v -0.00689956 0.0384485 0.0358641 
v -0.00652728 0.0381978 0.0356538 
v -0.00752794 0.0386389 0.0360239 
v -0.00717069 0.0385306 0.0359331 
v -0.0155777 0.0385848 0.0359785 
v -0.0156835 0.0385399 0.0359408 
vn 0 -0.642788 0.766044 
vn 0 -0.642788 0.766044 
vn 0 -0.642788 0.766044 
vn 0 -0.642788 0.766044 
vn 0 -0.642788 0.766044 
vn 0 -0.642788 0.766044 
vn 0 -0.642788 0.766044 
vn 0 -0.642788 0.766044 
vn 0 -0.642788 0.766044 
vn 0 -0.642788 0.766044 
vn 0 -0.642788 0.766044 
vn 0 -0.642788 0.766044 
vn 0 -0.642788 0.766044 
vn 0 -0.642788 0.766044 
vn 0 -0.642788 0.766044 
vn 0 -0.642788 0.766044 
vn 0 -0.642788 0.766044 
vn 0 -0.642788 0.766044 
vn 0 -0.642788 0.766044 
vn 0 -0.642788 0.766044 
vn 0 -0.642788 0.766044 
vn 0 -0.642788 0.766044 
vn 0 -0.642788 0.766044 
vn 0 -0.642788 0.766044 
vn 0 -0.642788 0.766044 
vn 0 -0.642788 0.766044 
vn 0 -0.642788 0.766044 
vn 0 -0.642788 0.766044 
vn 0 -0.642788 0.766044 
vn 0 -0.642788 0.766044 
vn 0 -0.642788 0.766044 
vn 0 -0.642788 0.766044 
vn 0 -0.642788 0.766044 
vn 0 -0.642788 0.766044 
f 5821//5821 5822//5822 5823//5823 
f 5824//5824 5825//5825 5826//5826 
f 5821//5821 5827//5827 5822//5822 
f 5828//5828 5829//5829 5830//5830 
f 5824//5824 5831//5831 5825//5825 
f 5827//5827 5821//5821 5832//5832 
f 5823//5823 5833//5833 5821//5821 
f 5828//5828 5834//5834 5829//5829 
f 5826//5826 5835//5835 5824//5824 
f 5836//5836 5837//5837 5838//5838 
f 5836//5836 5832//5832 5839//5839 
f 5833//5833 5840//5840 5821//5821 
f 5828//5828 5841//5841 5834//5834 
f 5842//5842 5843//5843 5828//5828 
f 5826//5826 5844//5844 5835//5835 
f 5836//5836 5845//5845 5837//5837 
f 5832//5832 5836//5836 5827//5827 
f 5828//5828 5846//5846 5842//5842 
f 5842//5842 5847//5847 5848//5848 
f 5831//5831 5849//5849 5850//5850 
f 5831//5831 5851//5851 5852//5852 
f 5844//5844 5853//5853 5835//5835 
f 5844//5844 5838//5838 5854//5854 
f 5839//5839 5845//5845 5836//5836 
f 5848//5848 5843//5843 5842//5842 
f 5850//5850 5842//5842 5831//5831 
f 5824//5824 5851//5851 5831//5831 
f 5838//5838 5844//5844 5836//5836 
f 5850//5850 5847//5847 5842//5842 
f 5854//5854 5853//5853 5844//5844 
f 5852//5852 5849//5849 5831//5831 
f 5830//5830 5846//5846 5828//5828 
usemtl 0.749020_0.749020_0.749020_0.000000_0.000000
o mesh463
v -0.00604254 0.0376317 0.0351788 
v -0.00598421 0.0267621 0.0412397 
v -0.00592593 0.026677 0.0407569 
v -0.00592593 0.0371046 0.0347365 
v -0.00609086 0.0376985 0.0352348 
v -0.00610361 0.0268109 0.0415164 
v -0.00638123 0.0380994 0.0355712 
v -0.00625009 0.0268707 0.0418559 
v -0.00652728 0.0381978 0.0356538 
v -0.0065305 0.0269249 0.0421631 
v -0.00689956 0.0384485 0.0358641 
v -0.00669594 0.0269568 0.0423443 
v -0.00717069 0.0385306 0.0359331 
v -0.00716834 0.0270023 0.0426021 
v -0.00752794 0.0386389 0.0360239 
v -0.00727415 0.0270125 0.0426598 
v -0.00792593 0.0270318 0.0427696 
v -0.00792593 0.0386702 0.0360502 
vn 0.941695 0.207381 0.26496 
vn 0.970856 0.0897915 0.222209 
vn 1 5.20417e-15 1.38778e-14 
vn 1 5.20417e-15 1.38778e-14 
vn 0.924228 0.235468 0.300595 
vn 0.923986 0.142814 0.354759 
vn 0.772349 0.392898 0.499108 
vn 0.837917 0.203024 0.506632 
vn 0.70775 0.437299 0.554851 
vn 0.706734 0.26224 0.657082 
vn 0.513185 0.532255 0.67331 
vn 0.614994 0.291681 0.732602 
vn 0.382989 0.573202 0.724403 
vn 0.381895 0.340872 0.859047 
vn 0.198992 0.608581 0.768135 
vn 0.325888 0.348465 0.878845 
vn 0 0.368133 0.929773 
vn 0 0.621141 0.783699 
f 5855//5855 5856//5856 5857//5857 
f 5857//5857 5858//5858 5855//5855 
f 5859//5859 5860//5860 5856//5856 
f 5861//5861 5862//5862 5860//5860 
f 5860//5860 5859//5859 5861//5861 
f 5863//5863 5864//5864 5862//5862 
f 5865//5865 5866//5866 5864//5864 
f 5864//5864 5863//5863 5865//5865 
f 5867//5867 5868//5868 5866//5866 
f 5869//5869 5870//5870 5868//5868 
f 5869//5869 5871//5871 5870//5870 
f 5868//5868 5867//5867 5869//5869 
f 5869//5869 5872//5872 5871//5871 
f 5865//5865 5867//5867 5866//5866 
f 5861//5861 5863//5863 5862//5862 
f 5855//5855 5859//5859 5856//5856 
o mesh464
v -0.00792593 0.0386702 0.0360502 
v -0.0149259 0.0386702 0.0360502 
v -0.0149259 0.0270318 0.0427696 
v -0.00792593 0.0270318 0.0427696 
vn 0 0.621141 0.783699 
vn 0 0.621141 0.783699 
vn 0 0.368133 0.929773 
vn 0 0.368133 0.929773 
f 5873//5873 5874//5874 5875//5875 
f 5875//5875 5876//5876 5873//5873 
usemtl 0.250980_0.250980_0.250980_0.000000_0.000000
o mesh465
v -0.0171365 0.0248535 0.0304155 
v -0.0171365 0.00663454 0.033628 
v -0.0193356 0.0070876 0.0361974 
v -0.0193356 0.0253065 0.0329849 
v -0.0204148 0.00764969 0.0393852 
v -0.0204148 0.0258686 0.0361727 
v -0.0202215 0.00824126 0.0427402 
v -0.0202215 0.0264602 0.0395277 
v -0.0187828 0.00877854 0.0457872 
v -0.0187828 0.0269975 0.0425747 
v -0.0163026 0.00918547 0.048095 
v -0.0163026 0.0274044 0.0448825 
v -0.013132 0.00940443 0.0493368 
v -0.013132 0.0276234 0.0461243 
v -0.00971984 0.00940443 0.0493368 
v -0.00971984 0.0276234 0.0461243 
v -0.00654921 0.00918547 0.048095 
v -0.00654921 0.0274044 0.0448825 
v -0.00406902 0.00877854 0.0457872 
v -0.00406902 0.0269975 0.0425747 
v -0.0026304 0.00824126 0.0427402 
v -0.0026304 0.0264602 0.0395277 
v -0.00243702 0.00764969 0.0393852 
v -0.00243702 0.0258686 0.0361727 
v -0.00351627 0.0070876 0.0361974 
v -0.00351627 0.0253065 0.0329849 
v -0.00571535 0.00663454 0.033628 
v -0.0169259 0.00660579 0.0334649 
v -0.0156486 0.0154146 0.0301054 
v -0.0144187 0.00637133 0.0321353 
v -0.0169259 0.0248247 0.0302525 
v -0.0144187 0.0245903 0.0289228 
v -0.00592593 0.0248247 0.0302525 
v -0.00720321 0.0153981 0.0301083 
v -0.0084331 0.0245903 0.0289228 
v -0.00592593 0.00660579 0.0334649 
v -0.0084331 0.00637133 0.0321353 
v -0.00571535 0.0248535 0.0304155 
vn -0.618848 0.0496239 -0.783941 
vn -0.618848 -0.314755 -0.719692 
vn -0.85716 -0.265658 -0.441251 
vn -0.85716 0.0987205 -0.505501 
vn -0.974117 -0.204745 -0.0957914 
vn -0.974117 0.159634 -0.160041 
vn -0.953161 -0.140637 0.267778 
vn -0.953161 0.223742 0.203529 
vn -0.797259 -0.082413 0.597985 
vn -0.797259 0.281966 0.533735 
vn -0.528483 -0.0383148 0.848079 
vn -0.528483 0.326064 0.783829 
vn -0.184886 -0.0145859 0.982652 
vn -0.184886 0.349793 0.918402 
vn 0.184886 -0.0145859 0.982652 
vn 0.184886 0.349793 0.918402 
vn 0.528483 -0.0383148 0.848079 
vn 0.528483 0.326064 0.783829 
vn 0.797259 -0.082413 0.597985 
vn 0.797259 0.281966 0.533735 
vn 0.953161 -0.140637 0.267778 
vn 0.953161 0.223742 0.203529 
vn 0.974117 -0.204745 -0.0957914 
vn 0.974117 0.159634 -0.160041 
vn 0.85716 -0.265658 -0.441251 
vn 0.85716 0.0987205 -0.505501 
vn 0.618848 -0.314755 -0.719692 
vn -0.596028 -0.317871 -0.737366 
vn -0.425183 -0.157005 -0.891386 
vn -0.324329 -0.343279 -0.881459 
vn -0.596028 0.0465075 -0.801615 
vn -0.324329 0.0210999 -0.945709 
vn 0.596028 0.0465075 -0.801615 
vn 0.425183 -0.157335 -0.891328 
vn 0.324329 0.0210999 -0.945709 
vn 0.596028 -0.317871 -0.737366 
vn 0.324329 -0.343279 -0.881459 
vn 0.618848 0.0496239 -0.783941 
f 5877//5877 5878//5878 5879//5879 
f 5880//5880 5879//5879 5881//5881 
f 5882//5882 5881//5881 5883//5883 
f 5884//5884 5883//5883 5885//5885 
f 5886//5886 5885//5885 5887//5887 
f 5888//5888 5887//5887 5889//5889 
f 5890//5890 5889//5889 5891//5891 
f 5892//5892 5891//5891 5893//5893 
f 5894//5894 5893//5893 5895//5895 
f 5896//5896 5895//5895 5897//5897 
f 5898//5898 5897//5897 5899//5899 
f 5900//5900 5899//5899 5901//5901 
f 5902//5902 5901//5901 5903//5903 
f 5904//5904 5877//5877 5905//5905 
f 5905//5905 5906//5906 5904//5904 
f 5905//5905 5877//5877 5907//5907 
f 5907//5907 5908//5908 5905//5905 
f 5909//5909 5903//5903 5910//5910 
f 5910//5910 5911//5911 5909//5909 
f 5910//5910 5903//5903 5912//5912 
f 5912//5912 5913//5913 5910//5910 
f 5909//5909 5914//5914 5903//5903 
f 5904//5904 5878//5878 5877//5877 
f 5903//5903 5914//5914 5902//5902 
f 5901//5901 5902//5902 5900//5900 
f 5899//5899 5900//5900 5898//5898 
f 5897//5897 5898//5898 5896//5896 
f 5895//5895 5896//5896 5894//5894 
f 5893//5893 5894//5894 5892//5892 
f 5891//5891 5892//5892 5890//5890 
f 5889//5889 5890//5890 5888//5888 
f 5887//5887 5888//5888 5886//5886 
f 5885//5885 5886//5886 5884//5884 
f 5883//5883 5884//5884 5882//5882 
f 5881//5881 5882//5882 5880//5880 
f 5879//5879 5880//5880 5877//5877 
usemtl 0.749020_0.749020_0.749020_0.000000_0.000000
o mesh466
v -0.00592593 0.0245903 0.0289228 
v -0.0084331 0.0245903 0.0289228 
v -0.00720321 0.0153981 0.0301083 
v -0.00592593 0.00637133 0.0321353 
v -0.0084331 0.00637133 0.0321353 
vn 0 0.081809 0.996648 
vn 0 0.081809 0.996648 
vn 0 0.173731 0.984793 
vn 0 0.263998 0.964523 
vn 0 0.263998 0.964523 
f 5915//5915 5916//5916 5917//5917 
f 5917//5917 5918//5918 5915//5915 
f 5917//5917 5919//5919 5918//5918 
o mesh467
v -0.00592593 0.0248247 0.0302525 
v -0.0084331 0.0245903 0.0289228 
v -0.00592593 0.0245903 0.0289228 
vn 0 -0.984808 0.173648 
vn 0 -0.984808 0.173648 
vn 0 -0.984808 0.173648 
f 5920//5920 5921//5921 5922//5922 
o mesh468
v -0.00592593 0.00660579 0.0334649 
v -0.00592593 0.00637133 0.0321353 
v -0.0084331 0.00637133 0.0321353 
vn 0 0.984808 -0.173648 
vn 0 0.984808 -0.173648 
vn 0 0.984808 -0.173648 
f 5923//5923 5924//5924 5925//5925 
usemtl 0.250980_0.250980_0.250980_0.000000_0.000000
o mesh469
v -0.00571535 -0.0141709 0.0235345 
v -0.00571535 0.00185056 0.0327845 
v -0.00351627 0.000546048 0.035044 
v -0.00351627 -0.0154754 0.025794 
v -0.00243702 -0.00107245 0.0378473 
v -0.00243702 -0.0170939 0.0285973 
v -0.0026304 -0.00277579 0.0407976 
v -0.0026304 -0.0187973 0.0315476 
v -0.00406902 -0.00432283 0.0434771 
v -0.00406902 -0.0203443 0.0342271 
v -0.00654921 -0.00549453 0.0455065 
v -0.00654921 -0.021516 0.0362565 
v -0.00971984 -0.00612501 0.0465986 
v -0.00971984 -0.0221465 0.0373486 
v -0.013132 -0.00612501 0.0465986 
v -0.013132 -0.0221465 0.0373486 
v -0.0163026 -0.00549453 0.0455065 
v -0.0163026 -0.021516 0.0362565 
v -0.0187828 -0.00432283 0.0434771 
v -0.0187828 -0.0203443 0.0342271 
v -0.0202215 -0.00277579 0.0407976 
v -0.0202215 -0.0187973 0.0315476 
v -0.0204148 -0.00107245 0.0378473 
v -0.0204148 -0.0170939 0.0285973 
v -0.0193356 0.000546048 0.035044 
v -0.0193356 -0.0154754 0.025794 
v -0.0171365 0.00185056 0.0327845 
v -0.0169259 -0.0140881 0.0233911 
v -0.0156486 -0.00518067 0.0264797 
v -0.0144187 -0.013413 0.0222218 
v -0.0169259 0.00193336 0.0326411 
v -0.0144187 0.00260845 0.0314718 
v -0.00592593 0.00193336 0.0326411 
v -0.00720321 -0.00519518 0.0264713 
v -0.0084331 0.00260845 0.0314718 
v -0.00592593 -0.0140881 0.0233911 
v -0.0084331 -0.013413 0.0222218 
v -0.0171365 -0.0141709 0.0235345 
vn 0.618848 0.221493 -0.753636 
vn 0.618848 0.541922 -0.568636 
vn 0.85716 0.400554 -0.32378 
vn 0.85716 0.0801246 -0.50878 
vn 0.974117 0.22516 -0.0199877 
vn 0.974117 -0.0952699 -0.204988 
vn 0.953161 0.0405703 0.29973 
vn 0.953161 -0.279859 0.11473 
vn 0.797259 -0.12708 0.590109 
vn 0.797259 -0.447509 0.405109 
vn 0.528483 -0.254056 0.810038 
vn 0.528483 -0.574485 0.625038 
vn 0.184886 -0.32238 0.928379 
vn 0.184886 -0.64281 0.743379 
vn -0.184886 -0.32238 0.928379 
vn -0.184886 -0.64281 0.743379 
vn -0.528483 -0.254056 0.810038 
vn -0.528483 -0.574485 0.625038 
vn -0.797259 -0.12708 0.590109 
vn -0.797259 -0.447509 0.405109 
vn -0.953161 0.0405703 0.29973 
vn -0.953161 -0.279859 0.11473 
vn -0.974117 0.22516 -0.0199877 
vn -0.974117 -0.0952699 -0.204988 
vn -0.85716 0.400554 -0.32378 
vn -0.85716 0.0801246 -0.50878 
vn -0.618848 0.541922 -0.568636 
vn -0.596028 0.230466 -0.769179 
vn -0.425183 0.452699 -0.783762 
vn -0.324329 0.303624 -0.895893 
vn -0.596028 0.550895 -0.584179 
vn -0.324329 0.624054 -0.710893 
vn 0.596028 0.550895 -0.584179 
vn 0.425183 0.452409 -0.78393 
vn 0.324329 0.624054 -0.710893 
vn 0.596028 0.230466 -0.769179 
vn 0.324329 0.303624 -0.895893 
vn -0.618848 0.221493 -0.753636 
f 5926//5926 5927//5927 5928//5928 
f 5929//5929 5928//5928 5930//5930 
f 5931//5931 5930//5930 5932//5932 
f 5933//5933 5932//5932 5934//5934 
f 5935//5935 5934//5934 5936//5936 
f 5937//5937 5936//5936 5938//5938 
f 5939//5939 5938//5938 5940//5940 
f 5941//5941 5940//5940 5942//5942 
f 5943//5943 5942//5942 5944//5944 
f 5945//5945 5944//5944 5946//5946 
f 5947//5947 5946//5946 5948//5948 
f 5949//5949 5948//5948 5950//5950 
f 5951//5951 5950//5950 5952//5952 
f 5953//5953 5952//5952 5954//5954 
f 5954//5954 5955//5955 5953//5953 
f 5954//5954 5952//5952 5956//5956 
f 5956//5956 5957//5957 5954//5954 
f 5958//5958 5926//5926 5959//5959 
f 5959//5959 5960//5960 5958//5958 
f 5959//5959 5926//5926 5961//5961 
f 5961//5961 5962//5962 5959//5959 
f 5958//5958 5927//5927 5926//5926 
f 5953//5953 5963//5963 5952//5952 
f 5952//5952 5963//5963 5951//5951 
f 5950//5950 5951//5951 5949//5949 
f 5948//5948 5949//5949 5947//5947 
f 5946//5946 5947//5947 5945//5945 
f 5944//5944 5945//5945 5943//5943 
f 5942//5942 5943//5943 5941//5941 
f 5940//5940 5941//5941 5939//5939 
f 5938//5938 5939//5939 5937//5937 
f 5936//5936 5937//5937 5935//5935 
f 5934//5934 5935//5935 5933//5933 
f 5932//5932 5933//5933 5931//5931 
f 5930//5930 5931//5931 5929//5929 
f 5928//5928 5929//5929 5926//5926 
usemtl 0.749020_0.749020_0.749020_0.000000_0.000000
o mesh470
v -0.00592593 0.00260845 0.0314718 
v -0.0084331 0.00260845 0.0314718 
v -0.00720321 -0.00519518 0.0264713 
v -0.00592593 -0.013413 0.0222218 
v -0.0084331 -0.013413 0.0222218 
vn 0 -0.577964 0.816062 
vn 0 -0.577964 0.816062 
vn 0 -0.499927 0.866067 
vn 0 -0.417749 0.908562 
vn 0 -0.417749 0.908562 
f 5964//5964 5965//5965 5966//5966 
f 5966//5966 5967//5967 5964//5964 
f 5966//5966 5968//5968 5967//5967 
o mesh471
v -0.0084331 -0.013413 0.0222218 
v -0.00592593 -0.0140881 0.0233911 
v -0.00592593 -0.013413 0.0222218 
vn 0 0.866025 0.5 
vn 0 0.866025 0.5 
vn 0 0.866025 0.5 
f 5969//5969 5970//5970 5971//5971 
o mesh472
v -0.0084331 0.00260845 0.0314718 
v -0.00592593 0.00260845 0.0314718 
v -0.00592593 0.00193336 0.0326411 
vn 0 -0.866025 -0.5 
vn 0 -0.866025 -0.5 
vn 0 -0.866025 -0.5 
f 5972//5972 5973//5973 5974//5974 
o mesh473
v -0.0144187 0.0410977 -0.00925 
v -0.0169259 0.0410977 -0.00925 
v -0.0169259 0.0406782 -0.00135503 
v -0.0156486 0.040669 -8.45598e-06 
v -0.0144187 0.0410977 0.00925 
v -0.0169259 0.0406782 0.00135503 
v -0.0169259 0.040669 -2.96985e-17 
v -0.0169259 0.0410977 0.00925 
vn 0 0.995713 0.0925 
vn 0 0.995713 0.0925 
vn 0 0.999908 0.0135503 
vn 0 1 8.45598e-05 
vn 0 0.995713 -0.0925 
vn 0 0.999908 -0.0135503 
vn 0 1 3.46945e-16 
vn 0 0.995713 -0.0925 
f 5975//5975 5976//5976 5977//5977 
f 5977//5977 5978//5978 5975//5975 
f 5979//5979 5978//5978 5980//5980 
f 5978//5978 5981//5981 5980//5980 
f 5980//5980 5982//5982 5979//5979 
f 5977//5977 5981//5981 5978//5978 
o mesh474
v -0.0144187 0.0410977 -0.00925 
v -0.0169259 0.0424479 -0.00925 
v -0.0169259 0.0410977 -0.00925 
vn 0 0 1 
vn 0 0 1 
vn 0 0 1 
f 5983//5983 5984//5984 5985//5985 
o mesh475
v -0.0144187 0.0410977 0.00925 
v -0.0169259 0.0410977 0.00925 
v -0.0169259 0.0424479 0.00925 
vn 0 0 -1 
vn 0 0 -1 
vn 0 0 -1 
f 5986//5986 5987//5987 5988//5988 
o mesh476
v -0.0169259 0.0489962 -0.0205647 
v -0.0169259 0.0408252 -0.0137084 
v -0.0169259 0.0424479 -0.00925 
v -0.0169259 0.0397909 -0.0128405 
v -0.0169259 0.0410977 -0.00925 
v -0.0169259 0.0343947 -0.0186187 
v -0.0169259 0.0383781 -0.0117141 
v -0.0169259 0.0406782 -0.00135503 
v -0.0169259 0.0531144 -0.00925 
vn -1 0 0 
vn -1 0 0 
vn -1 0 0 
vn -1 0 0 
vn -1 0 0 
vn -1 0 0 
vn -1 0 0 
vn -1 0 0 
vn -1 0 0 
f 5989//5989 5990//5990 5991//5991 
f 5991//5991 5990//5990 5992//5992 
f 5992//5992 5993//5993 5991//5991 
f 5992//5992 5994//5994 5995//5995 
f 5992//5992 5996//5996 5993//5993 
f 5991//5991 5997//5997 5989//5989 
f 5995//5995 5996//5996 5992//5992 
o mesh477
v -0.0168093 0.0538025 -0.00925 
v -0.0168676 0.0493717 -0.0208798 
v -0.0169259 0.0489962 -0.0205647 
v -0.0169259 0.0531144 -0.00925 
v -0.016761 0.0538896 -0.00925 
v -0.0167482 0.049587 -0.0210604 
v -0.0164706 0.054413 -0.00925 
v -0.0166018 0.0498511 -0.021282 
v -0.0163246 0.0545414 -0.00925 
v -0.0163214 0.05009 -0.0214825 
v -0.0159523 0.0548687 -0.00925 
v -0.0161559 0.0502309 -0.0216008 
v -0.0156812 0.0549759 -0.00925 
v -0.0156835 0.0504314 -0.021769 
v -0.0153239 0.0551173 -0.00925 
v -0.0155777 0.0504764 -0.0218067 
v -0.0149259 0.0505617 -0.0218783 
v -0.0149259 0.0551581 -0.00925 
vn -0.941695 0.329177 -0.0696693 
vn -0.970856 0.211617 -0.112505 
vn -1 0 0 
vn -1 0 0 
vn -0.924228 0.373598 -0.0789137 
vn -0.923986 0.337437 -0.179962 
vn -0.772349 0.621797 -0.129789 
vn -0.837917 0.481182 -0.257601 
vn -0.70775 0.691642 -0.14395 
vn -0.706734 0.623252 -0.33479 
vn -0.513185 0.840526 -0.173659 
vn -0.614994 0.694348 -0.373716 
vn -0.382989 0.904735 -0.186478 
vn -0.381895 0.813308 -0.43896 
vn -0.198992 0.959948 -0.197237 
vn -0.325888 0.831851 -0.449245 
vn 0 0.879653 -0.475616 
vn 0 0.979573 -0.201087 
f 5998//5998 5999//5999 6000//6000 
f 6000//6000 6001//6001 5998//5998 
f 6002//6002 6003//6003 5999//5999 
f 6004//6004 6005//6005 6003//6003 
f 6003//6003 6002//6002 6004//6004 
f 6006//6006 6007//6007 6005//6005 
f 6008//6008 6009//6009 6007//6007 
f 6007//6007 6006//6006 6008//6008 
f 6010//6010 6011//6011 6009//6009 
f 6012//6012 6013//6013 6011//6011 
f 6012//6012 6014//6014 6013//6013 
f 6011//6011 6010//6010 6012//6012 
f 6012//6012 6015//6015 6014//6014 
f 6008//6008 6010//6010 6009//6009 
f 6004//6004 6006//6006 6005//6005 
f 5998//5998 6002//6002 5999//5999 
usemtl 0.250980_0.250980_0.250980_0.000000_0.000000
o mesh478
v -0.00592593 0.0531144 -0.00925 
v -0.0026304 0.0518662 -0.00925 
v -0.00243702 0.0484595 -0.00925 
v -0.00792593 0.0551581 -0.00925 
v -0.0149259 0.0551581 -0.00925 
v -0.013132 0.0585646 -0.00925 
v -0.00351627 0.0452225 -0.00925 
v -0.0169259 0.0531144 -0.00925 
v -0.0193356 0.0452225 -0.00925 
v -0.0204148 0.0484595 -0.00925 
v -0.0163026 0.0573037 -0.00925 
v -0.00598421 0.0536046 -0.00925 
v -0.00571535 0.0426135 -0.00925 
v -0.0171365 0.0426135 -0.00925 
v -0.00971984 0.0585646 -0.00925 
v -0.00406902 0.0549603 -0.00925 
v -0.0065305 0.0545422 -0.00925 
v -0.00669594 0.0547262 -0.00925 
v -0.00610361 0.0538856 -0.00925 
v -0.00592593 0.0424479 -0.00925 
v -0.0169259 0.0424479 -0.00925 
v -0.0187828 0.0549603 -0.00925 
v -0.0168093 0.0538025 -0.00925 
v -0.00654921 0.0573037 -0.00925 
v -0.00625009 0.0542303 -0.00925 
v -0.0202215 0.0518662 -0.00925 
v -0.0164706 0.054413 -0.00925 
v -0.016761 0.0538896 -0.00925 
v -0.0159523 0.0548687 -0.00925 
v -0.0163246 0.0545414 -0.00925 
v -0.0153239 0.0551173 -0.00925 
v -0.0156812 0.0549759 -0.00925 
v -0.00727415 0.0550466 -0.00925 
v -0.00716834 0.054988 -0.00925 
vn 0 0 -1 
vn 0 0 -1 
vn 0 0 -1 
vn 0 0 -1 
vn 0 0 -1 
vn 0 0 -1 
vn 0 0 -1 
vn 0 0 -1 
vn 0 0 -1 
vn 0 0 -1 
vn 0 0 -1 
vn 0 0 -1 
vn 0 0 -1 
vn 0 0 -1 
vn 0 0 -1 
vn 0 0 -1 
vn 0 0 -1 
vn 0 0 -1 
vn 0 0 -1 
vn 0 0 -1 
vn 0 0 -1 
vn 0 0 -1 
vn 0 0 -1 
vn 0 0 -1 
vn 0 0 -1 
vn 0 0 -1 
vn 0 0 -1 
vn 0 0 -1 
vn 0 0 -1 
vn 0 0 -1 
vn 0 0 -1 
vn 0 0 -1 
vn 0 0 -1 
vn 0 0 -1 
f 6016//6016 6017//6017 6018//6018 
f 6019//6019 6020//6020 6021//6021 
f 6018//6018 6022//6022 6016//6016 
f 6023//6023 6024//6024 6025//6025 
f 6020//6020 6026//6026 6021//6021 
f 6017//6017 6016//6016 6027//6027 
f 6022//6022 6028//6028 6016//6016 
f 6023//6023 6029//6029 6024//6024 
f 6021//6021 6030//6030 6019//6019 
f 6031//6031 6032//6032 6033//6033 
f 6031//6031 6027//6027 6034//6034 
f 6028//6028 6035//6035 6016//6016 
f 6023//6023 6036//6036 6029//6029 
f 6037//6037 6038//6038 6023//6023 
f 6030//6030 6039//6039 6019//6019 
f 6031//6031 6040//6040 6032//6032 
f 6027//6027 6031//6031 6017//6017 
f 6023//6023 6041//6041 6037//6037 
f 6037//6037 6042//6042 6043//6043 
f 6026//6026 6044//6044 6045//6045 
f 6026//6026 6046//6046 6047//6047 
f 6039//6039 6048//6048 6019//6019 
f 6039//6039 6033//6033 6049//6049 
f 6034//6034 6040//6040 6031//6031 
f 6043//6043 6038//6038 6037//6037 
f 6045//6045 6037//6037 6026//6026 
f 6020//6020 6046//6046 6026//6026 
f 6033//6033 6039//6039 6031//6031 
f 6045//6045 6042//6042 6037//6037 
f 6049//6049 6048//6048 6039//6039 
f 6047//6047 6044//6044 6026//6026 
f 6025//6025 6041//6041 6023//6023 
o mesh479
v -0.0169259 0.0489962 -0.0205647 
v -0.0204148 0.0454303 -0.0175726 
v -0.0193356 0.0429507 -0.0154919 
v -0.00792593 0.0505617 -0.0218783 
v -0.00971984 0.0531713 -0.024068 
v -0.013132 0.0531713 -0.024068 
v -0.0202215 0.04804 -0.0197623 
v -0.00592593 0.0489962 -0.0205647 
v -0.00351627 0.0429507 -0.0154919 
v -0.00243702 0.0454303 -0.0175726 
v -0.00654921 0.0522053 -0.0232575 
v -0.0168676 0.0493717 -0.0208798 
v -0.0171365 0.040952 -0.0138148 
v -0.00571535 0.040952 -0.0138148 
v -0.0149259 0.0505617 -0.0218783 
v -0.0187828 0.0504102 -0.0217512 
v -0.0163214 0.05009 -0.0214825 
v -0.0161559 0.0502309 -0.0216008 
v -0.0167482 0.049587 -0.0210604 
v -0.0169259 0.0408252 -0.0137084 
v -0.00592593 0.0408252 -0.0137084 
v -0.00406902 0.0504102 -0.0217512 
v -0.00604254 0.0495233 -0.021007 
v -0.0163026 0.0522053 -0.0232575 
v -0.0166018 0.0498511 -0.021282 
v -0.0026304 0.04804 -0.0197623 
v -0.00638123 0.049991 -0.0213994 
v -0.00609086 0.04959 -0.021063 
v -0.00689956 0.0503401 -0.0216923 
v -0.00652728 0.0500894 -0.021482 
v -0.00752794 0.0505305 -0.0218521 
v -0.00717069 0.0504222 -0.0217613 
v -0.0155777 0.0504764 -0.0218067 
v -0.0156835 0.0504314 -0.021769 
vn 0 0.642788 0.766044 
vn 0 0.642788 0.766044 
vn 0 0.642788 0.766044 
vn 0 0.642788 0.766044 
vn 0 0.642788 0.766044 
vn 0 0.642788 0.766044 
vn 0 0.642788 0.766044 
vn 0 0.642788 0.766044 
vn 0 0.642788 0.766044 
vn 0 0.642788 0.766044 
vn 0 0.642788 0.766044 
vn 0 0.642788 0.766044 
vn 0 0.642788 0.766044 
vn 0 0.642788 0.766044 
vn 0 0.642788 0.766044 
vn 0 0.642788 0.766044 
vn 0 0.642788 0.766044 
vn 0 0.642788 0.766044 
vn 0 0.642788 0.766044 
vn 0 0.642788 0.766044 
vn 0 0.642788 0.766044 
vn 0 0.642788 0.766044 
vn 0 0.642788 0.766044 
vn 0 0.642788 0.766044 
vn 0 0.642788 0.766044 
vn 0 0.642788 0.766044 
vn 0 0.642788 0.766044 
vn 0 0.642788 0.766044 
vn 0 0.642788 0.766044 
vn 0 0.642788 0.766044 
vn 0 0.642788 0.766044 
vn 0 0.642788 0.766044 
vn 0 0.642788 0.766044 
vn 0 0.642788 0.766044 
f 6050//6050 6051//6051 6052//6052 
f 6053//6053 6054//6054 6055//6055 
f 6050//6050 6056//6056 6051//6051 
f 6057//6057 6058//6058 6059//6059 
f 6053//6053 6060//6060 6054//6054 
f 6056//6056 6050//6050 6061//6061 
f 6052//6052 6062//6062 6050//6050 
f 6057//6057 6063//6063 6058//6058 
f 6055//6055 6064//6064 6053//6053 
f 6065//6065 6066//6066 6067//6067 
f 6065//6065 6061//6061 6068//6068 
f 6062//6062 6069//6069 6050//6050 
f 6057//6057 6070//6070 6063//6063 
f 6071//6071 6072//6072 6057//6057 
f 6055//6055 6073//6073 6064//6064 
f 6065//6065 6074//6074 6066//6066 
f 6061//6061 6065//6065 6056//6056 
f 6057//6057 6075//6075 6071//6071 
f 6071//6071 6076//6076 6077//6077 
f 6060//6060 6078//6078 6079//6079 
f 6060//6060 6080//6080 6081//6081 
f 6073//6073 6082//6082 6064//6064 
f 6073//6073 6067//6067 6083//6083 
f 6068//6068 6074//6074 6065//6065 
f 6077//6077 6072//6072 6071//6071 
f 6079//6079 6071//6071 6060//6060 
f 6053//6053 6080//6080 6060//6060 
f 6067//6067 6073//6073 6065//6065 
f 6079//6079 6076//6076 6071//6071 
f 6083//6083 6082//6082 6073//6073 
f 6081//6081 6078//6078 6060//6060 
f 6059//6059 6075//6075 6057//6057 
usemtl 0.749020_0.749020_0.749020_0.000000_0.000000
o mesh480
v -0.00792593 0.0505617 -0.0218783 
v -0.0149259 0.0505617 -0.0218783 
v -0.0149259 0.0551581 -0.00925 
v -0.00792593 0.0551581 -0.00925 
vn 0 0.879653 -0.475616 
vn 0 0.879653 -0.475616 
vn 0 0.979573 -0.201087 
vn 0 0.979573 -0.201087 
f 6084//6084 6085//6085 6086//6086 
f 6086//6086 6087//6087 6084//6084 
o mesh481
v -0.00604254 0.0495233 -0.021007 
v -0.00598421 0.0536046 -0.00925 
v -0.00592593 0.0531144 -0.00925 
v -0.00592593 0.0489962 -0.0205647 
v -0.00609086 0.04959 -0.021063 
v -0.00610361 0.0538856 -0.00925 
v -0.00638123 0.049991 -0.0213994 
v -0.00625009 0.0542303 -0.00925 
v -0.00652728 0.0500894 -0.021482 
v -0.0065305 0.0545422 -0.00925 
v -0.00689956 0.0503401 -0.0216923 
v -0.00669594 0.0547262 -0.00925 
v -0.00717069 0.0504222 -0.0217613 
v -0.00716834 0.054988 -0.00925 
v -0.00752794 0.0505305 -0.0218521 
v -0.00727415 0.0550466 -0.00925 
v -0.00792593 0.0551581 -0.00925 
v -0.00792593 0.0505617 -0.0218783 
vn 0.941695 0.296946 -0.158221 
vn 0.970856 0.234425 -0.0498411 
vn 1 2.42861e-14 -5.20417e-15 
vn 1 2.42861e-14 -5.20417e-15 
vn 0.924228 0.336917 -0.179693 
vn 0.923986 0.374169 -0.0790415 
vn 0.772349 0.559751 -0.30026 
vn 0.837917 0.53419 -0.111964 
vn 0.70775 0.622358 -0.334307 
vn 0.706734 0.692637 -0.144155 
vn 0.513185 0.755506 -0.407249 
vn 0.614994 0.772122 -0.160035 
vn 0.382989 0.812933 -0.438702 
vn 0.381895 0.905188 -0.186521 
vn 0.198992 0.862144 -0.46595 
vn 0.325888 0.926004 -0.190562 
vn 0 0.979573 -0.201087 
vn 0 0.879653 -0.475616 
f 6088//6088 6089//6089 6090//6090 
f 6090//6090 6091//6091 6088//6088 
f 6092//6092 6093//6093 6089//6089 
f 6094//6094 6095//6095 6093//6093 
f 6093//6093 6092//6092 6094//6094 
f 6096//6096 6097//6097 6095//6095 
f 6098//6098 6099//6099 6097//6097 
f 6097//6097 6096//6096 6098//6098 
f 6100//6100 6101//6101 6099//6099 
f 6102//6102 6103//6103 6101//6101 
f 6102//6102 6104//6104 6103//6103 
f 6101//6101 6100//6100 6102//6102 
f 6102//6102 6105//6105 6104//6104 
f 6098//6098 6100//6100 6099//6099 
f 6094//6094 6096//6096 6095//6095 
f 6088//6088 6092//6092 6089//6089 
o mesh482
v -0.0169259 0.0489962 0.0205647 
v -0.0169259 0.0531144 0.00925 
v -0.0169259 0.0424479 0.00925 
v -0.0169259 0.0408252 0.0137084 
v -0.0169259 0.0410977 0.00925 
v -0.0169259 0.0397909 0.0128405 
v -0.0169259 0.0406782 0.00135503 
v -0.0169259 0.0383781 0.0117141 
v -0.0169259 0.0343947 0.0186187 
vn -1 0 0 
vn -1 0 0 
vn -1 0 0 
vn -1 0 0 
vn -1 0 0 
vn -1 0 0 
vn -1 0 0 
vn -1 0 0 
vn -1 0 0 
f 6106//6106 6107//6107 6108//6108 
f 6109//6109 6108//6108 6110//6110 
f 6110//6110 6111//6111 6109//6109 
f 6108//6108 6109//6109 6106//6106 
f 6111//6111 6112//6112 6113//6113 
f 6113//6113 6114//6114 6111//6111 
f 6110//6110 6112//6112 6111//6111 
o mesh483
v -0.0168093 0.0495233 0.021007 
v -0.0168676 0.0536046 0.00925 
v -0.0169259 0.0531144 0.00925 
v -0.0169259 0.0489962 0.0205647 
v -0.016761 0.04959 0.021063 
v -0.0167482 0.0538856 0.00925 
v -0.0164706 0.049991 0.0213994 
v -0.0166018 0.0542303 0.00925 
v -0.0163246 0.0500894 0.021482 
v -0.0163214 0.0545422 0.00925 
v -0.0159523 0.0503401 0.0216923 
v -0.0161559 0.0547262 0.00925 
v -0.0156812 0.0504222 0.0217613 
v -0.0156835 0.054988 0.00925 
v -0.0153239 0.0505305 0.0218521 
v -0.0155777 0.0550466 0.00925 
v -0.0149259 0.0551581 0.00925 
v -0.0149259 0.0505617 0.0218783 
vn -0.941695 0.296946 0.158221 
vn -0.970856 0.234425 0.0498411 
vn -1 2.42861e-14 5.20417e-15 
vn -1 2.42861e-14 5.20417e-15 
vn -0.924228 0.336917 0.179693 
vn -0.923986 0.374169 0.0790415 
vn -0.772349 0.559751 0.30026 
vn -0.837917 0.53419 0.111964 
vn -0.70775 0.622358 0.334307 
vn -0.706734 0.692637 0.144155 
vn -0.513185 0.755506 0.407249 
vn -0.614994 0.772122 0.160035 
vn -0.382989 0.812933 0.438702 
vn -0.381895 0.905188 0.186521 
vn -0.198992 0.862144 0.46595 
vn -0.325888 0.926004 0.190562 
vn -9.54098e-15 0.979573 0.201087 
vn 0 0.879653 0.475616 
f 6115//6115 6116//6116 6117//6117 
f 6117//6117 6118//6118 6115//6115 
f 6119//6119 6120//6120 6116//6116 
f 6121//6121 6122//6122 6120//6120 
f 6120//6120 6119//6119 6121//6121 
f 6123//6123 6124//6124 6122//6122 
f 6125//6125 6126//6126 6124//6124 
f 6124//6124 6123//6123 6125//6125 
f 6127//6127 6128//6128 6126//6126 
f 6129//6129 6130//6130 6128//6128 
f 6129//6129 6131//6131 6130//6130 
f 6128//6128 6127//6127 6129//6129 
f 6129//6129 6132//6132 6131//6131 
f 6125//6125 6127//6127 6126//6126 
f 6121//6121 6123//6123 6122//6122 
f 6115//6115 6119//6119 6116//6116 
usemtl 0.250980_0.250980_0.250980_0.000000_0.000000
o mesh484
v -0.0169259 0.0531144 0.00925 
v -0.0202215 0.0518662 0.00925 
v -0.0204148 0.0484595 0.00925 
v -0.00792593 0.0551581 0.00925 
v -0.00971984 0.0585646 0.00925 
v -0.013132 0.0585646 0.00925 
v -0.0193356 0.0452225 0.00925 
v -0.00592593 0.0531144 0.00925 
v -0.00351627 0.0452225 0.00925 
v -0.00243702 0.0484595 0.00925 
v -0.0149259 0.0551581 0.00925 
v -0.0168676 0.0536046 0.00925 
v -0.0171365 0.0426135 0.00925 
v -0.00571535 0.0426135 0.00925 
v -0.00654921 0.0573037 0.00925 
v -0.0187828 0.0549603 0.00925 
v -0.0163214 0.0545422 0.00925 
v -0.0161559 0.0547262 0.00925 
v -0.0167482 0.0538856 0.00925 
v -0.0169259 0.0424479 0.00925 
v -0.00592593 0.0424479 0.00925 
v -0.00406902 0.0549603 0.00925 
v -0.00604254 0.0538025 0.00925 
v -0.0163026 0.0573037 0.00925 
v -0.0166018 0.0542303 0.00925 
v -0.0026304 0.0518662 0.00925 
v -0.00638123 0.054413 0.00925 
v -0.00609086 0.0538896 0.00925 
v -0.00689956 0.0548687 0.00925 
v -0.00652728 0.0545414 0.00925 
v -0.00752794 0.0551173 0.00925 
v -0.00717069 0.0549759 0.00925 
v -0.0155777 0.0550466 0.00925 
v -0.0156835 0.054988 0.00925 
vn 0 0 1 
vn 0 0 1 
vn 0 0 1 
vn 0 0 1 
vn 0 0 1 
vn 0 0 1 
vn 0 0 1 
vn 0 0 1 
vn 0 0 1 
vn 0 0 1 
vn 0 0 1 
vn 0 0 1 
vn 0 0 1 
vn 0 0 1 
vn 0 0 1 
vn 0 0 1 
vn 0 0 1 
vn 0 0 1 
vn 0 0 1 
vn 0 0 1 
vn 0 0 1 
vn 0 0 1 
vn 0 0 1 
vn 0 0 1 
vn 0 0 1 
vn 0 0 1 
vn 0 0 1 
vn 0 0 1 
vn 0 0 1 
vn 0 0 1 
vn 0 0 1 
vn 0 0 1 
vn 0 0 1 
vn 0 0 1 
f 6133//6133 6134//6134 6135//6135 
f 6136//6136 6137//6137 6138//6138 
f 6135//6135 6139//6139 6133//6133 
f 6140//6140 6141//6141 6142//6142 
f 6138//6138 6143//6143 6136//6136 
f 6134//6134 6133//6133 6144//6144 
f 6139//6139 6145//6145 6133//6133 
f 6140//6140 6146//6146 6141//6141 
f 6136//6136 6147//6147 6137//6137 
f 6148//6148 6149//6149 6150//6150 
f 6148//6148 6144//6144 6151//6151 
f 6145//6145 6152//6152 6133//6133 
f 6140//6140 6153//6153 6146//6146 
f 6154//6154 6155//6155 6140//6140 
f 6138//6138 6156//6156 6143//6143 
f 6148//6148 6157//6157 6149//6149 
f 6144//6144 6148//6148 6134//6134 
f 6140//6140 6158//6158 6154//6154 
f 6154//6154 6159//6159 6160//6160 
f 6147//6147 6161//6161 6162//6162 
f 6147//6147 6163//6163 6164//6164 
f 6156//6156 6165//6165 6143//6143 
f 6156//6156 6150//6150 6166//6166 
f 6151//6151 6157//6157 6148//6148 
f 6160//6160 6155//6155 6154//6154 
f 6162//6162 6154//6154 6147//6147 
f 6136//6136 6163//6163 6147//6147 
f 6150//6150 6156//6156 6148//6148 
f 6162//6162 6159//6159 6154//6154 
f 6166//6166 6165//6165 6156//6156 
f 6164//6164 6161//6161 6147//6147 
f 6142//6142 6158//6158 6140//6140 
o mesh485
v -0.00592593 0.0489962 0.0205647 
v -0.0026304 0.04804 0.0197623 
v -0.00243702 0.0454303 0.0175726 
v -0.00792593 0.0505617 0.0218783 
v -0.0149259 0.0505617 0.0218783 
v -0.013132 0.0531713 0.024068 
v -0.00351627 0.0429507 0.0154919 
v -0.0169259 0.0489962 0.0205647 
v -0.0193356 0.0429507 0.0154919 
v -0.0204148 0.0454303 0.0175726 
v -0.00971984 0.0531713 0.024068 
v -0.00598421 0.0493717 0.0208798 
v -0.00571535 0.040952 0.0138148 
v -0.0171365 0.040952 0.0138148 
v -0.0163026 0.0522053 0.0232575 
v -0.00406902 0.0504102 0.0217512 
v -0.0065305 0.05009 0.0214825 
v -0.00669594 0.0502309 0.0216008 
v -0.00610361 0.049587 0.0210604 
v -0.00592593 0.0408252 0.0137084 
v -0.0169259 0.0408252 0.0137084 
v -0.0187828 0.0504102 0.0217512 
v -0.0168093 0.0495233 0.021007 
v -0.00654921 0.0522053 0.0232575 
v -0.00625009 0.0498511 0.021282 
v -0.0202215 0.04804 0.0197623 
v -0.0164706 0.049991 0.0213994 
v -0.016761 0.04959 0.021063 
v -0.0159523 0.0503401 0.0216923 
v -0.0163246 0.0500894 0.021482 
v -0.0153239 0.0505305 0.0218521 
v -0.0156812 0.0504222 0.0217613 
v -0.00727415 0.0504764 0.0218067 
v -0.00716834 0.0504314 0.021769 
vn 0 0.642788 -0.766044 
vn 0 0.642788 -0.766044 
vn 0 0.642788 -0.766044 
vn 0 0.642788 -0.766044 
vn 0 0.642788 -0.766044 
vn 0 0.642788 -0.766044 
vn 0 0.642788 -0.766044 
vn 0 0.642788 -0.766044 
vn 0 0.642788 -0.766044 
vn 0 0.642788 -0.766044 
vn 0 0.642788 -0.766044 
vn 0 0.642788 -0.766044 
vn 0 0.642788 -0.766044 
vn 0 0.642788 -0.766044 
vn 0 0.642788 -0.766044 
vn 0 0.642788 -0.766044 
vn 0 0.642788 -0.766044 
vn 0 0.642788 -0.766044 
vn 0 0.642788 -0.766044 
vn 0 0.642788 -0.766044 
vn 0 0.642788 -0.766044 
vn 0 0.642788 -0.766044 
vn 0 0.642788 -0.766044 
vn 0 0.642788 -0.766044 
vn 0 0.642788 -0.766044 
vn 0 0.642788 -0.766044 
vn 0 0.642788 -0.766044 
vn 0 0.642788 -0.766044 
vn 0 0.642788 -0.766044 
vn 0 0.642788 -0.766044 
vn 0 0.642788 -0.766044 
vn 0 0.642788 -0.766044 
vn 0 0.642788 -0.766044 
vn 0 0.642788 -0.766044 
f 6167//6167 6168//6168 6169//6169 
f 6170//6170 6171//6171 6172//6172 
f 6169//6169 6173//6173 6167//6167 
f 6174//6174 6175//6175 6176//6176 
f 6172//6172 6177//6177 6170//6170 
f 6168//6168 6167//6167 6178//6178 
f 6173//6173 6179//6179 6167//6167 
f 6174//6174 6180//6180 6175//6175 
f 6171//6171 6181//6181 6172//6172 
f 6182//6182 6183//6183 6184//6184 
f 6182//6182 6178//6178 6185//6185 
f 6179//6179 6186//6186 6167//6167 
f 6174//6174 6187//6187 6180//6180 
f 6188//6188 6189//6189 6174//6174 
f 6177//6177 6190//6190 6170//6170 
f 6182//6182 6191//6191 6183//6183 
f 6178//6178 6182//6182 6168//6168 
f 6174//6174 6192//6192 6188//6188 
f 6188//6188 6193//6193 6194//6194 
f 6181//6181 6195//6195 6196//6196 
f 6181//6181 6197//6197 6198//6198 
f 6190//6190 6199//6199 6170//6170 
f 6190//6190 6184//6184 6200//6200 
f 6185//6185 6191//6191 6182//6182 
f 6194//6194 6189//6189 6188//6188 
f 6196//6196 6188//6188 6181//6181 
f 6171//6171 6197//6197 6181//6181 
f 6184//6184 6190//6190 6182//6182 
f 6196//6196 6193//6193 6188//6188 
f 6200//6200 6199//6199 6190//6190 
f 6198//6198 6195//6195 6181//6181 
f 6176//6176 6192//6192 6174//6174 
usemtl 0.749020_0.749020_0.749020_0.000000_0.000000
o mesh486
v -0.00604254 0.0538025 0.00925 
v -0.00598421 0.0493717 0.0208798 
v -0.00592593 0.0489962 0.0205647 
v -0.00592593 0.0531144 0.00925 
v -0.00609086 0.0538896 0.00925 
v -0.00610361 0.049587 0.0210604 
v -0.00638123 0.054413 0.00925 
v -0.00625009 0.0498511 0.021282 
v -0.00652728 0.0545414 0.00925 
v -0.0065305 0.05009 0.0214825 
v -0.00689956 0.0548687 0.00925 
v -0.00669594 0.0502309 0.0216008 
v -0.00717069 0.0549759 0.00925 
v -0.00716834 0.0504314 0.021769 
v -0.00752794 0.0551173 0.00925 
v -0.00727415 0.0504764 0.0218067 
v -0.00792593 0.0505617 0.0218783 
v -0.00792593 0.0551581 0.00925 
vn 0.941695 0.329177 0.0696693 
vn 0.970856 0.211617 0.112505 
vn 1 -3.46945e-15 -1.73472e-15 
vn 1 -3.46945e-15 -1.73472e-15 
vn 0.924228 0.373598 0.0789137 
vn 0.923986 0.337437 0.179962 
vn 0.772349 0.621797 0.129789 
vn 0.837917 0.481182 0.257601 
vn 0.70775 0.691642 0.14395 
vn 0.706734 0.623252 0.33479 
vn 0.513185 0.840526 0.173659 
vn 0.614994 0.694348 0.373716 
vn 0.382989 0.904735 0.186478 
vn 0.381895 0.813308 0.43896 
vn 0.198992 0.959948 0.197237 
vn 0.325888 0.831851 0.449245 
vn 0 0.879653 0.475616 
vn 0 0.979573 0.201087 
f 6201//6201 6202//6202 6203//6203 
f 6203//6203 6204//6204 6201//6201 
f 6205//6205 6206//6206 6202//6202 
f 6207//6207 6208//6208 6206//6206 
f 6206//6206 6205//6205 6207//6207 
f 6209//6209 6210//6210 6208//6208 
f 6211//6211 6212//6212 6210//6210 
f 6210//6210 6209//6209 6211//6211 
f 6213//6213 6214//6214 6212//6212 
f 6215//6215 6216//6216 6214//6214 
f 6215//6215 6217//6217 6216//6216 
f 6214//6214 6213//6213 6215//6215 
f 6215//6215 6218//6218 6217//6217 
f 6211//6211 6213//6213 6212//6212 
f 6207//6207 6209//6209 6208//6208 
f 6201//6201 6205//6205 6202//6202 
o mesh487
v -0.00792593 0.0551581 0.00925 
v -0.0149259 0.0551581 0.00925 
v -0.0149259 0.0505617 0.0218783 
v -0.00792593 0.0505617 0.0218783 
vn 0 0.979573 0.201087 
vn 0 0.979573 0.201087 
vn 0 0.879653 0.475616 
vn 0 0.879653 0.475616 
f 6219//6219 6220//6220 6221//6221 
f 6221//6221 6222//6222 6219//6219 
usemtl 0.250980_0.250980_0.250980_0.000000_0.000000
o mesh488
v -0.0171365 0.0426135 -0.00925 
v -0.0171365 0.0426135 0.00925 
v -0.0193356 0.0452225 0.00925 
v -0.0193356 0.0452225 -0.00925 
v -0.0204148 0.0484595 0.00925 
v -0.0204148 0.0484595 -0.00925 
v -0.0202215 0.0518662 0.00925 
v -0.0202215 0.0518662 -0.00925 
v -0.0187828 0.0549603 0.00925 
v -0.0187828 0.0549603 -0.00925 
v -0.0163026 0.0573037 0.00925 
v -0.0163026 0.0573037 -0.00925 
v -0.013132 0.0585646 0.00925 
v -0.013132 0.0585646 -0.00925 
v -0.00971984 0.0585646 0.00925 
v -0.00971984 0.0585646 -0.00925 
v -0.00654921 0.0573037 0.00925 
v -0.00654921 0.0573037 -0.00925 
v -0.00406902 0.0549603 0.00925 
v -0.00406902 0.0549603 -0.00925 
v -0.0026304 0.0518662 0.00925 
v -0.0026304 0.0518662 -0.00925 
v -0.00243702 0.0484595 0.00925 
v -0.00243702 0.0484595 -0.00925 
v -0.00351627 0.0452225 0.00925 
v -0.00351627 0.0452225 -0.00925 
v -0.00571535 0.0426135 0.00925 
v -0.00592593 0.0424479 -0.00925 
v -0.00720321 0.040669 8.45598e-06 
v -0.0084331 0.0410977 -0.00925 
v -0.00592593 0.0424479 0.00925 
v -0.0084331 0.0410977 0.00925 
v -0.0169259 0.0424479 0.00925 
v -0.0156486 0.040669 -8.45598e-06 
v -0.0144187 0.0410977 0.00925 
v -0.0169259 0.0424479 -0.00925 
v -0.0144187 0.0410977 -0.00925 
v -0.00571535 0.0426135 -0.00925 
vn -0.618848 -0.763414 -0.185 
vn -0.618848 -0.763414 0.185 
vn -0.85716 -0.480679 0.185 
vn -0.85716 -0.480679 -0.185 
vn -0.974117 -0.12989 0.185 
vn -0.974117 -0.12989 -0.185 
vn -0.953161 0.239289 0.185 
vn -0.953161 0.239289 -0.185 
vn -0.797259 0.574589 0.185 
vn -0.797259 0.574589 -0.185 
vn -0.528483 0.828541 0.185 
vn -0.528483 0.828541 -0.185 
vn -0.184886 0.96519 0.185 
vn -0.184886 0.96519 -0.185 
vn 0.184886 0.96519 0.185 
vn 0.184886 0.96519 -0.185 
vn 0.528483 0.828541 0.185 
vn 0.528483 0.828541 -0.185 
vn 0.797259 0.574589 0.185 
vn 0.797259 0.574589 -0.185 
vn 0.953161 0.239289 0.185 
vn 0.953161 0.239289 -0.185 
vn 0.974117 -0.12989 0.185 
vn 0.974117 -0.12989 -0.185 
vn 0.85716 -0.480679 0.185 
vn 0.85716 -0.480679 -0.185 
vn 0.618848 -0.763414 0.185 
vn 0.596028 -0.781361 -0.185 
vn 0.425183 -0.905107 0.00016912 
vn 0.324329 -0.927678 -0.185 
vn 0.596028 -0.781361 0.185 
vn 0.324329 -0.927678 0.185 
vn -0.596028 -0.781361 0.185 
vn -0.425183 -0.905107 -0.00016912 
vn -0.324329 -0.927678 0.185 
vn -0.596028 -0.781361 -0.185 
vn -0.324329 -0.927678 -0.185 
vn 0.618848 -0.763414 -0.185 
f 6223//6223 6224//6224 6225//6225 
f 6226//6226 6225//6225 6227//6227 
f 6228//6228 6227//6227 6229//6229 
f 6230//6230 6229//6229 6231//6231 
f 6232//6232 6231//6231 6233//6233 
f 6234//6234 6233//6233 6235//6235 
f 6236//6236 6235//6235 6237//6237 
f 6238//6238 6237//6237 6239//6239 
f 6240//6240 6239//6239 6241//6241 
f 6242//6242 6241//6241 6243//6243 
f 6244//6244 6243//6243 6245//6245 
f 6246//6246 6245//6245 6247//6247 
f 6248//6248 6247//6247 6249//6249 
f 6250//6250 6249//6249 6251//6251 
f 6251//6251 6252//6252 6250//6250 
f 6251//6251 6249//6249 6253//6253 
f 6253//6253 6254//6254 6251//6251 
f 6255//6255 6223//6223 6256//6256 
f 6256//6256 6257//6257 6255//6255 
f 6256//6256 6223//6223 6258//6258 
f 6258//6258 6259//6259 6256//6256 
f 6255//6255 6224//6224 6223//6223 
f 6250//6250 6260//6260 6249//6249 
f 6249//6249 6260//6260 6248//6248 
f 6247//6247 6248//6248 6246//6246 
f 6245//6245 6246//6246 6244//6244 
f 6243//6243 6244//6244 6242//6242 
f 6241//6241 6242//6242 6240//6240 
f 6239//6239 6240//6240 6238//6238 
f 6237//6237 6238//6238 6236//6236 
f 6235//6235 6236//6236 6234//6234 
f 6233//6233 6234//6234 6232//6232 
f 6231//6231 6232//6232 6230//6230 
f 6229//6229 6230//6230 6228//6228 
f 6227//6227 6228//6228 6226//6226 
f 6225//6225 6226//6226 6223//6223 
usemtl 0.749020_0.749020_0.749020_0.000000_0.000000
o mesh489
v -0.00592593 0.0410977 -0.00925 
v -0.0084331 0.0410977 -0.00925 
v -0.00720321 0.040669 8.45598e-06 
v -0.00592593 0.0410977 0.00925 
v -0.0084331 0.0410977 0.00925 
vn 0 0.995713 0.0925 
vn 0 0.995713 0.0925 
vn 0 1 -8.45598e-05 
vn 0 0.995713 -0.0925 
vn 0 0.995713 -0.0925 
f 6261//6261 6262//6262 6263//6263 
f 6263//6263 6264//6264 6261//6261 
f 6263//6263 6265//6265 6264//6264 
o mesh490
v -0.00592593 0.0424479 -0.00925 
v -0.0084331 0.0410977 -0.00925 
v -0.00592593 0.0410977 -0.00925 
vn 0 0 1 
vn 0 0 1 
vn 0 0 1 
f 6266//6266 6267//6267 6268//6268 
o mesh491
v -0.00592593 0.0424479 0.00925 
v -0.00592593 0.0410977 0.00925 
v -0.0084331 0.0410977 0.00925 
vn 0 0 -1 
vn 0 0 -1 
vn 0 0 -1 
f 6269//6269 6270//6270 6271//6271 
usemtl 0.250980_0.250980_0.250980_0.000000_0.000000
o mesh492
v -0.0171365 0.0290605 -0.0279867 
v -0.0171365 0.040952 -0.0138148 
v -0.0193356 0.0429507 -0.0154919 
v -0.0193356 0.0310591 -0.0296637 
v -0.0204148 0.0454303 -0.0175726 
v -0.0204148 0.0335388 -0.0317444 
v -0.0202215 0.04804 -0.0197623 
v -0.0202215 0.0361484 -0.0339342 
v -0.0187828 0.0504102 -0.0217512 
v -0.0187828 0.0385186 -0.035923 
v -0.0163026 0.0522053 -0.0232575 
v -0.0163026 0.0403138 -0.0374293 
v -0.013132 0.0531713 -0.024068 
v -0.013132 0.0412797 -0.0382398 
v -0.00971984 0.0531713 -0.024068 
v -0.00971984 0.0412797 -0.0382398 
v -0.00654921 0.0522053 -0.0232575 
v -0.00654921 0.0403138 -0.0374293 
v -0.00406902 0.0504102 -0.0217512 
v -0.00406902 0.0385186 -0.035923 
v -0.0026304 0.04804 -0.0197623 
v -0.0026304 0.0361484 -0.0339342 
v -0.00243702 0.0454303 -0.0175726 
v -0.00243702 0.0335388 -0.0317444 
v -0.00351627 0.0429507 -0.0154919 
v -0.00351627 0.0310591 -0.0296637 
v -0.00571535 0.040952 -0.0138148 
v -0.0169259 0.0408252 -0.0137084 
v -0.0156486 0.0335113 -0.0196572 
v -0.0144187 0.0397909 -0.0128405 
v -0.0169259 0.0289336 -0.0278802 
v -0.0144187 0.0278993 -0.0270123 
v -0.00592593 0.0289336 -0.0278802 
v -0.00720321 0.033522 -0.0196444 
v -0.0084331 0.0278993 -0.0270123 
v -0.00592593 0.0408252 -0.0137084 
v -0.0084331 0.0397909 -0.0128405 
v -0.00571535 0.0290605 -0.0279867 
vn -0.618848 -0.703725 0.348995 
vn -0.618848 -0.465894 0.632432 
vn -0.85716 -0.249305 0.450692 
vn -0.85716 -0.487137 0.167256 
vn -0.974117 0.0194145 0.22521 
vn -0.974117 -0.218417 -0.0582268 
vn -0.953161 0.302222 -0.0120937 
vn -0.953161 0.0643902 -0.29553 
vn -0.797259 0.559077 -0.227621 
vn -0.797259 0.321245 -0.511057 
vn -0.528483 0.753615 -0.390858 
vn -0.528483 0.515784 -0.674294 
vn -0.184886 0.858294 -0.478694 
vn -0.184886 0.620463 -0.76213 
vn 0.184886 0.858294 -0.478694 
vn 0.184886 0.620463 -0.76213 
vn 0.528483 0.753615 -0.390858 
vn 0.528483 0.515784 -0.674294 
vn 0.797259 0.559077 -0.227621 
vn 0.797259 0.321245 -0.511057 
vn 0.953161 0.302222 -0.0120937 
vn 0.953161 0.0643902 -0.29553 
vn 0.974117 0.0194145 0.22521 
vn 0.974117 -0.218417 -0.0582268 
vn 0.85716 -0.249305 0.450692 
vn 0.85716 -0.487137 0.167256 
vn 0.618848 -0.465894 0.632432 
vn -0.596028 -0.479642 0.643967 
vn -0.425183 -0.69346 0.581664 
vn -0.324329 -0.591727 0.738018 
vn -0.596028 -0.717473 0.360531 
vn -0.324329 -0.829558 0.454582 
vn 0.596028 -0.717473 0.360531 
vn 0.425183 -0.693245 0.58192 
vn 0.324329 -0.829558 0.454582 
vn 0.596028 -0.479642 0.643967 
vn 0.324329 -0.591727 0.738018 
vn 0.618848 -0.703725 0.348995 
f 6272//6272 6273//6273 6274//6274 
f 6275//6275 6274//6274 6276//6276 
f 6277//6277 6276//6276 6278//6278 
f 6279//6279 6278//6278 6280//6280 
f 6281//6281 6280//6280 6282//6282 
f 6283//6283 6282//6282 6284//6284 
f 6285//6285 6284//6284 6286//6286 
f 6287//6287 6286//6286 6288//6288 
f 6289//6289 6288//6288 6290//6290 
f 6291//6291 6290//6290 6292//6292 
f 6293//6293 6292//6292 6294//6294 
f 6295//6295 6294//6294 6296//6296 
f 6297//6297 6296//6296 6298//6298 
f 6299//6299 6272//6272 6300//6300 
f 6300//6300 6301//6301 6299//6299 
f 6300//6300 6272//6272 6302//6302 
f 6302//6302 6303//6303 6300//6300 
f 6304//6304 6298//6298 6305//6305 
f 6305//6305 6306//6306 6304//6304 
f 6305//6305 6298//6298 6307//6307 
f 6307//6307 6308//6308 6305//6305 
f 6304//6304 6309//6309 6298//6298 
f 6299//6299 6273//6273 6272//6272 
f 6298//6298 6309//6309 6297//6297 
f 6296//6296 6297//6297 6295//6295 
f 6294//6294 6295//6295 6293//6293 
f 6292//6292 6293//6293 6291//6291 
f 6290//6290 6291//6291 6289//6289 
f 6288//6288 6289//6289 6287//6287 
f 6286//6286 6287//6287 6285//6285 
f 6284//6284 6285//6285 6283//6283 
f 6282//6282 6283//6283 6281//6281 
f 6280//6280 6281//6281 6279//6279 
f 6278//6278 6279//6279 6277//6277 
f 6276//6276 6277//6277 6275//6275 
f 6274//6274 6275//6275 6272//6272 
usemtl 0.749020_0.749020_0.749020_0.000000_0.000000
o mesh493
v -0.00592593 0.0278993 -0.0270123 
v -0.0084331 0.0278993 -0.0270123 
v -0.00720321 0.033522 -0.0196444 
v -0.00592593 0.0397909 -0.0128405 
v -0.0084331 0.0397909 -0.0128405 
vn 0 0.822218 -0.569173 
vn 0 0.822218 -0.569173 
vn 0 0.765991 -0.642852 
vn 0 0.703302 -0.710891 
vn 0 0.703302 -0.710891 
f 6310//6310 6311//6311 6312//6312 
f 6312//6312 6313//6313 6310//6310 
f 6312//6312 6314//6314 6313//6313 
o mesh494
v -0.00592593 0.0289336 -0.0278802 
v -0.0084331 0.0278993 -0.0270123 
v -0.00592593 0.0278993 -0.0270123 
vn 0 0.642788 0.766044 
vn 0 0.642788 0.766044 
vn 0 0.642788 0.766044 
f 6315//6315 6316//6316 6317//6317 
o mesh495
v -0.00592593 0.0408252 -0.0137084 
v -0.00592593 0.0397909 -0.0128405 
v -0.0084331 0.0397909 -0.0128405 
vn 0 -0.642788 -0.766044 
vn 0 -0.642788 -0.766044 
vn 0 -0.642788 -0.766044 
f 6318//6318 6319//6319 6320//6320 
o mesh496
v -0.00592593 0.0326289 0.0172888 
v -0.00592593 0.0397909 0.0128405 
v -0.00592593 0.0278993 0.0270123 
v -0.00592593 0.0408252 0.0137084 
v -0.00592593 0.0410977 0.00925 
v -0.00592593 0.0531144 0.00925 
v -0.00592593 0.0489962 0.0205647 
v -0.00592593 0.0245903 0.0289228 
v -0.00592593 0.0424479 0.00925 
v -0.00592593 0.03753 0.00735046 
v -0.00592593 0.0397909 -0.0128405 
v -0.00592593 0.0410977 -0.00925 
v -0.00592593 0.0346928 -0.0142 
v -0.00592593 0.0245903 -0.0289228 
v -0.00592593 0.0278993 -0.0270123 
v -0.00592593 0.0424479 -0.00925 
v -0.00592593 0.0531144 -0.00925 
v -0.00592593 0.0408252 -0.0137084 
v -0.00592593 0.0382547 -0.00370694 
v -0.00592593 0.0289336 -0.0278802 
v -0.00592593 0.026677 -0.0407569 
v -0.00592593 0.0371046 -0.0347365 
v -0.00592593 0.00637133 0.0321353 
v -0.00592593 0.0138047 0.028157 
v -0.00592593 0.00274725 0.0274323 
v -0.00592593 0.0100977 0.0284 
v -0.00592593 0.0489962 -0.0205647 
v -0.00592593 0.0248247 -0.0302525 
v -0.00592593 0.00193336 0.0326411 
v -0.00592593 0.00260845 0.0314718 
v -0.00592593 -0.00339991 0.0418786 
v -0.00592593 0.00660579 0.0334649 
v -0.00592593 0.00637133 -0.0321353 
v -0.00592593 0.0174482 -0.0274323 
v -0.00592593 0.0273865 -0.0225312 
v -0.00592593 -0.0144974 0.0142 
v -0.00592593 -0.0158691 0.0192948 
v -0.00592593 -0.0221964 0.00191047 
v -0.00592593 0.00845801 0.0439694 
v -0.00592593 0.026677 0.0407569 
v -0.00592593 0.0248247 0.0302525 
v -0.00592593 0.0289336 0.0278802 
v -0.00592593 -0.0158691 -0.0192948 
v -0.00592593 -0.0124335 -0.0172888 
v -0.00592593 -0.0173346 -0.00735046 
v -0.00592593 -0.0334885 -0.00602043 
v -0.00592593 -0.0234652 -0.00237225 
v -0.00592593 -0.0234652 0.00237225 
v -0.00592593 -0.0221964 -0.00191047 
v -0.00592593 0.0242977 0.0245951 
v -0.00592593 0.00639077 -0.028157 
v -0.00592593 0.00845801 -0.0439694 
v -0.00592593 0.00660579 -0.0334649 
v -0.00592593 0.00193336 -0.0326411 
v -0.00592593 -0.00410229 -0.0245951 
v -0.00592593 -0.013413 -0.0222218 
v -0.00592593 0.00260845 -0.0314718 
v -0.00592593 -0.0180593 0.00370694 
v -0.00592593 -0.00719111 0.0225312 
v -0.00592593 -0.0194214 0.0326286 
v -0.00592593 -0.0271611 0.0234047 
v -0.00592593 -0.0171378 0.0197566 
v -0.00592593 -0.0140881 0.0233911 
v -0.00592593 -0.0140881 -0.0233911 
v -0.00592593 -0.0271611 -0.0234047 
v -0.00592593 -0.0194214 -0.0326286 
v -0.00592593 -0.013413 0.0222218 
v -0.00592593 0.0371046 0.0347365 
v -0.00592593 -0.0171378 -0.0197566 
v -0.00592593 -0.0334885 0.00602043 
v -0.00592593 -0.00339991 -0.0418786 
vn 1 0 0 
vn 1 0 0 
vn 1 0 0 
vn 1 0 0 
vn 1 0 0 
vn 1 0 0 
vn 1 0 0 
vn 1 0 0 
vn 1 0 0 
vn 1 0 0 
vn 1 0 0 
vn 1 0 0 
vn 1 0 0 
vn 1 0 0 
vn 1 0 0 
vn 1 0 0 
vn 1 0 0 
vn 1 0 0 
vn 1 0 0 
vn 1 0 0 
vn 1 0 0 
vn 1 0 0 
vn 1 0 0 
vn 1 0 0 
vn 1 0 0 
vn 1 0 0 
vn 1 0 0 
vn 1 0 0 
vn 1 0 0 
vn 1 0 0 
vn 1 0 0 
vn 1 0 0 
vn 1 0 0 
vn 1 0 0 
vn 1 0 0 
vn 1 0 0 
vn 1 0 0 
vn 1 0 0 
vn 1 0 0 
vn 1 0 0 
vn 1 0 0 
vn 1 0 0 
vn 1 0 0 
vn 1 0 0 
vn 1 0 0 
vn 1 0 0 
vn 1 0 0 
vn 1 0 0 
vn 1 0 0 
vn 1 0 0 
vn 1 0 0 
vn 1 0 0 
vn 1 0 0 
vn 1 0 0 
vn 1 0 0 
vn 1 0 0 
vn 1 0 0 
vn 1 0 0 
vn 1 0 0 
vn 1 0 0 
vn 1 0 0 
vn 1 0 0 
vn 1 0 0 
vn 1 0 0 
vn 1 0 0 
vn 1 0 0 
vn 1 0 0 
vn 1 0 0 
vn 1 0 0 
vn 1 0 0 
vn 1 0 0 
f 6321//6321 6322//6322 6323//6323 
f 6324//6324 6322//6322 6325//6325 
f 6326//6326 6327//6327 6324//6324 
f 6323//6323 6328//6328 6321//6321 
f 6324//6324 6329//6329 6326//6326 
f 6330//6330 6331//6331 6332//6332 
f 6333//6333 6334//6334 6335//6335 
f 6325//6325 6329//6329 6324//6324 
f 6325//6325 6321//6321 6330//6330 
f 6336//6336 6332//6332 6331//6331 
f 6337//6337 6336//6336 6338//6338 
f 6331//6331 6339//6339 6333//6333 
f 6340//6340 6335//6335 6334//6334 
f 6341//6341 6342//6342 6340//6340 
f 6328//6328 6343//6343 6344//6344 
f 6343//6343 6345//6345 6346//6346 
f 6332//6332 6325//6325 6330//6330 
f 6338//6338 6347//6347 6337//6337 
f 6331//6331 6330//6330 6339//6339 
f 6340//6340 6348//6348 6341//6341 
f 6349//6349 6350//6350 6343//6343 
f 6351//6351 6349//6349 6352//6352 
f 6346//6346 6344//6344 6343//6343 
f 6331//6331 6338//6338 6336//6336 
f 6334//6334 6348//6348 6340//6340 
f 6353//6353 6334//6334 6354//6354 
f 6334//6334 6333//6333 6355//6355 
f 6356//6356 6357//6357 6358//6358 
f 6357//6357 6343//6343 6350//6350 
f 6352//6352 6359//6359 6351//6351 
f 6343//6343 6357//6357 6345//6345 
f 6360//6360 6361//6361 6362//6362 
f 6361//6361 6328//6328 6323//6323 
f 6335//6335 6331//6331 6333//6333 
f 6355//6355 6354//6354 6334//6334 
f 6363//6363 6364//6364 6365//6365 
f 6366//6366 6367//6367 6368//6368 
f 6368//6368 6367//6367 6369//6369 
f 6358//6358 6369//6369 6356//6356 
f 6343//6343 6352//6352 6349//6349 
f 6344//6344 6370//6370 6328//6328 
f 6323//6323 6362//6362 6361//6361 
f 6354//6354 6371//6371 6353//6353 
f 6372//6372 6373//6373 6374//6374 
f 6374//6374 6373//6373 6353//6353 
f 6375//6375 6363//6363 6376//6376 
f 6371//6371 6375//6375 6377//6377 
f 6369//6369 6365//6365 6378//6378 
f 6363//6363 6375//6375 6364//6364 
f 6369//6369 6358//6358 6368//6368 
f 6356//6356 6379//6379 6357//6357 
f 6380//6380 6381//6381 6382//6382 
f 6383//6383 6382//6382 6357//6357 
f 6370//6370 6321//6321 6328//6328 
f 6321//6321 6325//6325 6322//6322 
f 6353//6353 6377//6377 6374//6374 
f 6377//6377 6353//6353 6371//6371 
f 6384//6384 6376//6376 6363//6363 
f 6385//6385 6386//6386 6384//6384 
f 6365//6365 6369//6369 6363//6363 
f 6379//6379 6345//6345 6357//6357 
f 6357//6357 6387//6387 6383//6383 
f 6362//6362 6388//6388 6360//6360 
f 6376//6376 6377//6377 6375//6375 
f 6384//6384 6389//6389 6385//6385 
f 6368//6368 6390//6390 6366//6366 
f 6350//6350 6387//6387 6357//6357 
f 6363//6363 6389//6389 6384//6384 
f 6382//6382 6383//6383 6380//6380 
f 6378//6378 6356//6356 6369//6369 
f 6374//6374 6391//6391 6372//6372 
usemtl 0.250980_0.250980_0.250980_0.000000_0.000000
o mesh497
v -0.0171365 0.040952 0.0138148 
v -0.0171365 0.0290605 0.0279867 
v -0.0193356 0.0310591 0.0296637 
v -0.0193356 0.0429507 0.0154919 
v -0.0204148 0.0335388 0.0317444 
v -0.0204148 0.0454303 0.0175726 
v -0.0202215 0.0361484 0.0339342 
v -0.0202215 0.04804 0.0197623 
v -0.0187828 0.0385186 0.035923 
v -0.0187828 0.0504102 0.0217512 
v -0.0163026 0.0403138 0.0374293 
v -0.0163026 0.0522053 0.0232575 
v -0.013132 0.0412797 0.0382398 
v -0.013132 0.0531713 0.024068 
v -0.00971984 0.0412797 0.0382398 
v -0.00971984 0.0531713 0.024068 
v -0.00654921 0.0403138 0.0374293 
v -0.00654921 0.0522053 0.0232575 
v -0.00406902 0.0385186 0.035923 
v -0.00406902 0.0504102 0.0217512 
v -0.0026304 0.0361484 0.0339342 
v -0.0026304 0.04804 0.0197623 
v -0.00243702 0.0335388 0.0317444 
v -0.00243702 0.0454303 0.0175726 
v -0.00351627 0.0310591 0.0296637 
v -0.00351627 0.0429507 0.0154919 
v -0.00571535 0.0290605 0.0279867 
v -0.00592593 0.0408252 0.0137084 
v -0.00720321 0.0335113 0.0196572 
v -0.0084331 0.0397909 0.0128405 
v -0.00592593 0.0289336 0.0278802 
v -0.0084331 0.0278993 0.0270123 
v -0.0169259 0.0289336 0.0278802 
v -0.0156486 0.033522 0.0196444 
v -0.0144187 0.0278993 0.0270123 
v -0.0169259 0.0408252 0.0137084 
v -0.0144187 0.0397909 0.0128405 
v -0.00571535 0.040952 0.0138148 
vn -0.618848 -0.465894 -0.632432 
vn -0.618848 -0.703725 -0.348995 
vn -0.85716 -0.487137 -0.167256 
vn -0.85716 -0.249305 -0.450692 
vn -0.974117 -0.218417 0.0582268 
vn -0.974117 0.0194145 -0.22521 
vn -0.953161 0.0643902 0.29553 
vn -0.953161 0.302222 0.0120937 
vn -0.797259 0.321245 0.511057 
vn -0.797259 0.559077 0.227621 
vn -0.528483 0.515784 0.674294 
vn -0.528483 0.753615 0.390858 
vn -0.184886 0.620463 0.76213 
vn -0.184886 0.858294 0.478694 
vn 0.184886 0.620463 0.76213 
vn 0.184886 0.858294 0.478694 
vn 0.528483 0.515784 0.674294 
vn 0.528483 0.753615 0.390858 
vn 0.797259 0.321245 0.511057 
vn 0.797259 0.559077 0.227621 
vn 0.953161 0.0643902 0.29553 
vn 0.953161 0.302222 0.0120937 
vn 0.974117 -0.218417 0.0582268 
vn 0.974117 0.0194145 -0.22521 
vn 0.85716 -0.487137 -0.167256 
vn 0.85716 -0.249305 -0.450692 
vn 0.618848 -0.703725 -0.348995 
vn 0.596028 -0.479642 -0.643967 
vn 0.425183 -0.69346 -0.581664 
vn 0.324329 -0.591727 -0.738018 
vn 0.596028 -0.717473 -0.360531 
vn 0.324329 -0.829558 -0.454582 
vn -0.596028 -0.717473 -0.360531 
vn -0.425183 -0.693245 -0.58192 
vn -0.324329 -0.829558 -0.454582 
vn -0.596028 -0.479642 -0.643967 
vn -0.324329 -0.591727 -0.738018 
vn 0.618848 -0.465894 -0.632432 
f 6392//6392 6393//6393 6394//6394 
f 6395//6395 6394//6394 6396//6396 
f 6397//6397 6396//6396 6398//6398 
f 6399//6399 6398//6398 6400//6400 
f 6401//6401 6400//6400 6402//6402 
f 6403//6403 6402//6402 6404//6404 
f 6405//6405 6404//6404 6406//6406 
f 6407//6407 6406//6406 6408//6408 
f 6409//6409 6408//6408 6410//6410 
f 6411//6411 6410//6410 6412//6412 
f 6413//6413 6412//6412 6414//6414 
f 6415//6415 6414//6414 6416//6416 
f 6417//6417 6416//6416 6418//6418 
f 6419//6419 6418//6418 6420//6420 
f 6420//6420 6421//6421 6419//6419 
f 6420//6420 6418//6418 6422//6422 
f 6422//6422 6423//6423 6420//6420 
f 6424//6424 6392//6392 6425//6425 
f 6425//6425 6426//6426 6424//6424 
f 6425//6425 6392//6392 6427//6427 
f 6427//6427 6428//6428 6425//6425 
f 6424//6424 6393//6393 6392//6392 
f 6419//6419 6429//6429 6418//6418 
f 6418//6418 6429//6429 6417//6417 
f 6416//6416 6417//6417 6415//6415 
f 6414//6414 6415//6415 6413//6413 
f 6412//6412 6413//6413 6411//6411 
f 6410//6410 6411//6411 6409//6409 
f 6408//6408 6409//6409 6407//6407 
f 6406//6406 6407//6407 6405//6405 
f 6404//6404 6405//6405 6403//6403 
f 6402//6402 6403//6403 6401//6401 
f 6400//6400 6401//6401 6399//6399 
f 6398//6398 6399//6399 6397//6397 
f 6396//6396 6397//6397 6395//6395 
f 6394//6394 6395//6395 6392//6392 
usemtl 0.749020_0.749020_0.749020_0.000000_0.000000
o mesh498
v -0.00592593 0.0397909 0.0128405 
v -0.0084331 0.0397909 0.0128405 
v -0.00720321 0.0335113 0.0196572 
v -0.00592593 0.0278993 0.0270123 
v -0.0084331 0.0278993 0.0270123 
vn 0 0.703302 0.710891 
vn 0 0.703302 0.710891 
vn 0 0.766098 0.642724 
vn 0 0.822218 0.569173 
vn 0 0.822218 0.569173 
f 6430//6430 6431//6431 6432//6432 
f 6432//6432 6433//6433 6430//6430 
f 6432//6432 6434//6434 6433//6433 
o mesh499
v -0.00592593 0.0408252 0.0137084 
v -0.0084331 0.0397909 0.0128405 
v -0.00592593 0.0397909 0.0128405 
vn 0 -0.642788 0.766044 
vn 0 -0.642788 0.766044 
vn 0 -0.642788 0.766044 
f 6435//6435 6436//6436 6437//6437 
o mesh500
v -0.00592593 0.0289336 0.0278802 
v -0.00592593 0.0278993 0.0270123 
v -0.0084331 0.0278993 0.0270123 
vn 0 0.642788 -0.766044 
vn 0 0.642788 -0.766044 
vn 0 0.642788 -0.766044 
f 6438//6438 6439//6439 6440//6440 
